sec_id,cusip,valid_from,valid_to,source
BBG000B9X5K7,01903Q108,2007-12-17,2010-04-01,ftd
BBG000B9X8C0,023608102,2007-12-17,,ftd
BBG000B9XG87,031100100,2007-12-21,,ftd
BBG000B9XRY4,037833100,2007-12-17,,ftd
BBG000B9XYV2,029912201,2007-06-29,2012-01-03,ftd
BBG000B9XYV2,03027X100,2012-01-04,,ftd
BBG000B9YJ35,032095101,2008-01-24,,ftd
BBG000B9YSK6,124830100,2008-01-03,2020-11-02,ftd
BBG000B9Z0J8,74340W103,2011-06-06,,ftd
BBG000B9ZGM9,369300108,2007-12-19,2018-06-05,ftd
BBG000B9ZV28,023436108,2008-01-16,2025-08-14,ftd
BBG000B9ZXB4,002824100,2007-07-10,,ftd
BBG000BB03M1,167250109,2007-06-19,2018-05-10,ftd
BBG000BB0V03,133131102,2008-01-02,,ftd
BBG000BB1BW1,170388102,2008-01-14,2008-09-18,ftd
BBG000BB1TH9,343412102,2008-01-10,,ftd
BBG000BB27M0,368710406,2007-12-17,2009-03-26,ftd
BBG000BB29X4,233331107,2007-12-19,,ftd
BBG000BB2KN0,515098101,2007-12-20,,ftd
BBG000BB2KW0,037604105,2007-12-27,2017-02-01,ftd
BBG000BB2N27,88706M103,2007-12-26,2014-12-12,ftd
BBG000BB2PH6,303726103,2008-01-31,2016-09-16,ftd
BBG000BB2PW9,26483E100,2008-01-25,2019-02-07,ftd
BBG000BB38Q3,222816100,2008-01-14,2015-02-18,ftd
BBG000BB41G8,013078100,2008-01-18,2011-05-09,ftd
BBG000BB4D72,343498101,2007-12-21,,ftd
BBG000BB4WY0,212485106,2008-01-07,2018-10-04,ftd
BBG000BB5006,00724F101,2007-12-24,,ftd
BBG000BB5373,959802109,2007-12-17,,ftd
BBG000BB5792,V7780T103,2007-12-20,,ftd
BBG000BB5B84,526107107,2008-01-02,,ftd
BBG000BB5BF6,36467W109,2007-12-20,,ftd
BBG000BB5HV5,000886309,2007-12-24,2010-12-19,ftd
BBG000BB65D0,366651107,2007-12-19,,ftd
BBG000BB6F57,002444107,2008-08-01,2020-03-27,ftd
BBG000BB6G37,032654105,2007-06-19,,ftd
BBG000BB6KF5,59156R108,2007-12-20,,ftd
BBG000BB6M98,337932107,2007-06-25,,ftd
BBG000BB6MM3,92927K102,2008-04-17,2020-05-28,ftd
BBG000BB6WG8,039483102,2007-12-17,,ftd
BBG000BB72K8,533900106,2008-09-17,,ftd
BBG000BB7SX7,29472R108,2008-04-28,,ftd
BBG000BB8PG1,38388F108,2007-12-27,2021-09-21,ftd
BBG000BB8SW7,695156109,2007-12-26,,ftd
BBG000BB8ZF0,959319104,2007-12-26,2017-06-09,ftd
BBG000BB99S3,826919102,2007-12-17,,ftd
BBG000BB9KF2,025537101,2008-01-03,,ftd
BBG000BB9RZ5,820280105,2007-12-17,2013-02-12,ftd
BBG000BBB3K1,761713106,2007-06-21,2017-07-24,ftd
BBG000BBBNC6,001055102,2007-12-21,,ftd
BBG000BBBP59,G6852T105,2007-12-18,2016-03-17,ftd
BBG000BBBQ84,73179V103,2008-03-26,2015-08-25,ftd
BBG000BBCDZ2,773903109,2008-01-14,,ftd
BBG000BBCQD7,78442P106,2007-12-21,,ftd
BBG000BBD070,42809H107,2007-12-18,2025-07-17,ftd
BBG000BBDPQ4,67073Y106,2008-11-21,2013-12-19,ftd
BBG000BBDV81,192446102,2007-12-19,,ftd
BBG000BBDZG3,026874107,2007-06-20,2009-07-01,ftd
BBG000BBDZG3,026874784,2009-07-02,,ftd
BBG000BBG2C7,N20935206,2008-01-25,2013-09-27,ftd
BBG000BBG3P1,885218800,2008-10-02,2012-04-26,ftd
BBG000BBGGQ1,91913Y100,2007-12-24,,ftd
BBG000BBHHP9,03820C105,2008-06-24,,ftd
BBG000BBHXQ3,363576109,2008-01-30,,ftd
BBG000BBJB07,009728106,2007-12-19,2020-05-29,ftd
BBG000BBJQV0,67066G104,2007-12-17,,ftd
BBG000BBK401,57686G105,2012-07-06,,ftd
BBG000BBL0Y1,011659109,2007-12-17,,ftd
BBG000BBL8V7,74762E102,2007-12-26,,ftd
BBG000BBLK04,891894107,2010-01-04,2016-01-04,ftd
BBG000BBLPH5,74164F103,2008-09-09,,ftd
BBG000BBMSJ6,021441100,2007-12-19,2015-12-24,ftd
BBG000BBMVS9,751028101,2008-04-07,2013-01-29,ftd
BBG000BBNYF6,237194105,2007-12-24,,ftd
BBG000BBPFB9,038222105,2007-06-20,,ftd
BBG000BBQCY0,007903107,2007-06-19,,ftd
BBG000BBRPL4,29084Q100,2008-01-14,,ftd
BBG000BBS2Y0,031162100,2007-06-19,,ftd
BBG000BBS9F6,884903105,2007-12-17,,ftd
BBG000BBSX81,69344F106,2007-12-26,2016-01-14,ftd
BBG000BBTJZ1,29530P102,2008-09-17,,ftd
BBG000BBVCN6,45068B109,2007-12-17,2016-09-02,ftd
BBG000BBVJZ8,25179M103,2007-06-19,,ftd
BBG000BBVK30,001765106,2007-12-17,2012-01-04,ftd
BBG000BBXLW4,05329W102,2007-12-18,,ftd
BBG000BBXQ71,24522P103,2008-04-08,2011-03-08,ftd
BBG000BBY4T5,028591105,2008-09-17,2020-07-12,ftd
BBG000BC15S7,G0408V102,2012-04-02,2020-04-01,ftd
BBG000BC16H7,53219L109,2007-12-21,2018-11-15,ftd
BBG000BC1L02,831865209,2007-12-26,,ftd
BBG000BC26P7,401617105,2007-12-18,2026-01-22,ftd
BBG000BC2C10,037411105,2007-12-17,2021-03-14,ftd
BBG000BC2R71,02005N100,2014-04-11,,ftd
BBG000BC33T9,015271109,2007-12-21,,ftd
BBG000BC40Y8,032511107,2008-01-03,2019-08-08,ftd
BBG000BC4JJ4,009158106,2008-02-05,,ftd
BBG000BC8G88,009363102,2008-02-01,2016-05-20,ftd
BBG000BC9938,928563402,2007-12-17,2023-11-21,ftd
BBG000BC9DK0,008492100,2008-03-11,,ftd
BBG000BC9WH2,437306103,2007-12-19,2015-10-07,ftd
BBG000BCBCM7,855030102,2007-12-18,2017-09-12,ftd
BBG000BCD3D5,042735100,2008-01-18,,ftd
BBG000BCFQC3,045487105,2008-01-14,,ftd
BBG000BCFXT0,023586100,2007-12-24,,ftd
BBG000BCG930,036752103,2014-12-03,,ftd
BBG000BCGY17,544147101,2008-06-10,2015-06-11,ftd
BBG000BCHG15,044209104,2007-06-26,2016-09-19,ftd
BBG000BCJ161,803607100,2012-07-16,,ftd
BBG000BCKC47,001204106,2008-04-07,2016-06-30,ftd
BBG000BCKGW7,031652100,2007-12-20,,ftd
BBG000BCLYL9,553530106,2008-05-29,,ftd
BBG000BCM087,050095108,2008-02-29,2017-10-05,ftd
BBG000BCMBG4,34959E109,2009-11-27,,ftd
BBG000BCMWM1,91879Q109,2007-12-27,,ftd
BBG000BCNYT9,054303102,2007-12-20,2020-01-03,ftd
BBG000BCPB71,053807103,2008-03-11,,ftd
BBG000BCQ4P6,053611109,2008-01-14,,ftd
BBG000BCQ6J8,48251W104,2018-07-05,,ftd
BBG000BCQM58,92936U109,2012-10-01,,ftd
BBG000BCQZS4,025816109,2007-12-20,,ftd
BBG000BCSPR5,21870Q105,2010-09-29,2021-12-27,ftd
BBG000BCSST7,097023105,2007-06-28,,ftd
BBG000BCTL84,69344M101,2007-12-17,2011-11-23,ftd
BBG000BCTLF6,060505104,2007-06-25,,ftd
BBG000BCTQ65,98389B100,2007-12-17,,ftd
BBG000BCVG28,73278L105,2007-12-17,,ftd
BBG000BCVJ77,071813109,2007-07-06,,ftd
BBG000BCWCG1,086516101,2007-12-17,,ftd
BBG000BCWKD6,45685E106,2013-05-08,2014-04-06,ftd
BBG000BCWKD6,929089100,2014-04-07,,ftd
BBG000BCWSS3,117043109,2007-12-17,,ftd
BBG000BCX7G1,67622P101,2008-01-11,2013-11-05,ftd
BBG000BCYP43,067383109,2007-12-24,2017-12-28,ftd
BBG000BCZBF1,100557107,2008-04-07,,ftd
BBG000BCZH22,091797100,2008-01-11,2010-03-12,ftd
BBG000BCZL41,92345Y106,2009-10-13,,ftd
BBG000BCZYD3,075887109,2007-06-27,,ftd
BBG000BD0DV5,075811109,2008-02-01,2011-06-29,ftd
BBG000BD0Q91,067774109,2008-01-14,2019-08-06,ftd
BBG000BD0TF8,354613101,2007-07-02,,ftd
BBG000BD1HP2,084423102,2008-01-09,,ftd
BBG000BD2167,465741106,2007-12-18,,ftd
BBG000BD2C18,115637100,2008-09-16,,ftd
BBG000BD2NY8,115637209,2008-01-09,,ftd
BBG000BD3LM4,67020Y100,2007-12-17,2022-03-03,ftd
BBG000BD4VG8,057224107,2007-06-19,2017-07-03,ftd
BBG000BD53V2,980745103,2008-04-07,,ftd
BBG000BD6SQ2,930059100,2008-01-14,2021-04-30,ftd
BBG000BD7W19,888339207,2007-12-17,2013-01-07,ftd
BBG000BD8PN9,064058100,2007-07-03,,ftd
BBG000BDD940,929740108,2008-03-12,,ftd
BBG000BDDN94,678026105,2008-03-07,,ftd
BBG000BDDNH5,058498106,2008-01-16,,ftd
BBG000BDG1Y1,055921100,2007-12-24,2013-09-10,ftd
BBG000BDHD29,91336L107,2015-06-23,2023-07-31,ftd
BBG000BDHNB7,081437105,2007-12-27,2019-06-10,ftd
BBG000BDJL83,303075105,2007-12-21,,ftd
BBG000BDKN87,12189T104,2007-12-18,2010-02-12,ftd
BBG000BDLCQ0,759351109,2008-01-14,2008-12-01,ftd
BBG000BDLCQ0,759351604,2008-12-02,,ftd
BBG000BDN878,873868103,2011-12-20,2019-02-21,ftd
BBG000BDNB35,733174106,2007-12-17,2012-05-29,ftd
BBG000BDNB35,733174700,2012-05-30,,ftd
BBG000BDP616,05564E106,2007-12-24,2014-04-01,ftd
BBG000BDQGN9,068306109,2008-03-06,2008-12-22,ftd
BBG000BDRMN5,422317107,2008-01-14,2009-06-04,ftd
BBG000BDRQ10,073902108,2007-12-27,2008-05-30,ftd
BBG000BDTNN1,035229103,2007-06-21,2008-11-17,ftd
BBG000BDWKC5,12673P105,2007-12-27,2018-11-02,ftd
BBG000BDXCJ5,15135B101,2007-06-27,,ftd
BBG000BDXGP9,205887102,2007-06-22,,ftd
BBG000BDXVW8,210795308,2007-12-17,2010-09-30,ftd
BBG000BDY3Y7,203668108,2007-07-26,,ftd
BBG000BF0672,147528103,2007-12-19,,ftd
BBG000BF0K17,149123101,2007-12-18,,ftd
BBG000BF1PD2,531172104,2007-12-31,2020-02-03,ftd
BBG000BF1R66,171232101,2007-12-21,2016-01-15,ftd
BBG000BF2JS9,195493309,2007-12-18,2009-08-17,ftd
BBG000BF2KK4,G24182100,2007-12-17,2009-09-08,ftd
BBG000BF2KK4,G24140108,2009-09-09,2012-11-30,ftd
BBG000BF3BG8,416196103,2008-02-04,,ftd
BBG000BF3G77,200525103,2007-12-18,,ftd
BBG000BF3WW4,127055101,2008-01-25,,ftd
BBG000BF4VY3,172737108,2007-12-17,2008-11-10,ftd
BBG000BF5RY1,19122T109,2010-10-04,2016-05-31,ftd
BBG000BF6756,228368106,2008-01-24,,ftd
BBG000BF6F94,62948N104,2007-12-21,2008-08-21,ftd
BBG000BF6LY3,143658300,2007-12-19,2026-05-07,ftd
BBG000BF6LY3,G2004J103,2026-05-08,,ftd
BBG000BF6RQ9,848577102,2013-01-22,2024-11-15,ftd
BBG000BF7T75,046265104,2008-02-04,2017-09-29,ftd
BBG000BF7XZ5,222372104,2007-12-17,2008-06-30,ftd
BBG000BF7Y65,313400301,2007-06-26,2026-08-31,observation
BBG000BF8BH2,184502102,2007-12-17,2008-07-30,ftd
BBG000BF8TF5,192108504,2009-06-01,,ftd
BBG000BFC848,499049104,2017-09-11,,ftd
BBG000BFC8J2,151020104,2007-06-25,2019-11-20,ftd
BBG000BFDLV8,156782104,2008-01-15,2022-06-07,ftd
BBG000BFDXW1,111320107,2007-12-17,2016-01-29,ftd
BBG000BFFW15,195872106,2007-12-27,2013-10-01,ftd
BBG000BFGNJ5,02043Q107,2007-12-17,,ftd
BBG000BFJSG4,92240G101,2008-02-06,2019-01-31,ftd
BBG000BFJT36,171340102,2008-04-07,,ftd
BBG000BFK8Y6,872307103,2019-08-01,2021-06-08,ftd
BBG000BFL116,336433107,2007-12-24,,ftd
BBG000BFLXV3,72147K108,2010-01-04,,ftd
BBG000BFMBQ6,125509109,2007-06-19,2018-12-31,ftd
BBG000BFNR17,018581108,2007-12-19,,ftd
BBG000BFPK65,172062101,2007-12-18,,ftd
BBG000BFQYY3,194162103,2007-12-20,,ftd
BBG000BFRF55,185896107,2007-06-21,2008-10-14,ftd
BBG000BFRF55,18683K101,2008-10-15,2017-08-27,ftd
BBG000BFRF55,185899101,2017-08-28,,ftd
BBG000BFRRX8,184496107,2007-12-17,,ftd
BBG000BFS7D3,189054109,2008-01-25,,ftd
BBG000BFSND8,201723103,2008-01-09,,ftd
BBG000BFT2L4,20030N101,2007-06-19,,ftd
BBG000BFTJ91,20030N200,2007-12-17,2015-12-11,ftd
BBG000BFV115,792228108,2007-06-21,2010-06-01,ftd
BBG000BFV115,78454L100,2010-06-02,,ftd
BBG000BFV758,562750109,2008-03-11,,ftd
BBG000BFVKZ6,G05384105,2007-12-27,2019-02-14,ftd
BBG000BFVXX0,125896100,2007-12-19,,ftd
BBG000BFVZ83,G7496G103,2008-01-23,,ftd
BBG000BFWKC0,61166W101,2007-12-27,2018-06-06,ftd
BBG000BFXHL6,61945A107,2007-12-17,2011-05-24,ftd
BBG000BFXHL6,61945C103,2011-05-25,,ftd
BBG000BFYB47,126117100,2008-01-02,,ftd
BBG000BFZ1K0,205944101,2008-02-05,2015-10-29,ftd
BBG000BG09F5,402635304,2008-03-06,2020-11-25,ftd
BBG000BG14P4,977852102,2021-10-05,2025-09-26,ftd
BBG000BG1DH3,192479103,2007-12-24,2022-06-30,ftd
BBG000BG1SX2,191098102,2008-09-15,,ftd
BBG000BG3445,216648402,2007-12-17,2024-02-21,ftd
BBG000BG3445,216648501,2024-02-22,,ftd
BBG000BG3HG3,370023103,2010-11-15,2017-01-29,ftd
BBG000BG3HG3,36174X101,2017-01-30,2018-08-24,ftd
BBG000BG4202,134429109,2008-01-02,,ftd
BBG000BG4JL2,04033V203,2007-12-31,2012-09-28,ftd
BBG000BG5BL8,159864107,2008-01-18,,ftd
BBG000BG7423,224399105,2008-04-07,2022-05-17,ftd
BBG000BG7L34,754907103,2008-02-20,,ftd
BBG000BG8814,758766109,2007-12-24,2018-02-28,ftd
BBG000BG8M31,29476L107,2007-12-17,,ftd
BBG000BGBRG2,29261A100,2018-01-02,,ftd
BBG000BGBTC2,681936100,2007-12-17,,ftd
BBG000BGCGB0,203372107,2007-12-31,2011-01-13,ftd
BBG000BGCQT9,144285103,2007-12-19,,ftd
BBG000BGD7W6,571903202,2007-06-20,,ftd
BBG000BGFGT8,537008104,2007-12-27,,ftd
BBG000BGFLL5,629491101,2007-12-19,2013-11-12,ftd
BBG000BGFZR8,205363104,2007-12-28,2017-03-31,ftd
BBG000BGGBT8,142339100,2008-02-28,,ftd
BBG000BGJRC8,126408103,2007-12-19,,ftd
BBG000BGKHZ3,92343E102,2007-12-17,,ftd
BBG000BGKTF9,14040H105,2007-06-25,,ftd
BBG000BGLFP7,85254J102,2011-04-21,,ftd
BBG000BGLRN3,156700106,2007-06-22,2021-01-24,ftd
BBG000BGLRN3,550241103,2021-01-25,,ftd
BBG000BGMX22,42822Q100,2007-12-19,2010-10-01,ftd
BBG000BGNM16,152312104,2007-12-17,2009-08-18,ftd
BBG000BGPG26,205638109,2007-12-19,2014-12-15,ftd
BBG000BGPTV6,231021106,2008-01-08,,ftd
BBG000BGPVW0,876664103,2008-01-14,2020-12-28,ftd
BBG000BGR5J0,12686C109,2008-01-08,2016-06-20,ftd
BBG000BGRB25,58463J304,2007-12-17,,ftd
BBG000BGRKT6,502424104,2008-01-14,2017-01-03,ftd
BBG000BGRY34,126650100,2007-06-29,,ftd
BBG000BGSPS5,231561101,2008-05-29,,ftd
BBG000BGVML5,863902102,2008-09-16,2010-12-31,ftd
BBG000BGVW60,25746U109,2007-06-22,,ftd
BBG000BGX2S0,038336103,2008-01-08,,ftd
BBG000BGXMG9,171484108,2008-02-01,,ftd
BBG000BGXZB5,02553E106,2007-12-18,,ftd
BBG000BGYDX9,253651103,2007-12-24,2023-05-26,ftd
BBG000BGYMH7,573284106,2007-12-27,,ftd
BBG000BGYWY6,686091109,2007-12-18,2011-01-02,ftd
BBG000BGYWY6,67103H107,2011-01-03,,ftd
BBG000BGZ832,82981J109,2018-10-12,,ftd
BBG000BGZP70,257651109,2008-01-08,,ftd
BBG000BGZT72,02156B103,2017-03-29,2024-03-18,ftd
BBG000BH0106,09260D107,2019-07-01,,ftd
BBG000BH0FR6,812578102,2007-12-27,2020-10-12,ftd
BBG000BH0FR6,81181C104,2020-10-13,2023-12-13,ftd
BBG000BH13K9,263534109,2007-12-18,2017-09-05,ftd
BBG000BH1NH9,244199105,2007-12-18,,ftd
BBG000BH23R1,24702R101,2007-12-18,2013-10-29,ftd
BBG000BH2JM1,871503108,2007-12-20,2019-11-06,ftd
BBG000BH2JM1,668771108,2019-11-07,,ftd
BBG000BH2T94,379336100,2007-12-18,2011-12-11,ftd
BBG000BH2VM4,98385X106,2007-12-17,2010-06-25,ftd
BBG000BH3F20,14316J108,2020-01-02,,ftd
BBG000BH3GZ2,988498101,2008-01-09,,ftd
BBG000BH3JF8,235851102,2007-06-19,,ftd
BBG000BH4R78,254687106,2007-12-17,,ftd
BBG000BH5DV1,461202103,2007-12-21,,ftd
BBG000BH5LT6,G90073100,2007-11-28,2008-12-18,ftd
BBG000BH5LT6,H8817H100,2008-12-19,,ftd
BBG000BH82F0,747277101,2007-12-27,2016-08-15,ftd
BBG000BH93Y6,257867101,2008-01-24,2016-10-04,ftd
BBG000BH93Y6,257867200,2016-10-05,2022-02-25,ftd
BBG000BHB3M6,260003108,2007-12-20,,ftd
BBG000BHBGN6,212015101,2008-02-05,2022-11-22,ftd
BBG000BHBK84,260543103,2007-06-19,2017-08-31,ftd
BBG000BHBTX7,800907107,2007-12-26,2012-11-14,ftd
BBG000BHBTX7,801056102,2012-11-15,,ftd
BBG000BHC2S1,716768106,2007-12-19,2015-03-11,ftd
BBG000BHCDF1,233293109,2008-01-16,2011-11-25,ftd
BBG000BHCP19,595017104,2007-06-25,,ftd
BBG000BHCYJ1,640268108,2007-12-18,,ftd
BBG000BHD8S7,264411505,2007-12-17,2022-09-30,ftd
BBG000BHFHP8,257559104,2007-12-18,2009-06-10,ftd
BBG000BHFHP8,257559203,2009-06-11,2021-11-29,ftd
BBG000BHG9K0,004225108,2007-12-17,,ftd
BBG000BHGCD1,04685W103,2007-12-17,2019-02-11,ftd
BBG000BHGDH5,26441C105,2007-12-17,2012-07-02,ftd
BBG000BHGDH5,26441C204,2012-07-03,,ftd
BBG000BHJWG1,05464C101,2017-04-07,,ftd
BBG000BHK836,302445101,2007-12-20,2021-05-13,ftd
BBG000BHKYH4,278865100,2007-07-16,,ftd
BBG000BHLYP4,12572Q105,2007-07-16,,ftd
BBG000BHLYS1,209115104,2008-01-17,,ftd
BBG000BHNPN3,14888B103,2008-10-02,2012-07-02,ftd
BBG000BHPL78,294429105,2008-01-03,,ftd
BBG000BHQ1H0,018490102,2007-12-19,2015-03-16,ftd
BBG000BHQYG9,29265N108,2007-12-27,2018-11-29,ftd
BBG000BHRBT4,277276101,2008-03-17,,ftd
BBG000BHRRV6,277461109,2007-12-17,2013-09-04,ftd
BBG000BHSKN9,38259P508,2007-12-27,2015-10-12,ftd
BBG000BHVJJ3,268648102,2007-12-17,2016-09-06,ftd
BBG000BHW628,941053100,2007-07-06,2016-06-01,ftd
BBG000BHWTB8,737464107,2007-12-21,2016-11-30,ftd
BBG000BHX7N2,291011104,2007-06-26,,ftd
BBG000BHX9P6,103304101,2008-01-16,,ftd
BBG000BHY4D9,743606105,2008-01-28,,ftd
BBG000BHZ5J9,294549100,2007-06-28,2009-02-08,ftd
BBG000BHZ5J9,26884L109,2009-02-09,,ftd
BBG000BJ26K7,012653101,2007-06-26,,ftd
BBG000BJ27C4,743263105,2007-12-18,2012-07-02,ftd
BBG000BJ2D31,828806109,2007-06-19,,ftd
BBG000BJ3PD2,278058102,2007-06-27,2012-12-02,ftd
BBG000BJ3PD2,G29183103,2012-12-03,,ftd
BBG000BJ49H3,099724106,2007-06-26,,ftd
BBG000BJ5GK2,302130109,2007-12-21,,ftd
BBG000BJ5HK0,00508Y102,2008-01-14,,ftd
BBG000BJ5SS8,651587107,2008-02-15,,ftd
BBG000BJ81C1,89417E109,2007-12-24,,ftd
BBG000BJ8YN7,311900104,2007-12-21,,ftd
BBG000BJ98Z0,393122106,2007-12-17,2014-03-10,ftd
BBG000BJ98Z0,49271M100,2014-03-11,2016-03-02,ftd
BBG000BJ9B29,302520101,2007-12-17,,ftd
BBG000BJ9D07,779376102,2009-07-20,2016-09-07,ftd
BBG000BJBMG7,345550107,2008-02-05,2015-12-31,ftd
BBG000BJBZ23,57060D108,2007-12-27,,ftd
BBG000BJCDS3,31946M103,2008-09-16,,ftd
BBG000BJCFP1,472319102,2007-12-31,2013-02-28,ftd
BBG000BJDB15,35671D857,2007-06-20,,ftd
BBG000BJDPC2,307000109,2007-12-19,2015-07-06,ftd
BBG000BJDX44,713409100,2008-01-14,2010-02-26,ftd
BBG000BJF1Z8,31428X106,2008-01-09,,ftd
BBG000BJFJ98,035710409,2007-06-20,2022-09-26,ftd
BBG000BJFJ98,035710839,2022-09-27,,ftd
BBG000BJKPG0,337738108,2007-06-27,,ftd
BBG000BJL3N0,316773100,2007-06-21,,ftd
BBG000BJNGN9,466313103,2007-12-20,,ftd
BBG000BJP882,302491303,2008-03-05,,ftd
BBG000BJPDZ1,46120E602,2008-02-06,,ftd
BBG000BJQ328,313586109,2007-12-19,2026-08-31,observation
BBG000BJQWD2,00971T101,2007-12-21,,ftd
BBG000BJSBJ0,65339F101,2010-06-03,,ftd
BBG000BJSJT2,22025Y407,2008-02-06,2016-11-13,ftd
BBG000BJSJT2,21871N101,2016-11-14,,ftd
BBG000BJVN28,313747206,2007-12-20,2022-01-03,ftd
BBG000BJVN28,313745101,2022-01-04,,ftd
BBG000BJVZF7,345838106,2007-12-27,2014-06-30,ftd
BBG000BJW241,26969P108,2007-12-17,,ftd
BBG000BJX8C8,637071101,2007-06-19,2021-01-04,ftd
BBG000BJX8C8,62955J103,2021-01-05,,ftd
BBG000BJXKD0,95709T100,2008-03-05,2018-06-04,ftd
BBG000BJZM26,360271100,2007-12-19,,ftd
BBG000BK1FD3,G36535139,2007-12-18,2009-02-08,ftd
BBG000BK1FD3,H27178104,2009-02-09,2014-12-04,ftd
BBG000BK28N7,109641100,2008-01-08,,ftd
BBG000BK2F42,31620M106,2007-06-21,,ftd
BBG000BK5DP1,87901J105,2015-07-02,2026-03-19,ftd
BBG000BK67C7,369550108,2007-07-23,,ftd
BBG000BK6G19,651290108,2007-12-27,2019-02-13,ftd
BBG000BK6MB5,369604103,2007-12-17,2021-08-02,ftd
BBG000BK6MB5,369604301,2021-08-03,,ftd
BBG000BK7SL0,372917104,2007-12-24,2011-04-18,ftd
BBG000BK9W84,384109104,2008-01-10,,ftd
BBG000BKCFC2,370334104,2007-06-19,,ftd
BBG000BKD3K9,12008R107,2007-12-17,,ftd
BBG000BKFBD7,857477103,2007-07-06,,ftd
BBG000BKFZM4,219350105,2007-12-19,,ftd
BBG000BKGXQ4,361448103,2007-12-24,,ftd
BBG000BKJ092,371901109,2008-01-23,,ftd
BBG000BKJG33,218352102,2007-12-27,,ftd
BBG000BKKQ84,198516106,2007-12-19,,ftd
BBG000BKKXG0,717528103,2007-12-18,2008-12-11,ftd
BBG000BKL348,372460105,2008-01-17,,ftd
BBG000BKLH74,364760108,2007-12-17,,ftd
BBG000BKLTM1,55345K103,2012-04-12,2025-11-05,ftd
BBG000BKLVK8,382388106,2007-12-17,2012-07-26,ftd
BBG000BKNX95,382550101,2007-12-21,,ftd
BBG000BKPL53,98956P102,2007-12-20,,ftd
BBG000BKQ3V3,G7945E105,2010-03-24,2018-07-02,ftd
BBG000BKQG80,44919P508,2008-08-26,2020-07-01,ftd
BBG000BKR1D6,384802104,2008-02-21,,ftd
BBG000BKRK35,524908100,2007-12-17,2008-09-17,ftd
BBG000BKSL41,443683107,2007-12-24,2015-10-30,ftd
BBG000BKTFN2,406216101,2007-12-17,,ftd
BBG000BKTT89,413086109,2007-12-17,2017-03-10,ftd
BBG000BKVJK4,418056107,2008-01-14,,ftd
BBG000BKWCS0,431475102,2008-04-04,2021-12-10,ftd
BBG000BKWSR6,446150104,2007-06-25,,ftd
BBG000BKXFN7,703481101,2007-12-17,,ftd
BBG000BKXPK8,404132102,2008-01-15,2015-10-27,ftd
BBG000BKXYX5,243537107,2008-01-18,,ftd
BBG000BKY1G5,95040Q104,2015-09-30,,ftd
BBG000BKYDP9,42250P103,2019-11-05,,ftd
BBG000BKZB36,437076102,2007-06-21,,ftd
BBG000BKZTP3,412822108,2007-12-18,,ftd
BBG000BL0P40,419870100,2008-01-25,,ftd
BBG000BL16Q7,422806109,2007-12-17,,ftd
BBG000BL46Q4,758849103,2007-08-10,,ftd
BBG000BL5W86,422704106,2007-12-19,,ftd
BBG000BL6138,55272X102,2007-12-17,,ftd
BBG000BL6NZ5,852891100,2007-12-18,2016-03-07,ftd
BBG000BL79J3,917047102,2007-12-18,,ftd
BBG000BL8804,44107P104,2007-12-17,,ftd
BBG000BL8GJ6,001547108,2008-01-11,2020-03-12,ftd
BBG000BL9439,423074103,2007-06-20,2013-06-07,ftd
BBG000BL9C59,554382101,2008-01-11,,ftd
BBG000BL9JQ1,436106108,2011-07-05,2022-03-14,ftd
BBG000BLBGS2,858155203,2008-01-14,2025-12-12,ftd
BBG000BLBVN4,09857L108,2018-02-27,,ftd
BBG000BLBXT4,85590A401,2007-12-19,2016-09-22,ftd
BBG000BLCJG8,Y8564W103,2008-01-09,,ftd
BBG000BLCL55,74733V100,2010-07-02,2021-03-16,ftd
BBG000BLCPY4,423452101,2007-12-20,,ftd
BBG000BLDV98,093671105,2007-12-18,,ftd
BBG000BLDXH5,01988P108,2007-12-20,2024-02-28,ftd
BBG000BLF8D2,440452100,2008-01-11,,ftd
BBG000BLFC07,811904101,2008-01-18,2021-04-15,ftd
BBG000BLFNC0,397624107,2008-08-07,,ftd
BBG000BLG1L7,294628102,2014-08-04,2025-04-21,ftd
BBG000BLGFJ9,502431109,2019-07-01,,ftd
BBG000BLH3P8,415864107,2008-01-14,2023-06-16,ftd
BBG000BLHRS2,427866108,2007-12-19,,ftd
BBG000BLJWF3,866674104,2007-12-17,,ftd
BBG000BLK267,443510201,2008-01-29,2015-12-27,ftd
BBG000BLK267,443510607,2015-12-28,,ftd
BBG000BLKK03,444859102,2007-12-31,,ftd
BBG000BLMDQ9,428291108,2007-12-24,,ftd
BBG000BLMXN8,49427F108,2007-12-28,,ftd
BBG000BLMY92,59522J103,2007-06-19,,ftd
BBG000BLMZK6,143130102,2007-12-17,,ftd
BBG000BLNNH6,459200101,2007-06-19,,ftd
BBG000BLNZL4,87161C105,2007-12-17,2014-05-18,ftd
BBG000BLNZL4,87161C501,2014-05-19,2025-12-31,ftd
BBG000BLPBL5,053484101,2007-12-17,2026-08-14,ftd
BBG000BLQ5V6,444903108,2008-01-08,2012-08-02,ftd
BBG000BLR3Y7,451107106,2007-12-17,,ftd
BBG000BLRGM1,458118106,2007-12-27,2019-04-02,ftd
BBG000BLRP41,91347P105,2007-12-21,,ftd
BBG000BLRT07,45168D104,2008-04-07,,ftd
BBG000BLRYM2,30241L109,2008-02-25,2016-09-19,ftd
BBG000BLSL58,459506101,2007-12-17,,ftd
BBG000BLVBC8,168615102,2007-12-18,2024-01-04,ftd
BBG000BLW102,902104108,2007-08-13,2022-09-11,ftd
BBG000BLW102,19247G107,2022-09-12,,ftd
BBG000BLW530,277432100,2007-06-19,,ftd
BBG000BLXT19,452907108,2007-12-17,2020-10-22,ftd
BBG000BLXZN1,892356106,2007-12-17,,ftd
BBG000BLY636,456607100,2007-12-17,2008-07-14,ftd
BBG000BLY663,227046109,2007-12-20,,ftd
BBG000BLZRJ2,617446448,2007-06-28,,ftd
BBG000BM1RP0,35039W100,2008-01-31,2009-08-14,ftd
BBG000BM3CJ8,981475106,2008-04-07,,ftd
BBG000BM5SR2,460146103,2007-06-22,,ftd
BBG000BM6788,G8994E103,2020-03-03,,ftd
BBG000BM6KM3,460254105,2007-12-27,2015-01-13,ftd
BBG000BM7HL0,052769106,2007-12-21,,ftd
BBG000BM7L13,896818101,2008-01-14,2025-07-24,ftd
BBG000BM8M92,232820100,2008-02-29,2015-12-08,ftd
BBG000BM9035,46145F105,2007-12-19,2019-03-01,ftd
BBG000BM9RH1,217204106,2007-12-27,,ftd
BBG000BMB7R1,450911201,2011-11-01,2016-05-17,ftd
BBG000BMBL90,452308109,2008-01-11,,ftd
BBG000BMDBZ1,445658107,2007-12-18,,ftd
BBG000BMDV41,478366107,2007-12-17,2016-09-06,ftd
BBG000BMDZF0,502413107,2017-01-03,2019-06-28,ftd
BBG000BMFD58,87236Y108,2007-12-20,2020-10-05,ftd
BBG000BMFFQ0,469814107,2007-12-17,2022-08-29,ftd
BBG000BMGL77,374276103,2007-12-19,2008-07-02,ftd
BBG000BMH2Q7,426281101,2007-12-27,,ftd
BBG000BMHYD1,478160104,2007-06-20,,ftd
BBG000BMJYW8,743410102,2007-06-19,2011-06-02,ftd
BBG000BMKDM3,487836108,2008-01-22,2025-12-10,ftd
BBG000BMLWX8,48666K109,2007-12-17,,ftd
BBG000BMLYZ2,74837R104,2007-12-21,2017-03-27,ftd
BBG000BMNBY1,298736109,2007-12-18,,ftd
BBG000BMP3J4,73172K104,2007-12-18,2016-09-26,ftd
BBG000BMQ839,638612101,2008-03-14,2009-01-05,ftd
BBG000BMQCP6,497266106,2008-03-14,,ftd
BBG000BMQPL1,493267108,2007-06-19,,ftd
BBG000BMR3G5,04270V106,2013-04-16,2016-01-04,ftd
BBG000BMSRR9,08265T208,2020-09-25,,ftd
BBG000BMT9T6,879360105,2007-06-26,,ftd
BBG000BMTFR4,482480100,2007-12-21,,ftd
BBG000BMW2Z0,494368103,2007-12-17,,ftd
BBG000BMWKC5,489170100,2007-12-20,,ftd
BBG000BMWV95,750236101,2007-12-17,,ftd
BBG000BMX289,191216100,2007-06-26,,ftd
BBG000BMXK89,62886E108,2007-12-24,,ftd
BBG000BMY992,501044101,2008-01-11,,ftd
BBG000BMZ7P7,485170302,2007-12-18,2021-12-13,ftd
BBG000BN1XR3,774341101,2007-07-13,2018-11-26,ftd
BBG000BN2DC2,79466L302,2007-06-20,,ftd
BBG000BN53G7,524660107,2007-12-17,2026-08-26,ftd
BBG000BN5HF7,526057104,2007-06-19,,ftd
BBG000BN6349,320771108,2007-12-17,2013-12-02,ftd
BBG000BN84F3,74834L100,2007-12-27,,ftd
BBG000BN8ZK8,237266101,2008-01-15,,ftd
BBG000BN9WT5,535678106,2007-12-21,2017-03-10,ftd
BBG000BNBDC2,532457108,2007-06-21,,ftd
BBG000BNBPQ0,524901105,2008-01-03,2020-07-31,ftd
BBG000BNC3Y9,534187109,2008-01-30,,ftd
BBG000BND699,N6596X109,2010-10-15,,ftd
BBG000BNDN65,548661107,2007-12-18,,ftd
BBG000BNF508,546347105,2008-01-08,,ftd
BBG000BNFLM9,512807108,2007-06-19,2024-10-03,ftd
BBG000BNFLM9,512807306,2024-10-04,,ftd
BBG000BNGTQ7,501797104,2013-03-28,2021-08-08,ftd
BBG000BNGTQ7,070830104,2021-08-09,,ftd
BBG000BNHSP9,47233W109,2018-05-24,,ftd
BBG000BNJHS8,844741108,2007-12-17,,ftd
BBG000BNL271,549271104,2008-02-04,2011-09-16,ftd
BBG000BNMHS4,56418H100,2008-03-24,,ftd
BBG000BNMMJ3,806407102,2007-12-31,,ftd
BBG000BNNKG9,574599106,2007-12-17,,ftd
BBG000BNNYW1,577081102,2007-12-20,,ftd
BBG000BNPS52,896239100,2008-01-16,,ftd
BBG000BNPSQ9,45337C102,2007-12-21,,ftd
BBG000BNPYN9,840441109,2014-06-30,2025-09-02,ftd
BBG000BNPYN9,84472E102,2025-09-03,,ftd
BBG000BNQN34,55262C100,2007-12-17,,ftd
BBG000BNSZP1,580135101,2007-12-19,,ftd
BBG000BNTFJ1,594901100,2007-12-27,2014-09-08,ftd
BBG000BNTTY4,552676108,2007-12-26,2024-04-18,ftd
BBG000BNVNY4,589433101,2008-01-14,2021-12-01,ftd
BBG000BNWG87,585055106,2007-06-20,2015-01-27,ftd
BBG000BNWG87,G5960L103,2015-01-28,,ftd
BBG000BNX3R4,552690109,2007-12-20,,ftd
BBG000BNY0W3,590188108,2007-12-17,2008-09-29,ftd
BBG000BP0929,314211103,2008-02-15,,ftd
BBG000BP0KQ8,285512109,2007-12-18,2026-08-04,ftd
BBG000BP1152,171779309,2007-12-17,,ftd
BBG000BP1Q11,78409V104,2016-04-28,,ftd
BBG000BP22B2,571837103,2007-12-21,2011-07-05,ftd
BBG000BP2H92,601073109,2007-12-17,2010-07-14,ftd
BBG000BP2HH3,073325102,2007-12-21,2008-04-28,ftd
BBG000BP2X06,885175307,2008-01-15,2015-10-08,ftd
BBG000BP30Y0,29977A105,2008-01-11,,ftd
BBG000BP4MH0,571748102,2007-12-27,,ftd
BBG000BP52R2,88579Y101,2007-12-21,,ftd
BBG000BP5YT0,Y2573F102,2007-06-21,,ftd
BBG000BP6L99,111621306,2007-12-17,2017-11-16,ftd
BBG000BP6LJ8,02209S103,2007-06-21,,ftd
BBG000BP7CL4,607828100,2008-01-22,,ftd
BBG000BP7JB0,925550105,2015-08-07,,ftd
BBG000BP8KR9,608554101,2008-01-23,2013-12-06,ftd
BBG000BP8Z50,620076307,2011-01-06,,ftd
BBG000BP9WJ1,00090Q103,2018-01-23,,ftd
BBG000BPBTL2,169905106,2008-01-14,,ftd
BBG000BPBVW5,192422103,2008-02-21,,ftd
BBG000BPD168,589331107,2007-07-12,2009-11-04,ftd
BBG000BPD168,58933Y105,2009-11-05,,ftd
BBG000BPDDB6,827048109,2008-01-15,,ftd
BBG000BPDXF8,553498106,2014-03-11,,ftd
BBG000BPG977,595137100,2007-06-19,2018-05-25,ftd
BBG000BPH459,594918104,2007-06-19,,ftd
BBG000BPMH90,626717102,2007-12-18,,ftd
BBG000BPNP00,57772K101,2007-12-17,2021-08-25,ftd
BBG000BPPN67,74460D109,2007-06-19,,ftd
BBG000BPQD31,628530107,2007-12-17,2015-03-02,ftd
BBG000BPQD31,N59465109,2015-03-03,2020-11-26,ftd
BBG000BPQVR5,772739207,2007-12-18,2015-07-01,ftd
BBG000BPRN29,683344105,2019-10-28,,ftd
BBG000BPS2V2,63934E108,2008-01-24,2021-06-30,ftd
BBG000BPT0C6,655044105,2007-12-27,2020-10-02,ftd
BBG000BPTDN6,628782104,2008-01-25,2010-09-30,ftd
BBG000BPVCR1,74835Y101,2007-12-17,2014-08-14,ftd
BBG000BPWGR1,655663102,2008-07-02,,ftd
BBG000BPWXK1,651639106,2007-12-21,,ftd
BBG000BPX9M1,449934108,2008-01-30,2010-02-25,ftd
BBG000BPXVJ6,760759100,2007-06-29,,ftd
BBG000BPYD87,636180101,2007-12-27,,ftd
BBG000BPYHJ6,675746309,2007-12-19,,ftd
BBG000BPZBB6,65473P105,2007-12-27,,ftd
BBG000BQ2C28,666807102,2007-07-06,,ftd
BBG000BQ3F39,670006105,2007-12-17,2011-05-07,ftd
BBG000BQ4WF8,30161Q104,2008-02-14,,ftd
BBG000BQ5DS5,655844108,2008-01-02,,ftd
BBG000BQ5TK8,637640103,2007-12-27,2011-09-23,ftd
BBG000BQ74K1,665859104,2008-01-10,,ftd
BBG000BQ87N0,30040W108,2015-02-19,,ftd
BBG000BQ8KV2,670346105,2007-12-17,,ftd
BBG000BQB7P4,670008101,2007-12-20,2012-06-04,ftd
BBG000BQBFQ5,L6388F110,2007-12-21,,ftd
BBG000BQBYR3,62944T105,2008-01-29,,ftd
BBG000BQC9V2,651229106,2007-07-10,,ftd
BBG000BQG2C4,681904108,2007-12-21,2015-08-17,ftd
BBG000BQGLS5,670837103,2007-12-17,,ftd
BBG000BQHGR6,682680103,2008-01-14,2026-09-09,ftd
BBG000BQHTV3,680665205,2008-01-24,,ftd
BBG000BQLTW7,68389X105,2007-06-19,,ftd
BBG000BQLXQ5,46069S109,2008-01-07,2017-02-23,ftd
BBG000BQMV15,690368105,2007-12-20,2014-05-27,ftd
BBG000BQPC32,345370860,2007-12-17,,ftd
BBG000BQQ2S6,674599105,2007-06-19,,ftd
BBG000BQQH30,20825C104,2007-06-22,,ftd
BBG000BQSQ38,704326107,2007-06-19,,ftd
BBG000BQT4L6,712704105,2007-12-18,2022-04-01,ftd
BBG000BQTMJ9,724479100,2007-12-21,,ftd
BBG000BQVTF5,693718108,2007-12-27,,ftd
BBG000BQW085,405217100,2007-12-26,,ftd
BBG000BQWPC5,69331C108,2007-12-20,,ftd
BBG000BQY289,703395103,2007-12-19,2025-04-16,ftd
BBG000BQZMH4,744573106,2008-01-14,,ftd
BBG000BR14K5,H1467J104,2016-01-19,,ftd
BBG000BR1KR2,69327R101,2012-06-15,2023-08-04,ftd
BBG000BR2B91,717081103,2007-06-19,,ftd
BBG000BR2TH3,742718109,2007-12-17,,ftd
BBG000BR32C6,750917106,2007-12-17,,ftd
BBG000BR37X2,743315103,2007-12-19,,ftd
BBG000BR3KL6,701094104,2008-01-14,,ftd
BBG000BR54L0,745867101,2007-06-26,,ftd
BBG000BRB2F4,696429307,2008-01-18,2015-08-28,ftd
BBG000BRD0D8,693475105,2007-06-19,,ftd
BBG000BRDSX5,723484101,2007-12-24,,ftd
BBG000BRF689,720186105,2007-12-17,2016-10-03,ftd
BBG000BRF6B5,74955W307,2007-12-20,2009-06-08,ftd
BBG000BRGWN4,739128106,2008-01-31,,ftd
BBG000BRJ809,693506107,2008-02-01,,ftd
BBG000BRJL00,69351T106,2008-01-10,,ftd
BBG000BRMJN6,29670G102,2020-02-03,,ftd
BBG000BRMVZ6,745310102,2008-02-19,2009-02-06,ftd
BBG000BRNGM2,049560105,2008-02-08,,ftd
BBG000BRNLL2,016255101,2008-01-10,,ftd
BBG000BRQ6L2,477143101,2007-12-17,,ftd
BBG000BRRG02,718592108,2007-12-20,2011-07-13,ftd
BBG000BRRG02,693656100,2011-07-14,,ftd
BBG000BRVKH0,04280A100,2016-04-07,,ftd
BBG000BRVP70,783549108,2007-12-27,,ftd
BBG000BRW644,28035Q102,2015-07-06,,ftd
BBG000BRWGG9,767754104,2007-12-18,2019-04-22,ftd
BBG000BRXP69,28176E108,2007-12-21,,ftd
BBG000BRXTR8,758750103,2008-01-28,,ftd
BBG000BRYN54,579064106,2008-03-14,2011-02-28,ftd
BBG000BRZBT3,779382100,2008-01-10,2012-05-03,ftd
BBG000BRZBT3,G7665A101,2012-05-04,2019-04-10,ftd
BBG000BS0ZF1,731572103,2007-12-26,2011-08-15,ftd
BBG000BS0ZF1,751212101,2011-08-16,,ftd
BBG000BS1YV5,874054109,2007-06-19,,ftd
BBG000BS3047,749660106,2007-12-17,,ftd
BBG000BS3FD4,761230101,2008-01-09,2008-03-27,ftd
BBG000BS48J3,759916109,2007-12-18,,ftd
BBG000BS4MP5,254067101,2007-12-17,,ftd
BBG000BS5170,780287108,2007-12-17,,ftd
BBG000BS5CM9,101121101,2008-01-09,,ftd
BBG000BS5DR2,770323103,2008-01-03,,ftd
BBG000BS73J1,754730109,2008-01-22,,ftd
BBG000BS7KS3,60871R209,2007-12-17,,ftd
BBG000BS7ZF4,749607107,2008-03-25,,ftd
BBG000BS9489,681919106,2007-06-19,,ftd
BBG000BSBB99,775371107,2008-01-16,2009-04-01,ftd
BBG000BSBBP1,775711104,2008-01-24,,ftd
BBG000BSBZH7,778296103,2007-12-18,,ftd
BBG000BSC0K9,256747106,2007-07-02,2008-03-04,ftd
BBG000BSC0K9,256746108,2008-03-05,,ftd
BBG000BSD7C2,755111507,2007-12-31,2020-04-02,ftd
BBG000BSFRF3,871607107,2007-06-19,,ftd
BBG000BSGQN5,783764103,2007-12-17,2015-09-30,ftd
BBG000BSHH72,84265V105,2007-12-17,,ftd
BBG000BSHHP2,786429100,2008-01-14,2008-09-22,ftd
BBG000BSJK37,00206R102,2007-06-19,,ftd
BBG000BSLLB3,80589M102,2007-12-19,2018-12-31,ftd
BBG000BSLZY7,808513105,2007-07-03,,ftd
BBG000BSPWD3,811543107,2008-09-18,,ftd
BBG000BSQLT9,784117103,2008-03-18,,ftd
BBG000BSRN78,G66721104,2013-01-24,,ftd
BBG000BSS5C0,860630102,2007-12-17,,ftd
BBG000BSVZM9,806605101,2007-12-17,2009-11-04,ftd
BBG000BSXQV7,824348106,2007-06-20,,ftd
BBG000BSY3K9,826552101,2008-01-18,2015-11-17,ftd
BBG000BSYVD5,826322109,2007-12-26,2008-02-28,ftd
BBG000BSZXM0,832110100,2007-12-24,2010-08-27,ftd
BBG000BSZYR3,26884U109,2012-11-13,,ftd
BBG000BT0093,82968B103,2013-11-18,2024-09-10,ftd
BBG000BT0CM2,78486Q101,2007-12-17,2023-03-09,ftd
BBG000BT1715,832696405,2008-04-03,,ftd
BBG000BT41Q8,806857108,2007-06-19,,ftd
BBG000BT4C39,G54050102,2007-12-17,2024-01-02,ftd
BBG000BT4C39,52110M109,2024-01-03,,ftd
BBG000BT4T69,432589109,2012-07-03,2014-08-28,ftd
BBG000BT5PG5,810186106,2007-12-21,,ftd
BBG000BT7JW9,833034101,2008-02-08,,ftd
BBG000BT9DW0,842587107,2007-12-21,,ftd
BBG000BT9T73,502161102,2007-12-17,2014-05-02,ftd
BBG000BTCH57,12541W209,2007-12-18,,ftd
BBG000BTCXB5,294752100,2007-12-26,2017-03-01,ftd
BBG000BTFDR9,128195104,2015-10-01,2018-02-12,ftd
BBG000BTGCV5,784635104,2008-01-24,2022-08-15,ftd
BBG000BTGCV5,78473E103,2022-08-16,,ftd
BBG000BTGKK9,89531P105,2007-12-17,,ftd
BBG000BTHH16,817565104,2007-12-18,,ftd
BBG000BTKGG8,867914103,2007-12-26,2019-12-06,ftd
BBG000BTLMX5,748356102,2008-02-22,2016-09-16,ftd
BBG000BTMDX4,844030106,2008-01-02,2012-03-26,ftd
BBG000BTN971,86764P109,2007-12-17,2012-10-04,ftd
BBG000BTQ9G8,868536103,2008-01-02,2017-08-02,ftd
BBG000BTQNQ6,G3682E127,2007-12-17,,ftd
BBG000BTQR96,854616109,2007-06-28,2010-03-14,ftd
BBG000BTQR96,854502101,2010-03-15,,ftd
BBG000BTR593,845467109,2008-01-10,2024-09-30,ftd
BBG000BTVJ25,871829107,2007-12-17,,ftd
BBG000BTZ1M8,922207105,2008-01-17,2011-11-09,ftd
BBG000BV0VK7,879433100,2008-02-11,2012-01-24,ftd
BBG000BV0VK7,879433829,2012-01-25,,ftd
BBG000BV18Z1,886423102,2008-01-17,2017-07-31,ftd
BBG000BV1Y93,872375100,2007-12-19,2016-06-30,ftd
BBG000BV2BR2,878237106,2008-01-10,2020-06-29,ftd
BBG000BV3SC0,774415103,2008-06-17,2015-01-12,ftd
BBG000BV4DR6,880770102,2007-12-27,,ftd
BBG000BV4XJ1,91307C102,2007-12-17,,ftd
BBG000BV5627,82846H405,2024-06-07,,ftd
BBG000BV59Y6,879369106,2008-01-14,,ftd
BBG000BV6R84,885160101,2007-12-18,,ftd
BBG000BV75B7,886547108,2008-01-16,2021-01-06,ftd
BBG000BV7LP7,786514208,2007-12-26,2015-01-29,ftd
BBG000BV7YT5,879868107,2007-12-31,2012-02-10,ftd
BBG000BV8DN6,872540109,2007-12-27,,ftd
BBG000BV95H9,887389104,2007-12-31,,ftd
BBG000BV9X97,879664100,2007-12-19,2013-11-29,ftd
BBG000BVD6X4,37959E102,2019-08-09,,ftd
BBG000BVDLH9,883556102,2007-06-26,,ftd
BBG000BVF2M3,471109108,2007-12-20,2016-04-15,ftd
BBG000BVFFV4,884315102,2008-03-20,2012-05-16,ftd
BBG000BVHBM1,889478103,2007-12-17,,ftd
BBG000BVK2W6,896047107,2007-12-20,2007-12-31,ftd
BBG000BVL2G3,896522109,2008-01-08,,ftd
BBG000BVLRY8,052800109,2007-12-21,,ftd
BBG000BVMG26,55306N104,2008-03-05,,ftd
BBG000BVMGF2,020002101,2007-12-21,,ftd
BBG000BVMPN3,74144T108,2007-12-17,,ftd
BBG000BVP5P2,78440X101,2008-01-24,2021-01-21,ftd
BBG000BVP5P2,78440X804,2021-01-22,2022-01-24,ftd
BBG000BVP5P2,78440X887,2022-01-25,,ftd
BBG000BVPPM1,03349M105,2017-08-02,2018-09-28,ftd
BBG000BVPV84,023135106,2007-06-20,,ftd
BBG000BVQRY3,891092108,2008-01-28,,ftd
BBG000BVRQD7,88162F105,2008-03-07,,ftd
BBG000BVSX05,88632Q103,2008-01-22,2014-12-05,ftd
BBG000BVV7G1,882508104,2007-06-19,,ftd
BBG000BVVHH8,82966C103,2007-12-19,2016-02-26,ftd
BBG000BVVQQ8,883203101,2008-02-07,,ftd
BBG000BVWLJ6,G51502105,2016-09-06,,ftd
BBG000BVWZF9,902252105,2008-01-11,,ftd
BBG000BVYN55,902681105,2008-04-23,,ftd
BBG000BVZP59,96208T104,2012-10-25,,ftd
BBG000BW0R88,909214108,2008-01-02,,ftd
BBG000BW2QX0,91529Y106,2007-12-21,,ftd
BBG000BW3299,907818108,2007-12-19,,ftd
BBG000BW4804,909218109,2007-12-24,2020-05-22,ftd
BBG000BW5YW1,903293405,2007-12-17,2019-04-23,ftd
BBG000BW6P59,911684108,2008-09-17,,ftd
BBG000BW73T1,902911106,2007-12-17,2009-01-05,ftd
BBG000BW8S60,75513E101,2020-04-03,,ftd
BBG000BW9W88,920355104,2007-12-26,2017-05-31,ftd
BBG000BWB7V4,920253101,2008-01-15,,ftd
BBG000BWBZN1,92220P105,2008-02-06,2021-04-14,ftd
BBG000BWCKB6,918204108,2008-01-14,,ftd
BBG000BWDFD4,92556H107,2019-12-05,2025-08-06,ftd
BBG000BWFL03,09175A206,2025-05-16,,ftd
BBG000BWGYF8,929160109,2007-06-22,,ftd
BBG000BWHD54,929042109,2008-01-03,,ftd
BBG000BWJFZ4,125269100,2007-12-21,,ftd
BBG000BWKB81,928298108,2007-12-17,,ftd
BBG000BWLMJ4,931427108,2014-12-31,2025-08-27,ftd
BBG000BWM5P3,457669307,2011-03-04,,ftd
BBG000BWMX63,947890109,2007-08-07,2026-08-19,ftd
BBG000BWN2Y9,199908104,2008-03-24,,ftd
BBG000BWNFZ9,958102105,2007-06-19,,ftd
BBG000BWP7D9,976657106,2007-07-06,2015-06-30,ftd
BBG000BWP7D9,92939U106,2015-07-01,,ftd
BBG000BWPN99,950590109,2008-03-24,2008-09-29,ftd
BBG000BWQFY7,949746101,2007-06-22,,ftd
BBG000BWQLY4,695263103,2008-05-15,2023-11-30,ftd
BBG000BWQTD0,938824109,2008-01-07,,ftd
BBG000BWSGF4,115236101,2008-01-14,,ftd
BBG000BWSV34,963320106,2007-12-17,,ftd
BBG000BWVCP8,969457100,2007-12-24,,ftd
BBG000BWVSR1,94106L109,2007-12-20,,ftd
BBG000BWXBC2,931142103,2007-12-19,,ftd
BBG000BWXL85,756577102,2007-12-18,2019-07-08,ftd
BBG000BWYFX9,45822P105,2008-01-16,2015-06-29,ftd
BBG000BWZBT2,948741103,2007-12-18,2021-08-03,ftd
BBG000BX0R13,950817106,2008-09-16,2011-06-24,ftd
BBG000BX24N8,955306105,2008-01-14,,ftd
BBG000BX3B60,982526105,2007-12-20,2008-10-06,ftd
BBG000BX3BL3,962166104,2007-06-19,,ftd
BBG000BX3TD3,912909108,2007-12-17,2025-06-17,ftd
BBG000BX57K1,249030107,2007-06-20,2016-03-01,ftd
BBG000BX57K1,24906P109,2016-03-02,,ftd
BBG000BX5GS3,589378108,2008-03-31,,ftd
BBG000BX5ZF5,984121608,2017-06-15,2019-08-11,ftd
BBG000BX67G5,599902103,2007-12-21,2008-05-24,ftd
BBG000BX6BJ3,017175100,2008-09-16,2022-10-18,ftd
BBG000BX8DC4,344849104,2008-01-22,2025-09-05,ftd
BBG000BX9WL1,989701107,2007-12-17,,ftd
BBG000BXL4N7,22002T108,2007-12-17,,ftd
BBG000BXM6V2,904311107,2007-12-17,,ftd
BBG000BXMFC3,911363109,2007-12-17,,ftd
BBG000BXNJ07,232806109,2007-12-27,2020-04-15,ftd
BBG000BXPZB7,457187102,2012-06-04,,ftd
BBG000BXRPH1,723787107,2007-07-03,2024-05-02,ftd
BBG000BY10C7,05548J106,2008-01-28,2011-09-30,ftd
BBG000BY29C7,876030107,2017-10-31,,ftd
BBG000BY2Y78,G491BT108,2007-12-17,,ftd
BBG000BY33P5,48203R104,2007-12-17,2025-07-01,ftd
BBG000BYD720,47102X105,2007-12-20,2017-05-26,ftd
BBG000BYKSX2,01449J105,2010-07-19,2017-10-02,ftd
BBG000BYQ0B1,87305R109,2008-04-25,,ftd
BBG000BYR208,02503Y103,2008-07-09,2017-01-03,ftd
BBG000BYWTX7,G5876H105,2007-06-19,2021-04-21,ftd
BBG000BYYLS8,054937107,2007-06-29,2019-12-10,ftd
BBG000BYYLS8,89832Q109,2019-12-11,,ftd
BBG000BYZ0Q5,88162G103,2008-01-24,,ftd
BBG000BZ2GG4,13342B105,2008-01-02,2016-04-01,ftd
BBG000BZ9223,26875P101,2007-12-17,,ftd
BBG000BZCKH3,592688105,2008-03-14,,ftd
BBG000BZJQL8,457985208,2007-12-17,,ftd
BBG000BZTW70,G6359F103,2007-12-17,,ftd
BBG000BZX1N5,04621X108,2007-12-17,,ftd
BBG000C01DF9,63936L100,2008-01-14,2008-07-09,ftd
BBG000C04224,12504L109,2011-10-05,,ftd
BBG000C060M4,008252108,2007-12-27,,ftd
BBG000C070N2,983759101,2008-01-03,2009-06-08,ftd
BBG000C0BGS7,817315104,2007-12-19,2009-10-30,ftd
BBG000C0F570,983919101,2007-12-27,2022-02-11,ftd
BBG000C0G1D1,458140100,2007-06-19,,ftd
BBG000C0HQ54,G30401106,2014-03-05,2022-09-24,ftd
BBG000C0LW92,101137107,2007-12-17,,ftd
BBG000C0MF34,740189105,2007-06-19,2016-01-29,ftd
BBG000C0NY96,872275102,2007-12-31,2019-07-31,ftd
BBG000C0PBV9,635405103,2007-12-17,2008-12-31,ftd
BBG000C0RWX9,784730103,2017-08-03,,ftd
BBG000C0ZW33,904214103,2007-12-19,2023-02-28,ftd
BBG000C101X4,003654100,2007-12-17,2022-12-21,ftd
BBG000C11MQ5,716933106,2007-12-17,2015-05-22,ftd
BBG000C13CD9,127387108,2007-12-21,,ftd
BBG000C15114,878377100,2008-03-10,2014-11-04,ftd
BBG000C15114,09073M104,2014-11-05,,ftd
BBG000C15T95,302182100,2007-06-19,2012-04-02,ftd
BBG000C15T95,30219G108,2012-04-03,2018-12-20,ftd
BBG000C17X76,09062X103,2007-06-19,,ftd
BBG000C19QW1,16359R103,2008-04-21,,ftd
BBG000C1BW00,539830109,2008-01-08,,ftd
BBG000C1DF05,74935Q107,2023-05-23,,ftd
BBG000C1DHF5,172755100,2008-02-08,,ftd
BBG000C1FB75,45865V100,2007-06-19,2013-11-12,ftd
BBG000C1FB75,45866F104,2013-11-13,,ftd
BBG000C1FQS9,29364G103,2007-12-27,,ftd
BBG000C1HL99,47030M106,2008-09-16,2025-07-01,ftd
BBG000C1HL99,G4253H101,2025-07-02,,ftd
BBG000C1HN22,45167R104,2008-02-13,,ftd
BBG000C1HQ43,50077B207,2009-09-14,,ftd
BBG000C1J0Q4,729251108,2007-12-19,2016-02-19,ftd
BBG000C1JTL6,891906109,2007-12-17,2019-09-17,ftd
BBG000C1R174,40422Y101,2007-12-26,2009-11-02,ftd
BBG000C1S2X2,92532F100,2008-01-08,,ftd
BBG000C1SCJ6,90385D107,2007-12-24,2019-05-02,ftd
BBG000C1TTV4,413619107,2007-12-26,2008-01-29,ftd
BBG000C1XKF6,72346Q104,2007-07-02,2026-01-12,ftd
BBG000C1XSP8,72919P202,2011-05-25,,ftd
BBG000C1XVK6,G3223R108,2007-12-19,,ftd
BBG000C221G9,709631105,2008-01-18,2012-09-30,ftd
BBG000C221G9,H6169Q108,2012-10-01,2014-06-03,ftd
BBG000C221G9,G7S00T104,2014-06-04,,ftd
BBG000C22QV7,81211K100,2007-12-17,2026-04-08,ftd
BBG000C23KJ3,00130H105,2007-12-18,,ftd
BBG000C23PB0,525327102,2013-10-03,,ftd
BBG000C240W1,852061100,2007-06-19,2013-07-10,ftd
BBG000C29813,P31076105,2007-12-26,,ftd
BBG000C2BXK4,552953101,2007-12-17,,ftd
BBG000C2D1C1,518415104,2007-12-19,,ftd
BBG000C2DSX9,540424207,2007-07-12,2008-06-09,ftd
BBG000C2H3F0,21871D103,2010-06-07,2021-06-03,ftd
BBG000C2HB99,67019E107,2007-12-27,2012-04-09,ftd
BBG000C2L2L0,48020Q107,2008-01-15,,ftd
BBG000C2L5G9,G39387108,2021-11-01,,ftd
BBG000C2LZP3,000360206,2008-04-15,,ftd
BBG000C2NV89,285661104,2008-01-08,2008-08-25,ftd
BBG000C2PL98,229899109,2008-01-14,,ftd
BBG000C2PW58,09247X101,2008-02-28,2024-10-01,ftd
BBG000C2V3D6,00846U101,2007-12-21,,ftd
BBG000C2VBB0,69370C100,2013-01-28,,ftd
BBG000C2YHG9,25470M109,2008-01-23,2023-12-29,ftd
BBG000C2ZCH8,816851109,2008-03-04,,ftd
BBG000C30L48,609839105,2007-12-27,,ftd
BBG000C31LY4,049513104,2008-01-08,2016-04-04,ftd
BBG000C34488,14057C106,2008-01-11,2010-12-22,ftd
BBG000C34488,14057J101,2010-12-23,,ftd
BBG000C37332,349882100,2007-12-31,2013-06-05,ftd
BBG000C37332,34988V106,2013-06-06,,ftd
BBG000C3FGH9,384637104,2013-11-29,,ftd
BBG000C3GN47,127097103,2007-07-03,2026-05-06,ftd
BBG000C3HNW5,903236107,2008-01-11,2014-10-16,ftd
BBG000C3HSR0,16411R208,2007-12-17,,ftd
BBG000C3J3C9,17275R102,2007-06-25,,ftd
BBG000C3JJC4,743674103,2008-02-13,2015-01-30,ftd
BBG000C3MXG5,G02602103,2007-12-18,,ftd
BBG000C3NTN5,436440101,2007-06-19,2026-04-06,ftd
BBG000C3QN19,695257105,2007-12-19,2010-11-16,ftd
BBG000C3TKY6,70202L102,2019-05-10,,ftd
BBG000C3VHF1,925815102,2008-01-17,,ftd
BBG000C3W281,574795100,2007-12-17,2026-06-09,ftd
BBG000C3WK36,50105F105,2008-02-26,,ftd
BBG000C3Y7J6,073302101,2008-01-07,2017-04-12,ftd
BBG000C41023,902653104,2007-12-19,,ftd
BBG000C42VL3,53223X107,2016-08-15,2023-07-19,ftd
BBG000C42WS4,20451N101,2008-01-29,,ftd
BBG000C43744,431284108,2008-01-14,,ftd
BBG000C43RR5,278642103,2007-12-21,,ftd
BBG000C44LH8,178566105,2008-01-11,2015-10-30,ftd
BBG000C45984,540424108,2008-02-15,,ftd
BBG000C46HM9,55616P104,2007-12-27,,ftd
BBG000C496P7,92556H206,2019-12-05,2025-08-06,ftd
BBG000C4DPX1,Y0486S104,2010-09-30,2016-01-29,ftd
BBG000C4FB79,893521104,2008-03-24,2012-03-05,ftd
BBG000C4H302,055482103,2008-01-07,2010-04-28,ftd
BBG000C4HKK2,830566105,2008-01-24,2025-09-11,ftd
BBG000C4LN67,G37260109,2007-12-26,2010-06-29,ftd
BBG000C4LN67,H2906T109,2010-06-30,,ftd
BBG000C4MWH4,05541T101,2008-04-04,2023-06-30,ftd
BBG000C4PLF7,680223104,2007-12-17,,ftd
BBG000C4SKT1,267475101,2008-06-30,,ftd
BBG000C4VW39,68557N103,2015-02-13,2018-06-06,ftd
BBG000C4WJT9,485865109,2014-02-26,2017-07-11,ftd
BBG000C4XD11,019589308,2007-12-18,2008-12-05,ftd
BBG000C4XG05,12618H309,2008-01-18,2010-05-28,ftd
BBG000C4Y9D6,749121109,2007-06-19,2011-03-31,ftd
BBG000C4Z6C2,942749102,2007-12-17,,ftd
BBG000C4ZFV1,583334107,2007-12-17,2015-07-01,ftd
BBG000C4ZNF2,023139108,2007-12-17,2013-05-07,ftd
BBG000C4ZZ10,G81276100,2008-09-15,,ftd
BBG000C5HS04,654106103,2007-12-17,,ftd
BBG000C5Z1S3,595112103,2007-12-17,,ftd
BBG000C5Z443,194014502,2022-04-06,,ftd
BBG000C60K98,22282E102,2008-01-17,2021-11-29,ftd
BBG000C6CFJ5,38141G104,2007-12-20,,ftd
BBG000C6F3T8,459902102,2007-06-29,2015-04-06,ftd
BBG000C6GN04,74838J101,2008-04-03,2022-06-06,ftd
BBG000C6W266,206708109,2008-01-10,2014-12-04,ftd
BBG000C6W444,624756102,2008-02-29,,ftd
BBG000C734W3,75886F107,2008-01-23,,ftd
BBG000C75N77,200340107,2007-12-17,2026-01-30,ftd
BBG000C78J55,811054204,2007-12-17,2008-07-15,ftd
BBG000C78J55,811054402,2008-07-16,,ftd
BBG000C7B169,934550104,2007-12-21,2011-07-19,ftd
BBG000C7B436,880779103,2007-12-19,,ftd
BBG000C7LMS8,053332102,2007-12-26,,ftd
BBG000C7QK61,404251100,2007-12-18,,ftd
BBG000C7TF41,405024100,2008-03-26,,ftd
BBG000C7WZ16,480074103,2008-01-07,2010-10-15,ftd
BBG000C89QJ1,126804301,2007-12-18,2017-09-25,ftd
BBG000C8D8G9,062540109,2008-02-20,,ftd
BBG000C8FRK0,156708109,2007-12-19,2011-10-13,ftd
BBG000C8H633,565849106,2007-12-17,2024-11-21,ftd
BBG000C90DH9,460690100,2007-12-18,2025-11-26,ftd
BBG000C9F2F9,G01767105,2011-09-20,,ftd
BBG000C9N6Q9,036115103,2007-12-17,2011-03-15,ftd
BBG000C9W1Y1,G98290102,2010-07-01,2016-07-25,ftd
BBG000CB2ZY4,495582108,2007-12-17,2011-02-28,ftd
BBG000CB8Q50,913903100,2008-01-24,,ftd
BBG000CBMH27,552848103,2007-12-17,,ftd
BBG000CC53X1,688239201,2007-12-17,,ftd
BBG000CC7LQ7,989207105,2008-03-11,,ftd
BBG000CCFBC5,532791100,2007-12-20,2012-08-10,ftd
BBG000CDZLV8,707569109,2008-03-26,,ftd
BBG000CF2GH6,04033A100,2007-12-17,2017-02-15,ftd
BBG000CFZ003,05561Q201,2008-07-09,,ftd
BBG000CG0HP5,564055101,2007-12-17,2007-12-21,ftd
BBG000CGC1X8,747525103,2007-12-18,,ftd
BBG000CGJMB9,297178105,2007-06-21,,ftd
BBG000CGQ485,45245W109,2007-12-18,2008-12-04,ftd
BBG000CGQ4F7,617700109,2008-01-07,,ftd
BBG000CGQ6M4,74005P104,2008-01-18,2018-10-30,ftd
BBG000CGT2S4,903914109,2007-12-20,2016-04-29,ftd
BBG000CH11X8,966612103,2008-01-03,2011-06-16,ftd
BBG000CH5208,91324P102,2007-06-19,,ftd
BBG000CHSS88,679580100,2008-01-24,,ftd
BBG000CHWP52,25468Y107,2007-07-06,2008-09-23,ftd
BBG000CHWP52,25470F104,2008-09-24,2022-04-08,ftd
BBG000CJ2181,759509102,2008-03-18,,ftd
BBG000CKGBP2,375558103,2007-06-20,,ftd
BBG000CKGDS5,32054K103,2007-12-17,,ftd
BBG000CKJ0P3,53217V109,2008-11-25,2014-02-03,ftd
BBG000CKRZF8,38821G101,2007-12-21,2008-04-18,ftd
BBG000CKVSG8,20854P109,2008-01-07,2017-11-29,ftd
BBG000CKVSG8,12653C108,2017-11-30,,ftd
BBG000CL1FG7,116794108,2007-06-26,,ftd
BBG000CL1HL7,554489104,2007-12-31,2021-12-10,ftd
BBG000CL6RJ3,105368203,2007-12-27,,ftd
BBG000CL9JV4,87162W100,2007-06-29,,ftd
BBG000CL9VN6,64110L106,2007-12-17,,ftd
BBG000CLNSF6,85917A100,2013-11-01,2022-01-31,ftd
BBG000CLP0Y4,637417106,2007-12-17,,ftd
BBG000CLVM51,94946T106,2008-01-14,2020-01-23,ftd
BBG000CN3S73,49446R109,2007-06-22,,ftd
BBG000CN5CJ3,75606N109,2010-08-18,2021-04-21,ftd
BBG000CNFQW6,714290103,2007-12-26,2013-12-18,ftd
BBG000CNFQW6,G97822103,2013-12-19,,ftd
BBG000CNM3Q6,032346108,2007-12-19,2012-08-08,ftd
BBG000CNNMD7,83082Y102,2008-03-12,2009-03-18,ftd
BBG000CNWNL6,690768403,2007-12-17,2019-12-27,ftd
BBG000CNZC55,676220106,2007-06-22,2020-07-11,ftd
BBG000CP95B7,03073T102,2008-02-14,2012-12-21,ftd
BBG000CPBCL8,675232102,2007-12-24,,ftd
BBG000CPHYL4,88033G100,2007-12-17,2012-10-10,ftd
BBG000CPHYL4,88033G407,2012-10-11,,ftd
BBG000CPQZ77,966837106,2007-12-18,2017-08-25,ftd
BBG000CPZ0F5,69329Y104,2007-12-27,2020-12-30,ftd
BBG000CQ0CD7,152413100,2012-11-13,,ftd
BBG000CQB185,G0585R106,2007-12-18,,ftd
BBG000CQB684,62985Q101,2008-01-08,2011-12-01,ftd
BBG000CQV2N4,44930G107,2007-12-17,,ftd
BBG000CR20B1,27579R104,2007-12-21,,ftd
BBG000CRTLP1,67069D108,2007-12-17,2019-03-07,ftd
BBG000CS0D96,225310101,2007-12-19,,ftd
BBG000CS7CT9,500255104,2007-12-17,,ftd
BBG000CS8TM8,163072101,2007-12-17,,ftd
BBG000CSY9H9,075896100,2008-01-04,2023-05-02,ftd
BBG000CT56K1,421933102,2007-12-17,2014-01-24,ftd
BBG000CTGXS2,197236102,2007-06-26,,ftd
BBG000CTM4J9,146229109,2007-12-28,,ftd
BBG000CTQBF3,855244109,2007-12-19,,ftd
BBG000CTSZQ6,G4705A100,2013-02-07,,ftd
BBG000CTV4N4,29362U104,2008-01-17,,ftd
BBG000CVRFS4,448579102,2009-12-23,,ftd
BBG000CVWGS6,004930202,2008-01-03,2008-07-10,ftd
BBG000CVWGS6,00507V109,2008-07-11,2008-07-22,ftd
BBG000CVWGS6,004930202,2008-07-23,2008-07-31,ftd
BBG000CVWGS6,00507V109,2008-08-01,2023-10-12,ftd
BBG000CW9BM7,222795502,2019-06-17,,ftd
BBG000CWL0F5,30063P105,2008-03-07,2026-03-20,ftd
BBG000CX0P89,37940X102,2007-07-30,,ftd
BBG000CXD6X9,611740101,2012-01-09,2015-06-15,ftd
BBG000CXLZ20,03060R101,2007-12-17,2010-09-30,ftd
BBG000CXYSZ6,315616102,2007-12-21,,ftd
BBG000CYNBV7,42222G108,2007-12-24,2016-03-23,ftd
BBG000CZ8W54,40637H109,2007-12-19,,ftd
BBG000CZTB66,441593100,2015-08-17,,ftd
BBG000CZWZ05,09061G101,2007-12-18,,ftd
BBG000D0BMV9,87311L104,2008-06-23,2014-10-31,ftd
BBG000D0FNV3,95082P105,2007-12-21,,ftd
BBG000D13GN8,98954M101,2015-02-18,,ftd
BBG000D1QCF1,30249U101,2007-07-12,2017-01-17,ftd
BBG000D1Y3P1,346375108,2008-01-14,,ftd
BBG000D2H038,83421A104,2008-01-09,2016-03-03,ftd
BBG000D2JB50,875465106,2007-12-17,,ftd
BBG000D2M0Z7,78388J106,2007-12-17,2017-01-17,ftd
BBG000D2M0Z7,78410G104,2017-01-18,,ftd
BBG000D2M6H4,563571108,2007-12-27,,ftd
BBG000D2ZTS8,410345102,2007-12-27,2025-12-02,ftd
BBG000D3JXM1,G25508105,2023-09-25,,ftd
BBG000D3MB18,92769L101,2007-12-17,2013-06-07,ftd
BBG000D42FJ0,88554D205,2007-12-17,,ftd
BBG000D4LWF6,609207105,2012-10-05,,ftd
BBG000D4YTR6,919794107,2007-12-26,,ftd
BBG000D52545,950587105,2008-09-29,2011-07-10,ftd
BBG000D52545,95058W100,2011-07-11,,ftd
BBG000D5S4M0,731068102,2007-12-17,,ftd
BBG000D6L294,171798101,2007-12-20,2021-09-30,ftd
BBG000D6TC94,790148100,2007-12-17,,ftd
BBG000D6VW15,03823U102,2013-10-01,,ftd
BBG000D7DN13,185385309,2007-12-17,2008-12-01,ftd
BBG000D7DN13,18538Q105,2008-12-02,2013-07-09,ftd
BBG000D7HF89,835495102,2008-09-17,,ftd
BBG000D7JKW9,22160N109,2008-01-16,,ftd
BBG000D7RKJ5,281020107,2008-01-03,,ftd
BBG000D86F25,05605H100,2015-07-06,,ftd
BBG000D898T9,14149Y108,2008-01-14,,ftd
BBG000D8RG11,629377508,2007-12-27,,ftd
BBG000D9D830,G1150G111,2007-12-26,2009-08-31,ftd
BBG000D9D830,G1151C101,2009-09-01,,ftd
BBG000D9DMK0,50540R409,2007-06-28,2024-04-24,ftd
BBG000D9H9F1,62855J104,2008-01-10,,ftd
BBG000D9KWL9,55261F104,2007-07-18,,ftd
BBG000D9V7T4,002535300,2008-09-17,2020-10-16,ftd
BBG000DB3KT1,G96629103,2016-01-05,,ftd
BBG000DBKR53,816850101,2008-01-18,,ftd
BBG000DBTPX7,43739Q100,2011-12-23,2015-12-14,ftd
BBG000DBVBY4,278265103,2007-12-21,2021-02-26,ftd
BBG000DCCZW2,001084102,2007-12-17,,ftd
BBG000DCGRL8,44980X109,2008-03-26,,ftd
BBG000DCNK80,749685103,2007-12-20,,ftd
BBG000DD3510,03748R101,2007-12-21,2019-02-21,ftd
BBG000DD3510,03748R754,2019-02-22,2020-12-01,ftd
BBG000DD3510,03748R747,2020-12-02,,ftd
BBG000DDXVZ3,233326107,2007-12-19,2018-04-16,ftd
BBG000DFMXT3,045327103,2008-01-24,2022-05-26,ftd
BBG000DGLTG5,25659T107,2008-01-22,,ftd
BBG000DGM399,200519106,2007-12-21,2008-03-28,ftd
BBG000DGPR66,G16962105,2007-06-19,2023-10-31,ftd
BBG000DGZ1B6,611742107,2007-12-17,2009-06-08,ftd
BBG000DH7JK6,713448108,2007-06-22,,ftd
BBG000DHM3H8,92553P102,2008-05-07,2019-12-04,ftd
BBG000DHNDK1,00184X105,2009-12-11,2015-06-22,ftd
BBG000DHPN63,756109104,2007-06-19,,ftd
BBG000DHSPT0,92553P201,2007-12-17,2019-12-04,ftd
BBG000DJN7L9,942622200,2007-12-19,,ftd
BBG000DKCC19,902494103,2007-06-22,,ftd
BBG000DM12W5,05874B107,2007-12-24,2014-11-21,ftd
BBG000DMBXR2,46625H100,2007-06-19,,ftd
BBG000DN4ZT1,88224Q107,2008-01-18,,ftd
BBG000DN7P92,863667101,2007-12-19,,ftd
BBG000DNTSP4,847560109,2008-01-08,2017-02-24,ftd
BBG000DPKKK0,025932104,2008-02-12,,ftd
BBG000DPRDJ1,968223206,2008-01-02,,ftd
BBG000DQLV23,110122108,2007-06-28,,ftd
BBG000DQN9R3,596278101,2008-01-09,,ftd
BBG000DQTXY6,23331A109,2007-12-17,,ftd
BBG000DQV538,G30397106,2008-01-14,2017-03-28,ftd
BBG000DQV8M1,60467R100,2007-12-17,2010-12-03,ftd
BBG000DQX1D4,713291102,2008-03-06,2016-03-23,ftd
BBG000DR5QP5,109696104,2008-01-24,,ftd
BBG000DR87M7,80689H102,2017-04-11,,ftd
BBG000DS5588,84790A105,2018-07-16,,ftd
BBG000DSJYS8,038169207,2022-04-18,,ftd
BBG000DSMS70,452327109,2007-12-17,,ftd
BBG000DST2V3,28336L109,2007-12-24,2012-05-24,ftd
BBG000DTMH63,G65431101,2013-11-20,2020-07-30,ftd
BBG000DTRKK5,23330X100,2008-02-13,2008-10-21,ftd
BBG000DV7MX4,682189105,2007-12-18,,ftd
BBG000DW4937,79377W108,2007-12-28,2013-11-04,ftd
BBG000DW4LB1,04247X102,2007-12-21,,ftd
BBG000DW4Q75,018802108,2008-01-15,,ftd
BBG000DW76Y6,303250104,2007-12-18,,ftd
BBG000DWG505,084670702,2010-01-21,,ftd
BBG000DWMRV6,33582V108,2008-01-23,2016-07-29,ftd
BBG000DX9JV7,114340102,2007-12-17,,ftd
BBG000DXVB85,36866T103,2008-01-23,2012-07-31,ftd
BBG000DY28W5,090572207,2008-01-14,,ftd
BBG000DY8ZS4,G48833100,2014-06-18,2019-05-10,ftd
BBG000DYGNW7,58155Q103,2008-02-14,,ftd
BBG000DYXD23,576323109,2007-12-19,,ftd
BBG000DZCFX4,516806106,2011-12-21,2020-06-02,ftd
BBG000DZJVH0,65336K103,2007-08-06,,ftd
BBG000DZK6N6,636518102,2008-02-19,2023-10-10,ftd
BBG000DZMH32,983024100,2007-12-27,2009-10-15,ftd
BBG000F02T51,12685J105,2015-07-06,,ftd
BBG000F0CD91,422806208,2008-06-16,,ftd
BBG000F0PF65,887317105,2007-12-17,2009-03-30,ftd
BBG000F0PF65,887317303,2009-03-31,2018-06-14,ftd
BBG000F0ZXG4,163893100,2007-12-19,2009-03-17,ftd
BBG000F15NW9,790849103,2007-07-06,2017-01-04,ftd
BBG000F1C7F5,589400100,2008-01-14,,ftd
BBG000F1ZSN5,776696106,2007-12-18,,ftd
BBG000F1ZSQ2,57636Q104,2007-12-17,,ftd
BBG000F2XXP2,829226109,2007-12-27,2023-05-31,ftd
BBG000F395V1,222070203,2013-06-17,,ftd
BBG000F4VS53,00763M108,2007-12-17,2009-02-26,ftd
BBG000F4W0M4,83001A102,2010-05-13,2024-07-01,ftd
BBG000F5VVB6,631103108,2007-12-17,,ftd
BBG000F5YH15,98156Q108,2008-02-28,2023-09-11,ftd
BBG000F61RJ8,00766T100,2007-06-27,,ftd
BBG000F64MM2,12642X106,2007-12-20,2016-05-18,ftd
BBG000F6H8W8,22160K105,2007-12-17,,ftd
BBG000F6ZWH2,253393102,2007-07-05,,ftd
BBG000F79GY5,81761L102,2019-09-25,,ftd
BBG000F7GST7,87240R107,2008-01-15,,ftd
BBG000F7RCJ1,00751Y106,2007-12-18,,ftd
BBG000F80SZ5,86732Y109,2013-06-03,2016-04-20,ftd
BBG000F86GP6,615369105,2007-12-17,,ftd
BBG000F9KJN4,750086100,2008-08-15,2016-11-02,ftd
BBG000FBK808,247916208,2007-12-18,2020-07-28,ftd
BBG000FBR384,073730103,2011-10-05,2014-04-30,ftd
BBG000FBRL11,69924R108,2014-11-25,2025-12-18,ftd
BBG000FBWYH0,74267C106,2007-12-28,2026-06-25,ftd
BBG000FC7366,570535104,2008-09-16,,ftd
BBG000FC9SM1,059692103,2007-11-21,2017-10-31,ftd
BBG000FDBX90,15189T107,2007-06-25,,ftd
BBG000FF9HX6,G87210103,2008-01-07,2016-01-21,ftd
BBG000FFC0B3,650111107,2007-12-17,,ftd
BBG000FFDM15,902973304,2007-12-20,,ftd
BBG000FFFQR6,92922P106,2007-12-20,,ftd
BBG000FFH4P5,34354P105,2007-12-19,,ftd
BBG000FG3C43,80004C101,2007-06-19,2016-05-11,ftd
BBG000FGMKY1,512815101,2008-01-02,2014-11-19,ftd
BBG000FGMKY1,512816109,2014-11-20,,ftd
BBG000FH8PX5,G0177J108,2015-06-15,2020-05-08,ftd
BBG000FHZ756,74153Q102,2007-12-31,2011-05-31,ftd
BBG000FJH8W0,410867105,2008-02-01,,ftd
BBG000FJJW82,038149100,2008-07-02,2008-12-03,ftd
BBG000FJLFX8,00817Y108,2007-06-25,2018-11-28,ftd
BBG000FJP263,017361106,2008-02-12,2011-02-25,ftd
BBG000FJRZ68,25271C102,2007-12-19,2020-04-24,ftd
BBG000FJWF20,29430C102,2023-10-03,,ftd
BBG000FKJRC5,518439104,2007-12-17,,ftd
BBG000FKMP26,007973100,2008-01-28,,ftd
BBG000FKYVH4,529771107,2007-12-17,2016-11-28,ftd
BBG000FL1TC8,25490A309,2012-08-28,2015-07-24,ftd
BBG000FLF615,G0692U109,2007-12-31,,ftd
BBG000FLPRH1,053774105,2008-01-04,,ftd
BBG000FLZN98,608190104,2007-12-17,,ftd
BBG000FNRZ69,42704L104,2016-07-05,,ftd
BBG000FP1N32,64120L104,2008-01-11,2008-03-27,ftd
BBG000FP1N32,64110D104,2008-03-28,,ftd
BBG000FPNN38,00404A109,2011-11-02,,ftd
BBG000FQ6PY6,177376100,2007-12-17,2022-09-29,ftd
BBG000FQ7YR4,538034109,2007-12-17,,ftd
BBG000FQRVM3,941848103,2007-12-18,,ftd
BBG000FRBSS9,929903102,2007-06-26,2008-12-05,ftd
BBG000FRJVJ4,35914P105,2007-12-21,2011-06-30,ftd
BBG000FRVFM1,717124101,2007-12-18,2011-12-15,ftd
BBG000FRVHB9,92276F100,2007-12-26,,ftd
BBG000FSMWC3,969904101,2007-12-17,,ftd
BBG000FTLBV7,462260100,2017-06-28,,ftd
BBG000FV1Z23,228227104,2008-01-14,2014-12-16,ftd
BBG000FV1Z23,22822V101,2014-12-17,,ftd
BBG000FV28W9,38526M106,2008-12-05,,ftd
BBG000FVQ185,867652406,2011-11-17,2024-08-15,ftd
BBG000FVQ434,451734107,2007-12-28,2016-07-12,ftd
BBG000FVXD63,75281A109,2007-07-09,,ftd
BBG000FXW512,714046109,2008-02-13,,ftd
BBG000FXYZF9,939322103,2007-06-19,2008-09-29,ftd
BBG000FY4S11,172967101,2007-12-17,2011-05-08,ftd
BBG000FY4S11,172967424,2011-05-09,,ftd
BBG000FYNMX8,971807102,2008-01-29,2011-05-13,ftd
BBG000G0PPW3,03232P405,2008-01-11,2016-12-01,ftd
BBG000G0Z878,416515104,2008-01-28,,ftd
BBG000G30YX4,015351109,2007-12-24,2021-07-20,ftd
BBG000G3QLY3,03076C106,2008-02-04,,ftd
BBG000G5H5S0,210371100,2007-12-20,2012-03-12,ftd
BBG000G6BN50,69840W108,2007-12-18,2017-07-17,ftd
BBG000G6Y5W4,579780206,2007-12-27,,ftd
BBG000G7CDN9,00790R104,2014-07-30,,ftd
BBG000G7PNS8,G9618E107,2008-09-16,,ftd
BBG000G7QX50,74051N102,2013-10-01,2025-11-24,ftd
BBG000G8M3Q5,908906100,2007-12-19,2008-11-03,ftd
BBG000G8N9C6,655664100,2007-12-20,2025-05-20,ftd
BBG000G9CGL0,G50871105,2012-01-18,,ftd
BBG000GC80B4,G2554F113,2011-03-21,2015-01-26,ftd
BBG000GHZSZ6,320517105,2007-12-17,,ftd
BBG000GJS7C1,64125C109,2007-12-17,,ftd
BBG000GLBN48,683399109,2008-01-07,2013-09-30,ftd
BBG000GMDMK8,371559105,2008-06-02,2019-12-27,ftd
BBG000GMGNB3,75524B104,2008-03-03,,ftd
BBG000GPXKX9,339041105,2010-12-20,2024-03-26,ftd
BBG000GPXKX9,219948106,2024-03-27,,ftd
BBG000GQ1G25,899896104,2007-12-31,2024-09-16,ftd
BBG000GQ7K93,388689101,2008-03-11,,ftd
BBG000GQGJT4,89469A104,2008-01-18,2026-02-10,ftd
BBG000GQJPZ0,594972408,2008-02-21,,ftd
BBG000GTYWL7,N72482107,2007-12-19,2017-01-25,ftd
BBG000GTYWL7,N72482123,2017-01-26,2024-01-31,ftd
BBG000GTYWL7,N72482149,2024-02-01,2025-01-29,ftd
BBG000GTYWL7,N72482206,2025-01-30,2026-01-08,ftd
BBG000GTYWL7,N72482156,2026-01-09,,ftd
BBG000GVTP33,G67742109,2008-07-08,2017-09-27,ftd
BBG000GX14P2,008073108,2008-01-22,,ftd
BBG000GXZ4W7,03662Q105,2008-02-08,2025-07-16,ftd
BBG000GYLKX3,832248108,2007-12-19,2013-09-26,ftd
BBG000GZD660,229678107,2007-12-27,2015-01-21,ftd
BBG000GZQ728,30231G102,2007-06-19,2026-07-02,ftd
BBG000H01H92,00164V103,2011-07-13,,ftd
BBG000H1RYG7,705573103,2008-06-09,,ftd
BBG000H28X05,71343P200,2008-03-06,2010-02-26,ftd
BBG000H3FZM6,858912108,2007-12-27,2024-11-01,ftd
BBG000H3GDJ8,488401100,2011-08-25,,ftd
BBG000H3YXF8,172908105,2007-12-27,,ftd
BBG000H4NW15,457153104,2008-01-09,2016-12-05,ftd
BBG000H4YVR7,58501N101,2007-12-18,2016-09-27,ftd
BBG000H50PN8,222862104,2008-01-14,2013-05-06,ftd
BBG000H556T9,438516106,2007-12-18,2026-06-15,ftd
BBG000H556T9,438516205,2026-06-16,2026-06-21,ftd
BBG000H556T9,438516106,2026-06-22,2026-06-30,ftd
BBG000H556T9,438516205,2026-07-01,2026-07-13,ftd
BBG000H556T9,438516106,2026-07-14,2026-07-15,ftd
BBG000H556T9,438516205,2026-07-16,,ftd
BBG000H6HNW3,90184L102,2013-11-12,2022-10-27,ftd
BBG000H6K1B0,70959W103,2007-12-19,,ftd
BBG000H89QJ6,88732J108,2007-12-17,2009-03-16,ftd
BBG000H89QJ6,88732J207,2009-03-17,2016-05-17,ftd
BBG000H8LGK2,58502B106,2009-01-02,,ftd
BBG000H8TVT2,87612E106,2007-12-18,,ftd
BBG000H9G7X2,002896207,2007-12-26,,ftd
BBG000HBFQP5,G3323L100,2010-06-30,,ftd
BBG000HCJMF9,744320102,2007-12-21,,ftd
BBG000HD3DW5,97650W108,2007-12-28,,ftd
BBG000HF28Q9,229663109,2011-09-19,,ftd
BBG000HG21Y3,67018T105,2008-03-03,,ftd
BBG000HGYNZ9,858119100,2007-12-18,,ftd
BBG000HHLBF9,92552V100,2008-03-18,,ftd
BBG000HNMMT6,460335201,2008-09-16,2019-10-17,ftd
BBG000HS77T5,92343V104,2007-06-20,,ftd
BBG000HXNN20,G0450A105,2007-12-19,,ftd
BBG000HZFZX3,52729N100,2007-06-19,2011-10-19,ftd
BBG000HZFZX3,52729N308,2011-10-20,2017-10-31,ftd
BBG000HZT3L2,29266M109,2007-12-21,2008-09-16,ftd
BBG000J094P3,76680R206,2013-10-04,,ftd
BBG000J0D904,089302103,2007-12-18,2024-09-06,ftd
BBG000J1QLT0,21036P108,2008-01-10,,ftd
BBG000J2XL74,718172109,2008-04-03,,ftd
BBG000J453J8,18451C109,2008-02-29,2019-05-01,ftd
BBG000J4L211,112463104,2007-12-17,,ftd
BBG000J5Q6L2,37247D106,2007-12-21,,ftd
BBG000J6XT05,30161N101,2007-06-28,,ftd
BBG000J7Q1L9,42330P107,2007-12-18,,ftd
BBG000J8CD72,008190100,2007-12-18,2010-02-05,ftd
BBG000JB27Y9,14170T101,2009-09-04,2015-03-16,ftd
BBG000JBN3X6,90341W108,2007-12-17,2013-12-06,ftd
BBG000JBSJZ4,31620R105,2007-06-19,2014-07-01,ftd
BBG000JCPGZ1,576485205,2012-02-07,,ftd
BBG000JD6TN5,859241101,2008-03-19,,ftd
BBG000JDN9K3,14964U108,2011-06-21,2018-07-05,ftd
BBG000JG0547,053015103,2007-06-20,,ftd
BBG000JGQ3K6,576206106,2007-12-17,2011-06-01,ftd
BBG000JH6683,462222100,2015-12-22,,ftd
BBG000JHRSB8,365558105,2008-02-13,2013-07-30,ftd
BBG000JKFQB8,966244105,2012-10-31,2017-04-11,ftd
BBG000JLC8L8,829073105,2007-12-17,,ftd
BBG000JN7HR4,49460W208,2007-12-18,2011-11-04,ftd
BBG000JN9BQ6,62913F201,2008-01-11,2014-09-24,ftd
BBG000JVJ8N7,720190206,2010-02-18,,ftd
BBG000JWD753,517834107,2007-12-17,,ftd
BBG000JXRXK2,845905108,2007-12-17,2009-06-08,ftd
BBG000JYP7L8,150870103,2007-12-19,,ftd
BBG000K008L5,378973507,2025-02-12,,ftd
BBG000K14Q84,481165108,2007-12-27,2017-04-05,ftd
BBG000K14TT5,G9456A100,2007-12-17,,ftd
BBG000K1T0M8,535919401,2016-12-12,2025-05-05,ftd
BBG000K1T9L0,29358P101,2007-12-27,,ftd
BBG000K1X873,832727101,2008-01-14,2009-06-08,ftd
BBG000K3BC83,536797103,2007-12-20,,ftd
BBG000K3T8L8,391164100,2008-02-26,2018-06-04,ftd
BBG000K4ND22,166764100,2007-06-22,,ftd
BBG000K7PWX7,45666Q102,2008-01-11,2015-08-06,ftd
BBG000K88H58,302941109,2007-12-19,,ftd
BBG000KBQZ88,148887102,2012-07-11,2015-08-02,ftd
BBG000KCZPC3,462846106,2008-01-11,2015-01-21,ftd
BBG000KCZPC3,46284V101,2015-01-22,,ftd
BBG000KHWT55,40434L105,2015-11-05,,ftd
BBG000KJP3V7,138098108,2008-04-18,2021-06-01,ftd
BBG000KKVD81,526057302,2008-02-13,,ftd
BBG000KLB4Q1,83088M102,2008-01-09,,ftd
BBG000KQY8Y7,127190304,2008-03-31,,ftd
BBG000KZCJJ4,G0129K104,2008-02-29,2020-03-27,ftd
BBG000L0R4R8,918194101,2008-01-14,2017-09-11,ftd
BBG000L2Q7C4,G5315B107,2013-02-04,2019-01-01,ftd
BBG000L2Q7C4,500688106,2019-01-02,,ftd
BBG000L4M7F1,761152107,2007-12-17,,ftd
BBG000L5CJF3,983793100,2011-09-02,,ftd
BBG000L8CBX4,893641100,2007-12-21,,ftd
BBG000L8QT60,004764106,2008-01-25,2013-03-28,ftd
BBG000L9CV04,911312106,2007-12-21,,ftd
BBG000LC1FS4,01741R102,2008-01-08,,ftd
BBG000LD9JQ8,983134107,2008-01-02,,ftd
BBG000LJQ3H1,55405Y100,2012-03-21,,ftd
BBG000LR8515,79546E104,2007-12-17,,ftd
BBG000LV0836,45841N107,2008-01-11,,ftd
BBG000M1J270,85571B105,2009-08-18,,ftd
BBG000M1R011,81762P102,2012-07-09,,ftd
BBG000M34GG1,55608B105,2007-06-26,2022-07-20,ftd
BBG000M44VW8,690742101,2007-12-17,,ftd
BBG000M65M61,910047109,2010-10-01,,ftd
BBG000M6TR37,82669G104,2008-02-05,2026-08-25,ftd
BBG000M9KP89,024835100,2008-01-14,2022-08-09,ftd
BBG000MBDGM6,29444U502,2007-12-21,2015-01-26,ftd
BBG000MBDGM6,29444U700,2015-01-27,,ftd
BBG000MBHNC8,60855R100,2007-12-17,,ftd
BBG000MBPVL1,14055X102,2007-12-17,2014-04-07,ftd
BBG000MDCQC2,03073E105,2007-12-24,,ftd
BBG000MG3Y65,90187B101,2009-11-09,2017-11-02,ftd
BBG000MG3Y65,90187B408,2017-11-03,2022-11-02,ftd
BBG000MHTV89,29414B104,2012-02-13,,ftd
BBG000MJRJJ2,44267D107,2010-11-12,2023-08-11,ftd
BBG000MM2P62,30303M102,2012-05-21,,ftd
BBG000MM5VL9,G4412G101,2007-12-26,,ftd
BBG000MQ1SN9,23918K108,2008-01-10,,ftd
BBG000MRMY60,58405U102,2008-01-18,2012-03-30,ftd
BBG000MTPB18,G20045202,2007-12-24,2020-10-12,ftd
BBG000MW0PF2,125581108,2007-12-17,2009-12-16,ftd
BBG000MYZDJ3,86800U104,2008-03-11,2024-10-01,ftd
BBG000MYZDJ3,86800U302,2024-10-02,,ftd
BBG000MZFMS2,795435106,2007-12-18,2015-03-31,ftd
BBG000N2HDY5,040413106,2014-06-12,2024-12-04,ftd
BBG000N2HDY5,040413205,2024-12-05,,ftd
BBG000N49069,68375N103,2007-12-17,,ftd
BBG000N625H8,356390104,2017-09-29,,ftd
BBG000N746D6,269246104,2007-12-17,2010-06-01,ftd
BBG000N746D6,269246401,2010-06-02,2020-10-01,ftd
BBG000N7CH25,G94368100,2009-08-24,2013-09-30,ftd
BBG000N7KBZ3,093712107,2018-07-26,,ftd
BBG000N7KJX8,256163106,2018-05-01,,ftd
BBG000N7MXL8,29786A106,2015-04-21,,ftd
BBG000N7MYP2,36112J107,2011-09-23,2014-07-22,ftd
BBG000N7MZ06,443573100,2014-10-15,,ftd
BBG000N7QR55,69608A108,2020-10-02,,ftd
BBG000N8Y8W6,H01531104,2010-12-01,2017-07-27,ftd
BBG000N9MNX3,88160R101,2010-07-08,,ftd
BBG000NC8DB8,29078E105,2008-01-24,2009-06-30,ftd
BBG000NDV1D4,872590104,2013-05-01,,ftd
BBG000NDYB67,370442105,2007-12-17,2010-11-22,ftd
BBG000NDYB67,37045V100,2010-11-23,,ftd
BBG000NDZ417,726505100,2007-06-19,2013-05-30,ftd
BBG000NQF3Z5,84615Q103,2026-06-15,,ftd
BBG000NS03H7,553573106,2015-10-06,2021-07-08,ftd
BBG000NS26Q8,447011107,2007-12-20,,ftd
BBG000NS3P30,302081104,2007-12-17,,ftd
BBG000NSCNT7,74251V102,2007-12-19,,ftd
BBG000NV1KK7,256677105,2009-11-20,,ftd
BBG000NVSBL7,670002401,2019-05-10,,ftd
BBG000NY37X4,15118V207,2009-12-30,,ftd
BBG000P1F8Q7,441060100,2008-01-02,2015-09-02,ftd
BBG000P1K2X6,16115Q308,2008-05-28,2026-07-15,ftd
BBG000P28YZ6,48242W106,2008-01-09,,ftd
BBG000P2GPN9,G3643J108,2024-01-30,,ftd
BBG000P2TYL8,50212V100,2012-06-20,,ftd
BBG000P458P3,25754A201,2007-12-20,,ftd
BBG000P4BQM9,84763R101,2010-06-17,2018-07-16,ftd
BBG000P5LMQ0,78709Y105,2008-09-16,,ftd
BBG000PB7F79,261608103,2007-12-21,2015-06-30,ftd
BBG000PCNTM2,85571Q102,2013-01-17,2016-12-08,ftd
BBG000PCQQL6,74915M100,2018-04-10,2025-02-21,ftd
BBG000PD6X77,04010L103,2007-07-05,,ftd
BBG000PFLGY2,16934Q109,2007-12-26,2015-04-07,ftd
BBG000PFLGY2,16934Q208,2015-04-08,,ftd
BBG000PHV438,44951W106,2016-05-25,,ftd
BBG000PJ88D0,384313102,2007-12-27,2015-08-14,ftd
BBG000PLXQQ3,87264S106,2008-01-18,2015-05-14,ftd
BBG000PN1SJ8,25960P109,2007-12-19,,ftd
BBG000PPFKQ7,11133T103,2008-02-05,,ftd
BBG000PQ4W72,368736104,2010-02-17,,ftd
BBG000PQ6YJ3,812350106,2007-12-17,2018-10-23,ftd
BBG000PQPCM6,06652K103,2011-02-04,,ftd
BBG000PRJ2Z9,848574109,2008-01-11,2025-12-05,ftd
BBG000PRJCX9,42226K105,2022-07-22,,ftd
BBG000PRTQ30,09063H107,2007-12-17,2016-01-27,ftd
BBG000PSJMV7,882681109,2007-12-21,,ftd
BBG000PSKYX7,92826C839,2008-03-25,,ftd
BBG000PSSG77,451663108,2007-12-17,2009-06-08,ftd
BBG000PTLGZ1,521865204,2009-11-24,,ftd
BBG000PTXBV3,41902R103,2008-04-30,2016-07-11,ftd
BBG000PV27K3,30225T102,2007-07-02,,ftd
BBG000PV2L86,98310W108,2007-12-17,2021-02-18,ftd
BBG000PV2L86,894164102,2021-02-19,,ftd
BBG000PW5VX1,03674X106,2013-10-15,,ftd
BBG000PX3XC0,966387409,2017-11-09,2020-09-01,ftd
BBG000PXDL44,501889208,2007-12-20,,ftd
BBG000PXGT62,88023U101,2007-12-18,,ftd
BBG000PXZFW2,960413102,2007-12-21,,ftd
BBG000PYLK81,067511105,2007-12-17,2010-03-11,ftd
BBG000PYZSR8,16117M305,2010-01-26,2016-05-18,ftd
BBG000Q02P20,60935Y109,2007-12-17,2011-11-14,ftd
BBG000Q0BPZ4,125581801,2009-12-15,2022-01-05,ftd
BBG000Q0FH88,64126X201,2007-12-18,2017-08-07,ftd
BBG000Q0SZJ2,54142L109,2009-07-07,2020-08-28,ftd
BBG000Q1GK24,208464883,2007-12-17,,ftd
BBG000Q1KFH4,957638109,2007-12-17,,ftd
BBG000Q1R1Y9,08579W103,2012-10-10,2025-04-29,ftd
BBG000Q2HM09,985817105,2012-03-07,,ftd
BBG000Q3JN03,7591EP100,2007-12-17,,ftd
BBG000Q5C256,26153C103,2008-02-06,2016-08-22,ftd
BBG000Q5RW63,66704R100,2007-12-17,2014-07-01,ftd
BBG000Q5ZRM7,253868103,2007-06-29,,ftd
BBG000Q7D769,233153204,2014-11-18,2018-08-21,ftd
BBG000Q814S3,521863308,2007-12-20,2014-03-13,ftd
BBG000Q9HH23,53578A108,2011-05-24,2016-12-07,ftd
BBG000QBR5J5,254709108,2007-07-03,2025-05-16,ftd
BBG000QBY9Q1,032359309,2007-12-24,2018-11-28,ftd
BBG000QC4T33,444097109,2010-07-06,,ftd
BBG000QCCGH7,198287203,2013-10-16,2021-12-07,ftd
BBG000QCHWC2,G06973112,2023-08-15,,ftd
BBG000QDBSK6,64118Q107,2007-12-26,2016-11-04,ftd
BBG000QDST26,465685105,2008-08-07,2016-10-13,ftd
BBG000QDVR53,17243V102,2007-12-18,,ftd
BBG000QF05R6,03064D108,2018-01-23,,ftd
BBG000QF18M4,834376501,2008-03-05,2012-07-02,ftd
BBG000QFJ7H3,674215108,2010-06-22,2020-01-02,ftd
BBG000QFJJW0,06417N103,2018-07-16,,ftd
BBG000QGWY50,09609G100,2013-06-24,2025-05-30,ftd
BBG000QH56C1,12503M108,2010-06-23,,ftd
BBG000QHV8S1,12662P108,2007-12-26,,ftd
BBG000QN4GY3,75605Y106,2012-10-12,2022-06-08,ftd
BBG000QQFVK6,76131V202,2012-04-11,2021-10-21,ftd
BBG000QRFNK2,92342Y109,2007-12-17,2018-08-17,ftd
BBG000QRKJ70,399473107,2011-11-07,,ftd
BBG000QS6NV8,558868105,2016-07-25,,ftd
BBG000QS8XF2,G9319H102,2007-12-26,2018-07-17,ftd
BBG000QTF8K1,252131107,2007-12-24,,ftd
BBG000QW7VC1,40412C101,2011-03-14,,ftd
BBG000QW8XR0,94770V102,2007-06-19,2017-09-15,ftd
BBG000QX74T1,169656105,2007-12-17,,ftd
BBG000QY3XZ2,30212P105,2007-06-20,2011-12-20,ftd
BBG000QY3XZ2,30212P303,2011-12-21,,ftd
BBG000QY4ZD0,00847X104,2013-07-29,,ftd
BBG000R06BX2,N63218106,2011-01-31,2015-08-28,ftd
BBG000R0L5J4,88076W103,2007-12-17,,ftd
BBG000R23VW8,45772F107,2010-11-16,2021-04-20,ftd
BBG000R2YFG7,099502106,2010-11-23,,ftd
BBG000R33BD1,75615P103,2016-05-27,2023-09-25,ftd
BBG000R33RF4,756207106,2013-05-23,2015-08-27,ftd
BBG000R3BYX0,121208201,2008-01-08,2010-10-19,ftd
BBG000R3NPZ4,00912X302,2011-04-26,2026-04-07,ftd
BBG000R4R715,881569107,2012-07-06,2019-01-18,ftd
BBG000R4Y9C1,05338G106,2018-06-19,2022-10-18,ftd
BBG000R57L13,768573107,2007-06-20,2015-04-24,ftd
BBG000R5HWZ1,00434H108,2013-09-24,2021-11-19,ftd
BBG000R7RDB4,20605P101,2007-08-08,2021-01-15,ftd
BBG000R7SPX2,83416B109,2009-05-26,2016-02-04,ftd
BBG000R7XX87,45784P101,2008-01-25,,ftd
BBG000R7Z112,247361702,2007-12-27,,ftd
BBG000R8ZVD1,550021109,2007-12-17,,ftd
BBG000RD8M04,85423L103,2024-10-03,,ftd
BBG000RFD341,667280408,2007-12-17,2008-10-30,ftd
BBG000RJ2J04,78467J100,2010-04-14,,ftd
BBG000RKR4R8,80007P307,2007-12-17,,ftd
BBG000RQ2GY7,743424103,2012-04-25,2021-08-30,ftd
BBG000RQBFV2,G3922B107,2007-12-18,,ftd
BBG000RQW961,811065101,2008-07-07,2018-03-06,ftd
BBG000RTDY25,55354G100,2007-12-17,,ftd
BBG000RVZC33,26613Q106,2007-12-27,2017-09-13,ftd
BBG000T8ZF80,74164M108,2010-04-06,,ftd
BBG000TDCVT6,00165C104,2013-12-23,2023-08-24,ftd
BBG000TDCVT6,00165C302,2023-08-25,,ftd
BBG000TGLV00,278768106,2008-01-08,,ftd
BBG000TJ8XZ7,02503X105,2008-06-26,2016-10-03,ftd
BBG000TJ8XZ7,00123Q104,2016-10-04,,ftd
BBG000TJM7F0,49271V100,2018-07-11,,ftd
BBG000TRJ294,030420103,2008-04-28,,ftd
BBG000TVRB50,52603B107,2015-01-08,,ftd
BBG000TWC2V5,582839106,2009-02-20,2017-06-14,ftd
BBG000V1Y6Q3,46121Y102,2008-04-25,,ftd
BBG000V31J96,131347304,2008-02-11,2018-03-08,ftd
BBG000V78V75,318522307,2007-12-26,2010-06-03,ftd
BBG000V78V75,31847R102,2010-06-04,,ftd
BBG000VBZJB8,52602E102,2008-07-09,2014-01-02,ftd
BBG000VC0FC1,46269C102,2009-10-01,,ftd
BBG000VC0T95,98138H101,2012-10-17,,ftd
BBG000VCQPM0,58471A105,2009-07-02,2019-10-28,ftd
BBG000VD6768,98986T108,2011-12-21,2022-05-20,ftd
BBG000VMWHH5,25470F302,2008-09-24,2022-04-08,ftd
BBG000VPGNR2,16119P108,2016-05-18,,ftd
BBG000VZHLL9,48238T109,2009-12-16,,ftd
BBG000W4G3B9,N7902X106,2010-04-26,2018-03-28,ftd
BBG000WCFV84,N53745100,2010-05-06,,ftd
BBG000WCRGZ4,35804H106,2010-11-10,2016-04-27,ftd
BBG0014FFY08,G46188101,2019-05-09,2023-10-05,ftd
BBG0014GG205,698354107,2011-06-20,2019-01-31,ftd
BBG0014GJCT9,697435105,2012-07-26,,ftd
BBG0014XR0N5,163092109,2013-11-15,,ftd
BBG0015XMW40,87612G101,2010-12-14,,ftd
BBG001636CR2,33829M101,2012-07-20,,ftd
BBG0016T3GQ0,92839U206,2010-10-05,,ftd
BBG0016WLQ18,36191G107,2011-04-06,2020-06-29,ftd
BBG0017T9998,127686103,2012-02-13,2020-07-30,ftd
BBG0018SLC07,852234103,2015-11-24,,ftd
BBG0018SLDN0,26210C104,2018-03-27,,ftd
BBG0018YXYX7,74587V107,2012-04-25,,ftd
BBG0019JZ882,49456B101,2011-02-16,,ftd
BBG0019LSQ49,33616C100,2010-12-14,2026-08-10,ftd
BBG0019T5SG0,87918A105,2015-07-08,,ftd
BBG0019V9M65,875372203,2017-10-12,,ftd
BBG001B17MV2,94419L101,2014-10-07,,ftd
BBG001B4BV87,34964C106,2011-10-07,,ftd
BBG001BP92V1,70975L107,2015-09-23,,ftd
BBG001BP9474,29285W104,2012-07-23,2015-02-27,ftd
BBG001BPFT54,83416T100,2013-01-16,2016-11-18,ftd
BBG001BPKGT0,584021109,2019-07-19,2021-10-28,ftd
BBG001BWP4C5,52466B103,2021-07-02,,ftd
BBG001C7PM75,40171V100,2012-01-30,,ftd
BBG001C7TST4,848637104,2012-06-25,2024-03-15,ftd
BBG001CGB489,922475108,2013-10-21,,ftd
BBG001D0HB36,358039105,2014-11-12,,ftd
BBG001D8R5D0,98419M100,2011-11-02,,ftd
BBG001D8R8J8,30162A108,2011-11-03,2015-05-28,ftd
BBG001D9S707,26817G102,2007-12-18,2010-05-25,ftd
BBG001DCCGR8,56585A102,2011-07-06,,ftd
BBG001HRFJG4,98936J101,2014-05-20,2022-11-21,ftd
BBG001J1BQ86,632307104,2015-07-09,,ftd
BBG001J1C1L5,G3727Q101,2011-06-02,2015-12-07,ftd
BBG001J1QN87,45845P108,2012-10-16,2023-11-07,ftd
BBG001J2PFF5,00650F109,2019-07-01,,ftd
BBG001J2R5H3,57164Y107,2011-11-23,,ftd
BBG001J4BCN4,22266L106,2016-10-12,2023-02-27,ftd
BBG001J4J8T9,92339V100,2015-07-31,2020-12-20,ftd
BBG001J4J8T9,92339V308,2020-12-21,2021-10-29,ftd
BBG001KFKQM7,85208M102,2013-08-07,,ftd
BBG001KHJM17,338307101,2014-04-11,,ftd
BBG001KJ2HM9,446413106,2011-04-05,,ftd
BBG001KS9450,90214J101,2014-05-15,2024-06-12,ftd
BBG001KWG293,400110102,2014-04-09,2021-06-15,ftd
BBG001KY3845,01973R101,2012-03-20,,ftd
BBG001KY4N87,03852U106,2013-12-16,,ftd
BBG001LFLZZ1,11120U105,2013-11-04,,ftd
BBG001LRKS55,03768E105,2019-09-09,2021-12-31,ftd
BBG001LWHLJ8,38268T103,2014-07-01,,ftd
BBG001M6CZY1,04316A108,2013-03-12,,ftd
BBG001M8HHB7,896945201,2011-12-21,,ftd
BBG001NDW1Z7,67059N108,2016-10-05,,ftd
BBG001NFKJ68,64829B100,2014-12-17,2023-11-07,ftd
BBG001NY45K9,98212B103,2012-01-05,2021-01-06,ftd
BBG001P3K000,265504100,2011-07-28,2020-12-14,ftd
BBG001P63B80,12514G108,2013-07-09,,ftd
BBG001PJFKH9,63861C109,2012-03-19,2018-07-30,ftd
BBG001QD41M9,G6095L109,2017-12-06,2024-12-18,ftd
BBG001R1GCT0,771049103,2021-03-12,,ftd
BBG001R3MNY9,29355A107,2012-06-14,,ftd
BBG001R72SR9,90353W103,2019-08-20,,ftd
BBG001RWPDW6,90400D108,2014-02-05,,ftd
BBG001V4SF46,04271T100,2020-10-19,,ftd
BBG001WMKHH5,18915M107,2019-09-17,,ftd
BBG001WTBC36,737446104,2012-02-09,,ftd
BBG001Y2XS07,009066101,2020-12-11,,ftd
BBG001YKDND6,52603A109,2014-12-15,,ftd
BBG001YMS0B8,50076Q106,2012-10-04,2015-07-02,ftd
BBG001YV1SM4,679295105,2017-04-12,,ftd
BBG001Z0Q6T5,626755102,2013-09-05,,ftd
BBG001Z7M393,989774104,2013-11-20,2015-09-30,ftd
BBG001ZZPQJ6,77543R102,2017-09-29,,ftd
BBG00209SZJ7,457730109,2018-05-07,,ftd
BBG0020B4JG7,31816Q101,2013-09-25,2021-10-06,ftd
BBG0020B4JG7,562662106,2021-10-07,2022-09-09,ftd
BBG00212PVZ5,74624M102,2015-10-13,,ftd
BBG002293PJ4,74967X103,2017-01-04,,ftd
BBG0022FDRY8,60937P106,2017-10-23,,ftd
BBG0022FMPD5,29978A104,2016-09-21,2024-07-01,ftd
BBG00255V2N4,142152107,2025-06-20,,ftd
BBG002583CV8,72352L106,2019-04-23,,ftd
BBG0025X16Y5,78667J108,2014-07-23,2025-07-30,ftd
BBG0025XVR85,86771W105,2015-08-10,,ftd
BBG0025Y4RY4,00287Y109,2013-01-02,,ftd
BBG0025YWQ66,33812L102,2015-06-23,2021-01-13,ftd
BBG00265T6Q4,862121100,2014-11-24,2023-02-02,ftd
BBG0026ZFZC4,46116X101,2014-02-03,2025-04-01,ftd
BBG0026ZJ304,74275K108,2021-05-21,,ftd
BBG0026ZJQX7,26622P107,2021-06-28,,ftd
BBG0027Y18M0,981558109,2018-01-16,2019-07-30,ftd
BBG0027Z6X10,84860W102,2013-07-18,2018-12-16,ftd
BBG0027Z6X10,84860W300,2018-12-17,2024-01-22,ftd
BBG002832GV8,69318G106,2012-12-18,,ftd
BBG00286S4N9,718546104,2012-05-02,,ftd
BBG0028ZMP45,29605J106,2022-04-07,,ftd
BBG0029BK2G7,87336U105,2013-05-22,2019-07-31,ftd
BBG0029SNR63,G1890L107,2019-01-02,,ftd
BBG0029ZX840,90138F102,2016-06-28,,ftd
BBG002B04MT8,90353T100,2019-05-13,,ftd
BBG002B67HB2,91325V108,2017-02-27,2025-08-04,ftd
BBG002BHBHM1,G5785G107,2013-07-05,2020-10-12,ftd
BBG002DZS299,03272L108,2018-10-16,2022-06-21,ftd
BBG002N8HMW0,292104106,2013-10-04,,ftd
BBG002PHSYX9,25278X109,2012-10-17,,ftd
BBG002PQMF02,812362101,2012-10-15,2019-10-23,ftd
BBG002Q7J5Z1,89400J107,2015-06-29,,ftd
BBG002R1CW27,G4776G101,2007-06-21,2009-06-30,ftd
BBG002R1CW27,G47791101,2009-07-01,2020-03-03,ftd
BBG002R1CW27,45687V106,2020-03-04,,ftd
BBG002R1JYY1,03044L105,2020-09-21,,ftd
BBG002S5ZRF9,M85548101,2012-12-03,,ftd
BBG002V098F7,62482R107,2018-10-11,2025-09-30,ftd
BBG002V87SD0,379577208,2012-08-08,,ftd
BBG002W96FT9,38259P706,2014-04-04,2015-10-12,ftd
BBG002WMH2F2,88087E100,2020-10-05,2022-10-11,ftd
BBG002ZM63J5,98919V105,2014-10-22,2020-03-06,ftd
BBG0033377Y3,40416M105,2013-07-05,2020-12-23,ftd
BBG003338H34,98980G102,2018-03-20,,ftd
BBG00333FYS2,46266C105,2017-11-16,,ftd
BBG00341H6M0,37890U108,2015-08-17,2022-10-04,ftd
BBG003444577,121220107,2012-06-25,2014-12-12,ftd
BBG0035LY913,65249B109,2013-07-03,,ftd
BBG0035M2ZB7,65249B208,2013-07-05,,ftd
BBG003641015,00101J106,2012-09-26,2016-04-29,ftd
BBG0038K9G41,53071M880,2012-08-21,2017-04-09,ftd
BBG0038K9G41,53071M856,2017-04-10,2018-03-09,ftd
BBG0038V5TX1,23283R100,2013-01-25,2022-03-24,ftd
BBG0039320N9,98978V103,2013-02-06,,ftd
BBG003BW05K6,808625107,2013-10-02,,ftd
BBG003CVJP50,08862E109,2019-05-03,,ftd
BBG003CVMLQ2,513272104,2016-11-14,,ftd
BBG003D4V951,26603R106,2021-07-29,,ftd
BBG003DNHV56,92047W101,2016-09-28,,ftd
BBG003FHPBQ9,29413U103,2013-08-21,2016-12-01,ftd
BBG003LFWP05,109194100,2013-01-30,,ftd
BBG003MSMCS6,36467J108,2013-11-06,,ftd
BBG003NJHZT9,23804L103,2019-09-23,,ftd
BBG003NXJNH6,02665T306,2013-08-06,,ftd
BBG003P9ZSL3,531229102,2013-01-17,2016-04-18,ftd
BBG003PGJHP5,87724P106,2013-04-15,2026-07-23,ftd
BBG003PHHZT1,60770K107,2018-12-10,,ftd
BBG003PS7JV1,G0176J109,2013-12-04,,ftd
BBG003QPR8Z4,72348P104,2013-04-12,2018-10-25,ftd
BBG003RY97K2,81282V100,2013-04-24,,ftd
BBG003S44SC5,896047503,2013-01-09,2019-09-18,ftd
BBG003T1GM03,64828T201,2014-10-20,,ftd
BBG003T4VFC2,L8681T102,2018-04-05,,ftd
BBG0042V6JM8,98980L101,2019-04-23,,ftd
BBG0043BYPB8,69553P100,2019-04-15,,ftd
BBG0046LJYT2,32051X108,2016-08-09,,ftd
BBG004DF9V32,047477104,2013-08-08,2014-11-12,ftd
BBG004F0HL81,12646R105,2013-05-03,2017-06-27,ftd
BBG004KGNV81,020398707,2025-07-08,,ftd
BBG004LTL7L2,20337X109,2013-10-30,,ftd
BBG004M25Z09,818097107,2014-07-03,2016-05-16,ftd
BBG004M8M6J1,49926D109,2014-03-04,,ftd
BBG004M9ZHX5,55087P104,2019-04-02,,ftd
BBG004MB82R0,76169C100,2013-07-25,,ftd
BBG004MN1R41,63938C108,2014-05-05,,ftd
BBG004NLQHL0,31188V100,2019-05-21,,ftd
BBG004P33PN3,18539C105,2018-09-17,2026-04-30,ftd
BBG004S5X3Y9,85207U105,2013-07-11,2020-03-31,ftd
BBG004S641N5,122017106,2013-10-07,,ftd
BBG004S69ZX4,69007J106,2014-11-21,,ftd
BBG004SK5VL9,30260D103,2021-06-01,,ftd
BBG004T0YC41,80283M101,2014-01-28,2022-01-28,ftd
BBG004TPGBP5,60468T105,2013-07-17,2024-01-22,ftd
BBG004YZ9G29,G93A5A101,2024-05-03,,ftd
BBG005485Y51,69355F102,2020-02-10,2021-12-07,ftd
BBG005497GZ3,68268W103,2015-11-27,,ftd
BBG0055XMF02,30224P200,2013-11-21,2021-06-15,ftd
BBG00564Y443,L44385109,2014-07-24,,ftd
BBG0056JW5G6,91332U101,2020-09-22,,ftd
BBG0057K5Y79,268785102,2015-04-15,2020-10-05,ftd
BBG0057SF1Z2,887399103,2014-07-02,,ftd
BBG0058KMH30,43300A104,2013-12-17,2016-12-22,ftd
BBG0058KMH30,43300A203,2016-12-23,,ftd
BBG0059FN811,49338L103,2014-11-05,,ftd
BBG0059JSF49,N20944109,2013-09-30,,ftd
BBG0059KNH10,15912K100,2019-07-01,2022-09-30,ftd
BBG005BLN209,67011P100,2014-06-03,,ftd
BBG005C4XHR3,28618M106,2019-02-01,,ftd
BBG005CM7J89,M98068105,2013-11-12,,ftd
BBG005CPNTQ2,500754106,2015-07-06,,ftd
BBG005CPNTS0,59408Q106,2014-07-02,2021-04-14,ftd
BBG005D7PF34,15677J108,2018-04-30,2026-02-03,ftd
BBG005D7QCJ3,25809K105,2020-12-11,,ftd
BBG005DKMJ67,531465102,2014-08-29,2025-04-30,ftd
BBG005DX1RC7,98386P102,2026-04-27,,ftd
BBG005H82GB2,163851108,2015-07-06,,ftd
BBG005K1D4S0,75734B100,2024-03-25,,ftd
BBG005KSWVW5,74978Q105,2014-01-23,2018-07-18,ftd
BBG005NTYL78,48205A109,2014-12-24,2018-03-05,ftd
BBG005P7Q881,02376R102,2013-12-09,,ftd
BBG005PCN2G7,66705Y104,2014-07-02,2017-01-10,ftd
BBG005PG80K4,92242T101,2014-10-01,,ftd
BBG005PWSVQ3,939647103,2014-05-30,2015-01-19,ftd
BBG005PWSVQ3,92939N102,2015-01-20,2016-08-31,ftd
BBG005Q2KYS8,762760106,2014-01-30,2017-11-10,ftd
BBG005SSN7D1,44970B109,2014-04-08,2016-09-30,ftd
BBG005SW6TK5,531229300,2014-07-28,2016-04-18,ftd
BBG005WQVVH4,78573M104,2014-04-23,,ftd
BBG005XR47P5,148806102,2014-08-05,2024-12-17,ftd
BBG005XVML66,75508B104,2014-07-03,,ftd
BBG005XVXML5,82489T104,2019-03-11,2024-05-30,ftd
BBG005XZHR97,923454102,2014-07-07,2023-11-29,ftd
BBG0060CPLJ5,G0750C108,2014-11-18,,ftd
BBG0060HN0R3,G5258J109,2014-04-02,2016-02-22,ftd
BBG00629NGT2,88339J105,2016-09-26,,ftd
BBG006473QX9,03784Y200,2015-05-21,,ftd
BBG0064N0ZZ5,70432V102,2014-04-16,,ftd
BBG0064N2T78,928254101,2015-04-21,,ftd
BBG00658F3P3,87165B103,2014-08-05,,ftd
BBG006598YS8,70438V106,2014-03-24,,ftd
BBG0065B7K59,58506Q109,2016-08-16,,ftd
BBG00688QWF5,07177M103,2015-07-02,2016-06-02,ftd
BBG0068KVV91,03990B101,2018-11-27,,ftd
BBG0069FL5L5,58605Q109,2014-06-18,2016-09-15,ftd
BBG006B6PVN9,12508E101,2014-10-03,2022-07-05,ftd
BBG006BFYZP8,701877102,2014-05-28,2021-01-12,ftd
BBG006D97VY9,40131M109,2018-10-09,,ftd
BBG006F8QZK4,928377100,2015-02-13,2024-11-26,ftd
BBG006FCB019,29266R108,2007-12-17,2015-07-08,ftd
BBG006FCB019,29272W109,2015-07-09,,ftd
BBG006G063F9,G47567105,2016-07-13,2022-02-25,ftd
BBG006G57XG0,927959106,2023-11-13,2025-08-19,ftd
BBG006GNRZ83,530307107,2014-11-07,2026-08-19,ftd
BBG006GNSZW5,530307305,2014-11-07,2026-08-19,ftd
BBG006HFPX77,03831W108,2021-04-19,,ftd
BBG006KY8KV2,88104R100,2014-07-23,2017-10-17,ftd
BBG006LGV869,92686J106,2015-05-05,,ftd
BBG006LYGNL7,L0223L101,2017-03-20,2021-10-16,ftd
BBG006MDLY05,380237107,2015-04-07,,ftd
BBG006MG2D41,482539103,2014-12-18,2018-10-08,ftd
BBG006N7RYV7,31620R402,2014-07-01,2017-11-21,ftd
BBG006N7S6K9,31620R303,2014-07-01,,ftd
BBG006PWZX16,M6191J100,2020-09-18,,ftd
BBG006Q0HY77,174610105,2014-09-26,,ftd
BBG006Q53H50,91843L103,2014-10-07,2017-11-21,ftd
BBG006QRCDZ8,66704R704,2014-07-02,2015-11-02,ftd
BBG006QRCDZ8,66704R803,2015-11-03,2017-01-10,ftd
BBG006XVD9G0,36473H104,2015-07-01,2019-11-20,ftd
BBG007387YL8,69354M108,2014-11-18,2021-06-30,ftd
BBG0073F9RT7,55024U109,2015-08-05,,ftd
BBG0073X4TB8,539183103,2019-07-29,2020-10-29,ftd
BBG00741Y1N2,76954A103,2021-11-12,,ftd
BBG0074B4RJ1,30227M105,2016-10-17,2020-06-24,ftd
BBG0074Q3NK6,12769G100,2020-07-21,,ftd
BBG0076WG2V1,76131D103,2014-12-17,,ftd
BBG0077VNXV6,70450Y103,2015-07-20,,ftd
BBG0077VS2C0,89055F103,2015-07-02,2026-06-30,ftd
BBG0077WYXF0,198280109,2015-07-06,2016-06-30,ftd
BBG0078W3NQ3,42824C109,2015-11-04,,ftd
BBG0078Y1D92,87166B102,2018-01-08,2023-09-27,ftd
BBG007DHGNJ4,833445109,2020-09-21,,ftd
BBG007FG0C23,55825T103,2015-10-05,,ftd
BBG007FH8JX4,29415B103,2022-01-03,2024-10-03,ftd
BBG007FL7ZD2,78469X107,2015-09-29,2022-04-04,ftd
BBG007G7V505,83088V102,2019-06-24,2021-07-20,ftd
BBG007GJ2F81,339750101,2017-05-02,,ftd
BBG007H0TDK3,05614L100,2015-07-06,,ftd
BBG007HWGYQ5,20717M103,2021-06-25,2026-03-16,ftd
BBG007KGRPY4,03753U106,2017-11-13,2026-05-13,ftd
BBG007N72M93,903731107,2024-04-15,,ftd
BBG007PZ2T21,418100103,2021-12-13,2025-02-26,ftd
BBG007R7VNC1,K08588103,2026-04-21,,ftd
BBG007STW2B8,G76279101,2021-10-01,,ftd
BBG007SV7NV3,09214X100,2015-05-27,2017-09-29,ftd
BBG007TJF1N7,74736K101,2015-01-02,,ftd
BBG007TJX8V3,45781D101,2015-02-18,2021-11-23,ftd
BBG007WX14X0,88025U109,2019-09-16,,ftd
BBG0081JXTR0,949090104,2017-03-07,2022-07-28,ftd
BBG0081VHTP3,G4863A108,2015-04-07,,ftd
BBG00829F4P8,76155X100,2020-02-18,,ftd
BBG00835TPZ2,65290E101,2023-02-13,,ftd
BBG008417VN4,637870106,2015-04-28,2026-07-21,ftd
BBG0084BBZY6,83417M104,2015-04-01,,ftd
BBG00873RM91,66706L101,2015-11-03,2019-09-27,ftd
BBG0088CYPX8,G6518L108,2015-09-03,2022-10-11,ftd
BBG008D32605,781154109,2024-04-29,,ftd
BBG008FCJZ83,G84720104,2015-11-03,2019-03-27,ftd
BBG008G5SGL4,141624106,2015-08-20,2017-08-16,ftd
BBG008GC8CP6,03783C100,2015-06-30,,ftd
BBG008LJ4TF3,18539C204,2018-09-17,,ftd
BBG008LZG0Z5,83601L102,2020-11-23,,ftd
BBG008N298Y8,974155103,2015-06-17,,ftd
BBG008NMBXN8,770700102,2021-07-30,,ftd
BBG008NVB1C0,61174X109,2015-06-15,,ftd
BBG008NXC572,96145D105,2015-07-02,2018-11-02,ftd
BBG008S3V4G5,12650T104,2015-12-01,2018-04-03,ftd
BBG00928YVY7,G0551A103,2016-01-05,2019-04-03,ftd
BBG0098VVDT9,681116109,2015-07-21,,ftd
BBG0099PW5P1,79589L106,2021-12-17,,ftd
BBG009CKXW23,N6865W105,2016-07-26,2017-10-10,ftd
BBG009CWL262,09531U102,2015-07-27,2018-04-24,ftd
BBG009DTD8H2,904311206,2016-04-12,,ftd
BBG009H04M17,72703H101,2015-08-11,,ftd
BBG009H33QM0,35086T109,2015-11-12,,ftd
BBG009KG1750,013091103,2020-06-29,,ftd
BBG009NGKQ45,92918V109,2020-06-11,2024-02-13,ftd
BBG009NMJJJ4,32008D106,2015-10-20,2019-07-26,ftd
BBG009NRSWJ4,98954A107,2011-07-25,2015-08-17,ftd
BBG009NRSWJ4,98954M200,2015-08-18,,ftd
BBG009PN0C87,G0084W101,2016-11-01,,ftd
BBG009R0CT58,25787G100,2016-10-05,,ftd
BBG009R0CVG1,50218P107,2016-10-05,2020-04-09,ftd
BBG009S39JX6,02079K305,2015-10-05,,ftd
BBG009S3NB30,02079K107,2015-10-05,,ftd
BBG009T22D49,82982L103,2016-05-17,,ftd
BBG009WMBWP6,345605109,2016-01-04,2018-12-07,ftd
BBG009WR3FL5,49845K101,2023-09-22,,ftd
BBG009XV39D8,Y09827109,2016-02-01,2018-04-14,ftd
BBG009XW2WB8,71377A103,2015-10-06,,ftd
BBG009XW8PY2,G6674U108,2015-10-08,,ftd
BBG00B0FS947,971378104,2020-07-02,,ftd
BBG00B3T3HD3,013817101,2007-12-19,2016-11-02,ftd
BBG00B3T3HD3,013872106,2016-11-03,,ftd
BBG00B5C2HR4,63947U107,2020-07-16,2022-01-07,ftd
BBG00B6F2F09,81730H109,2021-07-02,,ftd
BBG00B6G7GL7,05464T104,2015-11-25,,ftd
BBG00B6WH9G3,57665R106,2015-11-24,2020-07-01,ftd
BBG00B8N0HG1,98850P109,2016-11-03,,ftd
BBG00B8NWRF5,05351W103,2015-12-17,2024-12-20,ftd
BBG00BBHBMF8,92532W103,2016-10-05,2019-10-04,ftd
BBG00BDQ1H13,G06242104,2015-12-15,2022-10-03,ftd
BBG00BFHD827,531229409,2016-04-18,2023-08-04,ftd
BBG00BFHD9S7,531229607,2016-04-18,2023-08-04,ftd
BBG00BFHDCV6,531229870,2016-04-18,2023-08-04,ftd
BBG00BFHDFR4,531229854,2016-04-18,2023-08-04,ftd
BBG00BFHKT14,20084V108,2016-07-26,2018-05-18,ftd
BBG00BFHL5F0,53046P109,2016-11-10,2019-07-26,ftd
BBG00BLVZ228,34959J108,2016-07-05,,ftd
BBG00BLYKS03,22788C105,2019-06-14,,ftd
BBG00BLZ2CD1,316841105,2025-08-01,,ftd
BBG00BM5YC05,52567D107,2020-07-07,,ftd
BBG00BN961G4,26614N102,2019-06-04,2026-06-24,ftd
BBG00BN961G4,26614N201,2026-06-25,,ftd
BBG00BN96922,260557103,2019-04-03,,ftd
BBG00BN969C1,22052L104,2019-06-05,,ftd
BBG00BTJVK94,888787108,2021-09-24,,ftd
BBG00C1BZMT9,206787103,2017-01-05,,ftd
BBG00C6H6D40,912008109,2016-05-31,,ftd
BBG00CBYY6M1,43283X105,2017-01-05,,ftd
BBG00CNYBQ76,15136A102,2016-10-13,2022-09-07,ftd
BBG00CNYBQ76,71424F105,2022-09-08,,ftd
BBG00CTY3QD2,09075E100,2017-02-06,2018-03-08,ftd
BBG00CVQZQ96,450911102,2008-03-04,2016-05-17,ftd
BBG00CVQZQ96,45073V108,2016-05-18,,ftd
BBG00CW127X1,747545101,2016-11-03,2018-07-26,ftd
BBG00CW2JCN1,G0684D107,2016-12-14,2021-12-31,ftd
BBG00CWTTQ41,00773T101,2016-10-04,,ftd
BBG00D0Y81M1,044186104,2016-09-20,,ftd
BBG00D1WHZD9,42806J106,2016-07-05,2021-07-01,ftd
BBG00D30HGP6,19626G108,2018-06-25,,ftd
BBG00D3CHRC0,29414D100,2016-12-02,2018-10-10,ftd
BBG00D7BRGD0,20084V306,2016-07-27,2018-05-18,ftd
BBG00D8JC882,98585X104,2018-10-29,,ftd
BBG00D8JD9Z9,49714P108,2016-07-29,,ftd
BBG00DBBG1M0,G98294104,2016-07-25,2018-09-11,ftd
BBG00DHTYPH8,37637K108,2021-10-18,,ftd
BBG00DJ2LJF5,24703L103,2016-09-07,2018-12-27,ftd
BBG00DL8NMV2,G87110105,2017-01-17,,ftd
BBG00DQ6VYP3,26856L103,2016-09-27,,ftd
BBG00DW3SZS1,24703L202,2019-01-02,,ftd
BBG00DXDL6Q1,92840M102,2016-11-14,,ftd
BBG00DYNJGH9,03965L100,2016-11-04,2020-04-06,ftd
BBG00DYNJGH9,443201108,2020-04-07,,ftd
BBG00DYPZ4T0,10922N103,2017-08-08,,ftd
BBG00F5FNKJ7,46590V100,2017-07-19,,ftd
BBG00FFJY867,535919500,2016-12-12,2025-05-06,ftd
BBG00FGXCJX5,700517105,2017-01-06,,ftd
BBG00FN64XT9,23355L106,2017-04-03,,ftd
BBG00FQ8T4G3,05550J101,2018-07-02,,ftd
BBG00FQH6BS9,46187W107,2017-02-06,,ftd
BBG00FWQ4VD6,90384S303,2007-12-27,,ftd
BBG00FX58Q66,407497106,2017-03-06,,ftd
BBG00G2HHYD7,05352A100,2019-05-21,,ftd
BBG00GBNZ4M0,03676B102,2019-03-13,,ftd
BBG00GBR8753,148929102,2023-06-20,,ftd
BBG00GBV88T6,704549104,2007-12-17,,ftd
BBG00GBVBK51,05722G100,2017-07-06,,ftd
BBG00GCTWDJ3,146869102,2017-05-03,,ftd
BBG00GFMPRK0,02156K103,2017-06-27,,ftd
BBG00GKS1G03,90364P105,2021-04-23,,ftd
BBG00GLNJ018,17888H103,2021-11-02,2026-01-29,ftd
BBG00GNT7999,G6700G107,2018-05-02,,ftd
BBG00GQK3WB5,83200N103,2018-05-01,2025-01-21,ftd
BBG00GSNPM07,G4474Y214,2017-05-30,2026-06-30,ftd
BBG00GTWPCQ0,G2709G107,2017-12-07,2020-10-01,ftd
BBG00GVR8YQ9,G5494J103,2018-10-31,2023-03-02,ftd
BBG00GX77LW3,09215C105,2017-10-02,2023-09-01,ftd
BBG00H433CR2,30034W106,2018-06-05,,ftd
BBG00H5S8391,01749D105,2020-11-03,,ftd
BBG00H9MNDZ2,35905A109,2018-10-02,,ftd
BBG00HCY3Q67,98311A105,2018-06-04,,ftd
BBG00HCYVQQ4,00857U107,2021-04-19,,ftd
BBG00HJ8K617,084310101,2020-07-21,2023-09-29,ftd
BBG00HPDM5Z2,87105L104,2017-10-11,2022-12-05,ftd
BBG00HS2GVL8,014482103,2008-01-18,2012-06-05,ftd
BBG00HS2GVL8,014481105,2012-06-06,2012-07-05,ftd
BBG00HS2GVL8,014491104,2012-07-06,2026-03-12,ftd
BBG00HTN2CQ3,92766K106,2019-10-28,,ftd
BBG00HVVB499,925652109,2017-10-23,,ftd
BBG00HXKRGY9,00187Y100,2020-04-29,,ftd
BBG00HY28K89,76118Y104,2018-10-29,,ftd
BBG00HY28P97,366505105,2018-10-02,,ftd
BBG00J7CBVW8,054561105,2018-05-14,2020-01-14,ftd
BBG00J7CBVW8,29452E101,2020-01-15,,ftd
BBG00JG0FFZ2,70614W100,2019-09-30,,ftd
BBG00JGMWFM9,039653100,2018-11-02,,ftd
BBG00JHNJW99,90130A101,2013-07-03,2019-03-20,ftd
BBG00JHNJW99,35137L105,2019-03-21,,ftd
BBG00JHNKJY8,90130A200,2013-07-05,2019-03-20,ftd
BBG00JHNKJY8,35137L204,2019-03-21,,ftd
BBG00JM9V731,G39108108,2018-01-30,2026-07-17,ftd
BBG00JPGYW43,G8060N102,2018-03-28,,ftd
BBG00JR5MM31,80874P109,2007-06-19,2026-08-31,ftd
BBG00K53L394,294600101,2018-11-15,2024-07-19,ftd
BBG00K7K2XZ0,36164V305,2018-03-12,2020-12-18,ftd
BBG00K7ZQ662,449253103,2019-07-02,2023-03-20,ftd
BBG00KDYT8C4,384313508,2018-04-23,,ftd
BBG00KG5VJF4,565394103,2023-09-21,,ftd
BBG00KHY5S69,11135F101,2018-04-05,,ftd
BBG00KMYC574,72941B106,2018-05-21,2021-04-05,ftd
BBG00KR691K8,22304C100,2019-02-12,2022-10-12,ftd
BBG00KXRCDP0,125523100,2018-12-21,,ftd
BBG00L2B8KW8,92537N108,2021-01-22,,ftd
BBG00L2SFJT0,36164V602,2025-07-16,,ftd
BBG00L31HTW0,76133Q102,2018-07-03,2022-04-07,ftd
BBG00L9HLWV8,55826T102,2020-04-21,,ftd
BBG00LJYS1P8,28414H103,2018-09-24,,ftd
BBG00LN4B5N0,29415F104,2019-09-20,,ftd
BBG00LNJRQ09,G0250X107,2019-06-11,2026-01-15,ftd
BBG00LNJRQ09,G0250X149,2026-01-16,,ftd
BBG00LQK89F6,H5919C104,2021-09-17,,ftd
BBG00LT2PDY4,11282X103,2018-08-30,2021-07-26,ftd
BBG00LWZDYB9,N14506104,2018-10-11,,ftd
BBG00M1CKSK7,83417Q105,2018-10-23,2021-08-03,ftd
BBG00M1CKSK7,83417Q204,2021-08-04,2025-04-15,ftd
BBG00M4ZQDK0,G85158106,2018-10-29,,ftd
BBG00MJH9LC4,644393100,2019-02-05,,ftd
BBG00MMDJG84,156727109,2019-10-04,,ftd
BBG00MRHG523,G8473T100,2019-03-28,,ftd
BBG00NK8H8T2,892672106,2019-04-08,,ftd
BBG00NN875G0,48576A100,2019-07-02,2024-03-15,ftd
BBG00NNG2ZJ8,984121103,2007-06-22,2019-08-01,ftd
BBG00NNG2ZJ8,98421M106,2019-08-02,,ftd
BBG00P1919G5,G21810109,2019-05-14,,ftd
BBG00P19DKZ6,16679L109,2019-06-18,,ftd
BBG00P4R3079,39874R101,2019-06-24,,ftd
BBG00P5M4V07,G3421J106,2021-03-11,2024-07-31,ftd
BBG00P9KDZK6,10806X102,2019-07-01,,ftd
BBG00PKCBY53,91680M107,2020-12-18,,ftd
BBG00PNN7C40,268150109,2019-08-05,,ftd
BBG00PPWYWJ8,264120106,2020-08-18,2023-03-29,ftd
BBG00PQS00S3,36168Q104,2020-03-05,,ftd
BBG00Q402TR2,00217D100,2021-04-07,,ftd
BBG00Q741Z16,15961R105,2021-03-01,,ftd
BBG00QK4M9M3,16935C109,2025-06-13,,ftd
BBG00QNSY1H7,82982T106,2019-11-25,,ftd
BBG00QQ8C789,72815L107,2021-01-20,,ftd
BBG00QVJV6V4,090043100,2019-12-16,,ftd
BBG00QVJVYB5,76171L106,2020-02-04,,ftd
BBG00QVJYGM9,G98239109,2019-12-16,,ftd
BBG00R24YP60,91823B109,2021-01-22,,ftd
BBG00R2JZG39,67098H104,2019-12-27,,ftd
BBG00R2NHQ65,69047Q102,2020-01-27,,ftd
BBG00R4SQJ13,G48833118,2019-12-16,,ftd
BBG00RCNQMX3,20602D101,2020-12-03,,ftd
BBG00RP5HYS8,14448C104,2020-04-06,,ftd
BBG00RP60KV0,68902V107,2020-04-06,,ftd
BBG00RPJPN67,05478C105,2020-06-16,2025-06-30,ftd
BBG00RQ70GQ2,02772A109,2020-07-02,2022-05-24,ftd
BBG00RQ732B6,83067L109,2020-12-17,,ftd
BBG00RRGSJR4,928881101,2020-10-13,,ftd
BBG00RRH0RM9,36555P107,2017-05-17,2020-02-27,ftd
BBG00S1HJ3M8,98980F104,2020-06-05,,ftd
BBG00S1LR2C3,44891N208,2021-05-25,,ftd
BBG00SHY8ZQ1,683712103,2020-12-21,,ftd
BBG00SSQFPK6,G0403H108,2020-04-01,,ftd
BBG00T68J2G0,G25457105,2022-01-31,,ftd
BBG00TCBG714,26142R104,2020-04-27,2022-05-15,ftd
BBG00TDKHW99,04626A103,2024-03-21,,ftd
BBG00TJGL0F0,553368101,2020-11-18,,ftd
BBG00TX393L4,82452J109,2020-06-08,,ftd
BBG00V1L5YZ5,G7709Q104,2020-06-18,,ftd
BBG00VCYVLH4,15678U128,2020-11-02,2024-07-31,ftd
BBG00VCZX9Z6,26484T106,2020-07-06,2025-08-25,ftd
BBG00VJ17DS2,74767V109,2020-11-27,,ftd
BBG00VNLZL95,872590112,2020-06-26,2020-07-20,ftd
BBG00VSYYVB8,47074L105,2020-07-24,2026-01-29,ftd
BBG00VT0KNC3,57667L107,2020-07-02,,ftd
BBG00VY1MYW7,77311W101,2020-08-07,,ftd
BBG00W0L8GW3,67181A107,2020-08-10,2023-05-01,ftd
BBG00W1PSSJ0,08975P108,2020-08-07,,ftd
BBG00W5FS571,11284V105,2020-08-03,2024-12-27,ftd
BBG00W7F99V5,549498103,2021-07-26,2025-09-02,ftd
BBG00W7F99V5,549498202,2025-09-03,,ftd
BBG00W7FH7G7,96209A104,2021-10-21,2023-11-03,ftd
BBG00W9LXXJ4,N2451R105,2020-08-18,2026-01-05,ftd
BBG00WNSJM49,12510Q100,2021-08-02,,ftd
BBG00WYYC600,966387102,2008-01-23,2017-11-09,ftd
BBG00X3GQL76,86627T108,2020-09-23,,ftd
BBG00XK3WVD0,03750L109,2020-12-17,2024-06-27,ftd
BBG00XMJRPQ8,22266T109,2021-03-15,,ftd
BBG00XNR7VZ8,579063108,2020-10-26,2022-02-28,ftd
BBG00XP8FYQ3,23821D100,2020-10-23,2022-06-22,ftd
BBG00XS6TTT7,527064109,2020-11-02,,ftd
BBG00XV417R8,09581B103,2021-05-20,,ftd
BBG00XZP0LB4,46222L108,2021-10-01,,ftd
BBG00Y04KP80,13057Q107,2014-12-02,,ftd
BBG00Y1DFV91,56600D107,2020-11-24,,ftd
BBG00Y4RQNH4,92556V106,2020-11-17,,ftd
BBG00Y6G6X31,12468P104,2020-12-11,,ftd
BBG00Y7BLHL9,674215207,2020-11-20,,ftd
BBG00Y7BP8Y1,00827B106,2021-01-15,,ftd
BBG00Y7BR4K3,15687V109,2020-12-15,,ftd
BBG00YB1ZD58,83406F102,2021-06-01,,ftd
BBG00YDGX945,36262G101,2021-08-04,,ftd
BBG00YFGTVN8,71601V105,2021-01-19,,ftd
BBG00YJKWXD8,62878D100,2021-07-22,,ftd
BBG00YN8NCD6,26210V102,2021-01-20,,ftd
BBG00YPS1KY3,37611X100,2021-09-17,,ftd
BBG00YQ82275,82489W107,2021-01-29,,ftd
BBG00YRJXKB1,88262P102,2021-01-11,,ftd
BBG00YT50779,G6964L107,2021-03-31,,ftd
BBG00YTS96G2,03743Q108,2021-03-02,,ftd
BBG00YZ6J994,82671G100,2021-02-16,2023-03-28,ftd
BBG00Z6DX554,165167107,2007-06-19,2021-02-11,ftd
BBG00Z6DX554,165167735,2021-02-12,,ftd
BBG00Z92Y6X1,051774107,2021-11-04,,ftd
BBG00Z9CCRH5,421298100,2021-03-16,,ftd
BBG00ZCV3P74,72703X106,2021-12-08,,ftd
BBG00ZF0FGT2,L02235106,2021-08-05,,ftd
BBG00ZGF6SS3,25402D102,2021-03-26,,ftd
BBG00ZGF7771,19260Q107,2021-04-16,,ftd
BBG00ZHCT050,G28923103,2021-03-30,2023-07-15,ftd
BBG00ZNLTFK3,03769M106,2022-01-03,,ftd
BBG00ZNRRJM2,25862V105,2021-04-23,,ftd
BBG00ZNSSKP3,92719V100,2021-05-25,2025-11-21,ftd
BBG00ZQRGW24,68622V106,2021-06-03,,ftd
BBG00ZSB4TS9,52661A108,2022-11-30,,ftd
BBG00ZSDS6T8,90089L108,2021-04-19,2024-02-06,ftd
BBG00ZXBJ153,573874104,2021-04-21,,ftd
BBG010FNXMC3,70435P102,2021-07-22,2025-04-11,ftd
BBG010J28KQ2,Q4982L109,2021-11-19,,ftd
BBG010MVVVW7,35909D109,2021-05-06,2026-01-16,ftd
BBG01103B471,926400102,2021-08-03,,ftd
BBG0112CBLW3,02156V109,2021-07-12,,ftd
BBG0112Z58J3,23345M107,2021-07-02,,ftd
BBG011386VF4,934423104,2022-04-11,,ftd
BBG01163K2X0,21874C102,2021-07-27,,ftd
BBG011744HH0,25400Q105,2021-10-04,,ftd
BBG0118JXCD9,68629Y103,2021-11-16,,ftd
BBG011FS2K38,60646V105,2021-06-29,2026-05-18,ftd
BBG011K4W134,78351F107,2021-07-23,,ftd
BBG011N57109,42805T105,2007-12-27,2021-07-05,ftd
BBG011N57109,42806J700,2021-07-06,,ftd
BBG011ZTRJ21,21873S108,2025-03-31,,ftd
BBG0120SWLS0,36317J209,2025-05-19,,ftd
BBG0122M8031,871332102,2021-10-04,,ftd
BBG0122MC900,88080T104,2021-12-16,,ftd
BBG01282Z1Y3,88546E105,2021-09-17,2024-11-12,ftd
BBG01282ZHB3,26701L100,2021-09-17,,ftd
BBG01282ZJM7,24477E103,2021-09-17,,ftd
BBG012BV9SK0,679369108,2021-10-04,2026-07-06,ftd
BBG012QSDSK6,34379V103,2021-11-01,,ftd
BBG012QVD574,54911Q107,2021-11-09,2023-03-20,ftd
BBG012THM3Q6,45674M101,2021-10-28,2025-11-17,ftd
BBG012W99DN6,50155Q100,2021-11-04,,ftd
BBG0134WCM78,26142V105,2022-05-05,,ftd
BBG0135B2214,403949100,2022-03-16,,ftd
BBG0136WM1M4,G6683N103,2021-12-13,,ftd
BBG013G17W31,36828A101,2024-04-02,,ftd
BBG013QNJHP8,07831C103,2022-03-14,,ftd
BBG0145FSNR1,872657101,2022-01-18,,ftd
BBG014GJ8XH2,63947X101,2022-01-10,,ftd
BBG014KFRNP7,21037T109,2022-02-03,,ftd
BBG014QJ5BV6,29332G102,2022-07-06,2026-05-14,ftd
BBG016G0L0Q5,224408104,2023-04-05,,ftd
BBG016HJ8729,21871X109,2022-09-19,,ftd
BBG017BXPZ85,224441105,2022-05-17,,ftd
BBG017J18W74,29109X106,2022-05-18,2025-03-11,ftd
BBG017TGV7M2,219798105,2022-05-27,,ftd
BBG018CYVVW5,92942W107,2023-10-03,2025-09-25,ftd
BBG018CZLZ09,77634L105,2022-06-24,2024-11-18,ftd
BBG018YZH6T3,83444M101,2024-04-02,,ftd
BBG019C1BQR4,46982L108,2022-08-29,,ftd
BBG019M62R45,G3730V105,2022-11-15,,ftd
BBG019Q32XJ9,92338C103,2023-10-02,,ftd
BBG019Y0WP19,63001N106,2023-10-18,,ftd
BBG01B6SGB59,023586506,2022-11-14,,observation
BBG01B9G42Y3,57638P104,2022-12-16,,ftd
BBG01BFR8YV1,36266G107,2023-01-05,,ftd
BBG01BGVGG87,30190A104,2022-12-01,,ftd
BBG01BGWHFR5,049468101,2022-10-03,,ftd
BBG01BPHNXZ3,113004105,2022-12-14,,ftd
BBG01C79X561,49177J102,2023-05-08,,ftd
BBG01F6N6NM7,71880K101,2023-07-06,,ftd
BBG01FND0CC1,G54950103,2023-03-02,,ftd
BBG01G9JKWV5,87256C101,2023-09-14,,ftd
BBG01GWQVVD3,87422Q109,2023-06-08,,ftd
BBG01GZF9VY6,34965K107,2023-07-05,,ftd
BBG01HGVLP51,G0378L100,2023-09-25,,ftd
BBG01HLM8W28,531229813,2023-08-04,2024-09-09,ftd
BBG01HLMB6H5,531229789,2023-08-04,2024-09-11,ftd
BBG01HLMB809,531229771,2023-08-04,,ftd
BBG01HLMBCG3,531229755,2023-08-04,,ftd
BBG01HMFL081,531229748,2023-08-04,2025-12-25,ftd
BBG01HMFLTN1,531229722,2023-08-04,2025-12-25,ftd
BBG01HN2K357,G8068L108,2023-08-02,,ftd
BBG01HTMDZ54,44267T102,2023-08-14,,ftd
BBG01J9M42H2,M2029K104,2023-10-13,,ftd
BBG01JKVZQZ2,64110Y108,2023-11-03,,ftd
BBG01JNDL2R6,812215200,2024-08-02,,ftd
BBG01JZ8VL91,H11356104,2023-11-01,,ftd
BBG01K9HZH92,530555101,2007-06-20,2023-11-23,ftd
BBG01K9HZH92,G61188101,2023-11-24,,ftd
BBG01K9KJ3B1,G61188127,2023-11-24,,ftd
BBG01KJQM3Y8,829933100,2024-09-10,,ftd
BBG01KWR26Q5,G0260P102,2024-02-05,,ftd
BBG01L820CZ4,398182303,2024-02-09,,ftd
BBG01M600X00,300426103,2024-11-04,,ftd
BBG01M86F4Y6,53947R105,2024-04-29,,ftd
BBG01MMT6PL7,504922105,2024-05-22,,ftd
BBG01MZQYJF9,88023B103,2024-06-17,,ftd
BBG01N6CGW43,384747101,2024-06-17,,ftd
BBG01NGH78G1,349381103,2025-09-12,,ftd
BBG01NJDR0W4,53566V106,2024-07-26,,ftd
BBG01NK9ZXT4,G8267P108,2024-07-08,,ftd
BBG01NMRD768,31488V107,2024-08-01,,ftd
BBG01NY7B734,023939101,2024-10-01,,ftd
BBG01PSW2WN4,09290D101,2024-10-02,,ftd
BBG01Q381K59,457152106,2024-10-25,,ftd
BBG01QNB0RS1,741623102,2024-11-12,,ftd
BBG01R388JG1,80004C200,2025-02-19,,ftd
BBG01R914LT5,G3265R107,2024-12-18,,ftd
BBG01RJ2V7B2,11285B108,2024-12-30,,ftd
BBG01RMP2W97,832248207,2025-01-29,,ftd
BBG01RQYH2X7,601137102,2025-02-07,,ftd
BBG01RW30Q09,78781J109,2025-02-14,,ftd
BBG01RXK1PK9,485924104,2025-02-14,,ftd
BBG01T61V2V3,172573107,2025-06-06,,ftd
BBG01TRL73S5,74743L100,2025-11-03,,ftd
BBG01V30BCK5,N4732M103,2025-06-13,,ftd
BBG01V4YRP24,750940108,2025-06-30,,ftd
BBG01V7JN3F3,773121108,2025-05-27,,ftd
BBG01VV3KTK1,G63755105,2025-07-24,,ftd
BBG01VV3SMG3,36164V800,2025-07-16,,ftd
BBG01VXTFCN2,64361Q101,2025-08-19,,ftd
BBG01W8QW0N1,G16910120,2025-08-14,,ftd
BBG01X4QY3R1,314911108,2025-10-02,,ftd
BBG01X5744P5,83443Q103,2025-10-24,,ftd
BBG01Y0M8K11,925283103,2026-01-05,,ftd
BBG01Y6778L4,58507V107,2025-12-18,,ftd
BBG01YY256K1,530909100,2025-12-16,,ftd
BBG01YYX1Z14,530909308,2025-12-16,,ftd
BBG01Z7V4LL1,72348N109,2026-01-02,,ftd
BBG01ZJ9DR98,34631F102,2026-02-06,,ftd
BBG01ZPB91C4,314352105,2026-06-02,,ftd
BBG01ZPFR6N2,78475V103,2026-02-13,,ftd
BBG01ZZ7RBW8,866966104,2026-03-03,,ftd
BBG020PSLYJ0,471024109,2026-03-23,,ftd
BBG020QYV152,43849R105,2026-06-16,,ftd
CIK100517-COMMON,902549807,2007-12-17,2010-10-15,ftd
CIK1011006-COMMON,984332106,2007-12-17,2017-06-16,ftd
CIK1018005-COMMON,193068103,2007-12-24,2012-10-01,ftd
CIK101829-COMMON,913017109,2007-06-19,2020-04-08,ftd
CIK1037676-COMMON,039380100,2007-12-17,2016-01-08,ftd
CIK1038205-COMMON,063904106,2007-07-02,2017-07-06,ftd
CIK104207-COMMON,931422109,2007-12-26,2014-12-30,ftd
CIK1045609-COMMON,00163T109,2007-07-23,2011-06-03,ftd
CIK1046568-COMMON,141665109,2007-12-24,2019-12-31,ftd
CIK105319-COMMON,948626106,2008-03-03,2019-09-30,ftd
CIK1056087-COMMON,579489105,2007-12-17,2016-05-25,ftd
CIK1066104-COMMON,21988R102,2008-01-07,2012-08-10,ftd
CIK1075415-COMMON,81721M109,2007-12-17,2020-01-07,ftd
CIK1075531-COMMON,741503403,2007-12-17,2018-02-26,ftd
CIK1080014-COMMON,88338T104,2007-12-27,2016-01-08,ftd
CIK1095651-COMMON,45031U101,2007-12-18,2013-12-19,ftd
CIK1100962-COMMON,29264F205,2007-06-29,2014-02-28,ftd
CIK1103982-COMMON,50075N104,2007-12-26,2012-10-01,ftd
CIK1115836-COMMON,G67743107,2008-01-18,2014-07-01,ftd
CIK1116132-COMMON,189754104,2007-06-25,2017-10-30,ftd
CIK1137789-COMMON,G7945J104,2007-12-17,,ftd
CIK1138118-COMMON,12497T101,2007-12-17,2011-10-04,ftd
CIK1156039-COMMON,94973V107,2008-01-08,2014-12-02,ftd
CIK1163348-COMMON,G0219G203,2008-05-19,2010-11-30,ftd
CIK1166126-COMMON,708160106,2007-12-19,2020-05-18,ftd
CIK1169055-COMMON,G65422100,2007-12-27,2009-03-26,ftd
CIK1170565-COMMON,G95089101,2007-12-18,2009-02-25,ftd
CIK1282266-COMMON,97381W104,2007-12-18,2013-09-02,ftd
CIK1282266-COMMON,97382A101,2013-09-03,2015-04-27,ftd
CIK1283699-COMMON,591708102,2007-12-17,2013-04-30,ftd
CIK1308161-COMMON,65248E104,2007-12-19,2013-07-01,ftd
CIK1323854-COMMON,G9435N108,2007-12-17,2009-08-21,ftd
CIK1355096-COMMON,53071M104,2007-06-20,2012-08-21,ftd
CIK1355096-COMMON,53071M880,2012-08-22,2012-08-28,ftd
CIK1355096-COMMON,53071M104,2012-08-29,2012-08-29,ftd
CIK1355096-COMMON,53071M880,2012-08-30,2012-08-30,ftd
CIK1355096-COMMON,53071M104,2012-08-31,2012-09-03,ftd
CIK1355096-COMMON,53071M880,2012-09-04,2012-09-05,ftd
CIK1355096-COMMON,53071M104,2012-09-06,2012-09-09,ftd
CIK1355096-COMMON,53071M880,2012-09-10,2012-09-10,ftd
CIK1355096-COMMON,53071M104,2012-09-11,2012-09-13,ftd
CIK1355096-COMMON,53071M880,2012-09-14,2012-09-24,ftd
CIK1355096-COMMON,53071M104,2012-09-25,2012-10-09,ftd
CIK1355096-COMMON,53071M880,2012-10-10,2012-10-17,ftd
CIK1355096-COMMON,53071M104,2012-10-18,2013-01-21,ftd
CIK1355096-COMMON,53071M880,2013-01-22,2013-01-24,ftd
CIK1355096-COMMON,53071M104,2013-01-25,2013-02-19,ftd
CIK1355096-COMMON,53071M880,2013-02-20,2013-02-25,ftd
CIK1355096-COMMON,53071M104,2013-02-26,2013-03-24,ftd
CIK1355096-COMMON,53071M880,2013-03-25,2013-03-25,ftd
CIK1355096-COMMON,53071M104,2013-03-26,2013-05-12,ftd
CIK1355096-COMMON,53071M880,2013-05-13,2013-05-13,ftd
CIK1355096-COMMON,53071M104,2013-05-14,2013-05-16,ftd
CIK1355096-COMMON,53071M880,2013-05-17,2013-05-27,ftd
CIK1355096-COMMON,53071M104,2013-05-28,2013-05-30,ftd
CIK1355096-COMMON,53071M880,2013-05-31,2013-06-03,ftd
CIK1355096-COMMON,53071M104,2013-06-04,2013-06-11,ftd
CIK1355096-COMMON,53071M880,2013-06-12,2013-06-16,ftd
CIK1355096-COMMON,53071M104,2013-06-17,2013-06-23,ftd
CIK1355096-COMMON,53071M880,2013-06-24,2013-06-25,ftd
CIK1355096-COMMON,53071M104,2013-06-26,2013-06-30,ftd
CIK1355096-COMMON,53071M880,2013-07-01,2013-07-10,ftd
CIK1355096-COMMON,53071M104,2013-07-11,2013-09-02,ftd
CIK1355096-COMMON,53071M880,2013-09-03,2013-09-04,ftd
CIK1355096-COMMON,53071M104,2013-09-05,2013-09-16,ftd
CIK1355096-COMMON,53071M880,2013-09-17,2013-09-18,ftd
CIK1355096-COMMON,53071M104,2013-09-19,2013-10-10,ftd
CIK1355096-COMMON,53071M880,2013-10-11,2013-10-14,ftd
CIK1355096-COMMON,53071M104,2013-10-15,2013-12-01,ftd
CIK1355096-COMMON,53071M880,2013-12-02,2013-12-03,ftd
CIK1355096-COMMON,53071M104,2013-12-04,2013-12-15,ftd
CIK1355096-COMMON,53071M880,2013-12-16,2013-12-16,ftd
CIK1355096-COMMON,53071M104,2013-12-17,2014-01-30,ftd
CIK1355096-COMMON,53071M880,2014-01-31,2014-02-04,ftd
CIK1355096-COMMON,53071M104,2014-02-05,2014-02-12,ftd
CIK1355096-COMMON,53071M880,2014-02-13,2014-02-17,ftd
CIK1355096-COMMON,53071M104,2014-02-18,2014-03-12,ftd
CIK1355096-COMMON,53071M880,2014-03-13,2014-03-13,ftd
CIK1355096-COMMON,53071M104,2014-03-14,2014-03-18,ftd
CIK1355096-COMMON,53071M880,2014-03-19,2014-03-26,ftd
CIK1355096-COMMON,53071M104,2014-03-27,2014-05-04,ftd
CIK1355096-COMMON,53071M880,2014-05-05,2014-05-11,ftd
CIK1355096-COMMON,53071M104,2014-05-12,2014-06-23,ftd
CIK1355096-COMMON,53071M880,2014-06-24,2014-06-24,ftd
CIK1355096-COMMON,53071M104,2014-06-25,2014-07-31,ftd
CIK1355096-COMMON,53071M880,2014-08-01,2014-08-10,ftd
CIK1355096-COMMON,53071M104,2014-08-11,2014-08-26,ftd
CIK1355096-COMMON,53071M880,2014-08-27,2014-08-27,ftd
CIK1355096-COMMON,53071M104,2014-08-28,2014-09-02,ftd
CIK1355096-COMMON,53071M880,2014-09-03,2014-09-07,ftd
CIK1355096-COMMON,53071M104,2014-09-08,2014-09-10,ftd
CIK1355096-COMMON,53071M880,2014-09-11,2014-09-17,ftd
CIK1355096-COMMON,53071M104,2014-09-18,2014-10-01,ftd
CIK1355096-COMMON,53071M880,2014-10-02,2014-10-06,ftd
CIK1355096-COMMON,53071M104,2014-10-07,2014-10-15,ftd
CIK1355096-COMMON,53071M880,2014-10-16,2014-10-21,ftd
CIK1355096-COMMON,53071M104,2014-10-22,2014-10-22,ftd
CIK1355096-COMMON,53071M880,2014-10-23,2014-10-27,ftd
CIK1355096-COMMON,53071M104,2014-10-28,2014-10-28,ftd
CIK1355096-COMMON,53071M880,2014-10-29,2014-11-25,ftd
CIK1355096-COMMON,53071M104,2014-11-26,2014-12-03,ftd
CIK1355096-COMMON,53071M880,2014-12-04,2014-12-08,ftd
CIK1355096-COMMON,53071M104,2014-12-09,2014-12-10,ftd
CIK1355096-COMMON,53071M880,2014-12-11,2014-12-11,ftd
CIK1355096-COMMON,53071M104,2014-12-12,2014-12-21,ftd
CIK1355096-COMMON,53071M880,2014-12-22,2014-12-23,ftd
CIK1355096-COMMON,53071M104,2014-12-24,2015-01-07,ftd
CIK1355096-COMMON,53071M880,2015-01-08,2015-01-11,ftd
CIK1355096-COMMON,53071M104,2015-01-12,2015-01-19,ftd
CIK1355096-COMMON,53071M880,2015-01-20,2015-01-21,ftd
CIK1355096-COMMON,53071M104,2015-01-22,2015-01-28,ftd
CIK1355096-COMMON,53071M880,2015-01-29,2015-02-03,ftd
CIK1355096-COMMON,53071M104,2015-02-04,2015-02-04,ftd
CIK1355096-COMMON,53071M880,2015-02-05,2015-02-05,ftd
CIK1355096-COMMON,53071M104,2015-02-06,2015-02-22,ftd
CIK1355096-COMMON,53071M880,2015-02-23,2015-03-02,ftd
CIK1355096-COMMON,53071M104,2015-03-03,2015-03-03,ftd
CIK1355096-COMMON,53071M880,2015-03-04,2015-03-04,ftd
CIK1355096-COMMON,53071M104,2015-03-05,2015-03-09,ftd
CIK1355096-COMMON,53071M880,2015-03-10,2015-03-11,ftd
CIK1355096-COMMON,53071M104,2015-03-12,2015-04-30,ftd
CIK1355096-COMMON,53071M880,2015-05-01,2015-05-06,ftd
CIK1355096-COMMON,53071M104,2015-05-07,2015-05-12,ftd
CIK1355096-COMMON,53071M880,2015-05-13,2015-05-13,ftd
CIK1355096-COMMON,53071M104,2015-05-14,2015-05-14,ftd
CIK1355096-COMMON,53071M880,2015-05-15,2015-05-17,ftd
CIK1355096-COMMON,53071M104,2015-05-18,2015-05-21,ftd
CIK1355096-COMMON,53071M880,2015-05-22,2015-05-25,ftd
CIK1355096-COMMON,53071M104,2015-05-26,2015-05-27,ftd
CIK1355096-COMMON,53071M880,2015-05-28,2015-05-28,ftd
CIK1355096-COMMON,53071M104,2015-05-29,2015-06-10,ftd
CIK1355096-COMMON,53071M880,2015-06-11,2015-06-11,ftd
CIK1355096-COMMON,53071M104,2015-06-12,2015-06-17,ftd
CIK1355096-COMMON,53071M880,2015-06-18,2015-06-21,ftd
CIK1355096-COMMON,53071M104,2015-06-22,2015-07-09,ftd
CIK1355096-COMMON,53071M880,2015-07-10,2015-07-12,ftd
CIK1355096-COMMON,53071M104,2015-07-13,2015-07-26,ftd
CIK1355096-COMMON,53071M880,2015-07-27,2015-07-27,ftd
CIK1355096-COMMON,53071M104,2015-07-28,2015-08-10,ftd
CIK1355096-COMMON,53071M880,2015-08-11,2015-09-07,ftd
CIK1355096-COMMON,53071M104,2015-09-08,2015-09-16,ftd
CIK1355096-COMMON,53071M880,2015-09-17,2015-09-17,ftd
CIK1355096-COMMON,53071M104,2015-09-18,2015-09-21,ftd
CIK1355096-COMMON,53071M880,2015-09-22,2015-10-06,ftd
CIK1355096-COMMON,53071M104,2015-10-07,2015-11-19,ftd
CIK1355096-COMMON,53071M880,2015-11-20,2015-11-22,ftd
CIK1355096-COMMON,53071M104,2015-11-23,2015-11-23,ftd
CIK1355096-COMMON,53071M880,2015-11-24,2015-12-06,ftd
CIK1355096-COMMON,53071M104,2015-12-07,2015-12-09,ftd
CIK1355096-COMMON,53071M880,2015-12-10,2015-12-10,ftd
CIK1355096-COMMON,53071M104,2015-12-11,2015-12-20,ftd
CIK1355096-COMMON,53071M880,2015-12-21,2015-12-27,ftd
CIK1355096-COMMON,53071M104,2015-12-28,2016-02-01,ftd
CIK1355096-COMMON,53071M880,2016-02-02,2016-02-07,ftd
CIK1355096-COMMON,53071M104,2016-02-08,2016-02-09,ftd
CIK1355096-COMMON,53071M880,2016-02-10,2016-02-22,ftd
CIK1355096-COMMON,53071M104,2016-02-23,2016-03-03,ftd
CIK1355096-COMMON,53071M880,2016-03-04,2016-03-09,ftd
CIK1355096-COMMON,53071M104,2016-03-10,2016-03-20,ftd
CIK1355096-COMMON,53071M880,2016-03-21,2016-04-03,ftd
CIK1355096-COMMON,53071M104,2016-04-04,2016-04-10,ftd
CIK1355096-COMMON,53071M880,2016-04-11,2016-04-20,ftd
CIK1355096-COMMON,53071M104,2016-04-21,2016-04-25,ftd
CIK1355096-COMMON,53071M880,2016-04-26,2016-05-05,ftd
CIK1355096-COMMON,53071M104,2016-05-06,2016-05-09,ftd
CIK1355096-COMMON,53071M880,2016-05-10,2016-05-11,ftd
CIK1355096-COMMON,53071M104,2016-05-12,2016-05-15,ftd
CIK1355096-COMMON,53071M880,2016-05-16,2016-05-19,ftd
CIK1355096-COMMON,53071M104,2016-05-20,2016-06-28,ftd
CIK1355096-COMMON,53071M880,2016-06-29,2016-06-29,ftd
CIK1355096-COMMON,53071M104,2016-06-30,2016-07-14,ftd
CIK1355096-COMMON,53071M880,2016-07-15,2016-07-17,ftd
CIK1355096-COMMON,53071M104,2016-07-18,2016-08-11,ftd
CIK1355096-COMMON,53071M880,2016-08-12,2016-08-30,ftd
CIK1355096-COMMON,53071M104,2016-08-31,2016-09-07,ftd
CIK1355096-COMMON,53071M880,2016-09-08,2016-09-18,ftd
CIK1355096-COMMON,53071M104,2016-09-19,2016-10-11,ftd
CIK1355096-COMMON,53071M880,2016-10-12,2016-10-12,ftd
CIK1355096-COMMON,53071M104,2016-10-13,2016-10-16,ftd
CIK1355096-COMMON,53071M880,2016-10-17,2016-10-24,ftd
CIK1355096-COMMON,53071M104,2016-10-25,2016-10-27,ftd
CIK1355096-COMMON,53071M880,2016-10-28,2016-11-07,ftd
CIK1355096-COMMON,53071M104,2016-11-08,2018-04-10,ftd
CIK1356090-COMMON,46122T102,2013-08-13,2020-01-31,ftd
CIK1360604-COMMON,42225P105,2012-06-11,2014-12-16,ftd
CIK1363851-COMMON,78505P100,2008-03-07,2012-07-10,ftd
CIK1418135-COMMON,26138E109,2008-05-09,2018-07-09,ftd
CIK1420800-COMMON,194014106,2008-06-23,2022-04-04,ftd
CIK1428875-COMMON,81761R109,2014-07-01,2020-10-02,ftd
CIK1458891-COMMON,H5833N103,2009-03-27,2013-11-18,ftd
CIK1465112-COMMON,25490A101,2009-11-20,2012-08-27,ftd
CIK1469372-CLASS-A,55826P100,2010-02-16,2015-10-02,ftd
CIK1471261-COMMON,19075F106,2009-12-23,2017-12-13,ftd
CIK1478242-COMMON,74876Y101,2013-05-14,2017-11-14,ftd
CIK1498301-COMMON,04351G101,2011-01-04,2020-08-03,ftd
CIK1511737-COMMON,90347A100,2012-01-26,2019-08-21,ftd
CIK1521332-COMMON,G27823106,2011-11-22,2017-12-05,ftd
CIK1533932-CLASS-A,92210H105,2012-03-27,2018-01-12,ftd
CIK1561032-COMMON,02917T104,2011-09-12,2014-12-18,ftd
CIK1561032-COMMON,42225P501,2014-12-19,2015-02-02,ftd
CIK1561032-COMMON,02917T104,2015-02-03,2015-02-09,ftd
CIK1561032-COMMON,42225P501,2015-02-10,2015-02-10,ftd
CIK1561032-COMMON,02917T104,2015-02-11,2015-02-11,ftd
CIK1561032-COMMON,42225P501,2015-02-12,2015-02-24,ftd
CIK1561032-COMMON,02917T104,2015-02-25,2015-03-16,ftd
CIK1561032-COMMON,42225P501,2015-03-17,2015-04-14,ftd
CIK1561032-COMMON,02917T104,2015-04-15,2015-04-15,ftd
CIK1561032-COMMON,42225P501,2015-04-16,2015-04-30,ftd
CIK1561032-COMMON,02917T104,2015-05-01,2015-06-11,ftd
CIK1561032-COMMON,42225P501,2015-06-12,2015-06-17,ftd
CIK1561032-COMMON,02917T104,2015-06-18,2015-06-18,ftd
CIK1561032-COMMON,42225P501,2015-06-19,2015-06-24,ftd
CIK1561032-COMMON,02917T104,2015-06-25,2015-06-25,ftd
CIK1561032-COMMON,42225P501,2015-06-26,2015-06-28,ftd
CIK1561032-COMMON,02917T104,2015-06-29,2015-06-30,ftd
CIK1561032-COMMON,42225P501,2015-07-01,2015-07-08,ftd
CIK1561032-COMMON,02917T104,2015-07-09,2015-07-22,ftd
CIK1561032-COMMON,42225P501,2015-07-23,2015-07-27,ftd
CIK1561032-COMMON,02917T104,2015-07-28,2015-08-03,ftd
CIK1561032-COMMON,42225P501,2015-08-04,2022-07-26,ftd
CIK1575828-COMMON,N33462107,2013-08-19,2021-10-01,ftd
CIK1578845-COMMON,G0083B108,2013-10-01,2015-06-15,ftd
CIK1584207-COMMON,85172J101,2013-10-21,2015-11-25,ftd
CIK1606498-COMMON,40650V100,2014-11-05,2018-06-29,ftd
CIK1620280-COMMON,20341J104,2015-04-29,2017-02-28,ftd
CIK1650962-COMMON,563568104,2016-03-07,2017-03-03,ftd
CIK1666700-COMMON,26078J100,2017-09-01,2019-05-31,ftd
CIK1679688-CLASS-A,19625W104,2017-01-12,2018-06-26,ftd
CIK1723089-COMMON,03755L104,2018-05-10,2021-01-10,ftd
CIK1800227-COMMON,44891N109,2020-07-02,2021-05-25,ftd
CIK1808220-CLASS-A,38046W105,2020-07-17,2022-11-17,ftd
CIK202058-COMMON,413875105,2007-07-12,2019-06-28,ftd
CIK20520-COMMON,35906A108,2008-08-01,2017-07-10,ftd
CIK23666-COMMON,803111103,2008-01-07,2012-06-28,ftd
CIK314808-CLASS-A,G3157S106,2012-05-22,2019-04-11,ftd
CIK314808-COMMON,26874Q100,2007-06-22,2009-12-22,ftd
CIK315293-COMMON,037389103,2007-12-21,2009-12-01,ftd
CIK316300-COMMON,269279402,2007-12-20,2017-12-22,ftd
CIK320335-COMMON,891027104,2008-01-10,2019-08-08,ftd
CIK38079-COMMON,346091705,2008-02-08,2014-12-15,ftd
CIK39899-COMMON,364730101,2007-12-19,2015-06-30,ftd
CIK47217-COMMON,428236103,2007-06-19,2015-11-02,ftd
CIK47518-COMMON,431573104,2008-02-01,2009-06-08,ftd
CIK48039-COMMON,435758305,2007-06-19,2011-07-01,ftd
CIK48898-CLASS-B,443510201,2008-01-29,2015-12-23,ftd
CIK50104-COMMON,881609101,2007-12-19,2017-07-31,ftd
CIK68505-COMMON,620076109,2007-12-17,2011-01-06,ftd
CIK701985-COMMON,532716107,2007-12-17,2013-03-26,ftd
CIK708819-COMMON,580037109,2007-06-20,2018-05-08,ftd
CIK716006-COMMON,984249102,2007-12-17,2010-10-04,ftd
CIK730464-COMMON,251893103,2007-12-18,2017-05-23,ftd
CIK733269-COMMON,005125109,2007-12-17,2018-10-01,ftd
CIK753308-COMMON,302571104,2007-12-17,2010-06-02,ftd
CIK766704-COMMON,42217K106,2007-12-21,2015-09-30,ftd
CIK77551-COMMON,038020103,2008-01-07,2008-07-01,ftd
CIK78128-COMMON,03836W103,2007-12-20,2020-01-31,ftd
CIK789073-COMMON,349631101,2008-01-17,2011-10-06,ftd
CIK803649-COMMON,40426W101,2007-12-19,2010-06-30,ftd
CIK803649-COMMON,203233101,2010-07-01,2014-08-05,ftd
CIK804055-COMMON,191219104,2007-12-20,2010-10-01,ftd
CIK813828-CLASS-B,124857202,2007-06-19,2019-12-06,ftd
CIK817473-COMMON,024937104,2007-12-17,2008-07-08,ftd
CIK833444-COMMON,G91442106,2014-11-17,2016-09-07,ftd
CIK860748-COMMON,913275103,2008-03-14,2011-08-24,ftd
CIK866121-COMMON,018804104,2008-01-18,2015-02-09,ftd
CIK867773-COMMON,867652109,2007-12-17,2009-06-08,ftd
CIK874015-COMMON,464330109,2007-12-19,2015-12-21,ftd
CIK875159-COMMON,G98255105,2007-12-19,2010-06-30,ftd
CIK88205-COMMON,784635104,2008-01-24,2015-09-25,ftd
CIK884629-COMMON,942683103,2007-12-27,2013-01-23,ftd
CIK884629-COMMON,00507K103,2013-01-24,2013-09-30,ftd
CIK886835-COMMON,868157108,2008-01-18,2020-09-17,ftd
CIK891103-COMMON,44919P300,2008-01-07,2014-06-30,ftd
CIK892535-COMMON,885218107,2007-12-17,2008-09-29,ftd
CIK893949-COMMON,705324101,2007-12-26,2008-12-31,ftd
CIK894315-COMMON,251591103,2007-12-21,2011-09-14,ftd
CIK895419-COMMON,225447101,2007-12-17,2021-10-06,ftd
CIK895648-COMMON,370021107,2007-12-19,2009-04-15,ftd
CIK896159-COMMON,G0070K103,2007-06-26,2008-07-16,ftd
CIK896159-COMMON,H0023R105,2008-07-17,,ftd
CIK908937-COMMON,82966U103,2007-06-19,2008-08-06,ftd
CIK908937-COMMON,82967N108,2008-08-07,,ftd
CIK910073-COMMON,649445103,2007-12-24,2024-07-12,ftd
CIK922864-COMMON,03748R101,2007-12-21,2019-02-21,ftd
CIK929351-COMMON,535919203,2007-06-28,2016-12-12,ftd
CIK931336-COMMON,242370104,2007-12-17,2013-08-26,ftd
CIK944314-COMMON,84610H108,2007-12-21,2016-08-16,ftd
CIK944868-COMMON,25459L106,2007-06-21,2009-11-29,ftd
CIK945394-COMMON,44106M102,2007-12-20,2019-09-26,ftd
CIK945436-COMMON,552715104,2007-12-17,2013-05-31,ftd
CIK96289-COMMON,750438103,2007-12-17,2015-02-02,ftd
