sec_id,issuer_cik,share_class,name,security_type,observed,figi_source
BBG000B9X5K7,3906,COMMON,ALLIED CAPITAL CORP,Common Stock,true,cusip
BBG000B9X8C0,1002910,COMMON,AMEREN CORP,Common Stock,true,cusip
BBG000B9XG87,1037868,COMMON,AMETEK INC,Common Stock,true,cusip
BBG000B9XRY4,320193,COMMON,APPLE INC,Common Stock,true,cusip
BBG000B9XYV2,1053507,COMMON,AMERICAN TOWER REIT CORP,REIT,true,cusip
BBG000B9YJ35,820313,CLASS A,AMPHENOL CORP CLASS A,Common Stock,true,cusip
BBG000B9YSK6,910612,COMMON,CBL & ASSOCIATES PROPERTIES INC.,REIT,true,cusip
BBG000B9Z0J8,1045609,COMMON,PROLOGIS REIT INC,REIT,true,cusip
BBG000B9ZGM9,886035,COMMON,GENERAL CABLE CORP,Common Stock,true,cusip
BBG000B9ZV28,896262,COMMON,AMEDISYS INC,Common Stock,true,cusip
BBG000B9ZXB4,1800,COMMON,ABBOTT LABORATORIES,Common Stock,true,cusip
BBG000BB03M1,1027884,COMMON,CHICAGO BRIDGE & IRON COMPANY NV,Common Stock,true,cusip
BBG000BB0V03,906345,COMMON,CAMDEN PROPERTY TRUST REIT,REIT,true,cusip
BBG000BB1BW1,1040596,COMMON,CHOICEPOINT INC,Common Stock,true,cusip
BBG000BB1TH9,1124198,COMMON,FLUOR CORP,Common Stock,true,cusip
BBG000BB27M0,318771,COMMON,GENENTECH INC,Common Stock,true,cusip
BBG000BB29X4,936340,COMMON,DTE ENERGY,Common Stock,true,cusip
BBG000BB2KN0,853816,COMMON,LANDSTAR SYSTEM INC,Common Stock,true,cusip
BBG000BB2KW0,929887,CLASS A,APOLLO EDUCATION GROUP INC CLASS A,Common Stock,true,cusip
BBG000BB2N27,1345111,COMMON,TIM HORTONS INC,Common Stock,true,cusip
BBG000BB2PH6,1036960,COMMON,FAIRCHILD SEMICONDUCTOR INTERNATIO,Common Stock,true,cusip
BBG000BB2PW9,1115222,COMMON,DUN & BRADSTREET CORP,Common Stock,true,cusip
BBG000BB38Q3,1023131,COMMON,COVANCE INC.,Common Stock,true,cusip
BBG000BB41G8,3327,COMMON,ALBERTO CULVER CO,Common Stock,true,cusip
BBG000BB4D72,1128928,COMMON,FLOWERS FOODS INC,Common Stock,true,cusip
BBG000BB4WY0,1062047,COMMON,CONVERGYS CORP,Common Stock,true,cusip
BBG000BB5006,796343,COMMON,ADOBE INC,Common Stock,true,cusip
BBG000BB5373,1365135,COMMON,WESTERN UNION,Common Stock,true,cusip
BBG000BB5792,884887,COMMON,ROYAL CARIBBEAN GROUP LTD,Common Stock,true,cusip
BBG000BB5B84,1069202,COMMON,LENNOX INTERNATIONAL INC,Common Stock,true,cusip
BBG000BB5BF6,1326380,CLASS A,GAMESTOP CORP CLASS A,Common Stock,true,cusip
BBG000BB5HV5,61478,COMMON,ADC TELECOMMUNICATIONS,Common Stock,true,cusip
BBG000BB65D0,749251,COMMON,GARTNER INC,Common Stock,true,cusip
BBG000BB6F57,859163,COMMON,AVX CORP.,Common Stock,true,cusip
BBG000BB6G37,6281,COMMON,ANALOG DEVICES INC,Common Stock,true,cusip
BBG000BB6KF5,1099219,COMMON,METLIFE INC,Common Stock,true,cusip
BBG000BB6M98,1031296,COMMON,FIRSTENERGY CORP,Common Stock,true,cusip
BBG000BB6MM3,1390844,COMMON,WABCO HOLDINGS INC,Common Stock,true,cusip
BBG000BB6WG8,7084,COMMON,ARCHER DANIELS MIDLAND,Common Stock,true,cusip
BBG000BB72K8,59527,COMMON,LINCOLN ELECTRIC HOLDINGS INC,Common Stock,true,cusip
BBG000BB7SX7,895417,COMMON,EQUITY LIFESTYLE PROPERTIES REIT I,REIT,true,cusip
BBG000BB8PG1,1045309,COMMON,WR GRACE,Common Stock,true,cusip
BBG000BB8SW7,75677,COMMON,PACKAGING CORP OF AMERICA,Common Stock,true,cusip
BBG000BB8ZF0,,COMMON,WESTERN REFINING INC,Common Stock,true,cusip
BBG000BB99S3,1038074,COMMON,SILICON LABORATORIES INC,Common Stock,true,cusip
BBG000BB9KF2,4904,COMMON,AMERICAN ELECTRIC POWER INC,Common Stock,true,cusip
BBG000BB9RZ5,914024,COMMON,SHAW GROUP INC.,Common Stock,true,cusip
BBG000BBB3K1,1275283,COMMON,REYNOLDS AMERICAN INC,Common Stock,true,cusip
BBG000BBBNC6,4977,COMMON,AFLAC INC,Common Stock,true,cusip
BBG000BBBP59,911421,COMMON,PARTNERRE LTD,Common Stock,true,cusip
BBG000BBBQ84,1292556,COMMON,POLYPORE INTERNATIONAL INC.,Common Stock,true,cusip
BBG000BBCDZ2,1024478,COMMON,ROCKWELL AUTOMATION INC,Common Stock,true,cusip
BBG000BBCQD7,1032033,COMMON,SLM CORP,Common Stock,true,cusip
BBG000BBD070,4447,COMMON,HESS CORP,Common Stock,true,cusip
BBG000BBDPQ4,741508,COMMON,NV ENERGY INC.,Common Stock,true,cusip
BBG000BBDV81,1058290,CLASS A,COGNIZANT TECHNOLOGY SOLUTIONS COR,Common Stock,true,cusip
BBG000BBDZG3,5272,COMMON,AMERICAN INTERNATIONAL GROUP INC,Common Stock,true,cusip
BBG000BBG2C7,1024519,COMMON,CNH GLOBAL N.V.,Common Stock,true,cusip
BBG000BBG3P1,892535,COMMON,THORNBURG MORTGAGE INC,Common Stock,true,cusip
BBG000BBGGQ1,1035002,COMMON,VALERO ENERGY CORP,Common Stock,true,cusip
BBG000BBHHP9,109563,COMMON,APPLIED INDUSTRIAL TECHNOLOGIES IN,Common Stock,true,cusip
BBG000BBHXQ3,354190,COMMON,ARTHUR J GALLAGHER,Common Stock,true,cusip
BBG000BBJB07,3116,COMMON,AKORN INC,Common Stock,true,cusip
BBG000BBJQV0,1045810,COMMON,NVIDIA CORP,Common Stock,true,cusip
BBG000BBK401,3453,COMMON,MATSON INC,Common Stock,true,cusip
BBG000BBL0Y1,766421,COMMON,ALASKA AIR GROUP INC,Common Stock,true,cusip
BBG000BBL8V7,1050915,COMMON,QUANTA SERVICES INC,Common Stock,true,cusip
BBG000BBLK04,1470215,CLASS A,TOWERS WATSON,Common Stock,true,cusip
BBG000BBLPH5,1361538,COMMON,PRIMORIS SERVICES CORP,Common Stock,true,cusip
BBG000BBMSJ6,768251,COMMON,ALTERA CORP,Common Stock,true,cusip
BBG000BBMVS9,1029506,COMMON,RALCORP HOLDINGS INC.,Common Stock,true,cusip
BBG000BBNYF6,940944,COMMON,DARDEN RESTAURANTS INC,Common Stock,true,cusip
BBG000BBPFB9,,COMMON,APPLIED MATERIAL INC,Common Stock,true,cusip
BBG000BBQCY0,2488,COMMON,ADVANCED MICRO DEVICES INC,Common Stock,true,cusip
BBG000BBRPL4,105634,COMMON,EMCOR GROUP INC,Common Stock,true,cusip
BBG000BBS2Y0,318154,COMMON,AMGEN INC,Common Stock,true,cusip
BBG000BBS9F6,1075124,COMMON,THOMSON REUTERS CORP,Common Stock,true,ticker
BBG000BBSX81,767920,COMMON,PMC-SIERRA INC.,Common Stock,true,cusip
BBG000BBTJZ1,922621,CLASS A,ERIE INDEMNITY CLASS A,Common Stock,true,cusip
BBG000BBVCN6,922475,COMMON,ITT EDUCATIONAL SVCS INC,Common Stock,true,cusip
BBG000BBVJZ8,1090012,COMMON,DEVON ENERGY CORP,Common Stock,true,cusip
BBG000BBVK30,6201,COMMON,AMR CORP,Common Stock,true,cusip
BBG000BBXLW4,350698,COMMON,AUTONATION INC,Common Stock,true,cusip
BBG000BBXQ71,866873,COMMON,DEL MONTE FOODS CO,Common Stock,true,cusip
BBG000BBY4T5,904163,COMMON,AMERICAN NATIONAL INSURANCE,Common Stock,true,cusip
BBG000BC15S7,315293,CLASS A,AON PLC CLASS A,Common Stock,true,cusip
BBG000BC16H7,1301611,COMMON,LIFEPOINT HEALTH INC,Common Stock,true,cusip
BBG000BC1L02,91142,COMMON,A O SMITH CORP,Common Stock,true,cusip
BBG000BC26P7,912463,COMMON,GUESS INC,Common Stock,true,cusip
BBG000BC2C10,6769,COMMON,APACHE CORP,Common Stock,true,cusip
BBG000BC2KW8,1286043,COMMON,KITE REALTY GROUP TRUST,REIT,false,cusip
BBG000BC2R71,40729,COMMON,ALLY FINANCIAL INC,Common Stock,true,cusip
BBG000BC33T9,1035443,COMMON,ALEXANDRIA REAL ESTATE EQUITIES RE,REIT,true,cusip
BBG000BC40Y8,773910,COMMON,ANADARKO PETROLEUM CORP,Common Stock,true,cusip
BBG000BC4JJ4,2969,COMMON,AIR PRODUCTS AND CHEMICALS INC,Common Stock,true,cusip
BBG000BC8G88,804212,COMMON,AIRGAS INC,Common Stock,true,cusip
BBG000BC9938,1124610,CLASS A,VMWARE CLASS A INC,Common Stock,true,cusip
BBG000BC9DK0,917251,COMMON,AGREE REALTY REIT CORP,REIT,true,cusip
BBG000BC9WH2,923118,COMMON,HOME PROPERTIES INC.,REIT,true,cusip
BBG000BCBCM7,791519,COMMON,STAPLES INC,Common Stock,true,cusip
BBG000BCD3D5,7536,COMMON,ARROW ELECTRONICS INC,Common Stock,true,cusip
BBG000BCFQC3,7789,COMMON,ASSOCIATED BANCORP,Common Stock,true,cusip
BBG000BCFXT0,4457,COMMON,U HAUL HOLDING,Common Stock,true,cusip
BBG000BCG930,1156039,COMMON,ELEVANCE HEALTH INC,Common Stock,true,cusip
BBG000BCGY17,1424847,COMMON,LORILLARD INC,Common Stock,true,cusip
BBG000BCHG15,1305014,COMMON,ASHLAND INC,Common Stock,true,cusip
BBG000BCJ161,873303,COMMON,SAREPTA THERAPEUTICS INC,Common Stock,true,cusip
BBG000BCKC47,1004155,COMMON,AGL RESOURCES INC.,Common Stock,true,cusip
BBG000BCKGW7,1047127,COMMON,AMKOR TECHNOLOGY INC,Common Stock,true,cusip
BBG000BCLYL9,1003078,CLASS A,MSC INDUSTRIAL INC CLASS A,Common Stock,true,cusip
BBG000BCM087,8411,COMMON,ATWOOD OCEANICS INC.,Common Stock,true,cusip
BBG000BCMBG4,1262039,COMMON,FORTINET INC,Common Stock,true,cusip
BBG000BCMWM1,812011,COMMON,VAIL RESORTS INC,Common Stock,true,cusip
BBG000BCNYT9,8868,COMMON,AVON PRODUCTS INC,Common Stock,true,cusip
BBG000BCPB71,8858,COMMON,AVNET INC,Common Stock,true,cusip
BBG000BCQ4P6,8818,COMMON,AVERY DENNISON CORP,Common Stock,true,cusip
BBG000BCQ6J8,1404912,COMMON,KKR AND CO INC,Common Stock,true,cusip
BBG000BCQM58,1025378,COMMON,W. P. CAREY REIT INC,REIT,true,cusip
BBG000BCQZS4,4962,COMMON,AMERICAN EXPRESS,Common Stock,true,cusip
BBG000BCSPR5,1490892,COMMON,CORESITE REALTY REIT CORP,REIT,true,cusip
BBG000BCSST7,12927,COMMON,BOEING,Common Stock,true,cusip
BBG000BCTL84,935724,COMMON,PMI GROUP INC,Common Stock,true,cusip
BBG000BCTLF6,70858,COMMON,BANK OF AMERICA CORP,Common Stock,true,cusip
BBG000BCTQ65,72903,COMMON,XCEL ENERGY INC,Common Stock,true,cusip
BBG000BCVG28,945841,COMMON,POOL CORP,Common Stock,true,cusip
BBG000BCVJ77,10456,COMMON,BAXTER INTERNATIONAL INC,Common Stock,true,cusip
BBG000BCWCG1,764478,COMMON,BEST BUY INC,Common Stock,true,cusip
BBG000BCWKD6,1535929,COMMON,VOYA FINANCIAL INC,Common Stock,true,cusip
BBG000BCWSS3,14930,COMMON,BRUNSWICK CORP,Common Stock,true,cusip
BBG000BCX7G1,12978,COMMON,OFFICEMAX INC,Common Stock,true,cusip
BBG000BCYP43,9892,COMMON,C R BARD INC,Common Stock,true,cusip
BBG000BCZBF1,949870,CLASS A,BOSTON BEER INC CLASS A,Common Stock,true,cusip
BBG000BCZH22,12355,COMMON,BLACK & DECKER CORP,Common Stock,true,cusip
BBG000BCZL41,1442145,COMMON,VERISK ANALYTICS INC,Common Stock,true,cusip
BBG000BCZYD3,10795,COMMON,BECTON DICKINSON,Common Stock,true,cusip
BBG000BD0DV5,840467,COMMON,BECKMAN COULTER INC,Common Stock,true,cusip
BBG000BD0Q91,890491,COMMON,BARNES & NOBLE INC,Common Stock,true,cusip
BBG000BD0TF8,38777,COMMON,FRANKLIN RESOURCES INC,Common Stock,true,cusip
BBG000BD1HP2,11544,COMMON,WR BERKLEY CORP,Common Stock,true,cusip
BBG000BD2167,780571,COMMON,ITRON INC,Common Stock,true,cusip
BBG000BD2C18,14693,CLASS A,BROWN FORMAN CORP CLASS A,Common Stock,true,cusip
BBG000BD2NY8,14693,CLASS B,BROWN FORMAN CORP CLASS B,Common Stock,true,cusip
BBG000BD3LM4,1002517,COMMON,NUANCE COMMUNICATIONS INC,Common Stock,true,cusip
BBG000BD4VG8,808362,COMMON,BAKER HUGHES INC,Common Stock,true,cusip
BBG000BD53V2,108312,COMMON,WOODWARD INC,Common Stock,true,cusip
BBG000BD6SQ2,1052100,CLASS A,WADDELL & REED FINANCIAL INC. CL A,Common Stock,true,cusip
BBG000BD7W19,1011657,COMMON,TITANIUM METALS CORP.,Common Stock,true,cusip
BBG000BD8PN9,1390777,COMMON,BANK OF NEW YORK MELLON CORP,Common Stock,true,cusip
BBG000BDD940,943452,COMMON,WESTINGHOUSE AIR BRAKE TECHNOLOGIE,Common Stock,true,cusip
BBG000BDDN94,1121484,COMMON,OIL STATES INTERNATIONAL INC.,Common Stock,true,cusip
BBG000BDDNH5,9389,COMMON,BALL CORP,Common Stock,true,cusip
BBG000BDG1Y1,835729,COMMON,BMC SOFTWARE INC.,Common Stock,true,cusip
BBG000BDHD29,1494319,COMMON,UNIVAR SOLUTIONS INC,Common Stock,true,cusip
BBG000BDHNB7,11199,COMMON,BEMIS INC,Common Stock,true,cusip
BBG000BDJL83,1013237,COMMON,FACTSET RESEARCH SYSTEMS INC,Common Stock,true,cusip
BBG000BDKN87,934612,COMMON,BURLINGTON NORTHERN,Common Stock,true,cusip
BBG000BDLCQ0,898174,COMMON,REINSURANCE GROUP OF AMERICA INC,Common Stock,true,cusip
BBG000BDLLR9,10427,COMMON,BAUSCH & LOMB INC,Common Stock,true,ticker
BBG000BDN878,1510400,COMMON,TAHOE RESOURCES INC,Common Stock,true,cusip
BBG000BDNB35,763901,COMMON,POPULAR INC,Common Stock,true,cusip
BBG000BDP616,1011174,COMMON,BRE PROPERTIES REIT INC,REIT,true,cusip
BBG000BDQGN9,10081,COMMON,BARR PHARMACEUTICALS INC,Common Stock,true,cusip
BBG000BDRMN5,949536,COMMON,HEARST-ARGYLE TELEVISION,Common Stock,true,cusip
BBG000BDRQ10,777001,COMMON,BEAR STEARNS COS INC,Common Stock,true,cusip
BBG000BDTNN1,310569,COMMON,ANHEUSER BUSCH COS INC,Common Stock,true,cusip
BBG000BDWKC5,356028,COMMON,CA INC,Common Stock,true,cusip
BBG000BDXCJ5,1071739,COMMON,CENTENE CORP,Common Stock,true,cusip
BBG000BDXGP9,23217,COMMON,CONAGRA BRANDS INC,Common Stock,true,cusip
BBG000BDXVW8,319687,COMMON,CONTINENTAL AIRLINES INC,Common Stock,true,cusip
BBG000BDY3Y7,1108109,COMMON,COMMUNITY HEALTH SYSTEMS INC.,Common Stock,true,cusip
BBG000BF0672,726958,COMMON,CASEYS GENERAL STORES INC,Common Stock,true,cusip
BBG000BF0K17,18230,COMMON,CATERPILLAR INC,Common Stock,true,cusip
BBG000BF1PD2,921112,COMMON,LIBERTY PROPERTY REIT TRUST,REIT,true,cusip
BBG000BF1R66,20171,COMMON,CHUBB CORP,Common Stock,true,cusip
BBG000BF2JS9,92339,COMMON,COLONIAL BANCGROUP INC,Common Stock,true,cusip
BBG000BF2KK4,1141982,CLASS A,COOPER INDUSTRIES PLC CL A,Common Stock,true,cusip
BBG000BF3BG8,45919,COMMON,HARTE HANKS INC,Common Stock,true,ticker
BBG000BF3G77,22356,COMMON,COMMERCE BANCSHARES INC,Common Stock,true,cusip
BBG000BF3WW4,16040,COMMON,CABOT CORP,Common Stock,true,cusip
BBG000BF4VY3,104599,COMMON,CIRCUIT CITY STORES INC,Common Stock,true,cusip
BBG000BF5RY1,1491675,COMMON,COCA-COLA ENTERPRISES INC,Common Stock,true,cusip
BBG000BF6756,1219601,COMMON,CROWN HOLDINGS INC,Common Stock,true,cusip
BBG000BF6F94,1105018,COMMON,NYMEX HOLDINGS INC,Common Stock,true,cusip
BBG000BF6LY3,815097,COMMON,CARNIVAL CORP LTD,Common Stock,true,cusip
BBG000BF6RQ9,1498710,COMMON,SPIRIT AIRLINES INC,Common Stock,true,cusip
BBG000BF7T75,910322,COMMON,ASTORIA FINANCIAL CORP,Common Stock,true,cusip
BBG000BF7XZ5,25191,COMMON,COUNTRYWIDE FINANCIAL,Common Stock,true,cusip
BBG000BF7Y65,1026214,COMMON,FEDERAL HOME LN MTG,Common Stock,true,cusip
BBG000BF8BH2,739708,COMMON,CLEAR CHANNEL COMM INC,Common Stock,true,cusip
BBG000BF8TF5,215466,COMMON,COEUR MINING INC,Common Stock,true,cusip
BBG000BFC848,1492691,COMMON,KNIGHT-SWIFT TRANSPORTATION HOLDIN,Common Stock,true,cusip
BBG000BFC8J2,816284,COMMON,CELGENE CORP,Common Stock,true,cusip
BBG000BFDLV8,804753,COMMON,CERNER CORP,Common Stock,true,cusip
BBG000BFDXW1,1054374,CLASS A,BROADCOM CORP CLASS A,Common Stock,true,cusip
BBG000BFFW15,909111,COMMON,COLONIAL PROPERTIES TR,REIT,true,cusip
BBG000BFGNJ5,1178670,COMMON,ALNYLAM PHARMACEUTICALS INC,Common Stock,true,cusip
BBG000BFJSG4,1096385,COMMON,VECTREN CORP,Common Stock,true,cusip
BBG000BFJT36,313927,COMMON,CHURCH AND DWIGHT INC,Common Stock,true,cusip
BBG000BFK8Y6,19612,COMMON,TCF FINANCIAL CORP,Common Stock,true,cusip
BBG000BFL116,1274494,COMMON,FIRST SOLAR INC,Common Stock,true,cusip
BBG000BFLXV3,802481,COMMON,PILGRIMS PRIDE CORP,Common Stock,true,cusip
BBG000BFMBQ6,701221,COMMON,CIGNA CORP,Common Stock,true,cusip
BBG000BFNR17,1101215,COMMON,ALLIANCE DATA SYSTEMS CORP,Common Stock,true,cusip
BBG000BFPK65,20286,COMMON,CINCINNATI FINANCIAL CORP,Common Stock,true,cusip
BBG000BFQYY3,21665,COMMON,COLGATE-PALMOLIVE,Common Stock,true,cusip
BBG000BFRF55,764065,COMMON,CLEVELAND CLIFFS INC,Common Stock,true,cusip
BBG000BFRRX8,822818,COMMON,CLEAN HARBORS INC,Common Stock,true,cusip
BBG000BFS7D3,21076,COMMON,CLOROX,Common Stock,true,cusip
BBG000BFSND8,22444,COMMON,COMMERCIAL METALS,Common Stock,true,cusip
BBG000BFT2L4,1166691,CLASS A,COMCAST CORP CLASS A,Common Stock,true,cusip
BBG000BFTJ91,1166691,CLASS A,COMCAST SPECIAL CORP CLASS A,Common Stock,true,cusip
BBG000BFV115,893538,COMMON,SM ENERGY,Common Stock,true,cusip
BBG000BFV758,1056696,COMMON,MANHATTAN ASSOCIATES INC,Common Stock,true,cusip
BBG000BFVKZ6,1267395,COMMON,ASPEN INSURANCE HOLDINGS LTD,Common Stock,true,cusip
BBG000BFVXX0,811156,COMMON,CMS ENERGY CORP,Common Stock,true,cusip
BBG000BFVZ83,913144,COMMON,RENAISSANCERE HOLDING LTD,Common Stock,true,cusip
BBG000BFWKC0,1110783,COMMON,MONSANTO,Common Stock,true,cusip
BBG000BFXHL6,1285785,COMMON,MOSAIC,Common Stock,true,cusip
BBG000BFYB47,21175,COMMON,CNA FINANCIAL CORP,Common Stock,true,cusip
BBG000BFZ1K0,23675,COMMON,CON-WAY INC.,Common Stock,true,cusip
BBG000BG09F5,874499,COMMON,GULFPORT ENERGY CORP,Common Stock,true,cusip
BBG000BG14P4,895419,COMMON,WOLFSPEED INC,Common Stock,true,cusip
BBG000BG1DH3,21510,COMMON,COHERENT INC,Common Stock,true,cusip
BBG000BG1SX2,317540,COMMON,COCA COLA CONSOLIDATED INC,Common Stock,true,cusip
BBG000BG3445,711404,COMMON,COOPER INC,Common Stock,true,cusip
BBG000BG3HG3,1496048,COMMON,GGP INC,REIT,true,cusip
BBG000BG4202,16732,COMMON,CAMPBELL SOUP,Common Stock,true,cusip
BBG000BG4JL2,1084755,COMMON,ARIBA INC,Common Stock,true,cusip
BBG000BG5BL8,1100682,COMMON,CHARLES RIVER LABORATORIES INTERNA,Common Stock,true,cusip
BBG000BG7423,25445,COMMON,CRANE,Common Stock,true,cusip
BBG000BG7L34,52827,COMMON,RAYONIER REIT INC,REIT,true,cusip
BBG000BG8814,1168696,CLASS A,REGAL ENTERTAINMENT GROUP CLASS A,Common Stock,true,cusip
BBG000BG8M31,906107,COMMON,EQUITY RESIDENTIAL REIT,REIT,true,cusip
BBG000BGBRG2,785161,COMMON,ENCOMPASS HEALTH CORP,Common Stock,true,cusip
BBG000BGBTC2,888491,COMMON,OMEGA HEALTHCARE INVESTORS REIT IN,REIT,true,cusip
BBG000BGCGB0,1035884,COMMON,COMMSCOPE INC,Common Stock,true,cusip
BBG000BGCQT9,17843,COMMON,CARPENTER TECHNOLOGY CORP,Common Stock,true,cusip
BBG000BGD7W6,1048286,CLASS A,MARRIOTT INTERNATIONAL INC CLASS A,Common Stock,true,cusip
BBG000BGFGT8,889331,COMMON,LITTELFUSE INC,Common Stock,true,cusip
BBG000BGFLL5,1368007,COMMON,NYSE EURONEXT,Common Stock,true,cusip
BBG000BGFZR8,23082,COMMON,COMPUTER SCIENCES CORP,Common Stock,true,cusip
BBG000BGGBT8,790051,COMMON,CARLISLE COMPANIES INC,Common Stock,true,cusip
BBG000BGJRC8,277948,COMMON,CSX CORP,Common Stock,true,cusip
BBG000BGKHZ3,1014473,COMMON,VERISIGN INC,Common Stock,true,cusip
BBG000BGKTF9,927628,COMMON,CAPITAL ONE FINANCIAL CORP,Common Stock,true,cusip
BBG000BGLFP7,1479094,COMMON,STAG INDUSTRIAL REIT INC,REIT,true,cusip
BBG000BGLRN3,18926,COMMON,LUMEN TECHNOLOGIES INC,Common Stock,true,cusip
BBG000BGMX22,1168478,COMMON,HEWITT ASSOCIATES INC,Common Stock,true,cusip
BBG000BGNM16,18532,COMMON,CENTEX CORP,Common Stock,true,cusip
BBG000BGPG26,859014,COMMON,COMPUWARE CORP.,Common Stock,true,cusip
BBG000BGPTV6,26172,COMMON,CUMMINS INC,Common Stock,true,cusip
BBG000BGPVW0,890319,COMMON,TAUBMAN CENTERS REIT INC,REIT,true,cusip
BBG000BGR5J0,1053112,CLASS A,CABLEVISION SYSTEMS CORP CLASS A,Common Stock,true,cusip
BBG000BGRB25,1287865,COMMON,MEDICAL PROPERTIES TRUST REIT INC,REIT,true,cusip
BBG000BGRKT6,1568647,COMMON,L-3 COMMUNICATIONS HOLDINGS INC,Common Stock,true,cusip
BBG000BGRY34,64803,COMMON,CVS HEALTH CORP,Common Stock,true,cusip
BBG000BGSPS5,26324,COMMON,CURTISS WRIGHT CORP,Common Stock,true,cusip
BBG000BGVML5,893955,COMMON,STUDENT LOAN CORP,Common Stock,true,cusip
BBG000BGVW60,715957,COMMON,DOMINION ENERGY INC,Common Stock,true,cusip
BBG000BGX2S0,896622,COMMON,APTARGROUP INC,Common Stock,true,cusip
BBG000BGXMG9,20212,COMMON,CHURCHILL DOWNS INC,Common Stock,true,cusip
BBG000BGXZB5,919012,COMMON,AMERICAN EAGLE OUTFITTERS INC,Common Stock,true,cusip
BBG000BGYDX9,28823,COMMON,DIEBOLD INC.,Common Stock,true,cusip
BBG000BGYMH7,916076,COMMON,MARTIN MARIETTA MATERIALS INC,Common Stock,true,cusip
BBG000BGYWY6,898173,COMMON,OREILLY AUTOMOTIVE INC,Common Stock,true,cusip
BBG000BGZ832,894315,COMMON,SITE CENTERS CORP,REIT,true,cusip
BBG000BGZP70,29644,COMMON,DONALDSON INC,Common Stock,true,cusip
BBG000BGZT72,1689923,CLASS A,ALTERYX INC CLASS A,Common Stock,true,cusip
BBG000BH0106,1393818,COMMON,BLACKSTONE INC,Common Stock,true,cusip
BBG000BH0FR6,1060736,COMMON,SEAGEN INC,Common Stock,true,cusip
BBG000BH13K9,,COMMON,E I DU PONT DE NEMOURS,Common Stock,true,cusip
BBG000BH1NH9,315189,COMMON,DEERE,Common Stock,true,cusip
BBG000BH23R1,826083,COMMON,DELL INC.,Common Stock,true,cusip
BBG000BH2JM1,849399,COMMON,GEN DIGITAL INC,Common Stock,true,cusip
BBG000BH2T94,895663,COMMON,GLOBAL INDUSTRIES LTD,Common Stock,true,cusip
BBG000BH2VM4,868809,COMMON,XTO ENERGY INC,Common Stock,true,cusip
BBG000BH3F20,1527166,COMMON,CARLYLE GROUP INC,Common Stock,true,cusip
BBG000BH3GZ2,1041061,COMMON,YUM BRANDS INC,Common Stock,true,cusip
BBG000BH3JF8,313616,COMMON,DANAHER CORP,Common Stock,true,cusip
BBG000BH4R78,1744489,COMMON,WALT DISNEY,Common Stock,true,cusip
BBG000BH5DV1,896878,COMMON,INTUIT INC,Common Stock,true,cusip
BBG000BH5K72,29924,COMMON,DOW JONES & CO INC,Common Stock,true,ticker
BBG000BH5LT6,1451505,COMMON,TRANSOCEAN LTD,Common Stock,true,cusip
BBG000BH82F0,918386,COMMON,QLOGIC CORP,Common Stock,true,cusip
BBG000BH93Y6,29669,COMMON,RR DONNELLEY AND SONS,Common Stock,true,cusip
BBG000BHB3M6,29905,COMMON,DOVER CORP,Common Stock,true,cusip
BBG000BHBGN6,732834,COMMON,CONTINENTAL RESOURCES INC,Common Stock,true,cusip
BBG000BHBK84,29915,COMMON,DOW CHEMICAL,Common Stock,true,cusip
BBG000BHBTX7,897723,COMMON,SANMINA CORP,Common Stock,true,cusip
BBG000BHC2S1,863157,COMMON,PETSMART INC,Common Stock,true,cusip
BBG000BHCDF1,787250,COMMON,DPL INC,Common Stock,true,cusip
BBG000BHCP19,827054,COMMON,MICROCHIP TECHNOLOGY INC,Common Stock,true,cusip
BBG000BHCYJ1,906709,COMMON,NEKTAR THERAPEUTICS,Common Stock,true,cusip
BBG000BHD665,899171,COMMON,CDW CORP,Common Stock,true,ticker
BBG000BHD8S7,783280,COMMON,DUKE REALTY REIT CORP,REIT,true,cusip
BBG000BHFHP8,1381531,COMMON,DOMTAR CORP,Common Stock,true,cusip
BBG000BHG9K0,1070494,COMMON,ACADIA PHARMACEUTICALS INC,Common Stock,true,cusip
BBG000BHGCD1,1131096,COMMON,ATHENAHEALTH INC,Common Stock,true,cusip
BBG000BHGDH5,1326160,COMMON,DUKE ENERGY CORP,Common Stock,true,cusip
BBG000BHJWG1,1069183,COMMON,AXON ENTERPRISE INC,Common Stock,true,cusip
BBG000BHK836,354908,COMMON,FLIR SYSTEMS INC,Common Stock,true,cusip
BBG000BHKYH4,31462,COMMON,ECOLAB INC,Common Stock,true,cusip
BBG000BHLYP4,1156375,CLASS A,CME GROUP INC CLASS A,Common Stock,true,cusip
BBG000BHLYS1,1047862,COMMON,CONSOLIDATED EDISON INC,Common Stock,true,cusip
BBG000BHNPN3,1090403,COMMON,CATALYST HEALTH SOLUTIONS INC.,Common Stock,true,cusip
BBG000BHPL78,33185,COMMON,EQUIFAX INC,Common Stock,true,cusip
BBG000BHQ1H0,850693,COMMON,ALLERGAN INC,Common Stock,true,cusip
BBG000BHQYG9,277595,COMMON,ENERGEN CORP,Common Stock,true,cusip
BBG000BHRBT4,49600,COMMON,EASTGROUP PROPERTIES REIT INC,REIT,true,cusip
BBG000BHRRV6,31235,COMMON,EASTMAN KODAK CO,Common Stock,true,cusip
BBG000BHSKN9,1288776,CLASS A,GOOGLE INC CLASS A,Common Stock,true,cusip
BBG000BHVJJ3,790070,COMMON,EMC CORP,Common Stock,true,cusip
BBG000BHW628,1057058,COMMON,WASTE CONNECTIONS INC.,Common Stock,true,cusip
BBG000BHWTB8,903127,COMMON,POST PROPERTIES INC.,REIT,true,cusip
BBG000BHX7N2,32604,COMMON,EMERSON ELECTRIC,Common Stock,true,cusip
BBG000BHX9P6,906553,COMMON,BOYD GAMING CORP,Common Stock,true,cusip
BBG000BHY4D9,1068851,COMMON,PROSPERITY BANCSHARES INC,Common Stock,true,cusip
BBG000BHZ5J9,33213,COMMON,EQT CORP,Common Stock,true,cusip
BBG000BJ26K7,915913,COMMON,ALBEMARLE CORP,Common Stock,true,cusip
BBG000BJ27C4,1094093,COMMON,PROGRESS ENERGY INC.,Common Stock,true,cusip
BBG000BJ2D31,1063761,COMMON,SIMON PROPERTY GROUP REIT INC,REIT,true,cusip
BBG000BJ3PD2,1551182,COMMON,EATON PLC,Common Stock,true,cusip
BBG000BJ3QD0,1183920,COMMON,DADE BEHRING HLDGS INC,Common Stock,true,ticker
BBG000BJ49H3,908255,COMMON,BORGWARNER INC,Common Stock,true,cusip
BBG000BJ5GK2,,COMMON,EXPEDITORS INTERNATIONAL OF WASHIN,Common Stock,true,cusip
BBG000BJ5HK0,1144215,COMMON,ACUITY INC,Common Stock,true,cusip
BBG000BJ5SS8,1282637,COMMON,NEWMARKET CORP,Common Stock,true,cusip
BBG000BJ81C1,86312,COMMON,TRAVELERS COMPANIES INC,Common Stock,true,cusip
BBG000BJ8YN7,815556,COMMON,FASTENAL,Common Stock,true,cusip
BBG000BJ98Z0,909954,COMMON,KEURIG GREEN MOUNTAIN INC,Common Stock,true,cusip
BBG000BJ9B29,37808,COMMON,FNB CORP,Common Stock,true,cusip
BBG000BJ9D07,1424454,COMMON,ROVI CORP.,Common Stock,true,cusip
BBG000BJBMG7,38067,CLASS A,FOREST CITY ENTERPRISES INC. CL A,Common Stock,true,cusip
BBG000BJBZ23,1278021,COMMON,MARKETAXESS HOLDINGS INC,Common Stock,true,cusip
BBG000BJCDS3,798941,CLASS A,FIRST CITIZENS BANCSHARES INC CLAS,Common Stock,true,cusip
BBG000BJCFP1,1084580,COMMON,JEFFERIES GROUP INC.,Common Stock,true,cusip
BBG000BJDB15,831259,COMMON,FREEPORT MCMORAN INC,Common Stock,true,cusip
BBG000BJDPC2,34408,COMMON,FAMILY DOLLAR STORES INC,Common Stock,true,cusip
BBG000BJDX44,1076405,COMMON,PEPSI BOTTLING GROUP,Common Stock,true,cusip
BBG000BJF1Z8,1048911,COMMON,FEDEX CORP,Common Stock,true,cusip
BBG000BJFJ98,1043219,COMMON,ANNALY CAPITAL MANAGEMENT REIT INC,REIT,true,cusip
BBG000BJKPG0,798354,COMMON,FISERV INC,Common Stock,true,cusip
BBG000BJL3N0,35527,COMMON,FIFTH THIRD BANCORP,Common Stock,true,cusip
BBG000BJNGN9,898293,COMMON,JABIL INC,Common Stock,true,cusip
BBG000BJP882,37785,COMMON,FMC CORP,Common Stock,true,cusip
BBG000BJPDZ1,1035267,COMMON,INTUITIVE SURGICAL INC,Common Stock,true,cusip
BBG000BJQ328,,COMMON,FEDERAL NATL MTG ASSOC,Common Stock,true,cusip
BBG000BJQWD2,1086222,COMMON,AKAMAI TECHNOLOGIES INC,Common Stock,true,cusip
BBG000BJSBJ0,753308,COMMON,NEXTERA ENERGY INC,Common Stock,true,cusip
BBG000BJSJT2,1070985,COMMON,CORECIVIC REIT INC,Common Stock,true,cusip
BBG000BJV732,37651,COMMON,FLORIDA ROCK INDUSTRIES,Common Stock,true,ticker
BBG000BJVN28,34903,COMMON,FEDERAL REALTY INVESTMENT TRUST RE,REIT,true,cusip
BBG000BJVZF7,38074,COMMON,FOREST LABORATORIES INC,Common Stock,true,cusip
BBG000BJW241,918646,COMMON,EAGLE MATERIALS INC,Common Stock,true,cusip
BBG000BJX8C8,1021860,COMMON,NOV INC,Common Stock,true,cusip
BBG000BJXKD0,54507,COMMON,WESTAR ENERGY INC,Common Stock,true,cusip
BBG000BJXXX0,949589,COMMON,INVESTORS FINANCIAL SVCS,Common Stock,true,ticker
BBG000BJZM26,700564,COMMON,FULTON FINANCIAL CORP.,Common Stock,true,cusip
BBG000BK1FD3,1130385,COMMON,FOSTER WHEELER AG,Common Stock,true,cusip
BBG000BK28N7,703351,COMMON,BRINKER INTERNATIONAL INC.,Common Stock,true,cusip
BBG000BK2F42,1136893,SERIES V,FIDELITY NATIONAL INFORMATION SERV,Common Stock,true,cusip
BBG000BK5DP1,39899,COMMON,TEGNA INC,Common Stock,true,cusip
BBG000BK67C7,40533,COMMON,GENERAL DYNAMICS CORP,Common Stock,true,cusip
BBG000BK6G19,912750,COMMON,NEWFIELD EXPLORATION,Common Stock,true,cusip
BBG000BK6MB5,40545,COMMON,GE AEROSPACE,Common Stock,true,cusip
BBG000BK7SL0,732485,COMMON,GENZYME CORP,Common Stock,true,cusip
BBG000BK9W84,42888,COMMON,GRACO INC,Common Stock,true,cusip
BBG000BKCFC2,40704,COMMON,GENERAL MILLS INC,Common Stock,true,cusip
BBG000BKD3K9,1316835,COMMON,BUILDERS FIRSTSOURCE INC,Common Stock,true,cusip
BBG000BKFBD7,93751,COMMON,STATE STREET CORP,Common Stock,true,cusip
BBG000BKFZM4,24741,COMMON,CORNING INC,Common Stock,true,cusip
BBG000BKGXQ4,40211,COMMON,GATX CORP,Common Stock,true,cusip
BBG000BKJ092,355811,COMMON,GENTEX CORP,Common Stock,true,cusip
BBG000BKJG33,1088856,COMMON,CORCEPT THERAPEUTICS INC,Common Stock,true,cusip
BBG000BKKQ84,1050797,COMMON,COLUMBIA SPORTSWEAR,Common Stock,true,cusip
BBG000BKKXG0,909109,COMMON,PHILADELPHIA CONS HLDG,Common Stock,true,cusip
BBG000BKL348,40987,COMMON,GENUINE PARTS,Common Stock,true,cusip
BBG000BKLH74,39911,COMMON,GAP INC,Common Stock,true,cusip
BBG000BKLTM1,1439095,COMMON,MRC GLOBAL INC,Common Stock,true,cusip
BBG000BKLVK8,42542,COMMON,GOODRICH CORP,Common Stock,true,cusip
BBG000BKNX95,42582,COMMON,GOODYEAR TIRE & RUBBER,Common Stock,true,cusip
BBG000BKPL53,1136869,COMMON,ZIMMER BIOMET HOLDINGS INC,Common Stock,true,cusip
BBG000BKQ3V3,1351413,COMMON,SEADRILL LTD,Common Stock,true,cusip
BBG000BKQG80,891103,COMMON,IAC INTERACTIVE,Common Stock,true,cusip
BBG000BKR1D6,277135,COMMON,WW GRAINGER INC,Common Stock,true,cusip
BBG000BKRK35,806085,COMMON,LEHMAN BROTHERS HOLDINGS,Common Stock,true,cusip
BBG000BKSL41,921847,COMMON,HUDSON CITY BANCORP INC,Common Stock,true,cusip
BBG000BKTFN2,45012,COMMON,HALLIBURTON,Common Stock,true,cusip
BBG000BKTT89,800459,COMMON,HARMAN INTERNATIONAL INDUSTRIES IN,Common Stock,true,cusip
BBG000BKVJK4,46080,COMMON,HASBRO INC,Common Stock,true,cusip
BBG000BKWCS0,47518,COMMON,HILL ROM HOLDINGS INC,Common Stock,true,cusip
BBG000BKWSR6,49196,COMMON,HUNTINGTON BANCSHARES INC,Common Stock,true,cusip
BBG000BKXFN7,889900,COMMON,PATTERSON UTI ENERGY INC,Common Stock,true,cusip
BBG000BKXPK8,888919,COMMON,HCC INSURANCE HOLDINGS INC.,Common Stock,true,cusip
BBG000BKXYX5,910521,COMMON,DECKERS OUTDOOR CORP,Common Stock,true,cusip
BBG000BKY1G5,766704,COMMON,WELLTOWER INC,REIT,true,cusip
BBG000BKYDP9,765880,COMMON,HEALTHPEAK PROPERTIES INC,REIT,true,cusip
BBG000BKZB36,354950,COMMON,HOME DEPOT INC,Common Stock,true,cusip
BBG000BKZTP3,793952,COMMON,HARLEY DAVIDSON INC,Common Stock,true,cusip
BBG000BL0P40,354707,COMMON,HAWAIIAN ELECTRIC INDUSTRIES INC,Common Stock,true,cusip
BBG000BL16Q7,46619,COMMON,HEICO CORP,Common Stock,true,cusip
BBG000BL46Q4,910606,COMMON,REGENCY CENTERS REIT CORP,REIT,true,cusip
BBG000BL5W86,719413,COMMON,HECLA MINING,Common Stock,true,cusip
BBG000BL6138,1055160,COMMON,MFA FINANCIAL REIT INC,REIT,true,cusip
BBG000BL6NZ5,1079577,COMMON,STANCORP FINANCIAL GROUP INC.,Common Stock,true,cusip
BBG000BL79J3,912615,COMMON,URBAN OUTFITTERS INC,Common Stock,true,cusip
BBG000BL8804,1070750,COMMON,HOST HOTELS & RESORTS REIT INC,REIT,true,cusip
BBG000BL8GJ6,918160,COMMON,AK STEEL HOLDING CORP,Common Stock,true,cusip
BBG000BL9439,46640,COMMON,H.J. HEINZ CO.,Common Stock,true,cusip
BBG000BL9C59,912242,COMMON,MACERICH REIT,REIT,true,cusip
BBG000BL9JQ1,48039,COMMON,HOLLYFRONTIER CORP,Common Stock,true,cusip
BBG000BLBGS2,,CLASS A,STEELCASE INC,Common Stock,true,cusip
BBG000BLBVN4,1075531,COMMON,BOOKING HOLDINGS INC,Common Stock,true,cusip
BBG000BLBXT4,316206,COMMON,STARWOOD HOTELS & RESORTS WORLDWID,Common Stock,true,cusip
BBG000BLCJG8,911971,COMMON,TEEKAY CORP,Common Stock,true,ticker
BBG000BLCL55,1108827,COMMON,QEP RESOURCES INC,Common Stock,true,cusip
BBG000BLCPY4,46765,COMMON,HELMERICH & PAYNE INC,Common Stock,true,cusip
BBG000BLDV98,12659,COMMON,H&R BLOCK INC,Common Stock,true,cusip
BBG000BLDXH5,1124804,COMMON,ALLSCRIPTS HEALTHCARE SOLUTIONS IN,Common Stock,true,cusip
BBG000BLF8D2,48465,COMMON,HORMEL FOODS CORP,Common Stock,true,cusip
BBG000BLFC07,859598,COMMON,SEACOR HOLDINGS INC,Common Stock,true,cusip
BBG000BLFNC0,43920,CLASS A,GREIF INC. CL A,Common Stock,true,cusip
BBG000BLG1L7,803649,COMMON,EQUITY COMMONWEALTH REIT,REIT,true,cusip
BBG000BLGFJ9,202058,COMMON,L3HARRIS TECHNOLOGIES INC,Common Stock,true,cusip
BBG000BLH3P8,45876,COMMON,HARSCO CORP,Common Stock,true,cusip
BBG000BLHRS2,47111,COMMON,HERSHEY FOODS,Common Stock,true,cusip
BBG000BLJWF3,912593,COMMON,SUN COMMUNITIES REIT INC,REIT,true,cusip
BBG000BLK267,48898,COMMON,HUBBELL INC,Common Stock,true,cusip
BBG000BLKK03,49071,COMMON,HUMANA INC,Common Stock,true,cusip
BBG000BLMDQ9,717605,COMMON,HEXCEL CORP,Common Stock,true,cusip
BBG000BLMXN8,1025996,COMMON,KILROY REALTY REIT CORP,REIT,true,cusip
BBG000BLMY92,912595,COMMON,MID AMERICA APARTMENT COMMUNITIES,REIT,true,cusip
BBG000BLMZK6,1170010,COMMON,CARMAX INC,Common Stock,true,cusip
BBG000BLNNH6,51143,COMMON,INTERNATIONAL BUSINESS MACHINES CO,Common Stock,true,cusip
BBG000BLNZL4,18349,COMMON,SYNOVUS FINANCIAL CORP,Common Stock,true,cusip
BBG000BLPBL5,915912,COMMON,AVALONBAY COMMUNITIES REIT INC,REIT,true,cusip
BBG000BLQ5V6,901219,COMMON,HUMAN GENOME SCIENCES INC.,Common Stock,true,cusip
BBG000BLR3Y7,1057877,COMMON,IDACORP INC,Common Stock,true,cusip
BBG000BLRGM1,,COMMON,INTEGRATED DEVICE TECH,Common Stock,true,cusip
BBG000BLRP41,1005284,COMMON,UNIVERSAL DISPLAY CORP,Common Stock,true,cusip
BBG000BLRT07,874716,COMMON,IDEXX LABORATORIES INC,Common Stock,true,cusip
BBG000BLRYM2,914329,COMMON,FEI CO.,Common Stock,true,cusip
BBG000BLSL58,51253,COMMON,INTERNATIONAL FLAVORS & FRAGRANCES,Common Stock,true,cusip
BBG000BLVBC8,897429,COMMON,CHICOS FAS INC.,Common Stock,true,cusip
BBG000BLW102,820318,COMMON,COHERENT CORP,Common Stock,true,cusip
BBG000BLW530,915389,COMMON,EASTMAN CHEMICAL,Common Stock,true,cusip
BBG000BLXT19,722830,COMMON,IMMUNOMEDICS INC,Common Stock,true,cusip
BBG000BLXZN1,916365,COMMON,TRACTOR SUPPLY,Common Stock,true,cusip
BBG000BLY636,773468,COMMON,INDYMAC BANCORP INC,Common Stock,true,cusip
BBG000BLY663,1334036,COMMON,CROCS INC,Common Stock,true,cusip
BBG000BLZRJ2,895421,COMMON,MORGAN STANLEY,Common Stock,true,cusip
BBG000BM1RP0,1301063,COMMON,FOUNDATION COAL HOLDINGS,Common Stock,true,cusip
BBG000BM2GS0,1075415,COMMON,DIVERSIFIED HEALTHCARE TRUST,REIT,true,ticker
BBG000BM3CJ8,789460,COMMON,WORLD FUEL SERVICES CORP,Common Stock,true,cusip
BBG000BM5SR2,51434,COMMON,INTERNATIONAL PAPER,Common Stock,true,cusip
BBG000BM6788,1466258,COMMON,TRANE TECHNOLOGIES PLC,Common Stock,true,cusip
BBG000BM6KM3,316793,COMMON,INTERNATIONAL RECTIFIER,Common Stock,true,cusip
BBG000BM7HL0,769397,COMMON,AUTODESK INC,Common Stock,true,cusip
BBG000BM7L13,1021162,COMMON,TRIUMPH GROUP INC.,Common Stock,true,cusip
BBG000BM8M92,912513,COMMON,CYTEC INDUSTRIES INC,Common Stock,true,cusip
BBG000BM9035,,COMMON,INVESTMENT TECHNOLOGY GROUP,Common Stock,true,cusip
BBG000BM9RH1,900075,COMMON,COPART INC,Common Stock,true,cusip
BBG000BMB7R1,216228,COMMON,ITT CORP,Common Stock,true,cusip
BBG000BMBL90,49826,COMMON,ILLINOIS TOOL INC,Common Stock,true,cusip
BBG000BMDBZ1,728535,COMMON,JB HUNT TRANSPORT SERVICES INC,Common Stock,true,cusip
BBG000BMDV41,53669,COMMON,JOHNSON CONTROLS INC,Common Stock,true,cusip
BBG000BMDZF0,1039101,COMMON,L3 TECHNOLOGIES INC,Common Stock,true,cusip
BBG000BMFD58,1173431,COMMON,TD AMERITRADE HOLDING CORP,Common Stock,true,cusip
BBG000BMFFQ0,52988,COMMON,JACOBS ENGINEERING GROUP INC,Common Stock,true,cusip
BBG000BMGL77,1047202,COMMON,GETTY IMAGES INC,Common Stock,true,cusip
BBG000BMH2Q7,779152,COMMON,JACK HENRY AND ASSOCIATES INC,Common Stock,true,cusip
BBG000BMHYD1,200406,COMMON,JOHNSON & JOHNSON,Common Stock,true,cusip
BBG000BMJYW8,899881,COMMON,PROLOGIS,REIT,true,cusip
BBG000BMKDM3,55067,COMMON,KELLANOVA,Common Stock,true,cusip
BBG000BMLWX8,795266,COMMON,KB HOME,Common Stock,true,cusip
BBG000BMLYZ2,1060990,COMMON,QUICKSILVER RESOURCES,Common Stock,true,cusip
BBG000BMNBY1,1029199,COMMON,EURONET WORLDWIDE INC,Common Stock,true,cusip
BBG000BMP3J4,1010552,COMMON,POLYCOM INC.,Common Stock,true,cusip
BBG000BMQ839,,SERIES V,NATIONWIDE FINL SVCS,Common Stock,true,cusip
BBG000BMQCP6,56047,COMMON,KIRBY CORP,Common Stock,true,cusip
BBG000BMQPL1,91576,COMMON,KEYCORP,Common Stock,true,cusip
BBG000BMR3G5,1141107,COMMON,ARRIS GROUP INC.,Common Stock,true,cusip
BBG000BMSRR9,1031308,CLASS B,BENTLEY SYSTEMS INC CLASS B,Common Stock,true,cusip
BBG000BMT9T6,1094285,COMMON,TELEDYNE TECHNOLOGIES INC,Common Stock,true,cusip
BBG000BMTFR4,319201,COMMON,KLA CORP,Common Stock,true,cusip
BBG000BMW2Z0,55785,COMMON,KIMBERLY CLARK CORP,Common Stock,true,cusip
BBG000BMWKC5,55242,COMMON,KENNAMETAL INC.,Common Stock,true,cusip
BBG000BMWV95,890926,COMMON,RADIAN GROUP INC,Common Stock,true,cusip
BBG000BMX289,21344,COMMON,COCA-COLA,Common Stock,true,cusip
BBG000BMXK89,70866,COMMON,NCR VOYIX CORP,Common Stock,true,cusip
BBG000BMY992,56873,COMMON,KROGER,Common Stock,true,cusip
BBG000BMZ7P7,54480,COMMON,KANSAS CITY SOUTHERN,Common Stock,true,cusip
BBG000BMZLP6,1071806,COMMON,AQUANTIVE INC,Common Stock,true,ticker
BBG000BN1XR3,1137411,COMMON,ROCKWELL COLLINS INC,Common Stock,true,cusip
BBG000BN2DC2,1108524,COMMON,SALESFORCE INC,Common Stock,true,cusip
BBG000BN53G7,58492,COMMON,LEGGETT & PLATT INC,Common Stock,true,cusip
BBG000BN5HF7,920760,CLASS A,LENNAR A CORP CLASS A,Common Stock,true,cusip
BBG000BN6349,1262279,COMMON,FIRST MARBLEHEAD CORP,Common Stock,true,ticker
BBG000BN84F3,1022079,COMMON,QUEST DIAGNOSTICS INC,Common Stock,true,cusip
BBG000BN8ZK8,916540,COMMON,DARLING INGREDIENTS INC,Common Stock,true,cusip
BBG000BN9WT5,791907,COMMON,LINEAR TECHNOLOGY CORP,Common Stock,true,cusip
BBG000BNBDC2,59478,COMMON,ELI LILLY,Common Stock,true,cusip
BBG000BNBPQ0,704051,COMMON,LEGG MASON INC,Common Stock,true,cusip
BBG000BNC3Y9,59558,COMMON,LINCOLN NATIONAL CORP,Common Stock,true,cusip
BBG000BND699,1413447,COMMON,NXP SEMICONDUCTORS NV,Common Stock,true,cusip
BBG000BNDN65,60667,COMMON,LOWES COMPANIES INC,Common Stock,true,cusip
BBG000BNF508,60519,COMMON,LOUISIANA PACIFIC CORP,Common Stock,true,cusip
BBG000BNFLM9,707549,COMMON,LAM RESEARCH CORP,Common Stock,true,cusip
BBG000BNGTQ7,701985,COMMON,BATH AND BODY WORKS INC,Common Stock,true,cusip
BBG000BNHSP9,96223,COMMON,JEFFERIES FINANCIAL GROUP INC,Common Stock,true,cusip
BBG000BNJHS8,92380,COMMON,SOUTHWEST AIRLINES,Common Stock,true,cusip
BBG000BNL271,60751,COMMON,LUBRIZOL CORP,Common Stock,true,cusip
BBG000BNMHS4,871763,COMMON,MANPOWER INC,Common Stock,true,cusip
BBG000BNMMJ3,1000228,COMMON,HENRY SCHEIN INC,Common Stock,true,cusip
BBG000BNNKG9,62996,COMMON,MASCO CORP,Common Stock,true,cusip
BBG000BNNYW1,63276,COMMON,MATTEL INC,Common Stock,true,cusip
BBG000BNPS52,864749,COMMON,TRIMBLE INC,Common Stock,true,cusip
BBG000BNPSQ9,879169,COMMON,INCYTE CORP,Common Stock,true,cusip
BBG000BNPYN9,764038,COMMON,SOUTHSTATE BANK CORP,Common Stock,true,cusip
BBG000BNQN34,814585,COMMON,MBIA INC.,Common Stock,true,cusip
BBG000BNSZP1,63908,COMMON,MCDONALDS CORP,Common Stock,true,cusip
BBG000BNTFJ1,320345,COMMON,MICROS SYSTEMS INC,Common Stock,true,cusip
BBG000BNTTY4,773141,COMMON,MDC HOLDINGS INC,Common Stock,true,cusip
BBG000BNVNY4,65011,COMMON,MEREDITH CORP,Common Stock,true,cusip
BBG000BNWG87,1613103,COMMON,MEDTRONIC PLC,Common Stock,true,cusip
BBG000BNX3R4,67716,COMMON,MDU RESOURCES GROUP INC,Common Stock,true,cusip
BBG000BNXLK1,64782,COMMON,MELLON FINANCIAL CORP,Common Stock,true,ticker
BBG000BNY0W3,65100,COMMON,MERRILL LYNCH & CO INC,Common Stock,true,cusip
BBG000BP0929,1056288,CLASS B,FEDERATED HERMES INC CLASS B,Common Stock,true,cusip
BBG000BP0KQ8,712515,COMMON,ELECTRONIC ARTS INC,Common Stock,true,cusip
BBG000BP1152,936395,COMMON,CIENA CORP,Common Stock,true,cusip
BBG000BP1Q11,64040,COMMON,S&P GLOBAL INC,Common Stock,true,cusip
BBG000BP22B2,1399315,COMMON,MARSHALL & ILSLEY CORP,Common Stock,true,cusip
BBG000BP2H92,66479,COMMON,MILLIPORE CORP,Common Stock,true,cusip
BBG000BP2HH3,1031798,COMMON,BEA SYSTEMS INC,Common Stock,true,cusip
BBG000BP2X06,350907,COMMON,THORATEC CORP.,Common Stock,true,cusip
BBG000BP30Y0,1360901,CLASS A,EVERCORE INC CLASS A,Common Stock,true,cusip
BBG000BP4MH0,62709,COMMON,MARSH INC,Common Stock,true,cusip
BBG000BP52R2,66740,COMMON,3M,Common Stock,true,cusip
BBG000BP5YT0,866374,COMMON,FLEX LTD,Common Stock,true,cusip
BBG000BP6L99,1009626,COMMON,BROCADE COMMUNICATIONS SYSTEMS INC,Common Stock,true,cusip
BBG000BP6LJ8,764180,COMMON,ALTRIA GROUP INC,Common Stock,true,cusip
BBG000BP7CL4,67347,COMMON,MODINE MANUFACTURING,Common Stock,true,cusip
BBG000BP7JB0,912093,COMMON,VIAVI SOLUTIONS INC,Common Stock,true,cusip
BBG000BP8KR9,67472,COMMON,MOLEX INC.,Common Stock,true,cusip
BBG000BP8Z50,68505,COMMON,MOTOROLA SOLUTIONS INC,Common Stock,true,cusip
BBG000BP9WJ1,1703056,COMMON,ADT INC,Common Stock,true,cusip
BBG000BPBTL2,1046311,COMMON,CHOICE HOTELS INTERNATIONAL INC,Common Stock,true,cusip
BBG000BPBVW5,851205,COMMON,COGNEX CORP,Common Stock,true,cusip
BBG000BPD168,310158,COMMON,MERCK & CO INC,Common Stock,true,cusip
BBG000BPDDB6,849869,COMMON,SILGAN HOLDINGS INC,Common Stock,true,cusip
BBG000BPDXF8,66570,COMMON,MSA SAFETY INC,Common Stock,true,cusip
BBG000BPG977,310568,COMMON,MICROSEMI CORP,Common Stock,true,cusip
BBG000BPH459,789019,COMMON,MICROSOFT CORP,Common Stock,true,cusip
BBG000BPMH90,717423,COMMON,MURPHY OIL CORP,Common Stock,true,cusip
BBG000BPNP00,743316,COMMON,MAXIM INTEGRATED PRODUCTS INC,Common Stock,true,cusip
BBG000BPPN67,1393311,COMMON,PUBLIC STORAGE REIT,REIT,true,cusip
BBG000BPQD31,1623613,COMMON,MYLAN NV,Common Stock,true,cusip
BBG000BPQVR5,230498,CLASS A,ROCK-TENN CO. CL A,Common Stock,true,cusip
BBG000BPRN29,704532,COMMON,ONTO INNOVATION INC,Common Stock,true,cusip
BBG000BPS2V2,808450,COMMON,NAVISTAR INTERNATIONAL CORP,Common Stock,true,cusip
BBG000BPT0C6,72207,COMMON,NOBLE ENERGY INC,Common Stock,true,cusip
BBG000BPTDN6,70793,COMMON,NBTY INC,Common Stock,true,cusip
BBG000BPVCR1,891288,COMMON,QUESTCOR PHARMACEUTICALS INC,Common Stock,true,cusip
BBG000BPWGR1,72331,COMMON,NORDSON CORP,Common Stock,true,cusip
BBG000BPWXK1,1164727,COMMON,NEWMONT,Common Stock,true,cusip
BBG000BPX9M1,1058083,COMMON,IMS HEALTH INC,Common Stock,true,cusip
BBG000BPXVJ6,1060391,COMMON,REPUBLIC SERVICES INC,Common Stock,true,cusip
BBG000BPYD87,70145,COMMON,NATIONAL FUEL GAS,Common Stock,true,cusip
BBG000BPYHJ6,,COMMON,OCWEN FINANCIAL CORP,Common Stock,true,cusip
BBG000BPZBB6,1111711,COMMON,NISOURCE INC,Common Stock,true,cusip
BBG000BQ2C28,1133421,COMMON,NORTHROP GRUMMAN CORP,Common Stock,true,cusip
BBG000BQ3F39,758004,COMMON,NOVELL INC,Common Stock,true,cusip
BBG000BQ4WF8,939767,COMMON,EXELIXIS INC,Common Stock,true,cusip
BBG000BQ5DS5,702165,COMMON,NORFOLK SOUTHERN CORP,Common Stock,true,cusip
BBG000BQ5TK8,70530,COMMON,NATIONAL SEMICONDUCTOR,Common Stock,true,cusip
BBG000BQ74K1,73124,COMMON,NORTHERN TRUST CORP,Common Stock,true,cusip
BBG000BQ87N0,72741,COMMON,EVERSOURCE ENERGY,Common Stock,true,cusip
BBG000BQ8KV2,73309,COMMON,NUCOR CORP,Common Stock,true,cusip
BBG000BQB7P4,836106,COMMON,NOVELLUS SYSTEMS INC,Common Stock,true,cusip
BBG000BQBFQ5,912958,COMMON,MILLICOM INTERNATIONAL CELLULAR SA,Common Stock,true,cusip
BBG000BQBYR3,906163,COMMON,NVR INC,Common Stock,true,cusip
BBG000BQC9V2,814453,COMMON,NEWELL BRANDS INC,Common Stock,true,cusip
BBG000BQG2C4,353230,COMMON,OMNICARE INC,Common Stock,true,cusip
BBG000BQGLS5,1021635,COMMON,OGE ENERGY CORP,Common Stock,true,cusip
BBG000BQHGR6,1039684,COMMON,ONEOK INC,Common Stock,true,cusip
BBG000BQHTV3,74303,COMMON,OLIN CORP,Common Stock,true,cusip
BBG000BQLTW7,1341439,COMMON,ORACLE CORP,Common Stock,true,cusip
BBG000BQLXQ5,1096325,COMMON,INTERSIL CORP,Common Stock,true,cusip
BBG000BQMV15,,COMMON,OVERSEAS SHIPHOLDNG GRP,Common Stock,true,cusip
BBG000BQPC32,37996,COMMON,FORD MOTOR CO,Common Stock,true,cusip
BBG000BQQ2S6,797468,COMMON,OCCIDENTAL PETROLEUM CORP,Common Stock,true,cusip
BBG000BQQH30,1163165,COMMON,CONOCOPHILLIPS,Common Stock,true,cusip
BBG000BQSQ38,723531,COMMON,PAYCHEX INC,Common Stock,true,cusip
BBG000BQT4L6,1378946,COMMON,PEOPLES UNITED FINANCIAL INC,Common Stock,true,cusip
BBG000BQTMJ9,78814,COMMON,PITNEY BOWES INC,Common Stock,true,cusip
BBG000BQVTF5,75362,COMMON,PACCAR INC,Common Stock,true,cusip
BBG000BQW085,910406,COMMON,HAIN CELESTIAL GROUP INC,Common Stock,true,cusip
BBG000BQWPC5,1004980,COMMON,PG&E CORP,Common Stock,true,cusip
BBG000BQY289,891024,COMMON,PATTERSON COMPANIES INC,Common Stock,true,cusip
BBG000BQZMH4,788784,COMMON,PUBLIC SERVICE ENTERPRISE GROUP IN,Common Stock,true,cusip
BBG000BR14K5,896159,COMMON,CHUBB,Common Stock,true,cusip
BBG000BR1KR2,77877,COMMON,PDC ENERGY INC,Common Stock,true,cusip
BBG000BR2B91,78003,COMMON,PFIZER INC,Common Stock,true,cusip
BBG000BR2TH3,80424,COMMON,PROCTER & GAMBLE,Common Stock,true,cusip
BBG000BR32C6,917273,COMMON,RAMBUS INC,Common Stock,true,cusip
BBG000BR37X2,80661,COMMON,PROGRESSIVE CORP,Common Stock,true,cusip
BBG000BR3KL6,76334,COMMON,PARKER-HANNIFIN CORP,Common Stock,true,cusip
BBG000BR54L0,822416,COMMON,PULTEGROUP INC,Common Stock,true,cusip
BBG000BRB2F4,75829,COMMON,PALL CORP,Common Stock,true,cusip
BBG000BRD0D8,713676,COMMON,PNC FINANCIAL SERVICES GROUP INC,Common Stock,true,cusip
BBG000BRDSX5,764622,COMMON,PINNACLE WEST CORP,Common Stock,true,cusip
BBG000BRF689,78460,COMMON,PIEDMONT NATURAL GAS CO.,Common Stock,true,cusip
BBG000BRF6B5,30419,COMMON,R H DONNELLEY CORP,Common Stock,true,cusip
BBG000BRGWN4,80420,COMMON,POWELL INDUSTRIES INC,Common Stock,true,cusip
BBG000BRJ809,79879,COMMON,PPG INDUSTRIES INC,Common Stock,true,cusip
BBG000BRJL00,922224,COMMON,PPL CORP,Common Stock,true,cusip
BBG000BRMJN6,78128,COMMON,ESSENTIAL UTILITIES INC,Common Stock,true,cusip
BBG000BRMVZ6,1085392,COMMON,PUGET ENERGY INC,Common Stock,true,cusip
BBG000BRNGM2,731802,COMMON,ATMOS ENERGY CORP,Common Stock,true,cusip
BBG000BRNLL2,1097149,COMMON,ALIGN TECHNOLOGY INC,Common Stock,true,cusip
BBG000BRQ6L2,1158463,COMMON,JETBLUE AIRWAYS CORP,Common Stock,true,cusip
BBG000BRRG02,78239,COMMON,PVH CORP,Common Stock,true,cusip
BBG000BRVKH0,879407,COMMON,ARROWHEAD PHARMACEUTICALS INC,Common Stock,true,cusip
BBG000BRVP70,85961,COMMON,RYDER SYSTEM INC,Common Stock,true,cusip
BBG000BRW644,1096752,COMMON,EDGEWELL PERSONAL CARE,Common Stock,true,cusip
BBG000BRWGG9,84129,COMMON,RITE AID CORP,Common Stock,true,ticker
BBG000BRXP69,1099800,COMMON,EDWARDS LIFESCIENCES CORP,Common Stock,true,cusip
BBG000BRXTR8,82811,COMMON,REGAL REXNORD CORP,Common Stock,true,cusip
BBG000BRYN54,890801,COMMON,MCAFEE INC,Common Stock,true,cusip
BBG000BRZBT3,85408,CLASS A,ROWAN COMPANIES CLASS A PLC,Common Stock,true,cusip
BBG000BS0ZF1,1037038,CLASS A,RALPH LAUREN CORP CLASS A,Common Stock,true,cusip
BBG000BS1YV5,946581,COMMON,TAKE TWO INTERACTIVE SOFTWARE INC,Common Stock,true,cusip
BBG000BS3047,742278,COMMON,RPC INC,Common Stock,true,cusip
BBG000BS3FD4,780434,COMMON,RESPIRONICS INC,Common Stock,true,cusip
BBG000BS48J3,730272,COMMON,REPLIGEN CORP,Common Stock,true,cusip
BBG000BS4MP5,28917,CLASS A,DILLARDS INC CLASS A,Common Stock,true,cusip
BBG000BS5170,85535,COMMON,ROYAL GOLD INC,Common Stock,true,cusip
BBG000BS5CM9,1037540,COMMON,BXP INC,REIT,true,cusip
BBG000BS5DR2,315213,COMMON,ROBERT HALF,Common Stock,true,cusip
BBG000BS73J1,720005,COMMON,RAYMOND JAMES INC,Common Stock,true,cusip
BBG000BS7KS3,24545,CLASS B,MOLSON COORS BREWING CLASS B,Common Stock,true,cusip
BBG000BS7ZF4,84246,COMMON,RLI CORP,Common Stock,true,cusip
BBG000BS9489,29989,COMMON,OMNICOM GROUP INC,Common Stock,true,cusip
BBG000BSBB99,84792,COMMON,ROHM & HAAS CO,Common Stock,true,cusip
BBG000BSBBP1,84839,COMMON,ROLLINS INC,Common Stock,true,cusip
BBG000BSBZH7,745732,COMMON,ROSS STORES INC,Common Stock,true,cusip
BBG000BSC0K9,935703,COMMON,DOLLAR TREE INC,Common Stock,true,cusip
BBG000BSD7C2,1047122,COMMON,RAYTHEON,Common Stock,true,cusip
BBG000BSFRF3,883241,COMMON,SYNOPSYS INC,Common Stock,true,cusip
BBG000BSGQN5,85974,COMMON,RYLAND GROUP INC,Common Stock,true,cusip
BBG000BSHH72,1001838,COMMON,SOUTHERN COPPER CORP,Common Stock,true,cusip
BBG000BSHHP2,86104,COMMON,SAFECO CORP,Common Stock,true,cusip
BBG000BSJK37,732717,COMMON,AT&T INC,Common Stock,true,cusip
BBG000BSLLB3,754737,COMMON,SCANA CORP,Common Stock,true,cusip
BBG000BSLZY7,316709,COMMON,CHARLES SCHWAB CORP,Common Stock,true,cusip
BBG000BSPWD3,88121,COMMON,SEABOARD CORP,Common Stock,true,cusip
BBG000BSQLT9,350894,COMMON,SEI INVESTMENTS,Common Stock,true,cusip
BBG000BSRN78,1513761,COMMON,NORWEGIAN CRUISE LINE HOLDINGS LTD,Common Stock,true,cusip
BBG000BSS5C0,720672,COMMON,STIFEL FINANCIAL CORP,Common Stock,true,cusip
BBG000BSSC44,1000275,COMMON,ROYAL BANK OF CANADA,Common Stock,false,cusip
BBG000BSVZM9,310158,COMMON,SCHERING PLOUGH CORP,Common Stock,true,cusip
BBG000BSXQV7,89800,COMMON,SHERWIN WILLIAMS,Common Stock,true,cusip
BBG000BSY3K9,90185,COMMON,SIGMA ALDRICH CORP,Common Stock,true,cusip
BBG000BSYVD5,754009,COMMON,SIERRA HEALTH SERVICES,Common Stock,true,cusip
BBG000BSZXM0,721083,COMMON,SMITH INTERNATIONAL INC,Common Stock,true,cusip
BBG000BSZYR3,1045450,COMMON,EPR PROPERTIES REIT,REIT,true,cusip
BBG000BT0093,908937,COMMON,SIRIUS XM HOLDINGS INC,Common Stock,true,cusip
BBG000BT0CM2,719739,COMMON,SVB FINANCIAL GROUP,Common Stock,true,cusip
BBG000BT1715,91419,COMMON,JM SMUCKER,Common Stock,true,cusip
BBG000BT41Q8,87347,COMMON,SLB NV,Common Stock,true,cusip
BBG000BT4C39,1311370,COMMON,LAZARD INC,Common Stock,true,cusip
BBG000BT4T69,23666,COMMON,HILLSHIRE BRANDS,Common Stock,true,cusip
BBG000BT5PG5,825542,COMMON,SCOTTS MIRACLE GRO,Common Stock,true,cusip
BBG000BT7JW9,91440,COMMON,SNAP ON INC,Common Stock,true,cusip
BBG000BT9DW0,92122,COMMON,SOUTHERN,Common Stock,true,cusip
BBG000BT9T73,703360,COMMON,LSI CORP,Common Stock,true,cusip
BBG000BTCH57,1043277,COMMON,CH ROBINSON WORLDWIDE INC,Common Stock,true,cusip
BBG000BTCXB5,1042810,COMMON,EQUITY ONE INC.,REIT,true,cusip
BBG000BTFDR9,878560,COMMON,CALATLANTIC GROUP INC,Common Stock,true,cusip
BBG000BTGCV5,88205,COMMON,SPX TECHNOLOGIES INC,Common Stock,true,cusip
BBG000BTGKK9,1069878,COMMON,TREX INC,Common Stock,true,cusip
BBG000BTHH16,89089,COMMON,SERVICE,Common Stock,true,cusip
BBG000BTJS47,891478,COMMON,BANCO SANTANDER SA-SPON ADR,ADR,false,cusip
BBG000BTKGG8,750556,COMMON,SUNTRUST BANKS INC,Common Stock,true,cusip
BBG000BTLMX5,751652,COMMON,QUESTAR CORP,Common Stock,true,cusip
BBG000BTMDX4,203248,COMMON,SOUTHERN UNION CO,Common Stock,true,cusip
BBG000BTN971,95304,COMMON,SUNOCO INC.,Common Stock,true,cusip
BBG000BTQ9G8,95521,COMMON,SUPERVALU INC,Common Stock,true,ticker
BBG000BTQNQ6,913290,COMMON,FRONTLINE LTD,Common Stock,true,ticker
BBG000BTQR96,93556,COMMON,STANLEY BLACK & DECKER INC,Common Stock,true,cusip
BBG000BTR593,7332,COMMON,SOUTHWESTERN ENERGY,Common Stock,true,cusip
BBG000BTVJ25,96021,COMMON,SYSCO CORP,Common Stock,true,cusip
BBG000BTZ1M8,1079023,COMMON,VARIAN SEMICONDUCTOR,Common Stock,true,cusip
BBG000BV0VK7,1051512,COMMON,TELEPHONE AND DATA SYSTEMS INC,Common Stock,true,cusip
BBG000BV18Z1,98222,COMMON,TIDEWATER INC.,Common Stock,true,cusip
BBG000BV1Y93,350563,COMMON,TECO ENERGY INC,Common Stock,true,cusip
BBG000BV2BR2,790703,COMMON,TECH DATA CORP,Common Stock,true,cusip
BBG000BV3594,96879,COMMON,TEKTRONIX INC,Common Stock,true,ticker
BBG000BV3SC0,1315695,COMMON,ROCKWOOD HOLDINGS INC.,Common Stock,true,cusip
BBG000BV4DR6,97210,COMMON,TERADYNE INC,Common Stock,true,cusip
BBG000BV4XJ1,1082554,COMMON,UNITED THERAPEUTICS CORP,Common Stock,true,cusip
BBG000BV52H0,1062379,COMMON,KEYSPAN CORP,Common Stock,true,ticker
BBG000BV5627,1236275,COMMON,QXO INC,Common Stock,true,cusip
BBG000BV59Y6,96943,COMMON,TELEFLEX INC,Common Stock,true,cusip
BBG000BV6R84,730263,COMMON,THOR INDUSTRIES INC,Common Stock,true,cusip
BBG000BV75B7,98246,COMMON,TIFFANY,Common Stock,true,cusip
BBG000BV7LP7,86144,COMMON,SAFEWAY INC,Common Stock,true,cusip
BBG000BV7YT5,731939,COMMON,TEMPLE INLAND INC,Common Stock,true,cusip
BBG000BV8DN6,109198,COMMON,TJX INC,Common Stock,true,cusip
BBG000BV95H9,98362,COMMON,TIMKEN,Common Stock,true,cusip
BBG000BV9X97,317771,COMMON,TELLABS INC,Common Stock,true,cusip
BBG000BVD6X4,320335,COMMON,GLOBE LIFE INC,Common Stock,true,cusip
BBG000BVDLH9,97745,COMMON,THERMO FISHER SCIENTIFIC INC,Common Stock,true,cusip
BBG000BVF2M3,895655,COMMON,JARDEN CORP.,Common Stock,true,cusip
BBG000BVFFV4,97854,COMMON,THOMAS & BETTS CORP,Common Stock,true,cusip
BBG000BVHBM1,794170,COMMON,TOLL BROTHERS INC,Common Stock,true,cusip
BBG000BVK2W6,726513,COMMON,TRIBUNE CO,Common Stock,true,cusip
BBG000BVL2G3,99780,COMMON,TRINITY INDUSTRIES INC,Common Stock,true,cusip
BBG000BVLRY8,1034670,COMMON,AUTOLIV INC,Common Stock,true,cusip
BBG000BVMG26,1049502,COMMON,MKS,Common Stock,true,cusip
BBG000BVMGF2,899051,COMMON,ALLSTATE CORP,Common Stock,true,cusip
BBG000BVMPN3,1113169,COMMON,T ROWE PRICE GROUP INC,Common Stock,true,cusip
BBG000BVP5P2,1040971,COMMON,SL GREEN REALTY REIT CORP,REIT,true,cusip
BBG000BVPPM1,50104,COMMON,ANDEAVOR,Common Stock,true,cusip
BBG000BVPV84,1018724,COMMON,AMAZON.COM INC,Common Stock,true,cusip
BBG000BVQRY3,737758,COMMON,TORO,Common Stock,true,cusip
BBG000BVRQD7,844965,COMMON,TETRA TECHNOLOGIES INC,Common Stock,true,cusip
BBG000BVSX05,1085280,COMMON,TIBCO SOFTWARE INC.,Common Stock,true,cusip
BBG000BVV7G1,97476,COMMON,TEXAS INSTRUMENT INC,Common Stock,true,cusip
BBG000BVVHH8,1014507,COMMON,SIRONA DENTAL SYSTEMS INC.,Common Stock,true,cusip
BBG000BVVQQ8,217346,COMMON,TEXTRON INC,Common Stock,true,cusip
BBG000BVW841,1023291,COMMON,TXU CORP,Common Stock,true,ticker
BBG000BVWLJ6,833444,COMMON,JOHNSON CONTROLS INTERNATIONAL PLC,Common Stock,true,cusip
BBG000BVWZF9,860731,COMMON,TYLER TECHNOLOGIES INC,Common Stock,true,cusip
BBG000BVYN55,884614,COMMON,UGI CORP,Common Stock,true,cusip
BBG000BVZP59,1309108,COMMON,WEX INC,Common Stock,true,cusip
BBG000BW0R88,746838,COMMON,UNISYS CORP,Common Stock,true,ticker
BBG000BW2QX0,5513,COMMON,UNUM,Common Stock,true,cusip
BBG000BW3299,100885,COMMON,UNION PACIFIC CORP,Common Stock,true,cusip
BBG000BW4804,798949,COMMON,UNIT CORP.,Common Stock,true,cusip
BBG000BW5YW1,757011,COMMON,USG CORP,Common Stock,true,cusip
BBG000BW6P59,821130,COMMON,UNITED STATES CELLULAR CORP,Common Stock,true,cusip
BBG000BW73T1,811669,COMMON,UST INC,Common Stock,true,cusip
BBG000BW8S60,101829,COMMON,RTX CORP,Common Stock,true,cusip
BBG000BW9W88,102741,COMMON,VALSPAR CORP.,Common Stock,true,cusip
BBG000BWB7V4,,COMMON,VALMONT INDS INC,Common Stock,true,cusip
BBG000BWBZN1,203527,COMMON,VARIAN MEDICAL SYSTEMS INC,Common Stock,true,cusip
BBG000BWCKB6,103379,COMMON,VF CORP,Common Stock,true,cusip
BBG000BWDFD4,813828,CLASS A,PARAMOUNT GLOBAL CLASS A,Common Stock,true,cusip
BBG000BWFL03,1829311,COMMON,BITMINE IMMERSION TECHNOLOGIES INC,Common Stock,true,cusip
BBG000BWGYF8,1396009,COMMON,VULCAN MATERIALS,Common Stock,true,cusip
BBG000BWHD54,899689,COMMON,VORNADO REALTY TRUST REIT,REIT,true,cusip
BBG000BWJFZ4,1324404,COMMON,CF INDUSTRIES HOLDINGS INC,Common Stock,true,cusip
BBG000BWKB81,103730,COMMON,VISHAY INTERTECHNOLOGY INC.,Common Stock,true,cusip
BBG000BWLMJ4,1618921,COMMON,WALGREEN BOOTS ALLIANCE INC,Common Stock,true,cusip
BBG000BWM5P3,1104506,COMMON,INSMED INC,Common Stock,true,cusip
BBG000BWMX63,801337,COMMON,WEBSTER FINANCIAL CORP,Common Stock,true,cusip
BBG000BWN2Y9,1035983,COMMON,COMFORT SYSTEMS USA INC,Common Stock,true,cusip
BBG000BWNFZ9,106040,COMMON,WESTERN DIGITAL CORP,Common Stock,true,cusip
BBG000BWP7D9,783325,COMMON,WEC ENERGY GROUP INC,Common Stock,true,cusip
BBG000BWPN99,105668,COMMON,WENDYS INTERNATIONAL INC,Common Stock,true,cusip
BBG000BWQFY7,72971,COMMON,WELLS FARGO,Common Stock,true,cusip
BBG000BWQLY4,1102112,COMMON,PACWEST BANCORP,Common Stock,true,cusip
BBG000BWQTD0,936528,COMMON,WASHINGTON FEDERAL INC,Common Stock,true,cusip
BBG000BWSGF4,79282,COMMON,BROWN & BROWN INC,Common Stock,true,cusip
BBG000BWSV34,106640,COMMON,WHIRLPOOL CORP,Common Stock,true,cusip
BBG000BWVCP8,107263,COMMON,WILLIAMS INC,Common Stock,true,cusip
BBG000BWVSR1,823768,COMMON,WASTE MANAGEMENT INC,Common Stock,true,cusip
BBG000BWXBC2,104169,COMMON,WALMART INC,Common Stock,true,cusip
BBG000BWXL85,1087423,COMMON,RED HAT INC,Common Stock,true,cusip
BBG000BWYFX9,916863,COMMON,INTEGRYS ENERGY GROUP INC.,Common Stock,true,cusip
BBG000BWZBT2,828916,COMMON,WEINGARTEN REALTY INVESTORS REIT,REIT,true,cusip
BBG000BX0R13,105729,COMMON,WESCO FINANCIAL CORP,Common Stock,true,cusip
BBG000BX24N8,105770,COMMON,WEST PHARMACEUTICAL SERVICES INC,Common Stock,true,cusip
BBG000BX3B60,108601,COMMON,WRIGLEY WM JR CO,Common Stock,true,cusip
BBG000BX3BL3,106535,COMMON,WEYERHAEUSER REIT,REIT,true,cusip
BBG000BX3TD3,1163302,COMMON,US STEEL CORP,Common Stock,true,cusip
BBG000BX57K1,818479,COMMON,DENTSPLY SIRONA INC,Common Stock,true,cusip
BBG000BX5GS3,1049521,COMMON,MERCURY SYSTEMS INC,Common Stock,true,cusip
BBG000BX5ZF5,108772,COMMON,XEROX CORP,Common Stock,true,cusip
BBG000BX67G5,1002637,COMMON,MILLENNIUM PHARM INC,Common Stock,true,cusip
BBG000BX6BJ3,775368,COMMON,ALLEGHANY CORP,Common Stock,true,cusip
BBG000BX8DC4,850209,COMMON,FOOT LOCKER INC,Common Stock,true,cusip
BBG000BX9WL1,109380,COMMON,ZIONS BANCORPORATION,Common Stock,true,cusip
BBG000BXBHJ4,947263,COMMON,TORONTO-DOMINION BANK,Common Stock,false,cusip
BBG000BXL4N7,860546,COMMON,CORPORATE OFFICE PROPERTIES TRUST,REIT,true,cusip
BBG000BXM6V2,1336917,CLASS A,UNDER ARMOUR INC CLASS A,Common Stock,true,cusip
BBG000BXMFC3,1067701,COMMON,UNITED RENTALS INC,Common Stock,true,cusip
BBG000BXNJ07,791915,COMMON,CYPRESS SEMICONDUCTOR CORP,Common Stock,true,cusip
BBG000BXPZB7,1046257,COMMON,INGREDION INC,Common Stock,true,cusip
BBG000BXRPH1,1038357,COMMON,PIONEER NATURAL RESOURCE,Common Stock,true,cusip
BBG000BY10C7,1037461,COMMON,BJS WHOLESALE CLUB INC,Common Stock,true,cusip
BBG000BY29C7,1116132,COMMON,TAPESTRY INC,Common Stock,true,cusip
BBG000BY2Y78,914208,COMMON,INVESCO LTD,Common Stock,true,cusip
BBG000BY33P5,1043604,COMMON,JUNIPER NETWORKS INC,Common Stock,true,cusip
BBG000BYD720,1065865,COMMON,JANUS CAPITAL GROUP INC,Common Stock,true,cusip
BBG000BYKSX2,1145460,COMMON,ALERE INC,Common Stock,true,cusip
BBG000BYQ0B1,1116942,COMMON,TTM TECHNOLOGIES INC,Common Stock,true,cusip
BBG000BYR208,817473,COMMON,AMERICAN CAPITAL LTD.,Common Stock,true,cusip
BBG000BYWTX7,1058057,COMMON,MARVELL TECHNOLOGY GROUP LTD,Common Stock,true,cusip
BBG000BYYLS8,92230,COMMON,TRUIST FINANCIAL CORP,Common Stock,true,cusip
BBG000BYZ0Q5,831641,COMMON,TETRA TECH INC,Common Stock,true,cusip
BBG000BZ0DK8,901832,COMMON,ASTRAZENECA PLC-SPONS ADR,ADR,false,cusip
BBG000BZ2GG4,941548,COMMON,CAMERON INTERNATIONAL CORP,Common Stock,true,cusip
BBG000BZ9223,821189,COMMON,EOG RESOURCES INC,Common Stock,true,cusip
BBG000BZCKH3,1037646,COMMON,METTLER TOLEDO INC,Common Stock,true,cusip
BBG000BZJQL8,917520,COMMON,INTEGRA LIFESCIENCES HOLDINGS CORP,Common Stock,true,cusip
BBG000BZTW70,1163739,COMMON,NABORS INDUSTRIES LTD,Common Stock,true,cusip
BBG000BZX1N5,1267238,COMMON,ASSURANT INC,Common Stock,true,cusip
BBG000C01DF9,834208,COMMON,NAVTEQ CORP,Common Stock,true,cusip
BBG000C04224,1138118,CLASS A,CBRE GROUP INC CLASS A,Common Stock,true,cusip
BBG000C060M4,1004434,COMMON,AFFILIATED MANAGERS GROUP INC,Common Stock,true,cusip
BBG000C070N2,1091530,CLASS A,XM SATELLITE RADIO HLDGS,Common Stock,true,cusip
BBG000C0BGS7,877357,COMMON,SEPRACOR INC,Common Stock,true,cusip
BBG000C0CD58,818686,COMMON,TEVA PHARMACEUTICAL-SP ADR,ADR,false,cusip
BBG000C0F570,743988,COMMON,XILINX INC,Common Stock,true,cusip
BBG000C0G1D1,50863,COMMON,INTEL CORPORATION,Common Stock,true,cusip
BBG000C0HQ54,1593034,COMMON,ENDO INTERNATIONAL PLC,Common Stock,true,cusip
BBG000C0LW92,885725,COMMON,BOSTON SCIENTIFIC CORP,Common Stock,true,cusip
BBG000C0MF34,79958,COMMON,PRECISION CASTPARTS CORP,Common Stock,true,cusip
BBG000C0NY96,814184,COMMON,TCF FINANCIAL CORP,Common Stock,true,cusip
BBG000C0PBV9,69970,COMMON,NATIONAL CITY CORP,Common Stock,true,cusip
BBG000C0RWX9,921638,COMMON,SSR MINING INC,Common Stock,true,cusip
BBG000C0ZL64,842635,COMMON,LYONDELL CHEMICAL CO,Common Stock,true,ticker
BBG000C0ZW33,1077771,COMMON,UMPQUA HOLDINGS CORP,Common Stock,true,cusip
BBG000C101X4,815094,COMMON,ABIOMED INC,Common Stock,true,cusip
BBG000C11MQ5,949699,COMMON,PHARMACYCLICS INC,Common Stock,true,cusip
BBG000C13CD9,813672,COMMON,CADENCE DESIGN SYSTEMS INC,Common Stock,true,cusip
BBG000C15114,842023,COMMON,BIO TECHNE CORP,Common Stock,true,cusip
BBG000C15T95,1532063,COMMON,EXPRESS SCRIPTS HOLDING,Common Stock,true,cusip
BBG000C17X76,875045,COMMON,BIOGEN INC,Common Stock,true,cusip
BBG000C19QW1,19584,COMMON,CHEMED CORP,Common Stock,true,cusip
BBG000C1BW00,936468,COMMON,LOCKHEED MARTIN CORP,Common Stock,true,cusip
BBG000C1DF05,1046102,COMMON,RB GLOBAL INC,Common Stock,true,cusip
BBG000C1DHF5,772406,COMMON,CIRRUS LOGIC INC,Common Stock,true,cusip
BBG000C1FB75,1571949,COMMON,INTERCONTINENTAL EXCHANGE INC,Common Stock,true,cusip
BBG000C1FQS9,65984,COMMON,ENTERGY CORP,Common Stock,true,cusip
BBG000C1HL99,1159152,COMMON,JAMES HARDIE INDUSTRIES PLC,Common Stock,true,cusip
BBG000C1HN22,832101,COMMON,IDEX CORP,Common Stock,true,cusip
BBG000C1HQ43,1069258,COMMON,KRATOS DEFENSE AND SECURITY SOLUTI,Common Stock,true,cusip
BBG000C1J0Q4,849213,COMMON,PLUM CREEK TIMBER COMPANY REIT INC,REIT,true,cusip
BBG000C1JTL6,721683,COMMON,TOTAL SYSTEM SERVICES INC,Common Stock,true,cusip
BBG000C1R174,1009575,COMMON,HLTH CORP,Common Stock,true,cusip
BBG000C1S2X2,875320,COMMON,VERTEX PHARMACEUTICALS INC,Common Stock,true,cusip
BBG000C1SCJ6,1016125,COMMON,ULTIMATE SOFTWARE GROUP INC,Common Stock,true,cusip
BBG000C1THJ4,,COMMON,TIVITY HEALTH INC,Common Stock,false,cusip
BBG000C1TTV4,858339,COMMON,HARRAHS ENTMT INC,Common Stock,true,cusip
BBG000C1XKF6,1115055,COMMON,PINNACLE FINANCIAL PARTNERS INC,Common Stock,true,cusip
BBG000C1XSP8,1093691,COMMON,PLUG POWER INC,Common Stock,true,cusip
BBG000C1XVK6,1095073,COMMON,EVEREST GROUP LTD,Common Stock,true,cusip
BBG000C221G9,77360,COMMON,PENTAIR,Common Stock,true,cusip
BBG000C22QV7,1012100,COMMON,SEALED AIR CORP,Common Stock,true,cusip
BBG000C23KJ3,874761,COMMON,AES CORP,Common Stock,true,cusip
BBG000C23PB0,1336920,COMMON,LEIDOS HOLDINGS INC,Common Stock,true,cusip
BBG000C240W1,101830,COMMON,SPRINT NEXTEL CORP,Common Stock,true,cusip
BBG000C29813,1345105,CLASS A,COPA HOLDINGS A SA,Common Stock,true,cusip
BBG000C2BXK4,789570,COMMON,MGM RESORTS INTERNATIONAL,Common Stock,true,cusip
BBG000C2D1C1,855658,COMMON,LATTICE SEMICONDUCTOR CORP,Common Stock,true,cusip
BBG000C2DSX9,60086,COMMON,LOEWS CORP - CAROLINA GR,Tracking Stk,true,cusip
BBG000C2H3F0,36047,COMMON,CORELOGIC INC,Common Stock,true,cusip
BBG000C2HB99,1035675,COMMON,NSTAR,Common Stock,true,cusip
BBG000C2L2L0,1037976,COMMON,JONES LANG LASALLE INC,Common Stock,true,cusip
BBG000C2L5G9,1709048,COMMON,GLOBALFOUNDRIES INC,Common Stock,true,cusip
BBG000C2LZP3,824142,COMMON,AAON INC,Common Stock,true,cusip
BBG000C2NV89,1007456,COMMON,ELECTRONIC DATA SYSTEMS,Common Stock,true,cusip
BBG000C2PL98,39263,COMMON,CULLEN FROST BANKERS INC,Common Stock,true,cusip
BBG000C2PW58,1364742,COMMON,BLACKROCK INC,Common Stock,true,cusip
BBG000C2V3D6,1090872,COMMON,AGILENT TECHNOLOGIES INC,Common Stock,true,cusip
BBG000C2VBB0,857005,COMMON,PTC INC,Common Stock,true,cusip
BBG000C2YHG9,1001082,CLASS A,DISH NETWORK CORP CLASS A,Common Stock,true,cusip
BBG000C2ZCH8,1032208,COMMON,SEMPRA,Common Stock,true,cusip
BBG000C30L48,1280452,COMMON,MONOLITHIC POWER SYSTEMS INC,Common Stock,true,cusip
BBG000C31LY4,872448,COMMON,ATMEL CORP.,Common Stock,true,cusip
BBG000C34488,1490906,COMMON,CAPITOL FEDERAL FINANCIAL INC,Common Stock,true,cusip
BBG000C37332,883569,COMMON,FOSSIL GROUP INC,Common Stock,true,cusip
BBG000C3FGH9,104889,CLASS B,GRAHAM HOLDINGS COMPANY CLASS B,Common Stock,true,cusip
BBG000C3GN47,858470,COMMON,COTERRA ENERGY INC,Common Stock,true,cusip
BBG000C3HNW5,102379,COMMON,URS CORP,Common Stock,true,cusip
BBG000C3HSR0,3570,COMMON,CHENIERE ENERGY INC,Common Stock,true,cusip
BBG000C3J3C9,858877,COMMON,CISCO SYSTEMS INC,Common Stock,true,cusip
BBG000C3JJC4,355429,COMMON,PROTECTIVE LIFE CORP.,Common Stock,true,cusip
BBG000C3MXG5,1062579,COMMON,AMDOCS LTD,Common Stock,true,cusip
BBG000C3NTN5,859737,COMMON,HOLOGIC INC,Common Stock,true,cusip
BBG000C3QN19,1089976,COMMON,PACTIV CORP,Common Stock,true,cusip
BBG000C3TKY6,275880,COMMON,PARSONS CORP,Common Stock,true,cusip
BBG000C3VHF1,751978,COMMON,VICOR CORP,Common Stock,true,cusip
BBG000C3W281,937556,COMMON,MASIMO CORP,Common Stock,true,cusip
BBG000C3WK36,1257640,COMMON,KRONOS WORLDWIDE INC,Common Stock,true,cusip
BBG000C3Y7J6,861361,COMMON,B E AEROSPACE INC,Common Stock,true,cusip
BBG000C41023,74208,COMMON,UDR REIT INC,REIT,true,cusip
BBG000C42VL3,944314,COMMON,LIFE STORAGE INC,REIT,true,cusip
BBG000C42WS4,1227654,COMMON,COMPASS MINERALS INTERNATIONAL INC,Common Stock,true,cusip
BBG000C43744,921082,COMMON,HIGHWOODS PROPERTIES REIT INC,REIT,true,cusip
BBG000C43RR5,1065088,COMMON,EBAY INC,Common Stock,true,cusip
BBG000C44LH8,201461,COMMON,CITY NATIONAL CORP,Common Stock,true,cusip
BBG000C45984,60086,COMMON,LOEWS CORP,Common Stock,true,cusip
BBG000C46HM9,794367,COMMON,MACYS INC,Common Stock,true,cusip
BBG000C496P7,813828,CLASS B,PARAMOUNT GLOBAL CLASS B,Common Stock,true,cusip
BBG000C4DPX1,1441634,COMMON,AVAGO TECHNOLOGIES LTD,Common Stock,true,cusip
BBG000C4FB79,862510,COMMON,TRANSATLANTIC HLDGS INC,Common Stock,true,cusip
BBG000C4H302,864328,COMMON,BJ SERVICES CO,Common Stock,true,cusip
BBG000C4HKK2,1065837,CLASS A,SKECHERS USA INC CLASS A,Common Stock,true,cusip
BBG000C4LN67,1121788,COMMON,GARMIN LTD,Common Stock,true,cusip
BBG000C4MWH4,1094831,CLASS A,BGC PARTNERS INC CLASS A,Common Stock,true,cusip
BBG000C4PLF7,74260,COMMON,OLD REPUBLIC INTERNATIONAL CORP,Common Stock,true,cusip
BBG000C4SKT1,67215,COMMON,DYCOM INDUSTRIES INC,Common Stock,true,cusip
BBG000C4VW39,866121,COMMON,ORBITAL ATK INC,Common Stock,true,cusip
BBG000C4WJT9,352363,COMMON,KATE SPADE,Common Stock,true,cusip
BBG000C4XD11,848865,COMMON,ALLIED WASTE INDUSTRIES,Common Stock,true,cusip
BBG000C4XG05,1335793,COMMON,CNX GAS CORP,Common Stock,true,cusip
BBG000C4Y9D6,1037949,COMMON,QWEST COMMUNICATIONS,Common Stock,true,cusip
BBG000C4Z6C2,795403,CLASS A,WATTS WATER TECHNOLOGIES INC CLASS,Common Stock,true,cusip
BBG000C4ZFV1,1159297,COMMON,MEADWESTVACO CORP,Common Stock,true,cusip
BBG000C4ZNF2,874501,COMMON,AMBAC FINANCIAL GRP INC,Common Stock,true,cusip
BBG000C4ZZ10,832988,COMMON,SIGNET JEWELERS LTD,Common Stock,true,cusip
BBG000C5HS04,320187,CLASS B,NIKE INC CLASS B,Common Stock,true,cusip
BBG000C5Z1S3,723125,COMMON,MICRON TECHNOLOGY INC,Common Stock,true,cusip
BBG000C5Z443,1420800,COMMON,ENOVIS CORP,Common Stock,true,cusip
BBG000C60K98,225648,COMMON,COVANTA HOLDING CORP.,Common Stock,true,cusip
BBG000C6CFJ5,886982,COMMON,GOLDMAN SACHS GROUP INC,Common Stock,true,cusip
BBG000C6F3T8,353944,COMMON,INTERNATIONAL GAME TECHNOLOGY,Common Stock,true,cusip
BBG000C6GN04,353569,COMMON,QUIDEL CORP,Common Stock,true,cusip
BBG000C6W266,1066026,COMMON,CONCUR TECHNOLOGIES INC.,Common Stock,true,cusip
BBG000C6W444,89439,COMMON,MUELLER INDUSTRIES INC,Common Stock,true,cusip
BBG000C734W3,872589,COMMON,REGENERON PHARMACEUTICALS INC,Common Stock,true,cusip
BBG000C75N77,28412,COMMON,COMERICA INC,Common Stock,true,cusip
BBG000C78J55,832428,CLASS A,SCRIPPS E W CO,Common Stock,true,cusip
BBG000C7B169,1319161,COMMON,WARNER MUSIC GROUP CORP,Common Stock,true,cusip
BBG000C7B436,97216,COMMON,TEREX CORP,Common Stock,true,cusip
BBG000C7LMS8,866787,COMMON,AUTOZONE INC,Common Stock,true,cusip
BBG000C7QK61,48287,COMMON,HNI CORPORATION,Common Stock,true,cusip
BBG000C7TF41,313143,COMMON,HAEMONETICS CORP,Common Stock,true,cusip
BBG000C7WZ16,874016,COMMON,JONES APPAREL GROUP INC,Common Stock,true,ticker
BBG000C89QJ1,1267130,COMMON,CABELAS INC,Common Stock,true,cusip
BBG000C8D8G9,46195,COMMON,BANK OF HAWAII CORP,Common Stock,true,cusip
BBG000C8FRK0,873364,COMMON,CEPHALON INC,Common Stock,true,cusip
BBG000C8H633,101778,COMMON,MARATHON OIL CORP,Common Stock,true,cusip
BBG000C90DH9,51644,COMMON,INTERPUBLIC GROUP OF COMPANIES INC,Common Stock,true,cusip
BBG000C9F2F9,1520262,COMMON,ALKERMES,Common Stock,true,cusip
BBG000C9N6Q9,874214,COMMON,ANNTAYLOR STORES CORP,Common Stock,true,ticker
BBG000C9W1Y1,875159,COMMON,XL GROUP PLC,Common Stock,true,cusip
BBG000CB2ZY4,1047699,COMMON,KING PHARMACEUTICALS INC,Common Stock,true,cusip
BBG000CB8Q50,352915,CLASS B,UNIVERSAL HEALTH SERVICES INC CLAS,Common Stock,true,cusip
BBG000CBMH27,876437,COMMON,MGIC INVESTMENT CORP,Common Stock,true,cusip
BBG000CC53X1,775158,COMMON,OSHKOSH CORP,Common Stock,true,cusip
BBG000CC7LQ7,877212,CLASS A,ZEBRA TECHNOLOGIES CORP CLASS A,Common Stock,true,cusip
BBG000CCFBC5,882235,COMMON,LINCARE HOLDINGS INC.,Common Stock,true,cusip
BBG000CCW058,,COMMON,SHIRE PLC-ADR,ADR,false,cusip
BBG000CDZLV8,921738,COMMON,PENN ENTERTAINMENT INC,Common Stock,true,cusip
BBG000CF2GH6,884731,COMMON,ARIAD PHARMACEUTICALS INC.,Common Stock,true,cusip
BBG000CFZ003,875357,COMMON,BOK FINANCIAL CORP,Common Stock,true,cusip
BBG000CG0HP5,878736,COMMON,MANOR CARE INC,Common Stock,true,cusip
BBG000CGC1X8,804328,COMMON,QUALCOMM INC,Common Stock,true,cusip
BBG000CGJMB9,920522,COMMON,ESSEX PROPERTY TRUST REIT INC,REIT,true,cusip
BBG000CGQ485,765258,COMMON,IMCLONE SYSTEMS INC,Common Stock,true,cusip
BBG000CGQ4F7,1289419,COMMON,MORNINGSTAR INC,Common Stock,true,cusip
BBG000CGQ6M4,884905,COMMON,PRAXAIR INC,Common Stock,true,cusip
BBG000CGT2S4,1022646,COMMON,ULTRA PETROLEUM CORP,Common Stock,true,cusip
BBG000CH11X8,106926,COMMON,WHITNEY HOLDING CORP,Common Stock,true,cusip
BBG000CH5208,731766,COMMON,UNITEDHEALTH GROUP INC,Common Stock,true,cusip
BBG000CHPY97,,COMMON,ENCANA CORP,Common Stock,false,cusip
BBG000CHSS88,878927,COMMON,OLD DOMINION FREIGHT LINE INC,Common Stock,true,cusip
BBG000CHWP52,1437107,SERIES A,DISCOVERY INC SERIES A,Common Stock,true,cusip
BBG000CJ2181,861884,COMMON,RELIANCE STEEL & ALUMINUM,Common Stock,true,cusip
BBG000CKGBP2,882095,COMMON,GILEAD SCIENCES INC,Common Stock,true,cusip
BBG000CKGDS5,921825,COMMON,FIRST INDUSTRIAL REALTY TRUST INC,REIT,true,cusip
BBG000CKJ0P3,1073431,COMMON,LIFE TECHNOLOGIES CORP,Common Stock,true,cusip
BBG000CKRZF8,1097313,COMMON,GRANT PRIDECO INC,Common Stock,true,cusip
BBG000CKVSG8,1070412,COMMON,CNX RESOURCES CORP,Common Stock,true,cusip
BBG000CL1FG7,1109354,COMMON,BRUKER CORP,Common Stock,true,cusip
BBG000CL1HL7,924901,COMMON,MACK-CALI REALTY REIT CORP,REIT,true,cusip
BBG000CL6RJ3,790816,COMMON,BRANDYWINE REALTY TRUST REIT,REIT,true,cusip
BBG000CL9JV4,1177394,COMMON,TD SYNNEX CORP,Common Stock,true,cusip
BBG000CL9VN6,1065280,COMMON,NETFLIX INC,Common Stock,true,cusip
BBG000CLNSF6,1070154,COMMON,STERLING BANCORP,Common Stock,true,cusip
BBG000CLP0Y4,751364,COMMON,NNN REIT INC,REIT,true,cusip
BBG000CLVM51,1279363,COMMON,WELLCARE HEALTHCARE PLANS INC,Common Stock,true,cusip
BBG000CN3S73,879101,COMMON,KIMCO REALTY REIT CORP,REIT,true,cusip
BBG000CN5CJ3,1286225,COMMON,REALPAGE INC,Common Stock,true,cusip
BBG000CNFQW6,1585364,COMMON,PERRIGO PLC,Common Stock,true,cusip
BBG000CNM3Q6,881464,COMMON,AMYLIN PHARMACEUTICALS INC.,Common Stock,true,cusip
BBG000CNNMD7,855876,COMMON,SKY FINANCIAL GROUP INC,Common Stock,true,cusip
BBG000CNWNL6,812074,COMMON,OWENS ILLINOIS INC,Common Stock,true,cusip
BBG000CNZC55,800240,COMMON,OFFICE DEPOT INC,Common Stock,true,cusip
BBG000CP95B7,1064863,COMMON,AMERIGROUP CORP.,Common Stock,true,cusip
BBG000CPBCL8,73756,COMMON,OCEANEERING INTERNATIONAL INC,Common Stock,true,cusip
BBG000CPHYL4,70318,COMMON,TENET HEALTHCARE CORP,Common Stock,true,cusip
BBG000CPQZ77,865436,COMMON,WHOLE FOODS MARKET INC,Common Stock,true,cusip
BBG000CPZ0F5,882104,COMMON,PDL BIOPHARMA INC,Common Stock,true,cusip
BBG000CQ0CD7,2065601,CLASS A,CENTRAL BANCOMPANY INC CLASS A,Common Stock,true,cusip
BBG000CQB185,1273813,COMMON,ASSURED GUARANTY LTD,Common Stock,true,cusip
BBG000CQB684,1298341,COMMON,NALCO HOLDING COMPANY,Common Stock,true,cusip
BBG000CQV2N4,883984,COMMON,ICU MEDICAL INC,Common Stock,true,cusip
BBG000CR20B1,1069157,COMMON,EAST WEST BANCORP INC,Common Stock,true,cusip
BBG000CRTLP1,1096376,COMMON,NUTRI SYSTEM INC,Common Stock,true,cusip
BBG000CS0D96,885550,COMMON,CREDIT ACCEPTANCE CORP,Common Stock,true,cusip
BBG000CS7CB8,885708,CLASS A,NUVEEN INVESTMENTS INC,Common Stock,true,ticker
BBG000CS7CT9,885639,COMMON,KOHLS CORP,Common Stock,true,cusip
BBG000CS8TM8,887596,COMMON,CHEESECAKE FACTORY INC,Common Stock,true,cusip
BBG000CSY9H9,886158,COMMON,BED BATH AND BEYOND INC,Common Stock,true,cusip
BBG000CT56K1,792985,COMMON,HEALTH MANAGEMENT ASSOCIATES INC C,Common Stock,true,cusip
BBG000CTGXS2,887343,COMMON,COLUMBIA BANKING SYSTEM INC,Common Stock,true,cusip
BBG000CTM4J9,1060822,COMMON,CARTERS INC,Common Stock,true,cusip
BBG000CTQBF3,829224,COMMON,STARBUCKS CORP,Common Stock,true,cusip
BBG000CTSZQ6,1060955,COMMON,ICON PLC,Common Stock,true,cusip
BBG000CTV4N4,1101302,COMMON,ENTEGRIS INC,Common Stock,true,cusip
BBG000CVRFS4,1468174,CLASS A,HYATT HOTELS CORP CLASS A,Common Stock,true,cusip
BBG000CVWGS6,718877,COMMON,ACTIVISION BLIZZARD INC,Common Stock,true,cusip
BBG000CW9BM7,25232,COMMON,COUSINS PROPERTIES REIT INC,REIT,true,cusip
BBG000CWL0F5,1124140,COMMON,EXACT SCIENCES CORP,Common Stock,true,cusip
BBG000CX0P89,1123360,COMMON,GLOBAL PAYMENTS INC,Common Stock,true,cusip
BBG000CXD6X9,865752,COMMON,MONSTER BEVERAGE CORP,Common Stock,true,cusip
BBG000CXLZ20,804269,COMMON,AMERICREDIT CORP,Common Stock,true,cusip
BBG000CXYSZ6,1048695,COMMON,F5 INC,Common Stock,true,cusip
BBG000CYNBV7,916085,COMMON,HEALTH NET INC.,Common Stock,true,cusip
BBG000CZ8W54,1159036,COMMON,HALOZYME THERAPEUTICS INC,Common Stock,true,cusip
BBG000CZTB66,1302215,CLASS A,HOULIHAN LOKEY INC CLASS A,Common Stock,true,cusip
BBG000CZWZ05,1048477,COMMON,BIOMARIN PHARMACEUTICAL INC,Common Stock,true,cusip
BBG000D0BMV9,1057758,CLASS A,TW TELECOM INC CLASS A,Common Stock,true,cusip
BBG000D0FNV3,929008,COMMON,WESCO INTERNATIONAL INC,Common Stock,true,cusip
BBG000D13GN8,1617640,CLASS A,ZILLOW GROUP INC CLASS A,Common Stock,true,cusip
BBG000D1QCF1,1135152,COMMON,FMC TECHNOLOGIES INC,Common Stock,true,cusip
BBG000D1Y3P1,1039399,COMMON,FORMFACTOR INC,Common Stock,true,cusip
BBG000D2H038,1324245,COMMON,SOLERA HOLDINGS INC.,Common Stock,true,cusip
BBG000D2JB50,899715,COMMON,TANGER FACTORY OUTLET CENTERS REIT,REIT,true,cusip
BBG000D2M0Z7,1034054,CLASS A,SBA COMMUNICATIONS REIT CORP CLASS,REIT,true,cusip
BBG000D2M6H4,61986,COMMON,MANITOWOC CO.,Common Stock,true,ticker
BBG000D2ZTS8,,COMMON,HANESBRANDS INC,Common Stock,true,cusip
BBG000D3JXM1,849395,COMMON,CRH PUBLIC LIMITED PLC,Common Stock,true,cusip
BBG000D3MB18,1270400,COMMON,VIRGIN MEDIA INC,Common Stock,true,cusip
BBG000D42FJ0,910638,COMMON,3D SYSTEMS CORP,Common Stock,true,cusip
BBG000D4LWF6,1103982,CLASS A,MONDELEZ INTERNATIONAL INC CLASS A,Common Stock,true,cusip
BBG000D4YTR6,714310,COMMON,VALLEY NATIONAL,Common Stock,true,cusip
BBG000D52545,30697,COMMON,WENDYS,Common Stock,true,cusip
BBG000D5S4M0,931015,COMMON,POLARIS INC,Common Stock,true,cusip
BBG000D6L294,1168054,COMMON,CIMAREX ENERGY,Common Stock,true,cusip
BBG000D6TC94,745308,COMMON,ST JOE,Common Stock,true,cusip
BBG000D6VW15,1158114,COMMON,APPLIED OPTOELECTRONICS INC,Common Stock,true,cusip
BBG000D7DN13,1442505,CLASS A,CLEARWIRE CORP CL A,Common Stock,true,cusip
BBG000D7HF89,91767,COMMON,SONOCO PRODUCTS,Common Stock,true,cusip
BBG000D7JKW9,1057352,COMMON,COSTAR GROUP INC,Common Stock,true,cusip
BBG000D7RKJ5,827052,COMMON,EDISON INTERNATIONAL,Common Stock,true,cusip
BBG000D86F25,1486957,COMMON,BWX TECHNOLOGIES INC,Common Stock,true,cusip
BBG000D898T9,721371,COMMON,CARDINAL HEALTH INC,Common Stock,true,cusip
BBG000D8RG11,1013871,COMMON,NRG ENERGY INC,Common Stock,true,cusip
BBG000D9D830,1467373,CLASS A,ACCENTURE PLC CLASS A,Common Stock,true,cusip
BBG000D9DMK0,920148,COMMON,LABORATORY CORPORATION OF AMERICA,Common Stock,true,cusip
BBG000D9H9F1,899923,COMMON,MYRIAD GENETICS INC.,Common Stock,true,cusip
BBG000D9KWL9,36270,COMMON,M&T BANK CORP,Common Stock,true,cusip
BBG000D9V7T4,706688,COMMON,AARONS INC.,Common Stock,true,cusip
BBG000DB3KT1,1140536,COMMON,WILLIS TOWERS WATSON PLC,Common Stock,true,cusip
BBG000DBKR53,88941,COMMON,SEMTECH CORP,Common Stock,true,cusip
BBG000DBTPX7,1366684,COMMON,HOMEAWAY INC.,Common Stock,true,cusip
BBG000DBVBY4,350797,COMMON,EATON VANCE COM NON VOTING CORP,Common Stock,true,cusip
BBG000DCCZW2,880266,COMMON,AGCO CORP,Common Stock,true,cusip
BBG000DCGRL8,1111928,COMMON,IPG PHOTONICS CORP,Common Stock,true,cusip
BBG000DCNK80,110621,COMMON,RPM INTERNATIONAL INC,Common Stock,true,cusip
BBG000DD3510,922864,CLASS A,APARTMENT INVESTMENT AND MANAGEMEN,REIT,true,cusip
BBG000DDXVZ3,714603,COMMON,DST SYSTEMS INC,Common Stock,true,cusip
BBG000DFMXT3,929940,COMMON,ASPEN TECHNOLOGY INC,Common Stock,true,cusip
BBG000DGLTG5,1308547,CLASS A,DOLBY LABORATORIES INC CLASS A,Common Stock,true,cusip
BBG000DGM399,715096,COMMON,COMMERCE BANCORP INC,Common Stock,true,cusip
BBG000DGPR66,1144519,COMMON,BUNGE LTD,Common Stock,true,cusip
BBG000DGZ1B6,1020416,COMMON,MONSTER WORLDWIDE INC,Common Stock,true,cusip
BBG000DH7JK6,77476,COMMON,PEPSICO INC,Common Stock,true,cusip
BBG000DHM3H8,1339947,CLASS A,VIACOM INC CLASS A,Common Stock,true,cusip
BBG000DHNDK1,1468516,COMMON,AOL INC,Common Stock,true,cusip
BBG000DHPN63,726728,COMMON,REALTY INCOME REIT CORP,REIT,true,cusip
BBG000DHSPT0,1339947,CLASS B,VIACOM INC CLASS B,Common Stock,true,cusip
BBG000DJN7L9,105016,COMMON,WATSCO INC,Common Stock,true,cusip
BBG000DKCC19,100493,CLASS A,TYSON FOODS INC CLASS A,Common Stock,true,cusip
BBG000DLY9B9,927971,COMMON,BANK OF MONTREAL,Common Stock,false,cusip
BBG000DM12W5,2491,COMMON,BALLY TECHNOLOGIES INC.,Common Stock,true,cusip
BBG000DMBXR2,19617,COMMON,JPMORGAN CHASE & CO,Common Stock,true,cusip
BBG000DN4ZT1,1077428,COMMON,TEXAS CAPITAL BANCSHARES INC,Common Stock,true,cusip
BBG000DN7P92,310764,COMMON,STRYKER CORP,Common Stock,true,cusip
BBG000DNTSP4,1373835,COMMON,SPECTRA ENERGY CORP,Common Stock,true,cusip
BBG000DPKKK0,1042046,COMMON,AMERICAN FINANCIAL GROUP INC,Common Stock,true,cusip
BBG000DPRDJ1,107140,CLASS A,JOHN WILEY AND SONS INC CLASS A,Common Stock,true,cusip
BBG000DQLV23,14272,COMMON,BRISTOL MYERS SQUIBB,Common Stock,true,cusip
BBG000DQN9R3,769520,COMMON,MIDDLEBY CORP,Common Stock,true,cusip
BBG000DQTXY6,882184,COMMON,D R HORTON INC,Common Stock,true,cusip
BBG000DQV538,1179755,COMMON,ENDURANCE SPECIALTY HOLDINGS LTD.,Common Stock,true,cusip
BBG000DQV8M1,1010775,COMMON,MIRANT CORP NEW,Common Stock,true,cusip
BBG000DQX1D4,1135971,COMMON,PEPCO HOLDINGS INC,Common Stock,true,cusip
BBG000DR5QP5,78890,COMMON,BRINKS CO,Common Stock,true,cusip
BBG000DR87M7,1692063,CLASS B,SCHNEIDER NATIONAL INC CLASS B,Common Stock,true,cusip
BBG000DS5588,109177,COMMON,SPECTRUM BRANDS HOLDINGS INC,Common Stock,true,cusip
BBG000DSJYS8,1144879,COMMON,APPLIED DIGITAL CORP,Common Stock,true,cusip
BBG000DSMS70,1110803,COMMON,ILLUMINA INC,Common Stock,true,cusip
BBG000DST2V3,1066107,COMMON,EL PASO CORP,Common Stock,true,cusip
BBG000DTMH63,1458891,COMMON,NOBLE CORP PLC,Common Stock,true,cusip
BBG000DTRKK5,28630,COMMON,DRS TECHNOLOGIES INC,Common Stock,true,cusip
BBG000DV7MX4,1097864,COMMON,ON SEMICONDUCTOR CORP.,Common Stock,true,cusip
BBG000DW4937,812900,COMMON,SAKS INC,Common Stock,true,cusip
BBG000DW4LB1,7431,COMMON,ARMSTRONG WORLD INDUSTRIES INC,Common Stock,true,cusip
BBG000DW4Q75,352541,COMMON,ALLIANT ENERGY CORP,Common Stock,true,cusip
BBG000DW76Y6,814547,COMMON,FAIR ISAAC CORP,Common Stock,true,cusip
BBG000DWG505,1067983,CLASS B,BERKSHIRE HATHAWAY INC CLASS B,Common Stock,true,cusip
BBG000DWMRV6,1051741,COMMON,FIRST NIAGARA FINANCIAL GROUP INC.,Common Stock,true,cusip
BBG000DX9JV7,933974,COMMON,AZENTA INC,Common Stock,true,cusip
BBG000DXVB85,820237,COMMON,GEN-PROBE INC.,Common Stock,true,cusip
BBG000DY28W5,12208,CLASS A,BIO RAD LABORATORIES INC CLASS A,Common Stock,true,cusip
BBG000DY8ZS4,1603923,COMMON,WEATHERFORD INTERNATIONAL PLC,Common Stock,true,cusip
BBG000DYGNW7,927653,COMMON,MCKESSON CORP,Common Stock,true,cusip
BBG000DYXD23,15615,COMMON,MASTEC INC,Common Stock,true,cusip
BBG000DZCFX4,1528129,COMMON,LAREDO PETROLEUM INC,Common Stock,true,cusip
BBG000DZJVH0,1142417,COMMON,NEXSTAR MEDIA GROUP INC,Common Stock,true,cusip
BBG000DZK6N6,935494,COMMON,NATIONAL INSTRUMENTS CORP,Common Stock,true,cusip
BBG000DZMH32,5187,COMMON,WYETH,Common Stock,true,cusip
BBG000F02T51,1632127,COMMON,CABLE ONE INC,Common Stock,true,cusip
BBG000F0CD91,46619,CLASS A,HEICO CORP CLASS A,Common Stock,true,cusip
BBG000F0PF65,1105705,COMMON,TIME WARNER INC,Common Stock,true,cusip
BBG000F0ZXG4,1091862,COMMON,CHEMTURA CORP,Common Stock,true,cusip
BBG000F15NW9,203077,COMMON,ST JUDE MEDICAL INC,Common Stock,true,cusip
BBG000F1C7F5,64996,COMMON,MERCURY GENERAL CORP,Common Stock,true,cusip
BBG000F1ZSN5,882835,COMMON,ROPER TECHNOLOGIES INC,Common Stock,true,cusip
BBG000F1ZSQ2,1141391,CLASS A,MASTERCARD INC CLASS A,Common Stock,true,cusip
BBG000F2XXP2,912752,CLASS A,SINCLAIR BROADCAST GROUP INC CLASS,Common Stock,true,cusip
BBG000F395V1,1024305,CLASS A,COTY INC CLASS A,Common Stock,true,cusip
BBG000F4VS53,1168335,COMMON,ADVANCED MEDICAL OPTICS,Common Stock,true,cusip
BBG000F4W0M4,701374,COMMON,SIX FLAGS ENTERTAINMENT CORP,Common Stock,true,cusip
BBG000F5VVB6,1120193,COMMON,NASDAQ INC,Common Stock,true,cusip
BBG000F5YH15,1091907,CLASS A,WORLD WRESTLING ENTERTAINMENT INC,Common Stock,true,cusip
BBG000F61RJ8,868857,COMMON,AECOM,Common Stock,true,cusip
BBG000F64MM2,1354513,COMMON,CTC MEDIA INC,Common Stock,true,cusip
BBG000F6H8W8,909832,COMMON,COSTCO WHOLESALE CORP,Common Stock,true,cusip
BBG000F6ZWH2,1089063,COMMON,DICKS SPORTING INC,Common Stock,true,cusip
BBG000F79GY5,945394,COMMON,SERVICE PROPERTIES TRUST,REIT,true,ticker
BBG000F7GST7,1381668,COMMON,TFS FINANCIAL CORP,Common Stock,true,cusip
BBG000F7RCJ1,1158449,COMMON,ADVANCE AUTO PARTS INC,Common Stock,true,cusip
BBG000F7VG25,1169770,COMMON,BANC OF CALIFORNIA INC,Common Stock,false,cusip
BBG000F80SZ5,945436,COMMON,SUNEDISON INC.,Common Stock,true,cusip
BBG000F86GP6,1059556,COMMON,MOODYS CORP,Common Stock,true,cusip
BBG000F9KJN4,1107694,COMMON,RACKSPACE HOSTING INC,Common Stock,true,cusip
BBG000FBK808,945764,COMMON,DENBURY RESOURCES INC,Common Stock,true,cusip
BBG000FBR384,789073,COMMON,BEAM INC,Common Stock,true,cusip
BBG000FBRL11,1605607,COMMON,PARAMOUNT GROUP REIT INC,REIT,true,cusip
BBG000FBWYH0,1127703,COMMON,PROASSURANCE CORP,Common Stock,true,cusip
BBG000FC7366,1096343,COMMON,MARKEL GROUP INC,Common Stock,true,cusip
BBG000FC9SM1,701853,COMMON,BANCORPSOUTH INC,Common Stock,true,cusip
BBG000FDBX90,1130310,COMMON,CENTERPOINT ENERGY INC,Common Stock,true,cusip
BBG000FF9HX6,1124827,COMMON,UTI WORLDWIDE INC,Common Stock,true,cusip
BBG000FFC0B3,71691,CLASS A,NEW YORK TIMES CLASS A,Common Stock,true,cusip
BBG000FFDM15,36104,COMMON,US BANCORP,Common Stock,true,cusip
BBG000FFFQR6,1288403,COMMON,W&T OFFSHORE INC,Common Stock,true,cusip
BBG000FFH4P5,30625,COMMON,FLOWSERVE CORP,Common Stock,true,cusip
BBG000FG3C43,1000180,COMMON,SANDISK CORP,Common Stock,true,cusip
BBG000FGMKY1,1090425,CLASS A,LAMAR ADVERTISING COMPANY CLAS,REIT,true,cusip
BBG000FH8PX5,1578845,COMMON,ALLERGAN,Common Stock,true,cusip
BBG000FHN2M1,949341,COMMON,CHECKFREE CORP,Common Stock,true,ticker
BBG000FHZ756,833081,COMMON,PRIDE INTERNATIONAL INC,Common Stock,true,cusip
BBG000FJH8W0,944695,COMMON,HANOVER INSURANCE GROUP INC,Common Stock,true,cusip
BBG000FJJW82,77551,COMMON,APPLERA CORP APPLIED,Tracking Stk,true,cusip
BBG000FJLFX8,1122304,COMMON,AETNA INC,Common Stock,true,cusip
BBG000FJP263,3673,COMMON,ALLEGHENY ENERGY INC,Common Stock,true,cusip
BBG000FJRZ68,949039,COMMON,DIAMOND OFFSHORE DRILLING INC,Common Stock,true,cusip
BBG000FJWF20,1967649,COMMON,VESTIS CORP,Common Stock,true,cusip
BBG000FKJRC5,1001250,CLASS A,ESTEE LAUDER INC CLASS A,Common Stock,true,cusip
BBG000FKMP26,927003,COMMON,ADVANCED ENERGY INDUSTRIES INC,Common Stock,true,cusip
BBG000FKYVH4,1001288,CLASS A,LEXMARK INTERNATIONAL INC.,Common Stock,true,cusip
BBG000FL1TC8,1465112,COMMON,DIRECTV,Common Stock,true,cusip
BBG000FLF615,1214816,COMMON,AXIS CAPITAL HOLDINGS LTD,Common Stock,true,cusip
BBG000FLHZZ2,1318220,COMMON,WASTE CONNECTIONS INC,Common Stock,false,cusip
BBG000FLPRH1,723612,COMMON,AVIS BUDGET GROUP INC,Common Stock,true,cusip
BBG000FLZN98,851968,COMMON,MOHAWK INDUSTRIES INC,Common Stock,true,cusip
BBG000FNRZ69,1364479,COMMON,HERC HOLDINGS INC,Common Stock,true,cusip
BBG000FP1N32,1002047,COMMON,NETAPP INC,Common Stock,true,cusip
BBG000FPNN38,1520697,COMMON,ACADIA HEALTHCARE COMPANY INC,Common Stock,true,cusip
BBG000FQ6PY6,877890,COMMON,CITRIX SYSTEMS INC,Common Stock,true,cusip
BBG000FQ7YR4,1335258,COMMON,LIVE NATION ENTERTAINMENT INC,Common Stock,true,cusip
BBG000FQRVM3,1000697,COMMON,WATERS CORP,Common Stock,true,cusip
BBG000FRBSS9,36995,COMMON,WACHOVIA CORP,Common Stock,true,cusip
BBG000FRJVJ4,110430,COMMON,FRONTIER OIL CORP,Common Stock,true,cusip
BBG000FRVFM1,1003124,COMMON,PHARMACEUTICAL PROD,Common Stock,true,cusip
BBG000FRVHB9,740260,COMMON,VENTAS REIT INC,REIT,true,cusip
BBG000FSMWC3,719955,COMMON,WILLIAMS SONOMA INC,Common Stock,true,cusip
BBG000FTLBV7,1425205,COMMON,IOVANCE BIOTHERAPEUTICS INC,Common Stock,true,cusip
BBG000FV1Z23,1051470,COMMON,CROWN CASTLE INC,REIT,true,cusip
BBG000FV28W9,1434588,COMMON,GRAND CANYON EDUCATION INC,Common Stock,true,cusip
BBG000FVQ185,867773,COMMON,SUNPOWER CORP.,Common Stock,true,cusip
BBG000FVQ434,1316360,CLASS A,IHS INC CLASS A,Common Stock,true,cusip
BBG000FVXD63,315852,COMMON,RANGE RESOURCES CORP,Common Stock,true,cusip
BBG000FXW512,31791,COMMON,REVVITY INC,Common Stock,true,cusip
BBG000FXYZF9,933136,COMMON,WASHINGTON MUTUAL INC,Common Stock,true,cusip
BBG000FY4S11,831001,COMMON,CITIGROUP INC,Common Stock,true,cusip
BBG000FYNMX8,872821,COMMON,WILMINGTON TRUST CORP,Common Stock,true,cusip
BBG000G0PPW3,895930,COMMON,AMSURG CORP.,Common Stock,true,cusip
BBG000G0Z878,874766,COMMON,HARTFORD INSURANCE GROUP INC,Common Stock,true,cusip
BBG000G30YX4,899866,COMMON,ALEXION PHARMACEUTICALS INC,Common Stock,true,cusip
BBG000G3QLY3,820027,COMMON,AMERIPRISE FINANCE INC,Common Stock,true,cusip
BBG000G5H5S0,1004440,COMMON,CONSTELLATION ENERGY GRP,Common Stock,true,cusip
BBG000G61VB6,1161448,CLASS A,CBOT HOLDINGS INC,Common Stock,true,ticker
BBG000G6BN50,724606,CLASS A,PANERA BREAD CLASS A,Common Stock,true,cusip
BBG000G6Y5W4,63754,COMMON,MCCORMICK & CO NON-VOTING INC,Common Stock,true,cusip
BBG000G7CDN9,1604028,COMMON,ADVANCED DRAINAGE SYSTEMS INC,Common Stock,true,cusip
BBG000G7PNS8,776867,COMMON,WHITE MOUNTAINS INSURANCE GROUP LT,Common Stock,true,cusip
BBG000G7QX50,1577916,CLASS A,PREMIER INC CLASS A,Common Stock,true,cusip
BBG000G8M3Q5,1011659,COMMON,UNIONBANCAL CORP,Common Stock,true,cusip
BBG000G8N9C6,72333,COMMON,NORDSTROM INC,Common Stock,true,cusip
BBG000G9CGL0,1232524,COMMON,JAZZ PHARMACEUTICALS PLC,Common Stock,true,cusip
BBG000GC80B4,1385187,COMMON,COVIDIEN ORD,Common Stock,true,cusip
BBG000GHZSZ6,36966,COMMON,FIRST HORIZON CORP,Common Stock,true,cusip
BBG000GJS7C1,914475,COMMON,NEUROCRINE BIOSCIENCES INC,Common Stock,true,cusip
BBG000GLBN48,1012140,COMMON,ONYX PHARMACEUTICALS INC.,Common Stock,true,cusip
BBG000GMDMK8,1012620,CLASS A,GENESEE & WYOMING INC CLASS A,Common Stock,true,cusip
BBG000GMGNB3,1324948,COMMON,RBC BEARINGS INC,Common Stock,true,cusip
BBG000GPXKX9,1175454,COMMON,CORPAY INC,Common Stock,true,cusip
BBG000GQ1G25,1008654,COMMON,TUPPERWARE BRANDS CORP,Common Stock,true,cusip
BBG000GQ7K93,1408075,COMMON,GRAPHIC PACKAGING HOLDING,Common Stock,true,cusip
BBG000GQGJT4,1320695,COMMON,TREEHOUSE FOODS INC,Common Stock,true,cusip
BBG000GQJPZ0,1050446,CLASS A,STRATEGY INC CLASS A,Common Stock,true,cusip
BBG000GTYWL7,1015820,COMMON,QIAGEN NV,Common Stock,true,cusip
BBG000GVTP33,1369817,CLASS A,ONEBEACON INSURANCE GRP,Common Stock,true,cusip
BBG000GX14P2,1368622,COMMON,AEROVIRONMENT INC,Common Stock,true,cusip
BBG000GXZ4W7,1013462,COMMON,ANSYS INC,Common Stock,true,cusip
BBG000GYLKX3,91388,COMMON,SMITHFIELD FOODS INC.,Common Stock,true,cusip
BBG000GZD660,912183,COMMON,CUBIST PHARMACEUTICALS INC.,Common Stock,true,cusip
BBG000GZQ728,34088,COMMON,EXXON MOBIL CORP,Common Stock,true,cusip
BBG000H01H92,1514991,CLASS A,AMC NETWORKS CLASS A INC,Common Stock,true,cusip
BBG000H1RYG7,1013857,COMMON,PEGASYSTEMS INC,Common Stock,true,cusip
BBG000H28X05,1084230,COMMON,PEPSIAMERICAS INC,Common Stock,true,cusip
BBG000H3FZM6,861878,COMMON,STERICYCLE INC,Common Stock,true,cusip
BBG000H3GDJ8,860748,COMMON,KEMPER CORP,Common Stock,true,cusip
BBG000H3YXF8,723254,COMMON,CINTAS CORP,Common Stock,true,cusip
BBG000H4NW15,1018003,CLASS A,INGRAM MICRO INC. SHS -A-,Common Stock,true,cusip
BBG000H4YVR7,1011835,COMMON,MEDIVATION INC.,Common Stock,true,cusip
BBG000H50PN8,1054833,COMMON,COVENTRY HEALTH CARE INC,Common Stock,true,cusip
BBG000H556T9,773840,COMMON,HONEYWELL INTERNATIONAL INC,Common Stock,true,cusip
BBG000H6HNW3,1418091,COMMON,TWITTER INC,Common Stock,true,cusip
BBG000H6K1B0,1019849,COMMON,PENSKE AUTOMOTIVE GROUP VOTING INC,Common Stock,true,cusip
BBG000H89QJ6,1377013,COMMON,TIME WARNER CABLE INC,Common Stock,true,cusip
BBG000H8LGK2,893949,COMMON,MEDNAX INC,Common Stock,true,cusip
BBG000H8TVT2,27419,COMMON,TARGET CORP,Common Stock,true,cusip
BBG000H9G7X2,1018840,CLASS A,ABERCROMBIE & FITCH CO. CL A,Common Stock,true,cusip
BBG000HBFQP5,1408710,COMMON,FABRINET,Common Stock,true,cusip
BBG000HCJMF9,1137774,COMMON,PRUDENTIAL FINANCIAL INC,Common Stock,true,cusip
BBG000HD3DW5,1015328,COMMON,WINTRUST FINANCIAL CORP,Common Stock,true,cusip
BBG000HF28Q9,1298675,COMMON,CUBESMART REIT,REIT,true,cusip
BBG000HG21Y3,1021561,CLASS A,NU SKIN ENTERPRISES INC CLASS A,Common Stock,true,cusip
BBG000HGYNZ9,1022671,COMMON,STEEL DYNAMICS INC,Common Stock,true,cusip
BBG000HHLBF9,797721,COMMON,VIASAT INC,Common Stock,true,cusip
BBG000HNMMT6,51548,CLASS A,INTERNATIONAL SPEEDWAY,Common Stock,true,cusip
BBG000HS77T5,732712,COMMON,VERIZON COMMUNICATIONS INC,Common Stock,true,cusip
BBG000HXNN20,947484,COMMON,ARCH CAPITAL GROUP LTD,Common Stock,true,cusip
BBG000HZFZX3,794323,COMMON,LEVEL COMMUNICATIONS INC,Common Stock,true,cusip
BBG000HZT3L2,1046861,COMMON,ENERGY EAST CORP,Common Stock,true,cusip
BBG000J094P3,1384905,CLASS A,RINGCENTRAL INC CLASS A,Common Stock,true,cusip
BBG000J0D904,768835,COMMON,BIG LOTS INC.,Common Stock,true,cusip
BBG000J1QLT0,16918,CLASS A,CONSTELLATION BRANDS INC CLASS A,Common Stock,true,cusip
BBG000J2XL74,1413329,COMMON,PHILIP MORRIS INTERNATIONAL INC,Common Stock,true,cusip
BBG000J453J8,1334978,CLASS A,CLEAR CHANNEL OUTDOOR HOLDINGS INC,Common Stock,true,cusip
BBG000J4L211,1332349,COMMON,BROOKDALE SENIOR LIVING INC,Common Stock,true,cusip
BBG000J5Q6L2,1276520,COMMON,GENWORTH FINANCIAL A INC,Common Stock,true,cusip
BBG000J6XT05,1109357,COMMON,EXELON CORP,Common Stock,true,cusip
BBG000J7Q1L9,866829,COMMON,HELIX ENERGY SOLUTIONS,Common Stock,true,cusip
BBG000J8CD72,2135,COMMON,AFFILIATED COMPUTER SVCS,Common Stock,true,cusip
BBG000JB27Y9,1457543,COMMON,CAREFUSION CORP,Common Stock,true,cusip
BBG000JBN3X6,,COMMON,U S AIRWAYS GROUP INC,Common Stock,true,cusip
BBG000JBSJZ4,1331875,COMMON,FIDELITY NATIONAL FINANCIAL INC CL,Common Stock,true,cusip
BBG000JCPGZ1,1520006,COMMON,MATADOR RESOURCES,Common Stock,true,cusip
BBG000JD6TN5,874238,COMMON,STERLING INFRASTRUCTURE INC,Common Stock,true,cusip
BBG000JDN9K3,1175609,COMMON,CAVIUM INC,Common Stock,true,cusip
BBG000JG0547,8670,COMMON,AUTOMATIC DATA PROCESSING INC,Common Stock,true,cusip
BBG000JGQ3K6,37748,COMMON,MASSEY ENERGY CORP,Common Stock,true,cusip
BBG000JH6683,874015,COMMON,IONIS PHARMACEUTICALS INC,Common Stock,true,cusip
BBG000JHRSB8,916459,COMMON,GARDNER DENVER INC.,Common Stock,true,cusip
BBG000JKFQB8,1555365,COMMON,WHITEWAVE FOODS,Common Stock,true,cusip
BBG000JLC8L8,920371,COMMON,SIMPSON MANUFACTURING INC,Common Stock,true,cusip
BBG000JN7HR4,831967,COMMON,KINETIC CONCEPTS INC,Common Stock,true,cusip
BBG000JN9BQ6,1037016,COMMON,NII HOLDINGS INC,Common Stock,true,cusip
BBG000JVJ8N7,1042776,COMMON,PIEDMONT OFFICE REALTY TRUST REIT,REIT,true,cusip
BBG000JWD753,1300514,COMMON,LAS VEGAS SANDS CORP,Common Stock,true,cusip
BBG000JXRXK2,811830,COMMON,SOVEREIGN BANCORP INC,Common Stock,true,cusip
BBG000JYP7L8,1306830,COMMON,CELANESE CORP,Common Stock,true,cusip
BBG000K008L5,1366868,COMMON,GLOBALSTAR VOTING INC,Common Stock,true,cusip
BBG000K14Q84,801898,COMMON,JOY GLOBAL INC,Common Stock,true,cusip
BBG000K14TT5,1207179,COMMON,GOLAR LNG LTD,Common Stock,true,cusip
BBG000K1T0M8,929351,COMMON,LIONS GATE ENTERTAINMENT VOTING CO,Common Stock,true,cusip
BBG000K1T9L0,1125376,COMMON,ENSIGN GROUP INC,Common Stock,true,cusip
BBG000K1X873,919226,COMMON,SMURFIT-STONE CONTAINER,Common Stock,true,cusip
BBG000K3BC83,1023128,CLASS A,LITHIA MOTORS INC CLASS A,Common Stock,true,cusip
BBG000K3T8L8,1143068,COMMON,GREAT PLAINS ENERGY INC,Common Stock,true,cusip
BBG000K4ND22,93410,COMMON,CHEVRON CORP,Common Stock,true,cusip
BBG000K5M1S8,895728,COMMON,ENBRIDGE INC,Common Stock,false,cusip
BBG000K7PWX7,1080099,COMMON,INFORMATICA CORP.,Common Stock,true,cusip
BBG000K88H58,887936,COMMON,FTI CONSULTING INC,Common Stock,true,cusip
BBG000KBQZ88,1363851,COMMON,CATAMARAN CORP,Common Stock,true,cusip
BBG000KCZPC3,1020569,COMMON,IRON MOUNTAIN INC,REIT,true,cusip
BBG000KHWT55,47217,COMMON,HP INC,Common Stock,true,cusip
BBG000KJP3V7,19446,COMMON,CANTEL MEDICAL CORP,Common Stock,true,cusip
BBG000KKVD81,920760,CLASS B,LENNAR CORP CLASS B,Common Stock,true,cusip
BBG000KLB4Q1,4127,COMMON,SKYWORKS SOLUTIONS INC,Common Stock,true,cusip
BBG000KQY8Y7,16058,CLASS A,CACI INTERNATIONAL INC CLASS A,Common Stock,true,cusip
BBG000KZCJJ4,1362988,COMMON,AIRCASTLE LTD,Common Stock,true,cusip
BBG000L0R4R8,817366,COMMON,VCA INC,Common Stock,true,cusip
BBG000L2Q7C4,1509991,COMMON,KOSMOS ENERGY LTD,Common Stock,true,cusip
BBG000L4M7F1,943819,COMMON,RESMED INC,Common Stock,true,cusip
BBG000L5CJF3,1166003,COMMON,XPO INC,Common Stock,true,cusip
BBG000L8CBX4,1260221,COMMON,TRANSDIGM GROUP INC,Common Stock,true,cusip
BBG000L8QT60,1130258,COMMON,ACME PACKET INC.,Common Stock,true,cusip
BBG000L93Q69,1210697,COMMON,TODCO,Common Stock,true,ticker
BBG000L9CV04,1090727,CLASS B,UNITED PARCEL SERVICE INC CLASS B,Common Stock,true,cusip
BBG000LC1FS4,1018963,COMMON,ATI INC,Common Stock,true,cusip
BBG000LD9JQ8,1174922,COMMON,WYNN RESORTS LTD,Common Stock,true,cusip
BBG000LJQ3H1,1493594,COMMON,MACOM TECHNOLOGY SOLUTIONS INC,Common Stock,true,cusip
BBG000LR8515,1368458,COMMON,SALLY BEAUTY HOLDINGS INC,Common Stock,true,cusip
BBG000LV0836,1381197,CLASS A,INTERACTIVE BROKERS GROUP INC CLAS,Common Stock,true,cusip
BBG000M1J270,1465128,COMMON,STARWOOD PROPERTY TRUST REIT INC,REIT,true,cusip
BBG000M1R011,1373715,COMMON,SERVICENOW INC,Common Stock,true,cusip
BBG000M34GG1,1289790,COMMON,MACQUARIE INFRASTRUCTURE CORP,Common Stock,true,cusip
BBG000M44VW8,1370946,COMMON,OWENS CORNING,Common Stock,true,cusip
BBG000M65M61,100517,COMMON,UNITED AIRLINES HOLDINGS INC,Common Stock,true,cusip
BBG000M6TR37,1288784,COMMON,SIGNATURE BANK,Common Stock,true,cusip
BBG000M9KP89,1283630,COMMON,AMERICAN CAMPUS COMMUNITIES REIT I,REIT,true,cusip
BBG000MBDGM6,1101239,COMMON,EQUINIX REIT INC,REIT,true,cusip
BBG000MBHNC8,1179929,COMMON,MOLINA HEALTHCARE INC,Common Stock,true,cusip
BBG000MBPVL1,1241199,COMMON,CAPITALSOURCE INC,Common Stock,true,cusip
BBG000MDCQC2,1140859,COMMON,CENCORA INC,Common Stock,true,cusip
BBG000MG3Y65,1465740,COMMON,TWO HARBORS INVESTMENT REIT CORP,REIT,true,ticker
BBG000MHTV89,1352010,COMMON,EPAM SYSTEMS INC,Common Stock,true,cusip
BBG000MJRJJ2,1498828,COMMON,HOWARD HUGHES CORP,Common Stock,true,cusip
BBG000MM2P62,1326801,CLASS A,META PLATFORMS INC CLASS A,Common Stock,true,cusip
BBG000MM5VL9,1180262,COMMON,HERBALIFE NUTRITION LTD,Common Stock,true,cusip
BBG000MQ1SN9,927066,COMMON,DAVITA INC,Common Stock,true,cusip
BBG000MRMY60,1170650,COMMON,MEDCO HEALTH SOLUTIONS,Common Stock,true,cusip
BBG000MTDW24,1492298,COMMON,SABRA HEALTH CARE REIT INC,REIT,false,cusip
BBG000MTPB18,925645,CLASS A,CENTRAL EUROPEAN MEDIA,Common Stock,true,cusip
BBG000MW0PF2,1171825,COMMON,CIT GROUP INC,Common Stock,true,cusip
BBG000MYZDJ3,1375365,COMMON,SUPER MICRO COMPUTER INC,Common Stock,true,cusip
BBG000MZFMS2,1009356,COMMON,SALIX PHARMACEUTICALS LTD.,Common Stock,true,cusip
BBG000N2HDY5,1596532,COMMON,ARISTA NETWORKS INC,Common Stock,true,cusip
BBG000N49069,944809,COMMON,OPKO HEALTH INC,Common Stock,true,cusip
BBG000N625H8,924805,COMMON,FREEDOM HOLDING CORP,Common Stock,true,cusip
BBG000N746D6,1015780,COMMON,E TRADE FINANCIAL CORP,Common Stock,true,cusip
BBG000N7CH25,1323854,CLASS A,WARNER CHILCOTT PLC CLASS A,Common Stock,true,cusip
BBG000N7KBZ3,1664703,CLASS A,BLOOM ENERGY CLASS A CORP,Common Stock,true,cusip
BBG000N7KJX8,1261333,COMMON,DOCUSIGN INC,Common Stock,true,cusip
BBG000N7MXL8,1370637,COMMON,ETSY INC,Common Stock,true,cusip
BBG000N7MYP2,1383729,COMMON,FUSION-IO INC,Common Stock,true,cusip
BBG000N7MZ06,1404655,COMMON,HUBSPOT INC,Common Stock,true,cusip
BBG000N7QR55,1321655,CLASS A,PALANTIR TECHNOLOGIES INC CLASS A,Common Stock,true,cusip
BBG000N8Y8W6,1163348,COMMON,ALLIED WORLD ASSURANCE COMPANY HOL,Common Stock,true,cusip
BBG000N9MNX3,1318605,COMMON,TESLA INC,Common Stock,true,cusip
BBG000NC8DB8,1350031,COMMON,EMBARQ CORP,Common Stock,true,cusip
BBG000NDV1D4,1283699,COMMON,T MOBILE US INC,Common Stock,true,cusip
BBG000NDYB67,1467858,COMMON,GENERAL MOTORS,Common Stock,true,cusip
BBG000NDZ417,891456,COMMON,PLAINS EXPLORATION & PRODUCTION CO,Common Stock,true,cusip
BBG000NQF3Z5,1181412,CLASS A,SPACE EXPLORATION TECHNOLOGIES COR,Common Stock,true,cusip
BBG000NS03H7,1469372,COMMON,MSG NETWORKS INC,Common Stock,true,cusip
BBG000NS26Q8,1307954,COMMON,HUNTSMAN CORP,Common Stock,true,cusip
BBG000NS3P30,1297989,COMMON,EXLSERVICE HOLDINGS INC,Common Stock,true,cusip
BBG000NSCNT7,1126328,COMMON,PRINCIPAL FINANCIAL GROUP INC,Common Stock,true,cusip
BBG000NV1KK7,29534,COMMON,DOLLAR GENERAL CORP,Common Stock,true,cusip
BBG000NVSBL7,1000694,COMMON,NOVAVAX INC,Common Stock,true,cusip
BBG000NY37X4,1341766,COMMON,CELSIUS HOLDINGS INC,Common Stock,true,cusip
BBG000P1F8Q7,1274057,COMMON,HOSPIRA INC,Common Stock,true,cusip
BBG000P1K2X6,892553,COMMON,CHART INDUSTRIES INC,Common Stock,true,cusip
BBG000P28YZ6,1357615,COMMON,KBR INC,Common Stock,true,cusip
BBG000P2GPN9,1635327,COMMON,FLUTTER ENTERTAINMENT PLC,Common Stock,true,cusip
BBG000P2TYL8,1397911,COMMON,LPL FINANCIAL HOLDINGS INC,Common Stock,true,cusip
BBG000P458P3,1286681,COMMON,DOMINOS PIZZA INC,Common Stock,true,cusip
BBG000P4BQM9,109177,COMMON,SPECTRUM BRANDS HOLDINGS INC,Common Stock,true,cusip
BBG000P5LMQ0,1177702,COMMON,SAIA INC,Common Stock,true,cusip
BBG000PB7F79,1316656,COMMON,DRESSER-RAND GROUP INC.,Common Stock,true,cusip
BBG000PCNTM2,1507934,COMMON,STARZ,Common Stock,true,cusip
BBG000PCQQL6,1355096,SERIES A,QURATE RETAIL INC SERIES A,Common Stock,true,cusip
BBG000PD6X77,1287750,COMMON,ARES CAPITAL CORP,Common Stock,true,cusip
BBG000PFLGY2,1409493,COMMON,CHIMERA INVESTMENT CORP,REIT,true,cusip
BBG000PHV438,1048268,COMMON,IES INC,Common Stock,true,cusip
BBG000PJ88D0,931148,COMMON,GRAFTECH INTERNATIONAL LTD.,Common Stock,true,cusip
BBG000PLXQQ3,1267097,COMMON,TRW AUTOMOTIVE HOLDINGS CORP,Common Stock,true,cusip
BBG000PM7GJ0,,COMMON,ALPHA NATURAL RESOURCES INC,Common Stock,false,cusip
BBG000PN1SJ8,1364250,COMMON,DOUGLAS EMMETT REIT INC,REIT,true,cusip
BBG000PPFKQ7,1383312,COMMON,BROADRIDGE FINANCIAL SOLUTIONS INC,Common Stock,true,cusip
BBG000PQ4W72,1474735,COMMON,GENERAC HOLDINGS INC,Common Stock,true,cusip
BBG000PQ6YJ3,1310067,COMMON,SEARS HOLDINGS CORP,Common Stock,true,cusip
BBG000PQPCM6,1504008,COMMON,BANKUNITED INC,Common Stock,true,cusip
BBG000PRJ2Z9,1364885,CLASS A,SPIRIT AEROSYSTEMS INC CLASS A,Common Stock,true,cusip
BBG000PRJCX9,1360604,COMMON,HEALTHCARE REALTY TRUST INC CLASS,REIT,true,cusip
BBG000PRTQ30,1289236,COMMON,BIOMED REALTY TRUST REIT INC,REIT,true,cusip
BBG000PSJMV7,1289460,COMMON,TEXAS ROADHOUSE INC,Common Stock,true,cusip
BBG000PSKYX7,1403161,CLASS A,VISA INC CLASS A,Common Stock,true,cusip
BBG000PSSG77,1367396,COMMON,IDEARC INC,Common Stock,true,cusip
BBG000PTLGZ1,842162,COMMON,LEAR CORP,Common Stock,true,cusip
BBG000PTXBV3,1419521,COMMON,HATTERAS FINANCIAL CORP.,REIT,true,cusip
BBG000PV27K3,1289490,COMMON,EXTRA SPACE STORAGE REIT INC,REIT,true,cusip
BBG000PV2L86,1361658,COMMON,TRAVEL LEISURE,Common Stock,true,cusip
BBG000PW5VX1,1433270,COMMON,ANTERO RESOURCES CORP,Common Stock,true,cusip
BBG000PX3XC0,1255474,COMMON,WHITING PETROLEUM CORP,Common Stock,true,cusip
BBG000PXDL44,1065696,COMMON,LKQ CORP,Common Stock,true,cusip
BBG000PXGT62,1206264,COMMON,SOMNIGROUP INTERNATIONAL INC,Common Stock,true,cusip
BBG000PXZFW2,1262823,COMMON,WESTLAKE CORP,Common Stock,true,cusip
BBG000PYLK81,1295557,COMMON,BARE ESCENTUALS INC,Common Stock,true,cusip
BBG000PYZSR8,1091667,CLASS A,CHARTER COMMUNICATIONS INC CLASS A,Common Stock,true,cusip
BBG000Q02P20,1273931,COMMON,MONEYGRAM INTERNATIONAL,Common Stock,true,ticker
BBG000Q0BPZ4,,COMMON,CIT GROUP INC,Common Stock,true,cusip
BBG000Q0FH88,1265888,CLASS A,NEUSTAR INC CLASS A,Common Stock,true,cusip
BBG000Q0SZJ2,1420302,COMMON,LOGMEIN INC,Common Stock,true,cusip
BBG000Q1GK24,1224608,COMMON,CONSECO INC,Common Stock,true,ticker
BBG000Q1KFH4,1212545,COMMON,WESTERN ALLIANCE,Common Stock,true,cusip
BBG000Q1R1Y9,1378992,COMMON,BERRY GLOBAL GROUP INC,Common Stock,true,cusip
BBG000Q2HM09,1345016,COMMON,YELP INC,Common Stock,true,cusip
BBG000Q3JN03,1281761,COMMON,REGIONS FINANCIAL CORP,Common Stock,true,cusip
BBG000Q5C256,1297401,CLASS A,DREAMWORKS ANIMATION SKG INC. CL A,Common Stock,true,cusip
BBG000Q5RW63,1273801,COMMON,NORTHSTAR REALTY FINANCE CORP.,REIT,true,cusip
BBG000Q5ZRM7,1297996,COMMON,DIGITAL REALTY TRUST REIT INC,REIT,true,cusip
BBG000Q7D769,1170991,COMMON,DCT INDUSTRIAL TRUST REIT INC TRUS,REIT,true,cusip
BBG000Q814S3,1065049,COMMON,LEAP WIRELESS INTL INC,Common Stock,true,cusip
BBG000Q9HH23,1271024,CLASS A,LINKEDIN CORP CLASS A,Common Stock,true,cusip
BBG000QBR5J5,1393612,COMMON,DISCOVER FINANCIAL SERVICES,Common Stock,true,cusip
BBG000QBY9Q1,1365555,COMMON,AMTRUST FINANCIAL SERVICES INC.,Common Stock,true,cusip
BBG000QC4T33,1482512,COMMON,HUDSON PACIFIC PROPERTIES REIT INC,REIT,true,ticker
BBG000QCCGH7,1252849,COMMON,COLUMBIA PROPERTY REIT INC TRUST,REIT,true,cusip
BBG000QCHWC2,1468642,COMMON,AURA MINERALS INC,Common Stock,true,cusip
BBG000QDBSK6,1117106,COMMON,NETSUITE INC.,Common Stock,true,cusip
BBG000QDST26,1317630,COMMON,ITC HOLDINGS CORP.,Common Stock,true,cusip
BBG000QDVR53,1385280,COMMON,CINEMARK HOLDINGS INC,Common Stock,true,cusip
BBG000QF05R6,1455863,COMMON,AMERICOLD REALTY INC TRUST,REIT,true,cusip
BBG000QF18M4,1043382,COMMON,SOLUTIA INC.,Common Stock,true,cusip
BBG000QFJ7H3,1486159,COMMON,OASIS PETROLEUM INC.,Common Stock,true,cusip
BBG000QFJJW0,1569650,COMMON,BANK OZK,Common Stock,true,cusip
BBG000QGWY50,1293971,COMMON,BLUEBIRD BIO INC,Common Stock,true,cusip
BBG000QH56C1,1374310,COMMON,CBOE GLOBAL MARKETS INC,Common Stock,true,cusip
BBG000QHV8S1,1376139,COMMON,CVR ENERGY INC.,Common Stock,true,cusip
BBG000QN4GY3,1355001,COMMON,REALOGY HOLDINGS CORP,Common Stock,true,cusip
BBG000QQFVK6,1222840,COMMON,RETAIL PROPERTIES OF AMERICA REIT,REIT,true,cusip
BBG000QRFNK2,1312073,COMMON,VERIFONE SYSTEMS INC.,Common Stock,true,cusip
BBG000QRKJ70,1490281,COMMON,GROUPON INC,Common Stock,true,cusip
BBG000QS6NV8,1157601,COMMON,MADRIGAL PHARMACEUTICALS INC,Common Stock,true,cusip
BBG000QS8XF2,1348259,COMMON,VALIDUS HOLDINGS LTD,Common Stock,true,cusip
BBG000QTF8K1,1093557,COMMON,DEXCOM INC,Common Stock,true,cusip
BBG000QW7VC1,860730,COMMON,HCA HEALTHCARE INC,Common Stock,true,cusip
BBG000QW8XR0,1326583,COMMON,WEBMD HEALTH CORP,Common Stock,true,cusip
BBG000QX74T1,1058090,COMMON,CHIPOTLE MEXICAN GRILL INC,Common Stock,true,cusip
BBG000QY3XZ2,1324424,COMMON,EXPEDIA GROUP INC,Common Stock,true,cusip
BBG000QY4ZD0,1439222,COMMON,AGIOS PHARMACEUTICALS INC,Common Stock,true,cusip
BBG000R06BX2,1492633,COMMON,NIELSEN NV,Common Stock,true,cusip
BBG000R0L5J4,816761,COMMON,TERADATA CORP,Common Stock,true,cusip
BBG000R23VW8,1160958,COMMON,INPHI CORP,Common Stock,true,cusip
BBG000R2YFG7,1443646,COMMON,BOOZ ALLEN HAMILTON HOLDING CORP C,Common Stock,true,cusip
BBG000R33BD1,1358762,CLASS A,REATA PHARMACEUTICALS INC CLASS A,Common Stock,true,cusip
BBG000R33RF4,1463729,COMMON,RECEPTOS INC,Common Stock,true,cusip
BBG000R3BYX0,1352801,COMMON,BURGER KING HLDGS INC,Common Stock,true,cusip
BBG000R3NPZ4,1487712,CLASS A,AIR LEASE CORP CLASS A,Common Stock,true,cusip
BBG000R4R715,1491576,COMMON,TESARO INC,Common Stock,true,cusip
BBG000R4Y9C1,1348036,COMMON,AVALARA INC,Common Stock,true,cusip
BBG000R57L13,1357326,COMMON,RIVERBED TECHNOLOGY INC.,Common Stock,true,cusip
BBG000R5HWZ1,1280600,COMMON,ACCELERON PHARMA INC,Common Stock,true,cusip
BBG000R7RDB4,1358071,COMMON,CONCHO RESOURCES INC,Common Stock,true,cusip
BBG000R7SPX2,1428669,COMMON,SOLARWINDS INC,Common Stock,true,cusip
BBG000R7XX87,1145197,COMMON,INSULET CORP,Common Stock,true,cusip
BBG000R7Z112,27904,COMMON,DELTA AIR LINES INC,Common Stock,true,cusip
BBG000R8ZVD1,1397187,COMMON,LULULEMON ATHLETICA INC,Common Stock,true,cusip
BBG000RD8M04,2025410,COMMON,STANDARDAERO,Common Stock,true,cusip
BBG000RFD341,1058033,COMMON,NORTHWEST AIRLS CORP,Common Stock,true,cusip
BBG000RJ2J04,1402436,COMMON,SS AND C TECHNOLOGIES HOLDINGS INC,Common Stock,true,cusip
BBG000RKR4R8,1349436,COMMON,SANDRIDGE ENERGY INC.,Common Stock,true,ticker
BBG000RQ2GY7,1212458,COMMON,PROOFPOINT INC,Common Stock,true,cusip
BBG000RQBFV2,1398659,COMMON,GENPACT LTD,Common Stock,true,cusip
BBG000RQW961,1430602,CLASS A,SCRIPPS NETWORKS INTERACTIVE INC C,Common Stock,true,cusip
BBG000RTDY25,1408198,COMMON,MSCI INC,Common Stock,true,cusip
BBG000RVZC33,1407739,COMMON,DUPONT FABROS TECHNOLOGY REIT INC,REIT,true,cusip
BBG000T8ZF80,1475922,COMMON,PRIMERICA INC,Common Stock,true,cusip
BBG000TDCVT6,1411579,CLASS A,AMC ENTERTAINMENT HOLDINGS INC CLA,Common Stock,true,cusip
BBG000TGLV00,1415404,CLASS A,ECHOSTAR CORP CLASS A,Common Stock,true,cusip
BBG000TJ8XZ7,1423689,COMMON,AGNC INVESTMENT REIT CORP,REIT,true,cusip
BBG000TJM7F0,1418135,COMMON,KEURIG DR PEPPER INC,Common Stock,true,cusip
BBG000TRJ294,1410636,COMMON,AMERICAN WATER WORKS INC,Common Stock,true,cusip
BBG000TVRB50,1434621,COMMON,LENDINGTREE INC,Common Stock,true,cusip
BBG000TWC2V5,1452575,COMMON,MEAD JOHNSON NUTRITION,Common Stock,true,cusip
BBG000V1Y6Q3,1421461,COMMON,INTREPID POTASH INC,Common Stock,true,cusip
BBG000V31J96,916457,COMMON,CALPINE CORP,Common Stock,true,cusip
BBG000V78V75,1472787,COMMON,FIRST AMERICAN FINANCIAL CORP,Common Stock,true,cusip
BBG000VBZJB8,1429775,COMMON,LENDER PROCESSING SERVICES INC.,Common Stock,true,cusip
BBG000VC0FC1,1418819,COMMON,IRIDIUM COMMUNICATIONS INC,Common Stock,true,cusip
BBG000VC0T95,1327811,CLASS A,WORKDAY INC CLASS A,Common Stock,true,cusip
BBG000VCQPM0,1453814,COMMON,MEDIDATA SOLUTIONS INC,Common Stock,true,cusip
BBG000VD6768,1439404,CLASS A,ZYNGA INC CLASS A,Common Stock,true,cusip
BBG000VMWHH5,1437107,CLASS C,DISCOVERY INC SERIES C,Common Stock,true,cusip
BBG000VPGNR2,1091667,CLASS A,CHARTER COMMUNICATIONS INC CLASS A,Common Stock,true,cusip
BBG000VZHLL9,1395942,COMMON,KAR AUCTION SERVICES INC,Common Stock,true,cusip
BBG000W4G3B9,1477294,COMMON,SENSATA TECHNOLOGIES HOLDING NV,Common Stock,true,cusip
BBG000WCFV84,1489393,CLASS A,LYONDELLBASELL INDUSTRIES CLASS A,Common Stock,true,cusip
BBG000WCRGZ4,1489979,COMMON,FRESH MARKET INC,Common Stock,true,cusip
BBG0014FFY08,1492426,COMMON,HORIZON THERAPEUTICS PUBLIC PLC,Common Stock,true,cusip
BBG0014GG205,1230276,COMMON,PANDORA MEDIA INC,Common Stock,true,cusip
BBG0014GJCT9,1327567,COMMON,PALO ALTO NETWORKS INC,Common Stock,true,cusip
BBG0014XR0N5,1364954,COMMON,CHEGG INC,Common Stock,true,cusip
BBG0015XMW40,1389170,COMMON,TARGA RESOURCES CORP,Common Stock,true,cusip
BBG001636CR2,1177609,COMMON,FIVE BELOW INC,Common Stock,true,cusip
BBG0016T3GQ0,1111335,COMMON,VISTEON CORP,Common Stock,true,cusip
BBG0016WLQ18,1502034,CLASS A,GNC HOLDINGS INC. CL A,Common Stock,true,cusip
BBG0017T9998,858339,COMMON,CAESARS ENTERTAINMENT CORP,Common Stock,true,cusip
BBG0018SLC07,1512673,CLASS A,BLOCK INC CLASS A,Common Stock,true,cusip
BBG0018SLDN0,1467623,CLASS A,DROPBOX INC CLASS A,Common Stock,true,cusip
BBG0018YXYX7,1401667,COMMON,PUMA BIOTECHNOLOGY INC,Common Stock,true,cusip
BBG0019JZ882,1506307,COMMON,KINDER MORGAN INC,Common Stock,true,cusip
BBG0019LSQ49,1132979,COMMON,FIRST REPUBLIC BANK,Common Stock,true,cusip
BBG0019T5SG0,1477449,COMMON,TELADOC HEALTH INC,Common Stock,true,cusip
BBG0019V9M65,1438133,COMMON,TANDEM DIABETES CARE INC,Common Stock,true,cusip
BBG001B17MV2,1616707,CLASS A,WAYFAIR INC CLASS A,Common Stock,true,cusip
BBG001B4BV87,1519751,COMMON,FORTUNE BRANDS INNOVATIONS INC,Common Stock,true,cusip
BBG001BP92V1,1321732,COMMON,PENUMBRA INC,Common Stock,true,cusip
BBG001BP9474,1544229,COMMON,ENGILITY HOLDINGS INC.,Common Stock,true,ticker
BBG001BPFT54,1408356,COMMON,SOLARCITY CORP,Common Stock,true,cusip
BBG001BPKGT0,1540184,COMMON,MEDALLIA INC,Common Stock,true,cusip
BBG001BWP4C5,1286139,COMMON,LEGALZOOM COM INC,Common Stock,true,cusip
BBG001C7PM75,1528396,COMMON,GUIDEWIRE SOFTWARE INC,Common Stock,true,cusip
BBG001C7TST4,1353283,COMMON,SPLUNK INC,Common Stock,true,cusip
BBG001CGB489,1393052,CLASS A,VEEVA SYSTEMS INC CLASS A,Common Stock,true,cusip
BBG001D0HB36,1611647,COMMON,FRESHPET INC,Common Stock,true,cusip
BBG001D8R5D0,1524472,COMMON,XYLEM INC,Common Stock,true,cusip
BBG001D8R8J8,1524471,COMMON,EXELIS INC.,Common Stock,true,cusip
BBG001D9S707,1379895,COMMON,DYNEGY INC,Common Stock,true,cusip
BBG001DCCGR8,1510295,COMMON,MARATHON PETROLEUM CORP,Common Stock,true,cusip
BBG001HRFJG4,1463172,COMMON,ZENDESK INC,Common Stock,true,cusip
BBG001J1BQ86,1604821,COMMON,NATERA INC,Common Stock,true,cusip
BBG001J1C1L5,1392522,COMMON,FREESCALE SEMICONDUCTOR LTD,Common Stock,true,cusip
BBG001J1QN87,1270073,COMMON,INTERCEPT PHARMACEUTICALS INC,Common Stock,true,cusip
BBG001J2PFF5,1478320,COMMON,ADAPTIVE BIOTECHNOLOGIES CORP,Common Stock,true,cusip
BBG001J2R5H3,1524358,COMMON,MARRIOTT VACATIONS WORLDWIDE CORP,Common Stock,true,cusip
BBG001J4BCN4,1385867,COMMON,COUPA SOFTWARE INC,Common Stock,true,cusip
BBG001J4J8T9,1507385,COMMON,VEREIT INC,REIT,true,cusip
BBG001KFKQM7,1575515,COMMON,SPROUTS FARMERS MARKET INC,Common Stock,true,cusip
BBG001KHJM17,1288847,COMMON,FIVE9 INC,Common Stock,true,cusip
BBG001KJ2HM9,1501585,COMMON,HUNTINGTON INGALLS INDUSTRIES INC,Common Stock,true,cusip
BBG001KS9450,,COMMON,2U INC,Common Stock,true,cusip
BBG001KWG293,1594109,COMMON,GRUBHUB INC,Common Stock,true,cusip
BBG001KY3845,1411207,COMMON,ALLISON TRANSMISSION HOLDINGS INC,Common Stock,true,cusip
BBG001KY4N87,1584509,COMMON,ARAMARK,Common Stock,true,cusip
BBG001LFLZZ1,1581068,COMMON,BRIXMOR PROPERTY GROUP REIT INC,REIT,true,cusip
BBG001LRKS55,1411494,COMMON,APOLLO GLOBAL MANAGEMENT INC CLASS,Common Stock,true,cusip
BBG001LWHLJ8,1500435,CLASS A,GOPRO INC CLASS A,Common Stock,true,cusip
BBG001M6CZY1,1517302,CLASS A,ARTISAN PARTNERS ASSET MANAGEMENT,Common Stock,true,cusip
BBG001M8HHB7,1526520,COMMON,TRIPADVISOR INC,Common Stock,true,cusip
BBG001NDW1Z7,1618732,CLASS A,NUTANIX INC CLASS A,Common Stock,true,cusip
BBG001NFKJ68,1448056,COMMON,NEW RELIC INC,Common Stock,true,cusip
BBG001NY45K9,1518832,COMMON,WPX ENERGY INC,Common Stock,true,cusip
BBG001P3K000,1357204,COMMON,DUNKIN BRANDS GROUP INC,Common Stock,true,cusip
BBG001P63B80,1402057,COMMON,CDW CORP,Common Stock,true,cusip
BBG001PJFKH9,1520566,COMMON,NATIONSTAR MORTGAGE HOLDINGS INC,Common Stock,true,cusip
BBG001QD41M9,1521332,COMMON,APTIV PLC,Common Stock,true,cusip
BBG001R1GCT0,1315098,CLASS A,ROBLOX CORP CLASS A,Common Stock,true,cusip
BBG001R3MNY9,1463101,COMMON,ENPHASE ENERGY INC,Common Stock,true,cusip
BBG001R72SR9,1511737,COMMON,UBIQUITI INC,Common Stock,true,cusip
BBG001RWPDW6,1515673,COMMON,ULTRAGENYX PHARMACEUTICAL INC,Common Stock,true,cusip
BBG001V4SF46,1820721,COMMON,ARRAY TECHNOLOGIES INC,Common Stock,true,cusip
BBG001WMKHH5,1477333,CLASS A,CLOUDFLARE INC CLASS A,Common Stock,true,cusip
BBG001WTBC36,1530950,COMMON,POST HOLDINGS INC,Common Stock,true,cusip
BBG001Y2XS07,1559720,CLASS A,AIRBNB INC CLASS A,Common Stock,true,cusip
BBG001YKDND6,1409970,COMMON,LENDINGCLUB CORP,Common Stock,true,cusip
BBG001YMS0B8,1545158,COMMON,KRAFT FOODS GROUP INC,Common Stock,true,cusip
BBG001YV1SM4,1660134,CLASS A,OKTA INC CLASS A,Common Stock,true,cusip
BBG001Z0Q6T5,1573516,COMMON,MURPHY USA INC,Common Stock,true,cusip
BBG001Z7M393,1478484,CLASS A,ZULILY INC CLASS A,Common Stock,true,cusip
BBG001ZZPQJ6,1428439,CLASS A,ROKU INC CLASS A,Common Stock,true,cusip
BBG00209SZJ7,1609550,COMMON,INSPIRE MEDICAL SYSTEMS INC,Common Stock,true,cusip
BBG0020B4JG7,1370880,COMMON,MANDIANT INC,Common Stock,true,cusip
BBG00212PVZ5,1474432,CLASS A,EVERPURE INC CLASS A,Common Stock,true,cusip
BBG002293PJ4,1528849,COMMON,RH,Common Stock,true,cusip
BBG0022FDRY8,1441816,CLASS A,MONGODB INC CLASS A,Common Stock,true,cusip
BBG0022FMPD5,1437352,COMMON,EVERBRIDGE INC,Common Stock,true,cusip
BBG00255V2N4,2019410,COMMON,CARIS LIFE SCIENCES INC,Common Stock,true,cusip
BBG002583CV8,1506293,CLASS A,PINTEREST INC CLASS A,Common Stock,true,cusip
BBG0025X16Y5,1597553,COMMON,SAGE THERAPEUTICS INC,Common Stock,true,cusip
BBG0025XVR85,1469367,COMMON,SUNRUN INC,Common Stock,true,cusip
BBG0025Y4RY4,1551152,COMMON,ABBVIE INC,Common Stock,true,cusip
BBG0025YWQ66,1447599,CLASS A,FITBIT INC CLASS A,Common Stock,true,cusip
BBG00265T6Q4,1538990,COMMON,STORE CAPITAL CORP,REIT,true,cusip
BBG0026ZFZC4,1567514,COMMON,INTRA CELLULAR THERAPIES INC,Common Stock,true,cusip
BBG0026ZJ304,1611052,COMMON,PROCORE TECHNOLOGIES INC,Common Stock,true,cusip
BBG0026ZJQX7,1516513,CLASS A,DOXIMITY INC CLASS A,Common Stock,true,cusip
BBG0027Y18M0,1533932,CLASS A,WORLDPAY INC CLASS A,Common Stock,true,cusip
BBG0027Z6X10,1308606,COMMON,SPIRIT REALTY CAPITAL REIT INC,REIT,true,cusip
BBG002832GV8,1534504,CLASS A,PBF ENERGY INC CLASS A,Common Stock,true,cusip
BBG00286S4N9,1534701,COMMON,PHILLIPS 66,Common Stock,true,cusip
BBG0028ZMP45,1877322,COMMON,ESAB CORP,Common Stock,true,cusip
BBG0029BK2G7,1303652,CLASS A,TABLEAU SOFTWARE INC CLASS A,Common Stock,true,cusip
BBG0029SNR63,1530721,COMMON,CAPRI HOLDINGS LTD,Common Stock,true,cusip
BBG0029ZX840,1447669,CLASS A,TWILIO INC CLASS A,Common Stock,true,cusip
BBG002B04MT8,1543151,COMMON,UBER TECHNOLOGIES INC,Common Stock,true,cusip
BBG002B67HB2,1620280,COMMON,UNITI GROUP INC,Common Stock,true,ticker
BBG002BHBHM1,1567892,COMMON,MALLINCKRODT,Common Stock,true,cusip
BBG002DZS299,1540755,COMMON,ANAPLAN INC,Common Stock,true,cusip
BBG002N8HMW0,1541401,CLASS A,EMPIRE STATE REALTY REIT INC TRUST,REIT,true,cusip
BBG002PHSYX9,1539838,COMMON,DIAMONDBACK ENERGY INC,Common Stock,true,cusip
BBG002PQMF02,1548309,COMMON,SEARS HOMETOWN AND OUTLET STORES I,Common Stock,true,cusip
BBG002Q7J5Z1,1552033,COMMON,TRANSUNION,Common Stock,true,cusip
BBG002R1CW27,1699150,COMMON,INGERSOLL RAND INC,Common Stock,true,cusip
BBG002R1JYY1,1393584,CLASS A,AMERICAN WELL CORP CLASS A,Common Stock,true,cusip
BBG002S5ZRF9,1517396,COMMON,STRATASYS LTD,Common Stock,true,cusip
BBG002V098F7,933136,COMMON,MR COOPER GROUP INC,Common Stock,true,cusip
BBG002V87SD0,1237831,CLASS A,GLOBUS MEDICAL INC CLASS A,Common Stock,true,cusip
BBG002W96FT9,1288776,CLASS C,GOOGLE INC CLASS C,Common Stock,true,cusip
BBG002WMH2F2,1428875,COMMON,TERMINIX GLOBAL HOLDINGS INC,Common Stock,true,cusip
BBG002ZM63J5,1608249,COMMON,ZAYO GROUP HOLDINGS INC,Common Stock,true,cusip
BBG0033377Y3,1573097,COMMON,HD SUPPLY HOLDINGS INC,Common Stock,true,cusip
BBG003338H34,1713683,COMMON,ZSCALER INC,Common Stock,true,cusip
BBG00333FYS2,1478242,COMMON,IQVIA HOLDINGS INC,Common Stock,true,cusip
BBG00341H6M0,1629137,COMMON,GLOBAL BLOOD THERAPEUTICS INC,Common Stock,true,cusip
BBG003444577,1547282,COMMON,BURGER KING WORLDWIDE INC,Common Stock,true,cusip
BBG0035LY913,1564708,CLASS A,NEWS CORP CLASS A,Common Stock,true,cusip
BBG0035M2ZB7,1564708,CLASS B,NEWS CORP CLASS B,Common Stock,true,cusip
BBG003641015,1546640,COMMON,ADT CORPORATION,Common Stock,true,cusip
BBG0038K9G41,1355096,SERIES A,LIBERTY INTERACTIVE VENTURE CORP S,Tracking Stk,true,cusip
BBG0038V5TX1,1553023,COMMON,CYRUSONE REIT INC,REIT,true,cusip
BBG0039320N9,1555280,CLASS A,ZOETIS INC CLASS A,Common Stock,true,cusip
BBG003BW05K6,1571123,COMMON,SCIENCE APPLICATIONS INTERNATIONAL,Common Stock,true,cusip
BBG003CVJP50,1655210,COMMON,BEYOND MEAT INC,Common Stock,true,ticker
BBG003CVMLQ2,1679273,COMMON,LAMB WESTON HOLDINGS INC,Common Stock,true,cusip
BBG003D4V951,1562088,CLASS A,DUOLINGO INC CLASS A,Common Stock,true,cusip
BBG003DNHV56,1674910,COMMON,VALVOLINE INC,Common Stock,true,cusip
BBG003FHPBQ9,1578318,COMMON,ENVISION HEALTHCARE HOLDINGS INC,Common Stock,true,cusip
BBG003LFWP05,1437578,COMMON,BRIGHT HORIZONS FAMILY SOLUTIONS I,Common Stock,true,cusip
BBG003MSMCS6,1575965,COMMON,GAMING AND LEISURE PROPERTIES REIT,REIT,true,cusip
BBG003NJHZT9,1561550,CLASS A,DATADOG INC CLASS A,Common Stock,true,cusip
BBG003NXJNH6,1562401,CLASS A,AMERICAN HOMES RENT REIT CLASS A,REIT,true,cusip
BBG003P9ZSL3,1560385,SERIES A,LIBERTY MEDIA CORP SERIES A,Common Stock,true,cusip
BBG003PGJHP5,1562476,CLASS A,TAYLOR MORRISON HOME CORP. CL A,Common Stock,true,cusip
BBG003PHHZT1,1682852,COMMON,MODERNA INC,Common Stock,true,cusip
BBG003PS7JV1,1579241,COMMON,ALLEGION PLC,Common Stock,true,cusip
BBG003QPR8Z4,1564822,COMMON,PINNACLE FOODS INC,Common Stock,true,cusip
BBG003RY97K2,,COMMON,SEAWORLD ENTERTAINMENT INC,Common Stock,true,cusip
BBG003S44SC5,726513,CLASS A,TRIBUNE MEDIA COMPANY CLASS A,Common Stock,true,cusip
BBG003T1GM03,1556593,COMMON,RITHM CAPITAL CORP,REIT,true,cusip
BBG003T4VFC2,1639920,COMMON,SPOTIFY TECHNOLOGY SA,Common Stock,true,cusip
BBG0042V6JM8,1585521,CLASS A,ZOOM COMMUNICATIONS INC CLASS A,Common Stock,true,cusip
BBG0043BYPB8,1568100,COMMON,PAGERDUTY INC,Common Stock,true,cusip
BBG0046LJYT2,36377,COMMON,FIRST HAWAIIAN INC,Common Stock,true,cusip
BBG004DF9V32,1574648,COMMON,ATHLON ENERGY INC,Common Stock,true,cusip
BBG004F0HL81,1562039,COMMON,CST BRANDS INC.,Common Stock,true,cusip
BBG004KGNV81,1670061,COMMON,ALMONTY INDUSTRIES INC,Common Stock,true,cusip
BBG004LTL7L2,1517228,COMMON,COMMSCOPE HOLDING INC,Common Stock,true,cusip
BBG004M25Z09,1532930,COMMON,SEVENTY SEVEN ENERGY INC,Common Stock,true,cusip
BBG004M8M6J1,1587523,COMMON,KNOWLES CORP,Common Stock,true,cusip
BBG004M9ZHX5,1759509,CLASS A,LYFT INC CLASS A,Common Stock,true,cusip
BBG004MB82R0,1571283,COMMON,REXFORD INDUSTRIAL REALTY REIT INC,REIT,true,cusip
BBG004MN1R41,1593538,COMMON,NAVIENT CORP,Common Stock,true,cusip
BBG004NLQHL0,1517413,CLASS A,FASTLY INC CLASS A,Common Stock,true,cusip
BBG004P33PN3,1567683,CLASS A,CLEARWAY ENERGY INC CLASS A,Common Stock,true,cusip
BBG004S5X3Y9,101830,COMMON,SPRINT CORP,Common Stock,true,cusip
BBG004S641N5,1579298,COMMON,BURLINGTON STORES INC,Common Stock,true,cusip
BBG004S69ZX4,1579877,COMMON,OUTFRONT MEDIA INC,REIT,true,ticker
BBG004SK5VL9,1846576,CLASS A,FIGS INC CLASS A,Common Stock,true,cusip
BBG004T0YC41,1580608,COMMON,SANTANDER CONSUMER USA HOLDINGS IN,Common Stock,true,cusip
BBG004TPGBP5,1576263,COMMON,MIRATI THERAPEUTICS INC,Common Stock,true,cusip
BBG004YZ9G29,1745201,COMMON,VIKING HOLDINGS,Common Stock,true,cusip
BBG005485Y51,1793294,COMMON,PPD INC,Common Stock,true,cusip
BBG005497GZ3,1584207,COMMON,ONEMAIN HOLDINGS INC,Common Stock,true,cusip
BBG0055XMF02,1581164,COMMON,EXTENDED STAY AMERICA UNITS INC,Unit,true,cusip
BBG00564Y443,1557860,COMMON,GLOBANT SA,Common Stock,true,cusip
BBG0056JW5G6,1810806,COMMON,UNITY SOFTWARE INC,Common Stock,true,cusip
BBG0057K5Y79,1584952,CLASS A,EP ENERGY CORP CLASS A,Common Stock,true,cusip
BBG0057SF1Z2,1598428,COMMON,TIMKENSTEEL CORP,Common Stock,true,cusip
BBG0058KMH30,1585689,COMMON,HILTON WORLDWIDE HOLDINGS INC,Common Stock,true,cusip
BBG0059FN811,1601046,COMMON,KEYSIGHT TECHNOLOGIES INC,Common Stock,true,cusip
BBG0059JSF49,1567094,COMMON,CNH INDUSTRIAL N.V. NV,Common Stock,true,cusip
BBG0059KNH10,1756497,COMMON,CHANGE HEALTHCARE INC,Common Stock,true,cusip
BBG005BLN209,1599617,COMMON,NOW INC,Common Stock,true,cusip
BBG005C4XHR3,1590714,COMMON,ELEMENT SOLUTIONS INC,Common Stock,true,cusip
BBG005CM7J89,1576789,COMMON,WIX.COM LTD,Common Stock,true,cusip
BBG005CPNTQ2,1637459,COMMON,KRAFT HEINZ,Common Stock,true,cusip
BBG005CPNTS0,1593936,COMMON,MICHAELS COMPANIES INC,Common Stock,true,cusip
BBG005D7PF34,1725057,COMMON,DAYFORCE INC,Common Stock,true,cusip
BBG005D7QCJ3,1792789,CLASS A,DOORDASH INC CLASS A,Common Stock,true,cusip
BBG005DKMJ67,1606745,CLASS A,LIBERTY TRIPADVISOR HOLDINGS INC S,Common Stock,true,cusip
BBG005DX1RC7,2088896,CLASS A,X-ENERGY INC CLASS A,Common Stock,true,cusip
BBG005H82GB2,1627223,COMMON,CHEMOURS,Common Stock,true,cusip
BBG005K1D4S0,1713445,CLASS A,REDDIT INC CLASS A,Common Stock,true,cusip
BBG005KSWVW5,1588216,COMMON,RSP PERMIAN INC,Common Stock,true,cusip
BBG005NTYL78,1594864,COMMON,JUNO THERAPEUTICS INC,Common Stock,true,cusip
BBG005P7Q881,6201,COMMON,AMERICAN AIRLINES GROUP INC,Common Stock,true,cusip
BBG005PCN2G7,1597503,COMMON,NORTHSTAR ASSET MANAGEMENT INC,REIT,true,cusip
BBG005PG80K4,1601548,COMMON,VECTRUS INC,Common Stock,true,cusip
BBG005PWSVQ3,1594686,COMMON,WP GLIMCHER INC,REIT,true,ticker
BBG005Q2KYS8,1588238,COMMON,RICE ENERGY INC,Common Stock,true,cusip
BBG005SSN7D1,1595262,COMMON,IMS HEALTH HOLDINGS INC,Common Stock,true,cusip
BBG005SW6TK5,1560385,SERIES C,LIBERTY MEDIA CORP SERIES C,Common Stock,true,cusip
BBG005WQVVH4,1597033,COMMON,SABRE CORP,Common Stock,true,cusip
BBG005XR47P5,1596783,COMMON,CATALENT INC,Common Stock,true,cusip
BBG005XVML66,1597672,COMMON,RAYONIER ADVANCED MATERIALS INC,Common Stock,true,cusip
BBG005XVXML5,1642545,COMMON,SHOCKWAVE MEDICAL INC,Common Stock,true,cusip
BBG005XZHR97,1599489,COMMON,VERITIV CORP,Common Stock,true,cusip
BBG0060CPLJ5,1616862,COMMON,AXALTA COATING SYSTEMS LTD,Common Stock,true,cusip
BBG0060HN0R3,1580732,COMMON,KING DIGITAL ENTERTAINMENT PLC,Common Stock,true,cusip
BBG00629NGT2,1671933,CLASS A,TRADE DESK INC CLASS A,Common Stock,true,cusip
BBG006473QX9,1418121,COMMON,APPLE HOSPITALITY REIT INC,REIT,true,cusip
BBG0064N0ZZ5,1590955,COMMON,PAYCOM SOFTWARE INC,Common Stock,true,cusip
BBG0064N2T78,1592386,CLASS A,VIRTU FINANCIAL INC CLASS A,Common Stock,true,cusip
BBG00658F3P3,1601712,COMMON,SYNCHRONY FINANCIAL,Common Stock,true,cusip
BBG006598YS8,1591698,COMMON,PAYLOCITY HOLDING CORP,Common Stock,true,cusip
BBG0065B7K59,1668397,COMMON,MEDPACE HOLDINGS INC,Common Stock,true,cusip
BBG00688QWF5,1620546,COMMON,BAXALTA INC,Common Stock,true,cusip
BBG0068KVV91,1176948,CLASS A,ARES MANAGEMENT CORP CLASS A,Common Stock,true,cusip
BBG0069FL5L5,1599222,COMMON,MEMORIAL RESOURCE DEVELOPMENT CORP,Common Stock,true,cusip
BBG006B6PVN9,1609702,COMMON,CDK GLOBAL INC,Common Stock,true,cusip
BBG006BFYZP8,1594466,CLASS A,PARSLEY ENERGY INC CLASS A,Common Stock,true,cusip
BBG006D97VY9,1576280,COMMON,GUARDANT HEALTH INC,Common Stock,true,cusip
BBG006F8QZK4,1616318,COMMON,VISTA OUTDOOR INC,Common Stock,true,cusip
BBG006FCB019,1632790,COMMON,ENERGIZER HOLDINGS INC,Common Stock,true,cusip
BBG006G063F9,1598014,COMMON,IHS MARKIT LTD,Common Stock,true,cusip
BBG006G57XG0,1602065,CLASS A,VIPER ENERGY INC CLASS A,Common Stock,true,cusip
BBG006GNRZ83,1611983,CLASS A,LIBERTY BROADBAND CORP SERIES A,Common Stock,true,cusip
BBG006GNSZW5,1611983,CLASS C,LIBERTY BROADBAND CORP SERIES C,Common Stock,true,cusip
BBG006HFPX77,1751008,CLASS A,APPLOVIN CORP CLASS A,Common Stock,true,cusip
BBG006KY8KV2,1599947,CLASS A,TERRAFORM POWER INC CLASS A,Common Stock,true,ticker
BBG006LGV869,1607678,COMMON,VIKING THERAPEUTICS INC,Common Stock,true,cusip
BBG006LYGNL7,1689662,CLASS A,ARDAGH GROUP SA CLASS A,Common Stock,true,cusip
BBG006MDLY05,1609711,CLASS A,GODADDY INC CLASS A,Common Stock,true,cusip
BBG006MG2D41,1617898,COMMON,KLX INC,Common Stock,true,cusip
BBG006N7RYV7,,COMMON,FNFV GROUP INC,Tracking Stk,true,cusip
BBG006N7S6K9,1331875,COMMON,FIDELITY NATIONAL FINANCIAL INC,Common Stock,true,cusip
BBG006PWZX16,1800667,COMMON,JFROG LTD,Common Stock,true,cusip
BBG006Q0HY77,759944,COMMON,CITIZENS FINANCIAL GROUP INC,Common Stock,true,cusip
BBG006Q53H50,1412232,COMMON,VWR CORP CORP,Common Stock,true,cusip
BBG006QRCDZ8,1273801,COMMON,NORTHSTAR REALTY FINANCE REIT CORP,REIT,true,cusip
BBG006XVD9G0,,COMMON,GANNETT INC,Common Stock,true,cusip
BBG007387YL8,1613859,COMMON,PRA HEALTH SCIENCES INC,Common Stock,true,cusip
BBG0073F9RT7,1633978,COMMON,LUMENTUM HOLDINGS INC,Common Stock,true,cusip
BBG0073X4TB8,1639225,COMMON,LIVONGO HEALTH INC,Common Stock,true,cusip
BBG00741Y1N2,1874178,CLASS A,RIVIAN AUTOMOTIVE INC CLASS A,Common Stock,true,cusip
BBG0074B4RJ1,1655020,COMMON,EXTRACTION OIL GAS INC,Common Stock,true,cusip
BBG0074Q3NK6,1590895,COMMON,CAESARS ENTERTAINMENT INC,Common Stock,true,cusip
BBG0076WG2V1,,COMMON,RESTAURANTS BRANDS INTERNATIONAL I,Common Stock,true,cusip
BBG0077VNXV6,1633917,COMMON,PAYPAL HOLDINGS INC,Common Stock,true,cusip
BBG0077VS2C0,1633931,COMMON,TOPBUILD CORP,Common Stock,true,cusip
BBG0077WYXF0,1629995,COMMON,COLUMBIA PIPELINE GROUP INC,Common Stock,true,cusip
BBG0078W3NQ3,1645590,COMMON,HEWLETT PACKARD ENTERPRISE,Common Stock,true,cusip
BBG0078Y1D92,1610950,CLASS A,SYNEOS HEALTH INC CLASS A,Common Stock,true,cusip
BBG007DHGNJ4,1640147,COMMON,SNOWFLAKE INC,Common Stock,true,cusip
BBG007FG0C23,1636519,CLASS A,MADISON SQUARE GARDEN SPORTS CORP,Common Stock,true,cusip
BBG007FH8JX4,1592057,COMMON,ENVIVA INC,Common Stock,true,cusip
BBG007FL7ZD2,1641991,COMMON,SPX FLOW INC,Common Stock,true,cusip
BBG007G7V505,1764925,CLASS A,SLACK TECHNOLOGIES CLASS A INC,Common Stock,true,cusip
BBG007GJ2F81,1507079,CLASS A,FLOOR DECOR HOLDINGS INC CLASS A,Common Stock,true,cusip
BBG007H0TDK3,1630805,COMMON,BABCOCK AND WILCOX ENTERPRISES INC,Common Stock,true,cusip
BBG007HWGYQ5,1699838,CLASS A,CONFLUENT INC CLASS A,Common Stock,true,cusip
BBG007KGRPY4,1492422,COMMON,APELLIS PHARMACEUTICALS INC,Common Stock,true,cusip
BBG007N72M93,1901440,CLASS A,UL SOLUTIONS INC CLASS A,Common Stock,true,cusip
BBG007PZ2T21,1720671,CLASS A,HASHICORP INC CLASS A,Common Stock,true,cusip
BBG007R7VNC1,1612042,COMMON,ASCENDIS PHARMA,Common Stock,true,cusip
BBG007STW2B8,1635088,COMMON,ROIVANT SCIENCES LTD,Common Stock,true,cusip
BBG007SV7NV3,1627014,CLASS A,BLACK KNIGHT FINANCIAL SERVICES IN,Common Stock,true,cusip
BBG007TJF1N7,1604778,COMMON,QORVO INC,Common Stock,true,cusip
BBG007TJX8V3,1619954,CLASS A,INOVALON HOLDINGS INC CLASS A,Common Stock,true,cusip
BBG007WX14X0,1770787,CLASS A,10X GENOMICS INC CLASS A,Common Stock,true,cusip
BBG0081JXTR0,1650962,COMMON,WELBILT INC,Common Stock,true,cusip
BBG0081VHTP3,1619762,COMMON,INTERNATIONAL GAME TECHNOLOGY PLC,Common Stock,true,cusip
BBG00829F4P8,1628171,COMMON,REVOLUTION MEDICINES INC,Common Stock,true,cusip
BBG00835TPZ2,1852131,CLASS A,NEXTPOWER INC CLASS A,Common Stock,true,cusip
BBG008417VN4,1618563,COMMON,NATIONAL STORAGE AFFILIATES TRUST,REIT,true,cusip
BBG0084BBZY6,1419612,COMMON,SOLAREDGE TECHNOLOGIES INC,Common Stock,true,cusip
BBG00873RM91,1646587,COMMON,NORTHSTAR REALTY EUROPE CORP,REIT,true,cusip
BBG0088CYPX8,1492633,COMMON,NIELSEN HOLDINGS PLC,Common Stock,true,cusip
BBG008D32605,1943896,CLASS A,RUBRIK INC CLASS A,Common Stock,true,cusip
BBG008FCJZ83,1624899,COMMON,STERIS,Common Stock,true,cusip
BBG008G5SGL4,1639947,COMMON,CARE CAPITAL PROPERTIES INC,REIT,true,cusip
BBG008GC8CP6,1433195,CLASS A,APPFOLIO INC CLASS A,Common Stock,true,cusip
BBG008LJ4TF3,1567683,CLASS C,CLEARWAY ENERGY INC CLASS C,Common Stock,true,cusip
BBG008LZG0Z5,1822479,COMMON,SOTERA HEALTH COMPANY,Common Stock,true,cusip
BBG008N298Y8,1636222,COMMON,WINGSTOP INC,Common Stock,true,cusip
BBG008NMBXN8,1783879,CLASS A,ROBINHOOD MARKETS INC CLASS A,Common Stock,true,cusip
BBG008NVB1C0,865752,COMMON,MONSTER BEVERAGE CORP,Common Stock,true,cusip
BBG008NXC572,1636023,COMMON,WESTROCK,Common Stock,true,cusip
BBG008S3V4G5,1646383,COMMON,CSRA INC,Common Stock,true,cusip
BBG00928YVY7,1645494,COMMON,ARRIS INTERNATIONAL PLC,Common Stock,true,cusip
BBG0098VVDT9,1639300,COMMON,OLLIES BARGAIN OUTLET HOLDINGS INC,Common Stock,true,cusip
BBG0099PW5P1,1642896,CLASS A,SAMSARA INC CLASS A,Common Stock,true,cusip
BBG009CKXW23,1400431,COMMON,PATHEON NV,Common Stock,true,cusip
BBG009CWL262,1609989,COMMON,BLUE BUFFALO PET PRODUCTS INC,Common Stock,true,cusip
BBG009DTD8H2,1336917,CLASS C,UNDER ARMOUR INC CLASS C,Common Stock,true,cusip
BBG009H04M17,1637207,CLASS A,PLANET FITNESS INC CLASS A,Common Stock,true,cusip
BBG009H33QM0,1650132,COMMON,FOUR CORNERS PROPERTY INC TRUST,REIT,true,cusip
BBG009KG1750,1646972,CLASS A,ALBERTSONS COMPANY INC CLASS A,Common Stock,true,cusip
BBG009NGKQ45,1580864,COMMON,VROOM INC,Common Stock,true,cusip
BBG009NMJJJ4,883980,CLASS A,FIRST DATA CORP CLASS A,Common Stock,true,cusip
BBG009NRSWJ4,1617640,CLASS C,ZILLOW GROUP INC CLASS C,Common Stock,true,cusip
BBG009PN0C87,1670541,COMMON,ADIENT PLC,Common Stock,true,cusip
BBG009R0CT58,1669811,COMMON,DONNELLEY FINANCIAL SOLUTIONS INC,Common Stock,true,cusip
BBG009R0CVG1,1669812,COMMON,LSC COMMUNICATIONS INC,Common Stock,true,cusip
BBG009S39JX6,1652044,CLASS A,ALPHABET INC CLASS A,Common Stock,true,cusip
BBG009S3NB30,1652044,CLASS C,ALPHABET INC CLASS C,Common Stock,true,cusip
BBG009T22D49,1650729,COMMON,SITEONE LANDSCAPE SUPPLY INC,Common Stock,true,cusip
BBG009WMBWP6,1647509,COMMON,FOREST CITY REALTY REIT INC TRUST,REIT,true,cusip
BBG009WR3FL5,1835830,CLASS A,KLAVIYO INC SERIES A,Common Stock,true,cusip
BBG009XV39D8,1649338,COMMON,BROADCOM LTD,Common Stock,true,cusip
BBG009XW2WB8,1618673,COMMON,PERFORMANCE FOOD GROUP,Common Stock,true,cusip
BBG009XW8PY2,1645113,COMMON,NOVOCURE LTD,Common Stock,true,cusip
BBG00B0FS947,1647088,CLASS A,WILLSCOT HOLDINGS CORP CLASS A,Common Stock,true,cusip
BBG00B3T3HD3,1675149,COMMON,ALCOA CORP,Common Stock,true,cusip
BBG00B4Z2YX0,912766,COMMON,LAUREATE EDUCATION INC,Common Stock,true,ticker
BBG00B5C2HR4,1566895,COMMON,NCINO INC,Common Stock,true,cusip
BBG00B6F2F09,1583708,CLASS A,SENTINELONE INC CLASS A,Common Stock,true,cusip
BBG00B6G7GL7,1579428,COMMON,AXSOME THERAPEUTICS INC,Common Stock,true,cusip
BBG00B6WH9G3,891103,COMMON,MATCH GROUP INC,Common Stock,true,cusip
BBG00B8N0HG1,1673358,COMMON,YUM CHINA HOLDINGS INC,Common Stock,true,cusip
BBG00B8NWRF5,1634997,COMMON,AVANGRID INC,Common Stock,true,cusip
BBG00BBHBMF8,1660690,COMMON,VERSUM MATERIALS INC,Common Stock,true,cusip
BBG00BDQ1H13,1650372,CLASS A,ATLASSIAN PLC CLASS A,Common Stock,true,cusip
BBG00BFHD827,1560385,COMMON,LIBERTY MEDIA LIBERTY SIRIUSXM COR,Tracking Stk,true,cusip
BBG00BFHD9S7,1560385,COMMON,LIBERTY MEDIA LIBERTY SIRIUSXM COR,Tracking Stk,true,cusip
BBG00BFHDCV6,1560385,CLASS A,LIBERTY MEDIA FORMULA ONE CORP SER,Tracking Stk,true,cusip
BBG00BFHDFR4,1560385,CLASS C,LIBERTY MEDIA FORMULA ONE CORP SER,Tracking Stk,true,cusip
BBG00BFHKT14,1665658,SERIES A,COMMERCEHUB SERIES A INC,Common Stock,true,cusip
BBG00BFHL5F0,1669600,CLASS A,LIBERTY EXPEDIA HOLDINGS INC SERIE,Common Stock,true,cusip
BBG00BLVZ228,1659166,COMMON,FORTIVE CORP,Common Stock,true,cusip
BBG00BLYKS03,1535527,CLASS A,CROWDSTRIKE HOLDINGS INC CLASS A,Common Stock,true,cusip
BBG00BLZ2CD1,1579878,CLASS A,FIGMA INC CLASS A,Common Stock,true,cusip
BBG00BM5YC05,1691421,COMMON,LEMONADE INC,Common Stock,true,cusip
BBG00BN961G4,1666700,COMMON,DUPONT DE NEMOURS INC,Common Stock,true,cusip
BBG00BN96922,1751788,COMMON,DOW INC,Common Stock,true,cusip
BBG00BN969C1,1755672,COMMON,CORTEVA INC,Common Stock,true,cusip
BBG00BTJVK94,1650164,CLASS A,TOAST INC CLASS A,Common Stock,true,cusip
BBG00C1BZMT9,1677703,COMMON,CONDUENT INC,Common Stock,true,cusip
BBG00C6H6D40,1665918,COMMON,US FOODS HOLDING CORP,Common Stock,true,cusip
BBG00CBYY6M1,1674168,COMMON,HILTON GRAND VACATIONS INC,Common Stock,true,cusip
BBG00CNYBQ76,1658566,CLASS A,PERMIAN RESOURCES CORP CLASS A,Common Stock,true,cusip
BBG00CTY3QD2,1681689,COMMON,BIOVERATIV INC,Common Stock,true,cusip
BBG00CVQZQ96,216228,COMMON,ITT INC,Common Stock,true,cusip
BBG00CW127X1,1677203,COMMON,QUALITY CARE PROPERTIES INC,REIT,true,cusip
BBG00CW2JCN1,1527469,CLASS A,ATHENE HOLDING LTD CLASS A,Common Stock,true,cusip
BBG00CWTTQ41,1673985,COMMON,ADVANSIX INC,Common Stock,true,cusip
BBG00D0Y81M1,1674862,COMMON,ASHLAND INC,Common Stock,true,cusip
BBG00D1WHZD9,1657853,COMMON,HERTZ GLOBAL HOLDINGS INC,Common Stock,true,cusip
BBG00D30HGP6,1679688,CLASS A,COLONY CAPITAL INC CLASS A,REIT,true,cusip
BBG00D3CHRC0,1678531,COMMON,ENVISION HEALTHCARE CORP,Common Stock,true,cusip
BBG00D7BRGD0,1665658,SERIES C,COMMERCEHUB SERIES C INC,Common Stock,true,cusip
BBG00D8JC882,1670592,COMMON,YETI HOLDINGS INC,Common Stock,true,cusip
BBG00D8JD9Z9,1669162,COMMON,KINSALE CAPITAL GROUP INC,Common Stock,true,cusip
BBG00DBBG1M0,875159,COMMON,XL GROUP LTD,Common Stock,true,cusip
BBG00DHTYPH8,1653482,CLASS A,GITLAB INC CLASS A,Common Stock,true,cusip
BBG00DJ2LJF5,1571996,CLASS V,DELL TECHNOLOGIES CLASS V INC,Tracking Stk,true,cusip
BBG00DL8NMV2,1681459,COMMON,TECHNIPFMC PLC,Common Stock,true,cusip
BBG00DQ6VYP3,1600033,COMMON,ELF BEAUTY INC,Common Stock,true,cusip
BBG00DW3SZS1,1571996,CLASS C,DELL TECHNOLOGIES INC CLASS C,Common Stock,true,cusip
BBG00DXDL6Q1,1692819,COMMON,VISTRA CORP,Common Stock,true,cusip
BBG00DYNJGH9,4281,COMMON,HOWMET AEROSPACE INC,Common Stock,true,cusip
BBG00DYPZ4T0,1685040,COMMON,BRIGHTHOUSE FINANCIAL INC,Common Stock,true,cusip
BBG00F5FNKJ7,1689796,COMMON,JBG SMITH PROPERTIES,REIT,true,cusip
BBG00FFJY867,929351,CLASS B,LIONS GATE ENTERTAINMENT NON VOTIN,Common Stock,true,cusip
BBG00FGXCJX5,1617406,COMMON,PARK HOTELS RESORTS INC,REIT,true,cusip
BBG00FN64XT9,1688568,COMMON,DXC TECHNOLOGY,Common Stock,true,cusip
BBG00FQ8T4G3,1531152,COMMON,BJS WHOLESALE CLUB HOLDINGS INC,Common Stock,true,cusip
BBG00FQH6BS9,1687229,COMMON,INVITATION HOMES INC,REIT,true,cusip
BBG00FWQ4VD6,1403568,COMMON,ULTA BEAUTY INC,Common Stock,true,cusip
BBG00FX58Q66,1433642,CLASS A,HAMILTON LANE INC CLASS A,Common Stock,true,cusip
BBG00G2HHYD7,1722482,COMMON,AVANTOR INC,Common Stock,true,cusip
BBG00GBNZ4M0,1623925,COMMON,ANTERO MIDSTREAM CORP,Common Stock,true,cusip
BBG00GBR8753,1639438,COMMON,CAVA GROUP INC,Common Stock,true,cusip
BBG00GBV88T6,1064728,COMMON,PEABODY ENERGY CORP,Common Stock,true,ticker
BBG00GBVBK51,1701605,CLASS A,BAKER HUGHES CLASS A,Common Stock,true,cusip
BBG00GCTWDJ3,1690820,CLASS A,CARVANA CLASS A,Common Stock,true,cusip
BBG00GFMPRK0,1702780,CLASS A,ALTICE USA INC CLASS A,Common Stock,true,cusip
BBG00GKS1G03,1734722,CLASS A,UIPATH INC CLASS A,Common Stock,true,cusip
BBG00GLNJ018,1509589,COMMON,CIVITAS RESOURCES INC,Common Stock,true,cusip
BBG00GNT7999,1720635,COMMON,NVENT ELECTRIC PLC,Common Stock,true,cusip
BBG00GQK3WB5,1366561,CLASS A,SMARTSHEET INC CLASS A,Common Stock,true,cusip
BBG00GSNPM07,1274173,COMMON,JANUS HENDERSON GROUP PLC,Common Stock,true,cusip
BBG00GTWPCQ0,1707092,COMMON,DELPHI TECHNOLOGIES PLC,Common Stock,true,cusip
BBG00GVR8YQ9,1707925,COMMON,LINDE PLC,Common Stock,true,cusip
BBG00GX77LW3,1627014,COMMON,BLACK KNIGHT INC,Common Stock,true,cusip
BBG00H433CR2,1711269,COMMON,EVERGY INC,Common Stock,true,cusip
BBG00H5S8391,866291,COMMON,ALLEGRO MICROSYSTEMS INC,Common Stock,true,cusip
BBG00H9MNDZ2,1727263,COMMON,FRONTDOOR INC,Common Stock,true,cusip
BBG00HCY3Q67,1722684,COMMON,WYNDHAM HOTELS RESORTS INC,Common Stock,true,cusip
BBG00HCYVQQ4,1831097,COMMON,AGILON HEALTH,Common Stock,true,ticker
BBG00HJ8K617,1689657,COMMON,BERKELEY LIGHTS INC,Common Stock,true,cusip
BBG00HPDM5Z2,1710583,CLASS A,SWITCH INC CLASS A,Common Stock,true,cusip
BBG00HS2GVL8,1545654,COMMON,ALEXANDER & BALDWIN INC,REIT,true,cusip
BBG00HTN2CQ3,1706946,COMMON,VIRGIN GALACTIC HOLDINGS INC SHS C,Common Stock,true,cusip
BBG00HVVB499,,COMMON,VICI PPTYS INC,REIT,true,cusip
BBG00HXKRGY9,1796209,COMMON,API GROUP CORP,Common Stock,true,cusip
BBG00HY28K89,1740332,COMMON,RESIDEO TECHNOLOGIES INC,Common Stock,true,cusip
BBG00HY28P97,1735707,COMMON,GARRETT MOTION INC,Common Stock,true,cusip
BBG00J7CBVW8,1333986,COMMON,EQUITABLE HOLDINGS INC,Common Stock,true,cusip
BBG00JG0FFZ2,1639825,CLASS A,PELOTON INTERACTIVE CLASS A INC,Common Stock,true,cusip
BBG00JGMWFM9,1739445,COMMON,ARCOSA INC,Common Stock,true,cusip
BBG00JHNJW99,1754301,CLASS A,FOX CORP CLASS A,Common Stock,true,cusip
BBG00JHNKJY8,1754301,CLASS B,FOX CORP CLASS B,Common Stock,true,cusip
BBG00JM9V731,1718512,COMMON,GATES INDUSTRIAL PLC,Common Stock,true,cusip
BBG00JPGYW43,1477294,COMMON,SENSATA TECHNOLOGIES HOLDING PLC,Common Stock,true,cusip
BBG00JR5MM31,,COMMON,LIGHT WONDER INC,Common Stock,true,cusip
BBG00K53L394,1747009,COMMON,EQUITRANS MIDSTREAM CORP,Common Stock,true,cusip
BBG00K7K2XZ0,808461,CLASS A,GCI LIBERTY INC CLASS A,Common Stock,true,cusip
BBG00K7ZQ662,1745041,COMMON,IAA INC,Common Stock,true,cusip
BBG00KDYT8C4,931148,COMMON,GRAFTECH INTERNATIONAL LTD,Common Stock,true,cusip
BBG00KG5VJF4,1579091,COMMON,MAPLEBEAR INC,Common Stock,true,cusip
BBG00KHY5S69,1730168,COMMON,BROADCOM INC,Common Stock,true,cusip
BBG00KMYC574,1725579,CLASS A,PLURALSIGHT INC CLASS A,Common Stock,true,cusip
BBG00KR691K8,1752836,COMMON,COVETRUS INC,Common Stock,true,cusip
BBG00KXRCDP0,1739940,COMMON,CIGNA,Common Stock,true,cusip
BBG00L2B8KW8,1674101,CLASS A,VERTIV HOLDINGS CLASS A,Common Stock,true,cusip
BBG00L2SFJT0,2057463,SERIES A,GCI LIBERTY INC SERIES A,Common Stock,true,cusip
BBG00L31HTW0,1735184,COMMON,RETAIL VALUE INC,REIT,true,cusip
BBG00L9HLWV8,1795250,COMMON,MADISON SQUARE GARDEN ENTERTAINMEN,Common Stock,true,cusip
BBG00LJYS1P8,1739104,COMMON,ELANCO ANIMAL HEALTH INC,Common Stock,true,cusip
BBG00LN4B5N0,1757073,COMMON,ENVISTA HOLDINGS CORP,Common Stock,true,cusip
BBG00LNJRQ09,1748790,COMMON,AMCOR PLC,Common Stock,true,cusip
BBG00LQK89F6,1858985,CLASS A,ON HOLDING AG CLASS A,Common Stock,true,cusip
BBG00LT2PDY4,1496048,COMMON,BROOKFIELD PROPERTY REIT INC CLASS,REIT,true,cusip
BBG00LWZDYB9,1707753,COMMON,ELASTIC NV,Common Stock,true,cusip
BBG00M1CKSK7,1739942,COMMON,SOLARWINDS CORP,Common Stock,true,cusip
BBG00M4ZQDK0,1745431,CLASS A,STONECO LTD CLASS A,Common Stock,true,cusip
BBG00MJH9LC4,1749723,CLASS A,NEW FORTRESS ENERGY INC CLASS A,Common Stock,true,ticker
BBG00MMDJG84,1768267,COMMON,CERENCE INC,Common Stock,true,cusip
BBG00MRHG523,1757898,COMMON,STERIS,Common Stock,true,cusip
BBG00NK8H8T2,1758730,CLASS A,TRADEWEB MARKETS INC CLASS A,Common Stock,true,cusip
BBG00NN875G0,1771917,COMMON,KARUNA THERAPEUTICS INC,Common Stock,true,cusip
BBG00NNG2ZJ8,1770450,COMMON,XEROX HOLDINGS CORP,Common Stock,true,cusip
BBG00P1919G5,1764046,COMMON,CLARIVATE PLC,Common Stock,true,cusip
BBG00P19DKZ6,1766502,CLASS A,CHEWY INC CLASS A,Common Stock,true,cusip
BBG00P4R3079,1771515,COMMON,GROCERY OUTLET HOLDING CORP,Common Stock,true,cusip
BBG00P5M4V07,1832433,COMMON,FERGUSON PLC,Common Stock,true,cusip
BBG00P9KDZK6,1743881,COMMON,BRIDGEBIO PHARMA INC,Common Stock,true,cusip
BBG00PKCBY53,1647639,COMMON,UPSTART HOLDINGS INC,Common Stock,true,cusip
BBG00PNN7C40,1773383,COMMON,DYNATRACE INC,Common Stock,true,cusip
BBG00PPWYWJ8,1160951,COMMON,DUCK CREEK TECH INC,Common Stock,true,cusip
BBG00PQS00S3,1780232,COMMON,GFL ENVIRONMENTAL SUBORDINATE VOTI,Common Stock,true,cusip
BBG00Q402TR2,1780312,CLASS A,AST SPACEMOBILE INC CLASS A,Common Stock,true,cusip
BBG00Q741Z16,1777393,CLASS A,CHARGEPOINT HOLDINGS INC CLASS A,Common Stock,true,cusip
BBG00QK4M9M3,1795586,CLASS A,CHIME FINANCIAL INC CLASS A,Common Stock,true,cusip
BBG00QNSY1H7,1451809,COMMON,SITIME CORP,Common Stock,true,cusip
BBG00QQ8C789,1828016,COMMON,PLAYTIKA HOLDING CORP,Common Stock,true,cusip
BBG00QVJV6V4,1786352,COMMON,BILL HOLDINGS INC,Common Stock,true,cusip
BBG00QVJVYB5,1786431,COMMON,REYNOLDS CONSUMER PRODUCTS INC,Common Stock,true,cusip
BBG00QVJYGM9,1787425,CLASS A,XP CLASS A INC,Common Stock,true,cusip
BBG00R24YP60,1783398,CLASS A,UWM HOLDINGS CORP CLASS A,Common Stock,true,cusip
BBG00R2JZG39,812074,COMMON,O I GLASS INC,Common Stock,true,cusip
BBG00R2NHQ65,1792580,COMMON,OVINTIV INC,Common Stock,true,cusip
BBG00R4SQJ13,1603923,COMMON,WEATHERFORD INTERNATIONAL PLC,Common Stock,true,cusip
BBG00RCNQMX3,1803599,COMMON,CONCENTRIX CORP,Common Stock,true,cusip
BBG00RP5HYS8,1783180,COMMON,CARRIER GLOBAL CORP,Common Stock,true,cusip
BBG00RP60KV0,1781335,COMMON,OTIS WORLDWIDE CORP,Common Stock,true,cusip
BBG00RPJPN67,1782754,CLASS A,AZEK COMPANY INC CLASS A,Common Stock,true,cusip
BBG00RQ70GQ2,1801075,COMMON,AMERICAN NATIONAL GROUP INC,Common Stock,true,cusip
BBG00RQ732B6,1801661,CLASS A,SKILLZ INC CLASS A,Common Stock,true,cusip
BBG00RRGSJR4,1786842,COMMON,VONTIER CORP,Common Stock,true,cusip
BBG00RRH0RM9,,COMMON,GARDNER DENVER HOLDINGS INC,Common Stock,true,cusip
BBG00S1HJ3M8,1794515,COMMON,ZOOMINFO TECHNOLOGIES INC,Common Stock,true,cusip
BBG00S1LR2C3,1800227,COMMON,PEOPLE,Common Stock,true,cusip
BBG00SHY8ZQ1,1801169,COMMON,OPENDOOR TECHNOLOGIES INC,Common Stock,true,cusip
BBG00SSQFPK6,315293,CLASS A,AON PLC CLASS A,Common Stock,true,cusip
BBG00T68J2G0,1807794,COMMON,CREDO TECHNOLOGY GROUP HOLDING LTD,Common Stock,true,cusip
BBG00TCBG714,1772757,CLASS A,DRAFTKINGS INC CLASS A,Common Stock,true,cusip
BBG00TDKHW99,1736297,COMMON,ASTERA LABS INC,Common Stock,true,cusip
BBG00TJGL0F0,1801368,CLASS A,MP MATERIALS CORP CLASS A,Common Stock,true,cusip
BBG00TX393L4,1794669,CLASS A,SHIFT4 PAYMENTS INC CLASS A,Common Stock,true,cusip
BBG00V1L5YZ5,1802768,CLASS A,ROYALTY PHARMA PLC CLASS A,Common Stock,true,cusip
BBG00VCYVLH4,1805387,COMMON,CEREVEL THERAPEUTICS HOLDINGS INC,Common Stock,true,cusip
BBG00VCZX9Z6,1799208,COMMON,DUN BRADST HLDG INC,Common Stock,true,cusip
BBG00VJ17DS2,1811414,CLASS A,QUANTUMSCAPE CORP CLASS A,Common Stock,true,cusip
BBG00VNLZL95,,COMMON,T MOBILE US SUBSCRIPTION RIGHTS IN,Right,true,cusip
BBG00VSH86G4,,COMMON,AARON'S HOLDINGS CO INC,Common Stock,false,cusip
BBG00VSYYVB8,1721947,COMMON,JAMF HOLDING CORP,Common Stock,true,cusip
BBG00VT0KNC3,891103,COMMON,MATCH GROUP INC,Common Stock,true,cusip
BBG00VY1MYW7,1805284,CLASS A,ROCKET COMPANIES INC CLASS A,Common Stock,true,cusip
BBG00W0L8GW3,1564406,COMMON,OAK STREET HEALTH INC,Common Stock,true,cusip
BBG00W1PSSJ0,1626450,COMMON,BIGCOMMERCE HOLDINGS SERIES,Common Stock,true,cusip
BBG00W5FS571,1791863,CLASS A,BROOKFIELD RENEWABLE SUBORDINATE V,Common Stock,true,cusip
BBG00W7F99V5,1811210,COMMON,LUCID GROUP INC,Common Stock,true,cusip
BBG00W7FH7G7,1813756,CLASS A,WEWORK INC CLASS A,Common Stock,true,cusip
BBG00W9LXXJ4,1809122,COMMON,CUREVAC NV,Common Stock,true,cusip
BBG00WNSJM49,1818201,COMMON,CCC INTELLIGENT SOLUTIONS HOLDINGS,Common Stock,true,cusip
BBG00WYYC600,1255474,COMMON,WHITING PETROLEUM CORP,Common Stock,true,ticker
BBG00X3GQL76,1599298,COMMON,SUMMIT THERAPEUTICS INC,Common Stock,true,cusip
BBG00XK3WVD0,1820877,COMMON,APARTMENT INCOME REIT CORP,REIT,true,cusip
BBG00XMJRPQ8,1834584,CLASS A,COUPANG INC CLASS A,Common Stock,true,cusip
BBG00XNR7VZ8,1783317,CLASS A,MCAFEE CORP CLASS A,Common Stock,true,cusip
BBG00XP8FYQ3,1724570,COMMON,DATTO HOLDING CORP,Common Stock,true,cusip
BBG00XS6TTT7,1821806,COMMON,LESLIES INC,Common Stock,true,ticker
BBG00XV417R8,1823945,CLASS A,BLUE OWL CAPITAL INC CLASS A,Common Stock,true,cusip
BBG00XZP0LB4,1824920,COMMON,IONQ INC,Common Stock,true,cusip
BBG00Y04KP80,1609253,COMMON,CALIFORNIA RESOURCES CORP,Common Stock,true,ticker
BBG00Y1DFV91,1823239,CLASS A,MARAVAI LIFESCIENCES HOLDINGS INC,Common Stock,true,cusip
BBG00Y4RQNH4,1792044,COMMON,VIATRIS INC,Common Stock,true,cusip
BBG00Y6G6X31,1577526,CLASS A,C3 AI INC CLASS A,Common Stock,true,cusip
BBG00Y7BLHL9,1486159,COMMON,CHORD ENERGY CORP,Common Stock,true,cusip
BBG00Y7BP8Y1,1820953,CLASS A,AFFIRM HOLDINGS INC CLASS A,Common Stock,true,cusip
BBG00Y7BR4K3,1827090,COMMON,CERTARA INC,Common Stock,true,cusip
BBG00YB1ZD58,1818874,COMMON,SOFI TECHNOLOGIES INC,Common Stock,true,cusip
BBG00YDGX945,1852244,COMMON,GXO LOGISTICS INC,Common Stock,true,cusip
BBG00YFGTVN8,1826470,COMMON,PETCO HEALTH AND WELLNESS COMPANY,Common Stock,true,cusip
BBG00YJKWXD8,1834488,COMMON,N ABLE INC,Common Stock,true,cusip
BBG00YN8NCD6,1804745,COMMON,DRIVEN BRANDS HOLDINGS INC,Common Stock,true,cusip
BBG00YPS1KY3,1830214,COMMON,GINKGO BIOWORKS HOLDINGS INC CLASS,Common Stock,true,ticker
BBG00YQ82275,1831651,CLASS A,SHOALS TECHNOLOGIES GROUP INC CLAS,Common Stock,true,cusip
BBG00YRJXKB1,1811074,COMMON,TEXAS PACIFIC LAND CORP,Common Stock,true,cusip
BBG00YT50779,1833835,COMMON,PAYSAFE LTD,Common Stock,true,ticker
BBG00YTS96G2,1841666,COMMON,APA CORP,Common Stock,true,cusip
BBG00YZ6J994,1828182,CLASS A,SIGNIFY HEALTH INC CLASS A,Common Stock,true,cusip
BBG00Z6DX554,895126,COMMON,EXPAND ENERGY CORP,Common Stock,true,cusip
BBG00Z92Y6X1,1828108,CLASS A,AURORA INNOVATION INC CLASS A,Common Stock,true,cusip
BBG00Z9CCRH5,1834622,COMMON,HAYWARD HOLDINGS INC,Common Stock,true,cusip
BBG00ZCV3P74,1836833,CLASS A,PLANET LABS CLASS A,Common Stock,true,cusip
BBG00ZF0FGT2,1845097,COMMON,ARDAGH METAL PACKAGING SA,Common Stock,true,cusip
BBG00ZGF6SS3,1582961,COMMON,DIGITALOCEAN HOLDINGS INC,Common Stock,true,cusip
BBG00ZGF7771,1679788,CLASS A,COINBASE GLOBAL INC CLASS A,Common Stock,true,cusip
BBG00ZHCT050,1831617,COMMON,DIVERSEY HOLDINGS LTD,Common Stock,true,cusip
BBG00ZNLTFK3,1858681,COMMON,APOLLO GLOBAL MANAGEMENT INC,Common Stock,true,cusip
BBG00ZNRRJM2,1819928,COMMON,DOUBLEVERIFY HOLDINGS INC,Common Stock,true,cusip
BBG00ZNSSKP3,1837686,COMMON,VIMEO INC,Common Stock,true,cusip
BBG00ZQRGW24,1821825,COMMON,ORGANON,Common Stock,true,cusip
BBG00ZSB4TS9,1833756,COMMON,LEONARDO DRS INC,Common Stock,true,cusip
BBG00ZSDS6T8,1823593,CLASS A,TUSIMPLE HOLDINGS INC CLASS A,Common Stock,true,cusip
BBG00ZXBJ153,1835632,COMMON,MARVELL TECHNOLOGY INC,Common Stock,true,cusip
BBG010FNXMC3,1839439,COMMON,PAYCOR HCM INC,Common Stock,true,cusip
BBG010J28KQ2,1878848,COMMON,IREN LTD,Common Stock,true,cusip
BBG010MVVVW7,20520,COMMON,FRONTIER COMMUNICATIONS PARENT INC,Common Stock,true,cusip
BBG01103B471,1856437,COMMON,VICTORIA S SECRET,Common Stock,true,cusip
BBG0112CBLW3,1849056,CLASS A,OKLO INC CLASS A,Common Stock,true,cusip
BBG0112Z58J3,1842022,COMMON,DT MIDSTREAM INC,Common Stock,true,cusip
BBG011386VF4,1437107,COMMON,WARNER BROS. DISCOVERY INC SERIES,Common Stock,true,cusip
BBG01163K2X0,1856525,CLASS A,CORE & MAIN INC CLASS A,Common Stock,true,cusip
BBG011744HH0,1849635,COMMON,TRUMP MEDIA TECHNOLOGY GROUP CORP,Common Stock,true,cusip
BBG0118JXCD9,1873923,COMMON,ORION OFFICE REIT INC,REIT,true,cusip
BBG011FS2K38,1853513,COMMON,MISTER CAR WASH INC,Common Stock,true,cusip
BBG011K4W134,1849253,COMMON,RYAN SPECIALTY HOLDINGS INC CLASS,Common Stock,true,cusip
BBG011N57109,1657853,COMMON,HERTZ GLOBAL HLDGS INC,Common Stock,true,cusip
BBG011ZTRJ21,1769628,CLASS A,COREWEAVE INC CLASS A,Common Stock,true,cusip
BBG0120SWLS0,1859392,CLASS A,GALAXY DIGITAL INC CLASS A,Common Stock,true,cusip
BBG0122M8031,1856485,COMMON,SYLVAMO CORP,Common Stock,true,cusip
BBG0122MC900,1083301,COMMON,TERAWULF INC,Common Stock,true,cusip
BBG01282Z1Y3,1866550,COMMON,THOUGHTWORKS HOLDING INC,Common Stock,true,cusip
BBG01282ZHB3,1866581,CLASS A,DUTCH BROS INC CLASS A,Common Stock,true,cusip
BBG01282ZJM7,1861795,CLASS A,DEFINITIVE HEALTHCARE CORP CLASS A,Common Stock,true,cusip
BBG012BV9SK0,1868726,COMMON,OLAPLEX HOLDINGS INC,Common Stock,true,cusip
BBG012QSDSK6,1868941,CLASS A,FLUENCE ENERGY INC CLASS A,Common Stock,true,cusip
BBG012QVD574,1870997,COMMON,LOYALTY VENTURES INC,Common Stock,true,cusip
BBG012THM3Q6,1868778,CLASS A,INFORMATICA INC CLASS A,Common Stock,true,cusip
BBG012W99DN6,1867072,COMMON,KYNDRYL HOLDINGS INC,Common Stock,true,cusip
BBG0134WCM78,1883685,CLASS A,DRAFTKINGS INC CLASS A,Common Stock,true,cusip
BBG0135B2214,1915657,COMMON,HF SINCLAIR CORP,Common Stock,true,cusip
BBG0136WM1M4,1691493,CLASS A,NU HOLDINGS CLASS A,Common Stock,true,cusip
BBG013G17W31,1996810,COMMON,GE VERNOVA INC,Common Stock,true,cusip
BBG013QNJHP8,1772016,COMMON,BELLRING BRANDS INC,Common Stock,true,cusip
BBG0145FSNR1,1880661,CLASS A,TPG INC CLASS A,Common Stock,true,cusip
BBG014GJ8XH2,1902733,COMMON,NCINO INC,Common Stock,true,cusip
BBG014KFRNP7,1868275,COMMON,CONSTELLATION ENERGY CORP,Common Stock,true,cusip
BBG014QJ5BV6,1803737,COMMON,ENHABIT INC,Common Stock,true,cusip
BBG016G0L0Q5,1944013,COMMON,CRANE,Common Stock,true,cusip
BBG016HJ8729,1889539,COMMON,COREBRIDGE FINANCIAL INC,Common Stock,true,cusip
BBG017BXPZ85,25445,COMMON,CRANE NXT,Common Stock,true,cusip
BBG017J18W74,1897982,COMMON,ASPEN TECHNOLOGY INC,Common Stock,true,cusip
BBG017TGV7M2,1906324,COMMON,QUIDELORTHO CORP,Common Stock,true,cusip
BBG018CYVVW5,1959348,COMMON,WK KELLOGG,Common Stock,true,cusip
BBG018CZLZ09,1910851,COMMON,R1 RCM INC,Common Stock,true,cusip
BBG018YZH6T3,1964738,COMMON,SOLVENTUM CORP,Common Stock,true,cusip
BBG019C1BQR4,52988,COMMON,JACOBS SOLUTIONS INC,Common Stock,true,cusip
BBG019M62R45,1590364,COMMON,FTAI AVIATION LTD,Common Stock,true,cusip
BBG019Q32XJ9,1967680,COMMON,VERALTO CORP,Common Stock,true,cusip
BBG019Y0WP19,1974138,COMMON,NCR ATLEOS CORP,Common Stock,true,cusip
BBG01B6SGB59,4457,SERIES N,U HAUL NON VOTING SERIES N,Common Stock,true,cusip
BBG01B9G42Y3,1941365,COMMON,MASTERBRAND INC,Common Stock,true,cusip
BBG01BFR8YV1,1932393,COMMON,GE HEALTHCARE TECHNOLOGIES INC,Common Stock,true,cusip
BBG01BGVGG87,1934850,COMMON,F&G ANNUITIES AND LIFE INC,Common Stock,true,cusip
BBG01BGWHFR5,1650372,CLASS A,ATLASSIAN CORP CLASS A,Common Stock,true,cusip
BBG01BPHNXZ3,1937926,CLASS A,BROOKFIELD ASSET MANAGEMENT VOTING,Common Stock,true,cusip
BBG01C79X561,1944048,COMMON,KENVUE INC,Common Stock,true,cusip
BBG01F6N6NM7,1968915,COMMON,PHINIA INC,Common Stock,true,cusip
BBG01FND0CC1,1707925,COMMON,LINDE PLC,Common Stock,true,cusip
BBG01G9JKWV5,1973266,CLASS A,TKO GROUP HOLDINGS INC CLASS A,Common Stock,true,cusip
BBG01GWQVVD3,1622536,COMMON,TALEN ENERGY CORP,Common Stock,true,cusip
BBG01GZF9VY6,1965040,COMMON,FORTREA HOLDINGS INC,Common Stock,true,cusip
BBG01HGVLP51,1973832,COMMON,ANGLOGOLD ASHANTI PLC,Common Stock,true,cusip
BBG01HLM8W28,1560385,CLASS A,LIBERTY MEDIA LIBERTY SIRIUSXM COR,Tracking Stk,true,cusip
BBG01HLMB6H5,1560385,COMMON,LIBERTY MEDIA LIBERTY SIRIUSXM COR,Tracking Stk,true,cusip
BBG01HLMB809,1560385,CLASS A,LIBERTY MEDIA FORMULA ONE SERIES A,Common Stock,true,cusip
BBG01HLMBCG3,1560385,CLASS C,LIBERTY MEDIA FORMULA ONE SERIES C,Common Stock,true,cusip
BBG01HMFL081,1560385,CLASS A,LIBERTY MEDIA LIBERTY LIVE CORP SE,Tracking Stk,true,cusip
BBG01HMFLTN1,1560385,CLASS C,LIBERTY MEDIA LIBERTY LIVE CORP SE,Tracking Stk,true,cusip
BBG01HN2K357,1957132,COMMON,SHARKNINJA INC,Common Stock,true,cusip
BBG01HTMDZ54,1981792,COMMON,HOWARD HUGHES HOLDINGS INC,Common Stock,true,cusip
BBG01J9M42H2,1977102,COMMON,BIRKENSTOCK HOLDING PLC,Common Stock,true,cusip
BBG01JKVZQZ2,1952976,COMMON,NET LEASE OFFICE PROPERTIES,REIT,true,cusip
BBG01JNDL2R6,2009684,COMMON,SEAPORT ENTERTAINMENT GROUP INC,Common Stock,true,cusip
BBG01JZ8VL91,1996862,COMMON,BUNGE GLOBAL SA,Common Stock,true,cusip
BBG01K9HZH92,1570585,CLASS A,LIBERTY GLOBAL LTD CLASS A,Common Stock,true,cusip
BBG01K9KJ3B1,1570585,CLASS C,LIBERTY GLOBAL LTD CLASS C,Common Stock,true,cusip
BBG01KJQM3Y8,908937,COMMON,SIRIUSXM HOLDINGS INC,Common Stock,true,cusip
BBG01KWR26Q5,1988894,COMMON,AMER SPORTS INC,Common Stock,true,cusip
BBG01L820CZ4,1632970,COMMON,AMERICAN HEALTHCARE REIT INC,REIT,true,cusip
BBG01M600X00,2015845,COMMON,EVERUS CONSTRUCTION GROUP INC,Common Stock,true,cusip
BBG01M86F4Y6,2000178,COMMON,LOAR HOLDINGS INC,Common Stock,true,cusip
BBG01MMT6PL7,920148,COMMON,LABCORP HOLDINGS INC,Common Stock,true,cusip
BBG01MZQYJF9,1717115,CLASS A,TEMPUS AI INC CLASS A,Common Stock,true,cusip
BBG01N6CGW43,1699031,COMMON,GRAIL INC,Common Stock,true,cusip
BBG01NGH78G1,2064124,CLASS A,FIGURE TECHNOLOGY SOLUTIONS INC CL,Common Stock,true,cusip
BBG01NJDR0W4,1868159,COMMON,LINEAGE INC,REIT,true,cusip
BBG01NK9ZXT4,2005951,COMMON,SMURFIT WESTROCK PLC,Common Stock,true,cusip
BBG01NMRD768,2011641,COMMON,FERGUSON ENTERPRISES INC,Common Stock,true,cusip
BBG01NY7B734,2011286,COMMON,AMENTUM HOLDINGS INC,Common Stock,true,cusip
BBG01PSW2WN4,2012383,COMMON,BLACKROCK INC,Common Stock,true,cusip
BBG01Q381K59,1897762,COMMON,INGRAM MICRO HOLDING CORP,Common Stock,true,cusip
BBG01QNB0RS1,2042694,CLASS A,PRIMO BRANDS CLASS A CORP,Common Stock,true,cusip
BBG01R388JG1,2023554,COMMON,SANDISK CORP,Common Stock,true,cusip
BBG01R914LT5,1521332,COMMON,APTIV PLC,Common Stock,true,cusip
BBG01RJ2V7B2,1791863,COMMON,BROOKFIELD RENEWABLE SUBORDINATE V,Common Stock,true,cusip
BBG01RMP2W97,91388,COMMON,SMITHFIELD FOODS INC,Common Stock,true,cusip
BBG01RQYH2X7,2017206,CLASS A,MILLROSE PROPERTIES INC CLASS A,REIT,true,cusip
BBG01RW30Q09,2030781,COMMON,SAILPOINT INC,Common Stock,true,cusip
BBG01RXK1PK9,2040127,COMMON,KARMAN HOLDINGS INC,Common Stock,true,cusip
BBG01T61V2V3,1876042,CLASS A,CIRCLE INTERNET GROUP INC CLASS A,Common Stock,true,cusip
BBG01TRL73S5,2058873,COMMON,QNITY ELECTRONICS INC,Common Stock,true,cusip
BBG01V30BCK5,1791942,CLASS A,JBS N V NV CLASS A,Common Stock,true,cusip
BBG01V4YRP24,2041385,COMMON,RALLIANT CORP,Common Stock,true,cusip
BBG01V7JN3F3,1819994,COMMON,ROCKET LAB CORP,Common Stock,true,cusip
BBG01VV3KTK1,2054696,COMMON,NIQ GLOBAL INTELLIGENCE PLC,Common Stock,true,cusip
BBG01VV3SMG3,2057463,CLASS C,GCI LIBERTY INC SERIES C,Common Stock,true,cusip
BBG01VXTFCN2,2074176,CLASS A,VIPER ENERGY INC CLASS A,Common Stock,true,cusip
BBG01W8QW0N1,1872195,COMMON,BULLISH,Common Stock,true,cusip
BBG01X4QY3R1,2071778,COMMON,FERMI INC,Common Stock,true,cusip
BBG01X5744P5,2064953,COMMON,SOLSTICE ADVANCED MATERIALS INC,Common Stock,true,cusip
BBG01Y0M8K11,2067876,COMMON,VERSANT MEDIA GROUP INC,Common Stock,true,cusip
BBG01Y6778L4,2046386,CLASS A,MEDLINE INC CLASS A,Common Stock,true,cusip
BBG01YY256K1,2078416,CLASS A,LIBERTY LIVE HOLDINGS INC SERIES A,Common Stock,true,cusip
BBG01YYX1Z14,2078416,CLASS C,LIBERTY LIVE HOLDINGS INC SERIES C,Common Stock,true,cusip
BBG01Z7V4LL1,2082866,COMMON,PINNACLE FINANCIAL PARTNERS INC,Common Stock,true,cusip
BBG01ZJ9DR98,2080126,CLASS A,FORGENT POWER SOLUTIONS INC CLASS,Common Stock,true,cusip
BBG01ZPB91C4,2082247,COMMON,FEDEX FREIGHT HOLDING COMPANY INC,Common Stock,true,cusip
BBG01ZPFR6N2,2065636,CLASS A,SOLV ENERGY CLASS A INC,Common Stock,true,cusip
BBG01ZZ7RBW8,2083785,COMMON,SUNBELT RENTALS HOLDINGS INC,Common Stock,true,cusip
BBG020PSLYJ0,2100805,CLASS A,JANUS LIVING INC CLASS A,REIT,true,cusip
BBG020QYV152,2089271,COMMON,HONEYWELL AEROSPACE INC,Common Stock,true,cusip
CIK100517-COMMON,100517,COMMON,UAL CORP,,true,placeholder
CIK1011006-COMMON,1011006,COMMON,YAHOO! INC,,true,placeholder
CIK1018005-COMMON,1018005,COMMON,COLDWATER CREEK INC,,true,placeholder
CIK101829-COMMON,101829,COMMON,UNITED TECHNOLOGIES CORP,,true,placeholder
CIK1037676-COMMON,1037676,COMMON,ARCH COAL INC,,true,placeholder
CIK1038205-COMMON,1038205,COMMON,BANK OF OZARKS,,true,placeholder
CIK1038914-COMMON,1038914,COMMON,GLOBALSANTAFE CORP,,true,placeholder
CIK104207-COMMON,104207,COMMON,WALGREEN,,true,placeholder
CIK1045609-COMMON,1045609,COMMON,AMB PROPERTY CORP,,true,placeholder
CIK1046568-COMMON,1046568,COMMON,CAREER EDUCATION CORP,,true,placeholder
CIK1052045-COMMON,1052045,COMMON,SERVICEMASTER CO,,true,placeholder
CIK105319-COMMON,105319,COMMON,WW INTERNATIONAL INC,,true,placeholder
CIK1056087-COMMON,1056087,COMMON,MCCLATCHY CO,,true,placeholder
CIK1066104-COMMON,1066104,COMMON,CORPORATE EXECUTIVE,,true,placeholder
CIK1074771-COMMON,1074771,COMMON,TRIAD HOSPITALS INC,,true,placeholder
CIK1075415-COMMON,1075415,COMMON,SENIOR HOUSING PROPERTIES TRUST RE,,true,placeholder
CIK1075531-COMMON,1075531,COMMON,THE PRICELINE GROUP INC,,true,placeholder
CIK1080014-COMMON,1080014,COMMON,THERAVANCE INC.,,true,placeholder
CIK1095651-COMMON,1095651,COMMON,ISTAR FINANCIAL INC,,true,placeholder
CIK1100962-COMMON,1100962,COMMON,ENDO INTERNATIONAL INC,,true,placeholder
CIK1103982-COMMON,1103982,COMMON,KRAFT FOODS INC A,,true,placeholder
CIK1115836-COMMON,1115836,COMMON,ORIENT-EXPRESS HOTELS,,true,placeholder
CIK1116132-COMMON,1116132,COMMON,COACH INC,,true,placeholder
CIK1116521-COMMON,1116521,COMMON,AVAYA INC,,true,placeholder
CIK1124887-COMMON,1124887,COMMON,CERIDIAN CORP,,true,placeholder
CIK1137789-COMMON,1137789,COMMON,SEAGATE TECHNOLOGY,,true,placeholder
CIK1138118-COMMON,1138118,COMMON,CB RICHARD ELLIS GROUP,,true,placeholder
CIK1141399-COMMON,1141399,COMMON,ABRAXIS BIOSCIENCE INC,,true,placeholder
CIK1156039-COMMON,1156039,COMMON,WELLPOINT INC,,true,placeholder
CIK1156826-COMMON,1156826,COMMON,ARCHSTONE SMITH TRUST,,true,placeholder
CIK1163348-COMMON,1163348,COMMON,ALLIED WRLD ASSUR COM,,true,placeholder
CIK1166126-COMMON,1166126,COMMON,JC PENNEY INC,,true,placeholder
CIK1169055-COMMON,1169055,COMMON,NOBLE CORPORATION,,true,placeholder
CIK1170565-COMMON,1170565,COMMON,WEATHERFORD INTL,,true,placeholder
CIK1282266-COMMON,1282266,COMMON,WINDSTREAM HOLDINGS INC,,true,placeholder
CIK1283699-COMMON,1283699,COMMON,METROPCS COMMUNICATIONS INC.,,true,placeholder
CIK1308161-CLASS-A,1308161,CLASS A,NEWS CORP. CL A,,true,placeholder
CIK1308161-COMMON,1308161,COMMON,NEWS CORP,,true,placeholder
CIK1319048-COMMON,1319048,COMMON,CHAPARRAL STEEL COMPANY,,true,placeholder
CIK1323854-COMMON,1323854,COMMON,WARNER CHILCOTT LIMITED,,true,placeholder
CIK1336917-CLASS-C,1336917,CLASS C,UNDER ARMOUR INC CLASS C,,true,placeholder
CIK1355096-COMMON,1355096,COMMON,LIBERTY INTERACTIVE VENTURE CORP S,,true,placeholder
CIK1356090-COMMON,1356090,COMMON,INTREXON CORP,,true,placeholder
CIK1360604-COMMON,1360604,COMMON,HEALTHCARE TRUST OF AMERICA INC,,true,placeholder
CIK1363851-COMMON,1363851,COMMON,SXC HEALTH SOLUTIONS CORP.,,true,placeholder
CIK1418135-COMMON,1418135,COMMON,DR PEPPER SNAPPLE GROUP INC,,true,placeholder
CIK1420800-COMMON,1420800,COMMON,COLFAX CORP,,true,placeholder
CIK1428875-COMMON,1428875,COMMON,SERVICEMASTER GLOBAL HOLDINGS INC,,true,placeholder
CIK1458891-COMMON,1458891,COMMON,NOBLE CORPORATION,,true,placeholder
CIK1465112-COMMON,1465112,COMMON,DIRECTV,,true,placeholder
CIK1469372-CLASS-A,1469372,CLASS A,MADISON SQUARE GARDEN ORD CLASS A,,true,placeholder
CIK1471261-COMMON,1471261,COMMON,COBALT INTERNATIONAL ENERGY INC,,true,placeholder
CIK1478242-COMMON,1478242,COMMON,QUINTILES IMS INC,,true,placeholder
CIK1498301-COMMON,1498301,COMMON,ASCENA RETAIL GROUP INC.,,true,placeholder
CIK1511737-COMMON,1511737,COMMON,UBIQUITI NETWORKS INC,,true,placeholder
CIK1521332-COMMON,1521332,COMMON,DELPHI AUTOMOTIVE PLC,,true,placeholder
CIK1533932-CLASS-A,1533932,CLASS A,VANTIV INC CLASS A,,true,placeholder
CIK1561032-COMMON,1561032,COMMON,HEALTHCARE TRUST OF AMERICA REIT I,,true,placeholder
CIK1575828-COMMON,1575828,COMMON,FRANK S INTERNATIONAL NV,,true,placeholder
CIK1578845-COMMON,1578845,COMMON,ACTAVIS PLC,,true,placeholder
CIK1584207-COMMON,1584207,COMMON,SPRINGLEAF HOLDINGS INC,,true,placeholder
CIK1606498-COMMON,1606498,COMMON,HALYARD HEALTH INC,,true,placeholder
CIK1611983-COMMON,1611983,COMMON,LIBERTY BROADBAND SUBSCRIPTION RIG,,true,placeholder
CIK1620280-COMMON,1620280,COMMON,COMMUNICATIONS SALES AND LEASING I,,true,placeholder
CIK1650962-COMMON,1650962,COMMON,MANITOWOC FOODSERVICE INC,,true,placeholder
CIK1666700-COMMON,1666700,COMMON,DOWDUPONT INC,,true,placeholder
CIK1679688-CLASS-A,1679688,CLASS A,COLONY NORTHSTAR INC CLASS A,,true,placeholder
CIK1723089-COMMON,1723089,COMMON,APERGY CORP,,true,placeholder
CIK1800227-COMMON,1800227,COMMON,IAC INTERACTIVE,,true,placeholder
CIK1803737-COMMON,1803737,COMMON,ENHABIT INC WHEN ISSUED,,true,placeholder
CIK1808220-CLASS-A,1808220,CLASS A,GOHEALTH INC CLASS A,,true,placeholder
CIK18568-COMMON,18568,COMMON,COMPASS BANCSHARES INC,,true,placeholder
CIK1929561-COMMON,1929561,COMMON,RXO INC,,true,placeholder
CIK202058-COMMON,202058,COMMON,HARRIS CORP,,true,placeholder
CIK20520-COMMON,20520,COMMON,FRONTIER COMMUNICATIONS CORP,,true,placeholder
CIK230463-COMMON,230463,COMMON,POGO PRODUCING CO,,true,placeholder
CIK23666-COMMON,23666,COMMON,SARA LEE CORP,,true,placeholder
CIK314808-CLASS-A,314808,CLASS A,ENSCO PLC CLASS A,,true,placeholder
CIK314808-COMMON,314808,COMMON,ENSCO INTERNATIONAL INC,,true,placeholder
CIK315293-COMMON,315293,COMMON,AON CORP,,true,placeholder
CIK316300-COMMON,316300,COMMON,EXCO RESOURCES INC,,true,placeholder
CIK320335-COMMON,320335,COMMON,TORCHMARK CORP,,true,placeholder
CIK351346-COMMON,351346,COMMON,BIOMET INC,,true,placeholder
CIK38079-COMMON,38079,COMMON,FOREST OIL CORP,,true,placeholder
CIK39899-COMMON,39899,COMMON,GANNETT CO INC,,true,placeholder
CIK47217-COMMON,47217,COMMON,HEWLETT PACKARD,,true,placeholder
CIK47518-COMMON,47518,COMMON,HILLENBRAND INDUSTRIES,,true,placeholder
CIK47580-COMMON,47580,COMMON,HILTON HOTELS CORP,,true,placeholder
CIK48039-COMMON,48039,COMMON,HOLLY CORP,,true,placeholder
CIK48898-CLASS-B,48898,CLASS B,HUBBELL INC. CL B,,true,placeholder
CIK50104-COMMON,50104,COMMON,TESORO CORP,,true,placeholder
CIK52988-COMMON,52988,COMMON,JACOBS ENGINEERING GROUP INC,,true,placeholder
CIK65873-COMMON,65873,COMMON,ALLTEL CORP,,true,placeholder
CIK68505-COMMON,68505,COMMON,MOTOROLA INC,,true,placeholder
CIK701985-COMMON,701985,COMMON,LIMITED BRANDS INC.,,true,placeholder
CIK708819-COMMON,708819,COMMON,MCDERMOTT INTERNATIONAL INC,,true,placeholder
CIK709519-COMMON,709519,COMMON,SUN MICROSYSTEMS INC,,true,placeholder
CIK716006-COMMON,716006,COMMON,YRC WORLDWIDE INC,,true,placeholder
CIK718482-COMMON,718482,COMMON,EDWARDS AG INC,,true,placeholder
CIK730464-COMMON,730464,COMMON,DEVRY EDUCATION GROUP INC,,true,placeholder
CIK733269-COMMON,733269,COMMON,ACXIOM CORP,,true,placeholder
CIK737874-COMMON,737874,COMMON,LAIDLAW INTERNATIONAL,,true,placeholder
CIK73887-COMMON,73887,COMMON,BRISTOW GROUP INC,,true,placeholder
CIK739708-COMMON,739708,COMMON,CLEAR CHANNEL COMM INC,,true,placeholder
CIK753308-COMMON,753308,COMMON,FPL GROUP INC,,true,placeholder
CIK765880-COMMON,765880,COMMON,HEALTHPEAK PROPERTIES INC,,true,placeholder
CIK766704-COMMON,766704,COMMON,HEALTH CARE REIT INC,,true,placeholder
CIK77551-COMMON,77551,COMMON,APPLERA CORP APPLIED,,true,placeholder
CIK777001-COMMON,777001,COMMON,BEAR STEARNS COS INC,,true,placeholder
CIK78128-COMMON,78128,COMMON,AQUA AMERICA INC,,true,placeholder
CIK789073-COMMON,789073,COMMON,FORTUNE BRANDS INC,,true,placeholder
CIK803649-COMMON,803649,COMMON,COMMONWEALTH REIT,,true,placeholder
CIK804055-COMMON,804055,COMMON,COCA COLA ENTERPRISE,,true,placeholder
CIK813828-CLASS-B,813828,CLASS B,CBS CORP CLASS B,,true,placeholder
CIK817473-COMMON,817473,COMMON,AMERICAN CAP STRATEGIES,,true,placeholder
CIK833444-COMMON,833444,COMMON,TYCO INTERNATIONAL PLC,,true,placeholder
CIK835541-COMMON,835541,COMMON,SOLECTRON CORP,,true,placeholder
CIK836102-COMMON,836102,COMMON,AMERICAN STD COS INC,,true,placeholder
CIK845752-COMMON,845752,COMMON,ARMOR HOLDINGS INC,,true,placeholder
CIK849778-COMMON,849778,COMMON,CYTYC CORP,,true,placeholder
CIK860748-COMMON,860748,COMMON,UNITRIN INC,,true,placeholder
CIK866121-COMMON,866121,COMMON,ALLIANT TECHSYSTEMS INC.,,true,placeholder
CIK867773-COMMON,867773,COMMON,SUNPOWER CORP,,true,placeholder
CIK874015-COMMON,874015,COMMON,ISIS PHARMACEUTICALS INC.,,true,placeholder
CIK875159-COMMON,875159,COMMON,XL CAP LTD,,true,placeholder
CIK88205-COMMON,88205,COMMON,SPX CORP,,true,placeholder
CIK884629-COMMON,884629,COMMON,ACTAVIS INC.,,true,placeholder
CIK886835-COMMON,886835,COMMON,SUPERIOR ENERGY SERVICES INC.,,true,placeholder
CIK891103-COMMON,891103,COMMON,IAC INTERACTIVE,,true,placeholder
CIK892535-COMMON,892535,COMMON,THORNBURG MORTGAGE INC,,true,placeholder
CIK893949-COMMON,893949,COMMON,PEDIATRIX MEDICAL GROUP,,true,placeholder
CIK894315-COMMON,894315,COMMON,DEVELOPERS DIVERSIFIED,,true,placeholder
CIK895419-COMMON,895419,COMMON,CREE INC,,true,placeholder
CIK895648-COMMON,895648,COMMON,GENERAL GROWTH PPTYS INC,,true,placeholder
CIK896159-COMMON,896159,COMMON,ACE LTD,,true,placeholder
CIK898660-COMMON,898660,COMMON,STATION CASINOS INC,,true,placeholder
CIK908937-COMMON,908937,COMMON,SIRIUS XM RADIO INC.,,true,placeholder
CIK910073-COMMON,910073,COMMON,NEW YORK COMMUNITY BANCORP INC,,true,placeholder
CIK922864-COMMON,922864,COMMON,APARTMENT INVESTMENT AND MANAGEMEN,,true,placeholder
CIK929351-COMMON,929351,COMMON,LIONS GATE ENTERTAINMENT CORP,,true,placeholder
CIK931336-COMMON,931336,COMMON,DEAN FOODS CO.,,true,placeholder
CIK944314-COMMON,944314,COMMON,SOVRAN SELF STORAGE INC.,,true,placeholder
CIK944868-COMMON,944868,COMMON,DIRECTV GROUP INC,,true,placeholder
CIK945394-COMMON,945394,COMMON,HOSPITALITY PROPERTIES TRUST REIT,,true,placeholder
CIK945436-COMMON,945436,COMMON,MEMC ELECTRIC MATERIALS,,true,placeholder
CIK96289-COMMON,96289,COMMON,RADIOSHACK CORP,,true,placeholder
