sec_id,ticker,exchange,valid_from,valid_to,source
BBG000B9X5K7,ALD,NYSE,2007-12-17,2010-04-01,observation
BBG000B9X8C0,AEE,NYSE,2007-12-17,,observation
BBG000B9XG87,AME,NYSE,2007-12-21,,observation
BBG000B9XRY4,AAPL,NASDAQ,2007-12-17,,observation
BBG000B9XYV2,AMT,NYSE,2007-12-21,,observation
BBG000B9YJ35,APH,NYSE,2008-01-16,,observation
BBG000B9YSK6,CBL,NYSE,2008-01-03,2020-11-02,observation
BBG000B9Z0J8,PLD,NYSE,2011-06-06,,observation
BBG000B9ZGM9,BGC,NYSE,2007-12-19,2018-06-05,observation
BBG000B9ZV28,AMED,NASDAQ,2008-01-16,2025-08-14,observation
BBG000B9ZXB4,ABT,NYSE,2007-12-17,,observation
BBG000BB03M1,CBI,NYSE,2008-01-11,2018-05-10,observation
BBG000BB0V03,CPT,NYSE,2008-01-02,,observation
BBG000BB1BW1,CPS,NYSE,2008-01-14,2008-09-18,observation
BBG000BB1TH9,FLR,NYSE,2008-01-10,,observation
BBG000BB27M0,DNA,NYSE,2007-12-17,2009-03-26,observation
BBG000BB29X4,DTE,NYSE,2007-12-19,,observation
BBG000BB2KN0,LSTR,NASDAQ,2007-12-20,,observation
BBG000BB2KW0,APOL,NASDAQ,2007-12-27,2017-02-01,observation
BBG000BB2N27,THI,NYSE,2007-12-26,2014-12-12,observation
BBG000BB2PH6,FCS,NASDAQ,2008-01-16,2016-09-16,observation
BBG000BB2PW9,DNB,NYSE,2008-01-16,2019-02-07,observation
BBG000BB38Q3,CVD,NYSE,2008-01-14,2015-02-18,observation
BBG000BB41G8,ACV,,2008-01-16,2011-05-09,observation
BBG000BB4D72,FLO,NYSE,2007-12-21,,observation
BBG000BB4WY0,CVG,NYSE,2008-01-07,2018-10-04,observation
BBG000BB5006,ADBE,NASDAQ,2007-12-24,,observation
BBG000BB5373,WU,NYSE,2007-12-17,,observation
BBG000BB5792,RCL,NYSE,2007-12-20,,observation
BBG000BB5B84,LII,NYSE,2008-01-02,,observation
BBG000BB5BF6,GME,NYSE,2007-12-20,,observation
BBG000BB5HV5,ADCT,NASDAQ,2007-12-24,2010-12-19,observation
BBG000BB65D0,IT,NYSE,2007-12-19,,observation
BBG000BB6F57,AVX,NYSE,2008-01-16,2020-03-27,observation
BBG000BB6G37,ADI,NASDAQ,2007-12-24,,observation
BBG000BB6KF5,MET,NYSE,2007-12-20,,observation
BBG000BB6M98,FE,NYSE,2008-01-09,,observation
BBG000BB6MM3,WBC,NYSE,2008-04-17,2020-05-28,observation
BBG000BB6WG8,ADM,NYSE,2007-12-17,,observation
BBG000BB72K8,LECO,NASDAQ,2008-01-16,,observation
BBG000BB7SX7,ELS,NYSE,2008-04-28,,observation
BBG000BB8PG1,GRA,NYSE,2007-12-27,2021-09-21,observation
BBG000BB8SW7,PKG,NYSE,2007-12-26,,observation
BBG000BB8ZF0,WNR,,2007-12-26,2017-06-09,observation
BBG000BB99S3,SLAB,NASDAQ,2007-12-17,,observation
BBG000BB9KF2,AEP,NASDAQ,2008-01-03,,observation
BBG000BB9RZ5,SGR,,2007-12-17,2009-08-24,observation
BBG000BB9RZ5,SHAW,NYSE,2009-08-25,2013-02-12,observation
BBG000BBB3K1,RAI,NYSE,2007-12-21,2017-07-24,observation
BBG000BBBNC6,AFL,NYSE,2007-12-21,,observation
BBG000BBBP59,PRE,NYSE,2007-12-18,2016-03-17,observation
BBG000BBBQ84,PPO,NYSE,2008-03-26,2015-08-25,observation
BBG000BBCDZ2,ROK,NYSE,2008-01-14,,observation
BBG000BBCQD7,SLM,NASDAQ,2007-12-21,,observation
BBG000BBCT50,CU,,2007-12-17,2008-09-04,ftd
BBG000BBCT50,CCU,,2008-09-05,,observation
BBG000BBD070,HES,,2007-12-18,,observation
BBG000BBDPQ4,NVE,NYSE,2008-11-21,2013-12-19,observation
BBG000BBDV81,CTSH,NASDAQ,2007-12-19,,observation
BBG000BBDZG3,AIG,NYSE,2007-12-17,,observation
BBG000BBG2C7,CNH,NYSE,2008-01-25,2013-09-27,observation
BBG000BBG3P1,TMA,,2008-10-02,2008-12-10,observation
BBG000BBG3P1,THMR,,2008-12-11,2009-01-22,ftd
BBG000BBG3P1,TMA,,2009-01-23,2009-01-25,observation
BBG000BBG3P1,THMR,,2009-01-26,2009-03-19,ftd
BBG000BBG3P1,TMA,,2009-03-20,2009-03-22,observation
BBG000BBG3P1,THMR,,2009-03-23,2009-05-05,ftd
BBG000BBG3P1,THMRQ,,2009-05-06,2009-06-07,ftd
BBG000BBG3P1,TMA,,2009-06-08,2009-06-09,observation
BBG000BBG3P1,THMRQ,,2009-06-10,2012-04-26,ftd
BBG000BBGGQ1,VLO,NYSE,2007-12-24,,observation
BBG000BBHHP9,AIT,NYSE,2008-06-24,,observation
BBG000BBHXQ3,AJG,NYSE,2008-01-16,,observation
BBG000BBJB07,AKRX,NASDAQ,2007-12-19,2020-05-29,observation
BBG000BBJQV0,NVDA,NASDAQ,2007-12-17,,observation
BBG000BBK401,MATX,NYSE,2012-07-06,,observation
BBG000BBL0Y1,ALK,NYSE,2007-12-17,,observation
BBG000BBL8V7,PWR,NYSE,2007-12-26,,observation
BBG000BBLK04,TW,NASDAQ,2010-01-04,2016-01-04,observation
BBG000BBLPH5,PRIM,NYSE,2008-09-09,,observation
BBG000BBMSJ6,ALTR,NASDAQ,2007-12-19,2015-12-24,observation
BBG000BBMVS9,RAH,NYSE,2008-04-07,2013-01-29,observation
BBG000BBNYF6,DRI,NYSE,2007-12-24,,observation
BBG000BBPFB9,AMAT,,2007-12-17,,observation
BBG000BBQCY0,AMD,NASDAQ,2007-12-17,,observation
BBG000BBRPL4,EME,NYSE,2008-01-14,,observation
BBG000BBS2Y0,AMGN,NASDAQ,2007-12-17,,observation
BBG000BBS9F6,TOC,,2007-12-17,2008-04-17,ftd
BBG000BBS9F6,TRI,,2008-04-18,2018-11-27,observation
BBG000BBS9F6,TRIXXXX,,2018-11-28,,ftd
BBG000BBSX81,PMCS,NASDAQ,2007-12-26,2016-01-14,observation
BBG000BBTJZ1,ERIE,NASDAQ,2008-01-16,,observation
BBG000BBVCN6,ESI,NYSE,2007-12-17,2016-09-02,observation
BBG000BBVJZ8,DVN,NYSE,2007-12-21,,observation
BBG000BBVK30,AMR,NYSE,2007-12-17,2012-01-04,observation
BBG000BBXLW4,AN,NYSE,2007-12-18,,observation
BBG000BBXQ71,DLM,NYSE,2008-01-16,2011-03-08,observation
BBG000BBY4T5,ANAT,NASDAQ,2008-01-16,2020-07-12,observation
BBG000BC15S7,AON,,2012-04-03,2020-04-01,observation
BBG000BC16H7,LPNT,NASDAQ,2007-12-21,2018-11-15,observation
BBG000BC1L02,AOS,NYSE,2007-12-26,,observation
BBG000BC26P7,GES,NYSE,2007-12-18,2026-01-22,observation
BBG000BC2C10,APA,,2007-12-17,,observation
BBG000BC2KW8,KRG,NYSE,2021-10-12,,ftd
BBG000BC2R71,ALLY,NYSE,2014-04-11,,observation
BBG000BC33T9,ARE,NYSE,2007-12-21,,observation
BBG000BC40Y8,APC,NYSE,2008-01-03,2019-08-08,observation
BBG000BC4JJ4,APD,NYSE,2008-01-16,,observation
BBG000BC8G88,ARG,NYSE,2008-01-16,2016-05-20,observation
BBG000BC9938,VMW,NYSE,2007-12-17,2023-11-21,observation
BBG000BC9DK0,ADC,NYSE,2008-03-11,,observation
BBG000BC9WH2,HME,NYSE,2007-12-19,2015-10-07,observation
BBG000BCBCM7,SPLS,NASDAQ,2007-12-18,2017-09-12,observation
BBG000BCD3D5,ARW,NYSE,2008-01-16,,observation
BBG000BCFQC3,ASBC,,2008-01-14,2012-06-28,observation
BBG000BCFQC3,ASB,,2012-06-29,2012-07-01,observation
BBG000BCFQC3,ASBC,,2012-07-02,2012-12-30,ftd
BBG000BCFQC3,ASB,,2012-12-31,2013-01-02,observation
BBG000BCFQC3,ASBC,,2013-01-03,2013-06-27,ftd
BBG000BCFQC3,ASB,,2013-06-28,2013-07-01,observation
BBG000BCFQC3,ASBC,,2013-07-02,2013-12-30,ftd
BBG000BCFQC3,ASB,,2013-12-31,2014-01-01,observation
BBG000BCFQC3,ASBC,,2014-01-02,2014-06-29,ftd
BBG000BCFQC3,ASB,,2014-06-30,2014-06-30,observation
BBG000BCFQC3,ASBC,,2014-07-01,2014-12-23,ftd
BBG000BCFQC3,ASB,NYSE,2014-12-24,,observation
BBG000BCFXT0,UHAL,NYSE,2007-12-24,,observation
BBG000BCG930,ANTM,,2012-06-29,2022-06-28,observation
BBG000BCG930,ELV,NYSE,2022-06-29,,observation
BBG000BCGY17,LO,NYSE,2008-06-10,2015-06-11,observation
BBG000BCHG15,ASH,NYSE,2007-12-27,2016-09-20,observation
BBG000BCJ161,SRPT,NASDAQ,2012-07-16,,observation
BBG000BCKC47,ATG,,2008-01-16,2009-02-09,observation
BBG000BCKC47,AGL,,2009-02-10,2009-03-19,ftd
BBG000BCKC47,ATG,,2009-03-20,2009-03-22,observation
BBG000BCKC47,AGL,,2009-03-23,2009-06-07,ftd
BBG000BCKC47,ATG,,2009-06-08,2009-06-10,observation
BBG000BCKC47,AGL,,2009-06-11,2011-12-18,ftd
BBG000BCKC47,GAS,NYSE,2011-12-19,2016-06-30,observation
BBG000BCKGW7,AMKR,NASDAQ,2007-12-20,,observation
BBG000BCLYL9,MSM,NYSE,2008-01-16,,observation
BBG000BCM087,ATW,NYSE,2008-02-29,2017-10-05,observation
BBG000BCMBG4,FTNT,NASDAQ,2009-11-27,,observation
BBG000BCMWM1,MTN,NYSE,2007-12-27,,observation
BBG000BCNYT9,AVP,NYSE,2007-12-20,2020-01-03,observation
BBG000BCPB71,AVT,NASDAQ,2008-01-16,,observation
BBG000BCQ4P6,AVY,NYSE,2008-01-14,,observation
BBG000BCQ6J8,KKR,NYSE,2018-07-05,,observation
BBG000BCQM58,WPC,NYSE,2012-10-02,,observation
BBG000BCQZS4,AXP,NYSE,2007-12-20,,observation
BBG000BCSPR5,COR,NYSE,2010-09-29,2021-12-27,observation
BBG000BCSST7,BA,NYSE,2007-12-21,,observation
BBG000BCTL84,PMI,NYSE,2007-12-17,2011-11-23,observation
BBG000BCTLF6,BAC,NYSE,2007-12-17,,observation
BBG000BCTQ65,XEL,NASDAQ,2007-12-17,,observation
BBG000BCVG28,POOL,NASDAQ,2007-12-17,,observation
BBG000BCVJ77,BAX,NYSE,2007-12-21,,observation
BBG000BCWCG1,BBY,NYSE,2007-12-17,,observation
BBG000BCWKD6,VOYA,NYSE,2013-05-08,,observation
BBG000BCWSS3,BC,NYSE,2007-12-17,,observation
BBG000BCX7G1,OMX,NYSE,2008-01-11,2013-11-05,observation
BBG000BCYP43,BCR,NYSE,2007-12-24,2017-12-28,observation
BBG000BCZBF1,SAM,NYSE,2008-04-07,,observation
BBG000BCZH22,BDK,NYSE,2008-01-11,2010-03-12,observation
BBG000BCZL41,VRSK,NASDAQ,2009-10-13,,observation
BBG000BCZYD3,BDX,NYSE,2008-01-16,,observation
BBG000BD0DV5,BEC,NYSE,2008-01-16,2011-06-29,observation
BBG000BD0Q91,BKS,NYSE,2008-01-14,2019-08-06,observation
BBG000BD0TF8,BEN,NYSE,2007-12-26,,observation
BBG000BD1HP2,BER,,2008-01-09,2008-04-30,observation
BBG000BD1HP2,WRB,,2008-05-01,2008-05-30,ftd
BBG000BD1HP2,BER,,2008-05-31,2008-07-07,observation
BBG000BD1HP2,WRB,,2008-07-08,2008-07-24,ftd
BBG000BD1HP2,BER,,2008-07-25,2008-09-10,observation
BBG000BD1HP2,WRB,,2008-09-11,2008-11-17,ftd
BBG000BD1HP2,BER,,2008-11-18,2008-11-18,observation
BBG000BD1HP2,WRB,,2008-11-19,2009-01-22,ftd
BBG000BD1HP2,BER,,2009-01-23,2009-01-25,observation
BBG000BD1HP2,WRB,,2009-01-26,2009-03-19,ftd
BBG000BD1HP2,BER,,2009-03-20,2009-03-22,observation
BBG000BD1HP2,WRB,,2009-03-23,2009-06-07,ftd
BBG000BD1HP2,BER,,2009-06-08,2009-06-09,observation
BBG000BD1HP2,WRB,NYSE,2009-06-10,,observation
BBG000BD2167,ITRI,NASDAQ,2007-12-18,,observation
BBG000BD2C18,BF-A,NYSE,2008-09-16,,observation
BBG000BD2NY8,BF-B,NYSE,2008-01-09,,observation
BBG000BD3LM4,NUAN,NASDAQ,2007-12-17,2022-03-03,observation
BBG000BD4VG8,BHI,NYSE,2007-12-17,2017-07-03,observation
BBG000BD53V2,WGOV,,2008-04-07,2011-01-31,ftd
BBG000BD53V2,WWD,NASDAQ,2011-02-01,,observation
BBG000BD6SQ2,WDR,,2008-01-14,,observation
BBG000BD7W19,TIE,NYSE,2007-12-17,2013-01-07,observation
BBG000BD8PN9,BK,,2007-12-21,2026-05-31,observation
BBG000BD8PN9,BNY,NYSE,2026-06-01,,observation
BBG000BDD940,WAB,NYSE,2008-03-12,,observation
BBG000BDDN94,OIS,NYSE,2008-03-07,,observation
BBG000BDDNH5,BLL,,2008-01-16,2022-05-10,observation
BBG000BDDNH5,BALL,NYSE,2022-05-11,,observation
BBG000BDG1Y1,BMC,NASDAQ,2007-12-24,2013-09-10,observation
BBG000BDHD29,UNVR,NYSE,2015-06-23,2023-07-31,observation
BBG000BDHNB7,BMS,NYSE,2007-12-27,2019-06-10,observation
BBG000BDJL83,FDS,NYSE,2007-12-21,,observation
BBG000BDKN87,BNI,NYSE,2007-12-18,2010-02-12,observation
BBG000BDLCQ0,RGA,NYSE,2008-12-02,,observation
BBG000BDN878,THOEF,,2011-12-20,2012-05-08,ftd
BBG000BDN878,TAHO,NYSE,2012-05-09,2019-02-21,observation
BBG000BDNB35,BPOP,NASDAQ,2007-12-17,,observation
BBG000BDP616,BRE,NYSE,2007-12-24,2014-04-01,observation
BBG000BDQGN9,BRL,NYSE,2008-01-16,2008-12-22,observation
BBG000BDRMN5,HTV,NYSE,2008-01-14,2009-06-04,observation
BBG000BDRQ10,BSC,NYSE,2007-12-27,2008-05-30,observation
BBG000BDTNN1,BUD,NYSE,2007-12-21,2008-11-17,observation
BBG000BDWKC5,CA,NASDAQ,2007-12-27,2018-11-02,observation
BBG000BDXCJ5,CNC,NYSE,2008-02-13,,observation
BBG000BDXGP9,CAG,NYSE,2007-12-21,,observation
BBG000BDXVW8,CAL,NYSE,2007-12-17,2010-09-30,observation
BBG000BDY3Y7,CYH,NYSE,2007-12-18,,observation
BBG000BF0672,CASY,NASDAQ,2007-12-19,,observation
BBG000BF0K17,CAT,NYSE,2007-12-18,,observation
BBG000BF1PD2,LRY,,2007-12-31,2012-06-28,observation
BBG000BF1PD2,LPT,,2012-06-29,2012-07-02,observation
BBG000BF1PD2,LRY,,2012-07-03,2012-12-30,ftd
BBG000BF1PD2,LPT,,2012-12-31,2013-01-01,observation
BBG000BF1PD2,LRY,,2013-01-02,2013-06-27,ftd
BBG000BF1PD2,LPT,,2013-06-28,2013-06-30,observation
BBG000BF1PD2,LRY,,2013-07-01,2013-12-30,ftd
BBG000BF1PD2,LPT,,2013-12-31,2014-01-01,observation
BBG000BF1PD2,LRY,,2014-01-02,2014-03-02,ftd
BBG000BF1PD2,LPT,NYSE,2014-03-03,2020-02-03,observation
BBG000BF1R66,CB,NYSE,2007-12-21,2016-01-15,observation
BBG000BF2JS9,CNB,NYSE,2007-12-18,2009-08-17,observation
BBG000BF2KK4,CBE,NYSE,2009-09-10,2012-11-30,observation
BBG000BF3BG8,HHS,NASDAQ,2008-01-16,,observation
BBG000BF3G77,CBSH,NASDAQ,2007-12-18,,observation
BBG000BF3WW4,CBT,NYSE,2008-01-16,,observation
BBG000BF4VY3,CC,NYSE,2007-12-17,2008-11-10,observation
BBG000BF5RY1,CCE,NYSE,2010-10-05,2016-05-31,observation
BBG000BF6756,CCK,NYSE,2008-01-16,,observation
BBG000BF6F94,NMX,NYSE,2007-12-21,2008-08-21,observation
BBG000BF6LY3,CCL,NYSE,2007-12-19,,observation
BBG000BF6RQ9,SAVE,NYSE,2013-01-22,2024-11-15,observation
BBG000BF7T75,AF,NYSE,2008-01-16,2017-09-29,observation
BBG000BF7XZ5,CFC,NYSE,2007-12-17,2008-06-30,observation
BBG000BF7Y65,FRE,,2007-12-18,2010-07-13,observation
BBG000BF7Y65,FMCC,,2010-07-14,2026-08-31,ftd
BBG000BF8BH2,CCU,,2007-12-17,2008-07-31,observation
BBG000BF8TF5,CDE,NYSE,2009-06-01,,observation
BBG000BFC848,KNX,NYSE,2017-09-12,,observation
BBG000BFC8J2,CELG,,2007-12-17,,observation
BBG000BFDLV8,CERN,NASDAQ,2008-01-15,2022-06-07,observation
BBG000BFDXW1,BRCM,NASDAQ,2007-12-17,2016-01-29,observation
BBG000BFFW15,CLP,NYSE,2007-12-27,2013-10-01,observation
BBG000BFGNJ5,ALNY,NASDAQ,2007-12-17,,observation
BBG000BFJSG4,VVC,NYSE,2008-01-16,2019-01-31,observation
BBG000BFJT36,CHD,NYSE,2008-01-16,,observation
BBG000BFK8Y6,TCF,,2012-06-29,,observation
BBG000BFL116,FSLR,NASDAQ,2007-12-24,,observation
BBG000BFLXV3,PPC,NASDAQ,2010-01-04,,observation
BBG000BFMBQ6,CI,NYSE,2007-12-18,2018-12-21,observation
BBG000BFNR17,ADS,,2007-12-19,2022-04-05,observation
BBG000BFNR17,BFH,NYSE,2022-04-06,,ftd
BBG000BFPK65,CINF,NASDAQ,2007-12-18,,observation
BBG000BFQYY3,CL,NYSE,2007-12-20,,observation
BBG000BFRF55,CLF,,2007-12-18,2008-10-14,observation
BBG000BFRF55,CLFZZZZ,,2008-10-15,2008-10-15,ftd
BBG000BFRF55,CLF,NYSE,2008-10-16,,observation
BBG000BFRRX8,CLHB,,2007-12-17,2008-12-18,ftd
BBG000BFRRX8,CLH,NYSE,2008-12-19,,observation
BBG000BFS7D3,CLX,NYSE,2008-01-16,,observation
BBG000BFSND8,CMC,NYSE,2008-01-09,,observation
BBG000BFT2L4,CMCSA,NASDAQ,2007-12-17,,observation
BBG000BFTJ91,CMCSK,,2007-12-17,2015-12-15,observation
BBG000BFV115,SM,NYSE,2010-06-03,,observation
BBG000BFV758,MANH,NASDAQ,2008-03-11,,observation
BBG000BFVKZ6,AHL,NYSE,2007-12-27,2019-02-14,observation
BBG000BFVXX0,CMS,NYSE,2007-12-19,,observation
BBG000BFVZ83,RNR,NYSE,2008-01-16,,observation
BBG000BFWKC0,MON,NYSE,2007-12-27,2018-06-06,observation
BBG000BFXHL6,MOS,,2007-12-17,2011-06-06,observation
BBG000BFXHL6,MOSXXXX,,2011-06-07,2011-06-12,ftd
BBG000BFXHL6,MOS,NYSE,2011-06-13,,observation
BBG000BFYB47,CNA,NYSE,2008-01-02,,observation
BBG000BFZ1K0,CNW,NYSE,2008-01-16,2015-10-29,observation
BBG000BG09F5,GPOR,NASDAQ,2008-03-06,2020-11-25,observation
BBG000BG14P4,WOLF,NYSE,2021-10-05,2025-09-26,observation
BBG000BG1DH3,COHR,NASDAQ,2007-12-24,2022-06-30,observation
BBG000BG1SX2,COKE,NASDAQ,2008-09-15,,observation
BBG000BG3445,COO,NASDAQ,2007-12-17,,observation
BBG000BG3HG3,GGP,,2010-11-15,2018-08-24,observation
BBG000BG4202,CPB,NASDAQ,2008-01-02,,observation
BBG000BG4JL2,ARBA,NASDAQ,2007-12-31,2012-09-28,observation
BBG000BG5BL8,CRL,NYSE,2008-01-16,,observation
BBG000BG7423,CR,,2008-01-16,2022-05-17,observation
BBG000BG7423,CRXXXX,,2022-05-18,2022-05-27,ftd
BBG000BG7L34,RYN,NYSE,2008-01-16,,observation
BBG000BG8814,RGC,NYSE,2007-12-24,2018-02-28,observation
BBG000BG8M31,EQR,,2007-12-17,2026-08-18,observation
BBG000BG8M31,VMRK,NYSE,2026-08-19,,ftd
BBG000BGBRG2,EHC,NYSE,2018-01-02,,observation
BBG000BGBTC2,OHI,NYSE,2007-12-17,,observation
BBG000BGCGB0,CTV,NYSE,2007-12-31,2011-01-13,observation
BBG000BGCQT9,CRS,NYSE,2007-12-19,,observation
BBG000BGD7W6,MAR,NASDAQ,2007-12-17,,observation
BBG000BGFGT8,LFUS,NASDAQ,2007-12-27,,observation
BBG000BGFLL5,NYX,NYSE,2007-12-19,2013-11-12,observation
BBG000BGFZR8,CSC,NYSE,2007-12-28,2017-03-31,observation
BBG000BGGBT8,CSL,NYSE,2008-01-16,,observation
BBG000BGJRC8,CSX,NASDAQ,2007-12-19,,observation
BBG000BGKHZ3,VRSN,NASDAQ,2007-12-17,,observation
BBG000BGKTF9,COF,NYSE,2007-12-17,,observation
BBG000BGLFP7,STIR,,2011-04-21,2011-06-28,ftd
BBG000BGLFP7,STAG,NYSE,2011-06-29,,observation
BBG000BGLRN3,CTL,,2007-12-18,2012-06-28,observation
BBG000BGLRN3,LUMN,,2012-06-29,2012-07-02,observation
BBG000BGLRN3,CTL,,2012-07-03,2012-12-30,ftd
BBG000BGLRN3,LUMN,,2012-12-31,2013-01-01,observation
BBG000BGLRN3,CTL,,2013-01-02,2013-06-27,ftd
BBG000BGLRN3,LUMN,,2013-06-28,2013-06-30,observation
BBG000BGLRN3,CTL,,2013-07-01,2013-12-30,ftd
BBG000BGLRN3,LUMN,,2013-12-31,2014-01-01,observation
BBG000BGLRN3,CTL,,2014-01-02,2014-06-29,ftd
BBG000BGLRN3,LUMN,,2014-06-30,2014-06-30,observation
BBG000BGLRN3,CTL,,2014-07-01,2020-09-20,observation
BBG000BGLRN3,LUMN,NYSE,2020-09-21,,observation
BBG000BGMX22,HEW,NYSE,2007-12-19,2010-10-01,observation
BBG000BGNM16,CTX,NYSE,2007-12-17,2009-08-18,observation
BBG000BGPG26,CPWR,NASDAQ,2007-12-19,2014-12-15,observation
BBG000BGPTV6,CMI,NYSE,2008-01-08,,observation
BBG000BGPVW0,TCO,,2008-01-14,,observation
BBG000BGR5J0,CVC,NYSE,2008-01-08,2016-06-20,observation
BBG000BGRB25,MPW,,2007-12-17,2026-02-02,observation
BBG000BGRB25,MPT,NYSE,2026-02-03,,observation
BBG000BGRKT6,LLL,,2008-01-14,2017-01-03,observation
BBG000BGRY34,CVS,NYSE,2007-12-21,,observation
BBG000BGSPS5,CW,NYSE,2008-05-29,,observation
BBG000BGVML5,STU,NYSE,2008-01-16,2010-12-31,observation
BBG000BGVW60,D,NYSE,2007-12-21,,observation
BBG000BGX2S0,ATR,NYSE,2008-01-08,,observation
BBG000BGXMG9,CHDN,NASDAQ,2008-02-01,,observation
BBG000BGXZB5,AEO,NYSE,2007-12-18,,observation
BBG000BGYDX9,DBD,NYSE,2007-12-24,2023-05-26,observation
BBG000BGYMH7,MLM,NYSE,2007-12-27,,observation
BBG000BGYWY6,ORLY,,2007-12-18,2010-12-30,observation
BBG000BGYWY6,ORLYXXXX,,2010-12-31,2011-01-02,ftd
BBG000BGYWY6,ORLY,NASDAQ,2011-01-03,,observation
BBG000BGZ832,SITC,NYSE,2018-10-12,,observation
BBG000BGZP70,DCI,NYSE,2008-01-08,,observation
BBG000BGZT72,AYX,NYSE,2017-03-29,2024-03-18,observation
BBG000BH0106,BX,NYSE,2019-07-02,,observation
BBG000BH0FR6,SGEN,NASDAQ,2007-12-27,2023-12-13,observation
BBG000BH13K9,DD,,2007-12-18,2017-09-05,observation
BBG000BH1NH9,DE,NYSE,2007-12-18,,observation
BBG000BH23R1,DELL,NASDAQ,2007-12-18,2013-10-29,observation
BBG000BH2JM1,SYMC,,2007-12-20,2019-11-06,observation
BBG000BH2JM1,NLOK,,2019-11-07,2022-11-08,observation
BBG000BH2JM1,GEN,NASDAQ,2022-11-09,,observation
BBG000BH2T94,GLBL,NASDAQ,2007-12-18,2011-12-11,observation
BBG000BH2VM4,XTO,NYSE,2007-12-17,2010-06-25,observation
BBG000BH3F20,CG,NASDAQ,2020-01-03,,observation
BBG000BH3GZ2,YUM,NYSE,2008-01-09,,observation
BBG000BH3JF8,DHR,NYSE,2007-12-20,,observation
BBG000BH4R78,DIS,NYSE,2007-12-17,,observation
BBG000BH5DV1,INTU,NASDAQ,2007-12-21,,observation
BBG000BH5LT6,RIG,NYSE,2007-12-18,,observation
BBG000BH82F0,QLGC,NASDAQ,2007-12-27,2016-08-15,observation
BBG000BH93Y6,RRD,,2008-01-16,2016-10-03,observation
BBG000BH93Y6,RRDXXXX,,2016-10-04,2016-10-04,ftd
BBG000BH93Y6,RRD,NYSE,2016-10-05,2022-02-25,observation
BBG000BHB3M6,DOV,NYSE,2007-12-20,,observation
BBG000BHBGN6,CLR,NYSE,2008-01-16,2022-11-22,observation
BBG000BHBK84,DOW,NYSE,2007-12-24,2017-08-31,observation
BBG000BHBTX7,SANM,NASDAQ,2007-12-26,,observation
BBG000BHC2S1,PETM,NASDAQ,2007-12-19,2015-03-11,observation
BBG000BHCDF1,DPL,NYSE,2008-01-16,2011-11-25,observation
BBG000BHCP19,MCHP,NASDAQ,2007-12-18,,observation
BBG000BHCYJ1,NKTR,NASDAQ,2007-12-18,,observation
BBG000BHD8S7,DRE,NYSE,2007-12-17,2022-09-30,observation
BBG000BHFHP8,UFS,,2007-12-18,,observation
BBG000BHG9K0,ACAD,NASDAQ,2007-12-17,,observation
BBG000BHGCD1,ATHN,NASDAQ,2007-12-17,2019-02-11,observation
BBG000BHGDH5,DUK,NYSE,2007-12-17,,observation
BBG000BHJWG1,AAXN,,2017-04-07,2021-01-26,observation
BBG000BHJWG1,AXON,NASDAQ,2021-01-27,,observation
BBG000BHK836,FLIR,,2007-12-20,,observation
BBG000BHKYH4,ECL,NYSE,2008-01-16,,observation
BBG000BHLYP4,CME,NASDAQ,2007-12-26,,observation
BBG000BHLYS1,ED,NYSE,2008-01-16,,observation
BBG000BHNPN3,CHSI,NASDAQ,2008-10-02,2012-07-02,observation
BBG000BHPL78,EFX,NYSE,2008-01-03,,observation
BBG000BHQ1H0,AGN,NYSE,2007-12-19,2015-03-16,observation
BBG000BHQYG9,EGN,NYSE,2007-12-27,2018-11-29,observation
BBG000BHRBT4,EGP,NYSE,2008-03-17,,observation
BBG000BHRRV6,EK,,2007-12-17,2012-01-19,observation
BBG000BHRRV6,EKDKQ,,2012-01-20,2013-09-04,ftd
BBG000BHSKN9,GOOG,,2007-12-27,2014-04-06,observation
BBG000BHSKN9,GOOGL,NASDAQ,2014-04-07,2015-10-12,observation
BBG000BHVJJ3,EMC,NYSE,2007-12-17,2016-09-06,observation
BBG000BHW628,WCN,NYSE,2008-01-08,2016-06-01,observation
BBG000BHWTB8,PPS,NYSE,2007-12-21,2016-11-30,observation
BBG000BHX7N2,EMR,NYSE,2007-12-21,,observation
BBG000BHX9P6,BYD,NYSE,2008-01-16,,observation
BBG000BHY4D9,PRSP,,2008-01-28,2011-12-28,ftd
BBG000BHY4D9,PB,NYSE,2011-12-29,,observation
BBG000BHZ5J9,EQT,NYSE,2009-02-10,,observation
BBG000BJ26K7,ALB,NYSE,2008-01-16,,observation
BBG000BJ27C4,PGN,NYSE,2007-12-18,2012-07-02,observation
BBG000BJ2D31,SPG,NYSE,2007-12-17,,observation
BBG000BJ3PD2,ETN,NYSE,2007-12-20,,observation
BBG000BJ49H3,BWA,NYSE,2007-12-26,,observation
BBG000BJ5GK2,EXPD,,2007-12-21,,observation
BBG000BJ5HK0,AYI,NYSE,2008-01-14,,observation
BBG000BJ5SS8,NEU,NYSE,2008-02-15,,observation
BBG000BJ81C1,TRV,NYSE,2007-12-24,,observation
BBG000BJ8YN7,FAST,NASDAQ,2007-12-21,,observation
BBG000BJ98Z0,GMCR,NASDAQ,2007-12-17,2016-03-02,observation
BBG000BJ9B29,FNB,NYSE,2007-12-17,,observation
BBG000BJ9D07,ROVI,,2009-07-20,2016-09-07,observation
BBG000BJBMG7,FCE-A,NYSE,2008-01-16,2015-12-31,observation
BBG000BJBZ23,MKTX,NASDAQ,2007-12-27,,observation
BBG000BJCDS3,FCNCA,NASDAQ,2008-01-16,,observation
BBG000BJCFP1,JEF,NYSE,2007-12-31,2013-02-28,observation
BBG000BJDB15,FCX,NYSE,2007-12-27,,observation
BBG000BJDPC2,FDO,NYSE,2007-12-19,2015-07-06,observation
BBG000BJDX44,PBG,NYSE,2008-01-14,2010-02-26,observation
BBG000BJF1Z8,FDX,NYSE,2008-01-09,,observation
BBG000BJFJ98,NLY,NYSE,2007-12-24,,observation
BBG000BJKPG0,FISV,,2007-12-18,2023-06-07,observation
BBG000BJKPG0,FI,,2023-06-08,2025-11-11,observation
BBG000BJKPG0,FISV,NASDAQ,2025-11-12,,observation
BBG000BJL3N0,FITB,NASDAQ,2007-12-17,,observation
BBG000BJNGN9,JBL,NYSE,2007-12-20,,observation
BBG000BJP882,FMC,NYSE,2008-01-16,,observation
BBG000BJPDZ1,ISRG,NASDAQ,2008-01-16,,observation
BBG000BJQ328,FNM,,2007-12-19,2010-07-13,observation
BBG000BJQ328,FNMA,,2010-07-14,2026-08-31,ftd
BBG000BJQWD2,AKAM,NASDAQ,2007-12-21,,observation
BBG000BJSBJ0,FPL,,2010-06-04,2010-06-23,ftd
BBG000BJSBJ0,NEE,NYSE,2010-06-24,,observation
BBG000BJSJT2,CXW,NYSE,2008-02-06,,observation
BBG000BJVN28,FRT,NYSE,2007-12-20,,observation
BBG000BJVZF7,FRX,NYSE,2007-12-27,2014-06-30,observation
BBG000BJW241,EXP,NYSE,2007-12-17,,observation
BBG000BJX8C8,NOV,NYSE,2007-12-17,,observation
BBG000BJXKD0,WR,NYSE,2008-03-05,2018-06-04,observation
BBG000BJZM26,FULT,NASDAQ,2007-12-19,,observation
BBG000BK1FD3,FWLT,NASDAQ,2007-12-18,2014-12-04,observation
BBG000BK28N7,EAT,NYSE,2008-01-08,,observation
BBG000BK2F42,FIS,NYSE,2008-01-16,,observation
BBG000BK5DP1,TGNA,NYSE,2015-06-30,2026-03-19,observation
BBG000BK67C7,GD,NYSE,2008-01-16,,observation
BBG000BK6G19,NFX,NYSE,2007-12-27,2019-02-13,observation
BBG000BK6MB5,GE,NYSE,2007-12-17,,observation
BBG000BK7SL0,GENZ,NASDAQ,2007-12-24,2011-04-18,observation
BBG000BK9W84,GGG,NYSE,2008-01-10,,observation
BBG000BKCFC2,GIS,NYSE,2007-12-21,,observation
BBG000BKD3K9,BLDR,NYSE,2007-12-17,,observation
BBG000BKFBD7,STT,NYSE,2007-12-27,,observation
BBG000BKFZM4,GLW,NYSE,2007-12-19,,observation
BBG000BKGXQ4,GMT,,2007-12-24,2012-06-28,observation
BBG000BKGXQ4,GATX,,2012-06-29,2012-07-02,observation
BBG000BKGXQ4,GMT,,2012-07-03,2012-12-30,ftd
BBG000BKGXQ4,GATX,,2012-12-31,2013-01-01,observation
BBG000BKGXQ4,GMT,,2013-01-02,2013-06-27,ftd
BBG000BKGXQ4,GATX,,2013-06-28,2013-06-30,observation
BBG000BKGXQ4,GMT,,2013-07-01,2013-12-30,ftd
BBG000BKGXQ4,GATX,,2013-12-31,2014-01-01,observation
BBG000BKGXQ4,GMT,,2014-01-02,2014-06-29,ftd
BBG000BKGXQ4,GATX,,2014-06-30,2014-06-30,observation
BBG000BKGXQ4,GMT,,2014-07-01,2016-07-04,observation
BBG000BKGXQ4,GATX,NYSE,2016-07-05,,ftd
BBG000BKJ092,GNTX,NASDAQ,2008-01-16,,observation
BBG000BKJG33,CORT,NASDAQ,2007-12-27,,observation
BBG000BKKQ84,COLM,NASDAQ,2007-12-19,,observation
BBG000BKKXG0,PHLY,NASDAQ,2007-12-18,2008-12-11,observation
BBG000BKL348,GPC,NYSE,2008-01-16,,observation
BBG000BKLH74,GPS,,2007-12-17,2024-08-22,observation
BBG000BKLH74,GAP,NYSE,2024-08-23,,observation
BBG000BKLTM1,MRC,NYSE,2012-04-12,2025-11-05,observation
BBG000BKLVK8,GR,NYSE,2007-12-17,2012-07-26,observation
BBG000BKNX95,GT,NASDAQ,2007-12-21,,observation
BBG000BKPL53,ZMH,,2007-12-20,2012-06-28,observation
BBG000BKPL53,ZBH,,2012-06-29,2012-07-02,observation
BBG000BKPL53,ZMH,,2012-07-03,2012-12-30,ftd
BBG000BKPL53,ZBH,,2012-12-31,2013-01-03,observation
BBG000BKPL53,ZMH,,2013-01-04,2013-06-27,ftd
BBG000BKPL53,ZBH,,2013-06-28,2013-06-30,observation
BBG000BKPL53,ZMH,,2013-07-01,2013-12-30,ftd
BBG000BKPL53,ZBH,,2013-12-31,2014-01-12,observation
BBG000BKPL53,ZMH,,2014-01-13,2014-06-29,ftd
BBG000BKPL53,ZBH,,2014-06-30,2014-06-30,observation
BBG000BKPL53,ZMH,,2014-07-01,2015-06-29,observation
BBG000BKPL53,ZBH,NYSE,2015-06-30,,observation
BBG000BKQ3V3,SDRLF,,2010-03-24,2010-04-15,ftd
BBG000BKQ3V3,SDRL,NYSE,2010-04-16,2018-07-02,observation
BBG000BKQG80,IACID,,2008-08-26,2008-09-21,ftd
BBG000BKQG80,IACI,,2008-09-22,2016-01-21,observation
BBG000BKQG80,IAC,,2016-01-22,2020-07-01,observation
BBG000BKQG80,IACXXXX,,2020-07-02,2020-07-14,ftd
BBG000BKR1D6,GWW,NYSE,2008-01-16,,observation
BBG000BKRK35,LEH,NYSE,2007-12-17,2008-09-17,observation
BBG000BKSL41,HCBK,NASDAQ,2007-12-24,2015-10-30,observation
BBG000BKTFN2,HAL,NYSE,2007-12-17,,observation
BBG000BKTT89,HAR,NYSE,2007-12-17,2017-03-10,observation
BBG000BKVJK4,HAS,NASDAQ,2008-01-14,,observation
BBG000BKWCS0,HRC,,2008-04-04,,observation
BBG000BKWSR6,HBAN,NASDAQ,2007-12-17,,observation
BBG000BKXFN7,PTEN,NASDAQ,2007-12-17,,observation
BBG000BKXPK8,HCC,NYSE,2008-01-15,2015-10-27,observation
BBG000BKXYX5,DECK,NYSE,2008-01-18,,observation
BBG000BKY1G5,HCN,,2015-10-01,2018-03-01,observation
BBG000BKY1G5,WELL,NYSE,2018-03-02,,observation
BBG000BKYDP9,PEAK,,2019-11-05,2024-03-04,observation
BBG000BKYDP9,DOC,NYSE,2024-03-05,,observation
BBG000BKZB36,HD,NYSE,2007-12-19,,observation
BBG000BKZTP3,HOG,NYSE,2007-12-18,,observation
BBG000BL0P40,HE,NYSE,2008-01-16,,observation
BBG000BL16Q7,HEI,NYSE,2007-12-17,,observation
BBG000BL46Q4,REG,NASDAQ,2008-01-04,,observation
BBG000BL5W86,HL,NYSE,2007-12-19,,observation
BBG000BL6138,MFA,NYSE,2007-12-17,,observation
BBG000BL6NZ5,SFG,NYSE,2007-12-18,2016-03-07,observation
BBG000BL79J3,URBN,NASDAQ,2007-12-18,,observation
BBG000BL8804,HST,NASDAQ,2007-12-17,,observation
BBG000BL8GJ6,AKS,NYSE,2008-01-11,2020-03-12,observation
BBG000BL9439,HNZ,NYSE,2007-12-24,2013-06-07,observation
BBG000BL9C59,MAC,NYSE,2008-01-11,,observation
BBG000BL9JQ1,HFC,NYSE,2011-07-05,2022-03-14,observation
BBG000BLBGS2,SCS,,2008-01-14,2025-12-12,observation
BBG000BLBVN4,BKNG,NASDAQ,2018-02-27,,observation
BBG000BLBXT4,HOT,NYSE,2007-12-19,2016-09-22,observation
BBG000BLCJG8,TK,NYSE,2008-01-09,,observation
BBG000BLCL55,QEP,,2010-07-02,,observation
BBG000BLCPY4,HP,NYSE,2007-12-20,,observation
BBG000BLDV98,HRB,NYSE,2007-12-18,,observation
BBG000BLDXH5,MDRX,,2007-12-20,2008-10-13,ftd
BBG000BLDXH5,MDRXD,,2008-10-14,2008-10-20,ftd
BBG000BLDXH5,MDRX,NASDAQ,2008-10-21,2024-02-28,observation
BBG000BLF8D2,HRL,NYSE,2008-01-11,,observation
BBG000BLFC07,CKH,NYSE,2008-01-16,2021-04-15,observation
BBG000BLFNC0,GEF,NYSE,2008-08-07,,observation
BBG000BLG1L7,EQC,NYSE,2014-08-04,2025-04-21,observation
BBG000BLGFJ9,LHX,NYSE,2019-06-30,,observation
BBG000BLH3P8,HSC,,2008-01-14,2023-06-16,observation
BBG000BLHRS2,HSY,NYSE,2007-12-19,,observation
BBG000BLJWF3,SUI,NYSE,2007-12-17,,observation
BBG000BLK267,HUBB,,2008-01-29,2016-01-04,observation
BBG000BLK267,HUBBXXXX,,2016-01-05,2016-01-11,ftd
BBG000BLK267,HUBB,NYSE,2016-01-12,,observation
BBG000BLKK03,HUM,NYSE,2007-12-31,,observation
BBG000BLMDQ9,HXL,NYSE,2007-12-24,,observation
BBG000BLMXN8,KRC,NYSE,2007-12-28,,observation
BBG000BLMY92,MAA,NYSE,2008-01-04,,observation
BBG000BLMZK6,KMX,NYSE,2007-12-17,,observation
BBG000BLNNH6,IBM,NYSE,2007-12-19,,observation
BBG000BLNZL4,SNV,NYSE,2007-12-17,2025-12-31,observation
BBG000BLPBL5,AVB,NYSE,2007-12-17,2026-08-14,observation
BBG000BLQ5V6,HGSI,NASDAQ,2008-01-08,2012-08-02,observation
BBG000BLR3Y7,IDA,NYSE,2007-12-17,,observation
BBG000BLRGM1,IDTI,,2007-12-27,2019-04-02,observation
BBG000BLRP41,PANL,,2007-12-21,2013-06-24,ftd
BBG000BLRP41,OLED,NASDAQ,2013-06-25,,observation
BBG000BLRT07,IDXX,NASDAQ,2008-01-16,,observation
BBG000BLRYM2,FEIC,NASDAQ,2008-02-25,2016-09-19,observation
BBG000BLSL58,IFF,NYSE,2007-12-17,,observation
BBG000BLVBC8,CHS,NYSE,2007-12-18,2024-01-04,observation
BBG000BLW102,IIVI,,2007-12-27,2022-09-11,observation
BBG000BLW102,COHR,NYSE,2022-09-12,,observation
BBG000BLW530,EMN,NYSE,2007-12-21,,observation
BBG000BLXT19,IMMU,,2007-12-17,,observation
BBG000BLXZN1,TSCO,NASDAQ,2007-12-17,,observation
BBG000BLY636,IMB,NYSE,2007-12-17,2008-07-14,observation
BBG000BLY663,CROX,NASDAQ,2007-12-20,,observation
BBG000BLZRJ2,MS,NYSE,2007-12-18,,observation
BBG000BM1RP0,FCL,,2008-01-16,2009-08-14,observation
BBG000BM2GS0,DHC,NASDAQ,2012-06-29,,observation
BBG000BM3CJ8,INT,,2008-04-07,2023-06-19,observation
BBG000BM3CJ8,WKC,NYSE,2023-06-20,,ftd
BBG000BM5SR2,IP,NYSE,2007-12-21,,observation
BBG000BM6788,TT,NYSE,2012-06-29,,observation
BBG000BM6KM3,IRF,NYSE,2007-12-27,2015-01-13,observation
BBG000BM7HL0,ADSK,NASDAQ,2007-12-21,,observation
BBG000BM7L13,TGI,NYSE,2008-01-14,2025-07-24,observation
BBG000BM8M92,CYT,NYSE,2008-01-16,2015-12-08,observation
BBG000BM9035,ITG,,2007-12-19,2019-03-01,observation
BBG000BM9RH1,CPRT,NASDAQ,2007-12-27,,observation
BBG000BMB7R1,ITT,NYSE,2011-11-02,2016-05-17,observation
BBG000BMBL90,ITW,NYSE,2008-01-11,,observation
BBG000BMDBZ1,JBHT,NASDAQ,2007-12-18,,observation
BBG000BMDV41,JCI,NYSE,2007-12-17,2016-09-06,observation
BBG000BMDZF0,LLL,NYSE,2017-01-04,2019-06-28,observation
BBG000BMFD58,AMTD,NASDAQ,2007-12-20,2020-10-05,observation
BBG000BMFFQ0,JEC,,2007-12-17,2019-12-16,observation
BBG000BMFFQ0,J,,2019-12-17,2022-08-29,observation
BBG000BMGL77,GYI,NYSE,2007-12-19,2008-07-02,observation
BBG000BMH2Q7,JKHY,NASDAQ,2007-12-27,,observation
BBG000BMHYD1,JNJ,NYSE,2007-12-17,,observation
BBG000BMJYW8,PLD,NYSE,2007-12-17,2011-06-02,observation
BBG000BMKDM3,K,NYSE,2008-01-16,2025-12-10,observation
BBG000BMLWX8,KBH,NYSE,2007-12-17,,observation
BBG000BMLYZ2,KWK,,2007-12-21,2015-01-13,observation
BBG000BMLYZ2,KWKA,,2015-01-14,2015-03-22,ftd
BBG000BMLYZ2,KWKAQ,,2015-03-23,2017-03-27,ftd
BBG000BMNBY1,EEFT,NASDAQ,2007-12-18,,observation
BBG000BMP3J4,PLCM,NASDAQ,2007-12-18,2016-09-26,observation
BBG000BMQ839,NFS,,2008-01-16,2009-06-08,observation
BBG000BMQCP6,KEX,NYSE,2008-01-16,,observation
BBG000BMQPL1,KEY,NYSE,2007-12-17,,observation
BBG000BMR3G5,ARRS,NASDAQ,2013-04-17,2016-01-04,observation
BBG000BMSRR9,BSY,NASDAQ,2020-09-25,,observation
BBG000BMT9T6,TDY,NYSE,2008-07-02,,observation
BBG000BMTFR4,KLAC,NASDAQ,2007-12-21,,observation
BBG000BMW2Z0,KMB,NASDAQ,2007-12-17,,observation
BBG000BMWKC5,KMT,NYSE,2007-12-20,,observation
BBG000BMWV95,RDN,NYSE,2007-12-17,,observation
BBG000BMX289,KO,NYSE,2007-12-17,,observation
BBG000BMXK89,NCR,,2007-12-24,2023-10-17,observation
BBG000BMXK89,VYX,NYSE,2023-10-18,,observation
BBG000BMY992,KR,NYSE,2008-01-11,,observation
BBG000BMZ7P7,KSU,NYSE,2007-12-18,2021-12-13,observation
BBG000BN1XR3,COL,NYSE,2008-01-14,2018-11-26,observation
BBG000BN2DC2,CRM,NYSE,2007-12-26,,observation
BBG000BN53G7,LEG,NYSE,2007-12-17,2026-08-26,observation
BBG000BN5HF7,LEN,NYSE,2007-12-17,,observation
BBG000BN6349,FMD,,2007-12-17,2013-12-02,observation
BBG000BN84F3,DGX,NYSE,2007-12-27,,observation
BBG000BN8ZK8,DAR,NYSE,2008-01-15,,observation
BBG000BN9WT5,LLTC,NASDAQ,2007-12-21,2017-03-10,observation
BBG000BNBDC2,LLY,NYSE,2007-12-26,,observation
BBG000BNBPQ0,LM,NYSE,2008-01-03,2020-07-31,observation
BBG000BNC3Y9,LNC,NYSE,2008-01-16,,observation
BBG000BND699,NXPI,NASDAQ,2010-10-15,,observation
BBG000BNDN65,LOW,NYSE,2007-12-18,,observation
BBG000BNF508,LPX,NYSE,2008-01-08,,observation
BBG000BNFLM9,LRCX,NASDAQ,2007-12-27,,observation
BBG000BNGTQ7,LTD,,2013-04-01,2013-06-27,ftd
BBG000BNGTQ7,LB,,2013-06-28,2013-07-01,observation
BBG000BNGTQ7,LTD,,2013-07-02,2013-12-03,ftd
BBG000BNGTQ7,LB,,2013-12-04,2021-08-08,observation
BBG000BNGTQ7,BBWI,NYSE,2021-08-09,,observation
BBG000BNHRC5,STN,,2008-01-16,2008-02-21,observation
BBG000BNHRC5,SXC,,2008-02-22,2008-05-30,ftd
BBG000BNHRC5,STN,,2008-05-31,,observation
BBG000BNHSP9,JEF,NYSE,2018-05-24,,observation
BBG000BNJHS8,LUV,NYSE,2007-12-17,,observation
BBG000BNL271,LZ,NYSE,2008-01-16,2011-09-16,observation
BBG000BNMHS4,MAN,NYSE,2008-01-16,,observation
BBG000BNMMJ3,HSIC,NASDAQ,2007-12-31,,observation
BBG000BNNKG9,MAS,NYSE,2007-12-17,,observation
BBG000BNNYW1,MAT,NASDAQ,2007-12-20,,observation
BBG000BNPS52,TRMB,NASDAQ,2008-01-16,,observation
BBG000BNPSQ9,INCY,NASDAQ,2007-12-21,,observation
BBG000BNPYN9,SSB,,2014-06-30,2025-09-08,observation
BBG000BNPYN9,SSBXXXX,,2025-09-09,2025-09-09,ftd
BBG000BNPYN9,SSB,NYSE,2025-09-10,,observation
BBG000BNQN34,MBI,NYSE,2007-12-17,,observation
BBG000BNSZP1,MCD,NYSE,2007-12-19,,observation
BBG000BNTFJ1,MCRS,NASDAQ,2007-12-27,2014-09-08,observation
BBG000BNTTY4,MDC,NYSE,2007-12-26,2024-04-18,observation
BBG000BNVNY4,MDP,NYSE,2008-01-14,2021-12-01,observation
BBG000BNWG87,MDT,NYSE,2007-12-19,,observation
BBG000BNX3R4,MDU,NYSE,2007-12-20,,observation
BBG000BNY0W3,MER,NYSE AMERICAN,2007-12-17,2008-09-29,observation
BBG000BP0929,FII,,2008-01-16,2008-02-21,observation
BBG000BP0929,FHI,,2008-02-22,2008-05-30,ftd
BBG000BP0929,FII,,2008-05-31,2008-06-01,observation
BBG000BP0929,FHI,,2008-06-02,2008-07-24,ftd
BBG000BP0929,FII,,2008-07-25,2008-07-28,observation
BBG000BP0929,FHI,,2008-07-29,2008-09-08,ftd
BBG000BP0929,FII,,2008-09-09,2008-10-21,ftd
BBG000BP0929,FHI,,2008-10-22,2008-10-29,ftd
BBG000BP0929,FII,,2008-10-30,2008-11-03,ftd
BBG000BP0929,FHI,,2008-11-04,2008-11-12,ftd
BBG000BP0929,FII,,2008-11-13,2008-11-24,observation
BBG000BP0929,FHI,,2008-11-25,2008-11-25,ftd
BBG000BP0929,FII,,2008-11-26,2008-12-16,ftd
BBG000BP0929,FHI,,2008-12-17,2009-01-22,ftd
BBG000BP0929,FII,,2009-01-23,2009-01-25,observation
BBG000BP0929,FHI,,2009-01-26,2009-01-28,ftd
BBG000BP0929,FII,,2009-01-29,2009-03-15,ftd
BBG000BP0929,FHI,,2009-03-16,2009-03-19,ftd
BBG000BP0929,FII,,2009-03-20,2009-03-22,observation
BBG000BP0929,FHI,,2009-03-23,2009-04-13,ftd
BBG000BP0929,FII,,2009-04-14,2009-04-15,ftd
BBG000BP0929,FHI,,2009-04-16,2009-05-05,ftd
BBG000BP0929,FII,,2009-05-06,2009-05-10,ftd
BBG000BP0929,FHI,,2009-05-11,2009-05-19,ftd
BBG000BP0929,FII,,2009-05-20,2009-05-20,ftd
BBG000BP0929,FHI,,2009-05-21,2009-06-07,ftd
BBG000BP0929,FII,,2009-06-08,2009-06-10,observation
BBG000BP0929,FHI,,2009-06-11,2009-07-07,ftd
BBG000BP0929,FII,,2009-07-08,2009-08-30,ftd
BBG000BP0929,FHI,,2009-08-31,2009-09-03,ftd
BBG000BP0929,FII,,2009-09-04,2009-10-05,ftd
BBG000BP0929,FHI,,2009-10-06,2009-10-07,ftd
BBG000BP0929,FII,,2009-10-08,2009-10-15,ftd
BBG000BP0929,FHI,,2009-10-16,2009-10-19,ftd
BBG000BP0929,FII,,2009-10-20,2009-11-24,ftd
BBG000BP0929,FHI,,2009-11-25,2009-11-30,ftd
BBG000BP0929,FII,,2009-12-01,2009-12-09,ftd
BBG000BP0929,FHI,,2009-12-10,2009-12-16,ftd
BBG000BP0929,FII,,2009-12-17,2009-12-17,ftd
BBG000BP0929,FHI,,2009-12-18,2009-12-30,ftd
BBG000BP0929,FII,,2009-12-31,2010-01-24,ftd
BBG000BP0929,FHI,,2010-01-25,2010-02-02,ftd
BBG000BP0929,FII,,2010-02-03,2010-02-07,ftd
BBG000BP0929,FHI,,2010-02-08,2010-02-09,ftd
BBG000BP0929,FII,,2010-02-10,2010-03-01,ftd
BBG000BP0929,FHI,,2010-03-02,2010-03-08,ftd
BBG000BP0929,FII,,2010-03-09,2010-03-22,ftd
BBG000BP0929,FHI,,2010-03-23,2010-03-24,ftd
BBG000BP0929,FII,,2010-03-25,2010-04-26,ftd
BBG000BP0929,FHI,,2010-04-27,2010-05-10,ftd
BBG000BP0929,FII,,2010-05-11,2010-06-02,ftd
BBG000BP0929,FHI,,2010-06-03,2010-06-09,ftd
BBG000BP0929,FII,,2010-06-10,2010-07-07,ftd
BBG000BP0929,FHI,,2010-07-08,2010-07-12,ftd
BBG000BP0929,FII,,2010-07-13,2010-07-18,ftd
BBG000BP0929,FHI,,2010-07-19,2010-07-21,ftd
BBG000BP0929,FII,,2010-07-22,2010-08-12,ftd
BBG000BP0929,FHI,,2010-08-13,2010-08-15,ftd
BBG000BP0929,FII,,2010-08-16,2010-09-02,ftd
BBG000BP0929,FHI,,2010-09-03,2010-09-06,ftd
BBG000BP0929,FII,,2010-09-07,2010-10-19,ftd
BBG000BP0929,FHI,,2010-10-20,2010-10-24,ftd
BBG000BP0929,FII,,2010-10-25,2010-12-21,ftd
BBG000BP0929,FHI,,2010-12-22,2011-01-02,ftd
BBG000BP0929,FII,,2011-01-03,2011-01-04,ftd
BBG000BP0929,FHI,,2011-01-05,2011-01-13,ftd
BBG000BP0929,FII,,2011-01-14,2011-02-24,ftd
BBG000BP0929,FHI,,2011-02-25,2011-03-09,ftd
BBG000BP0929,FII,,2011-03-10,2011-03-13,ftd
BBG000BP0929,FHI,,2011-03-14,2011-03-28,ftd
BBG000BP0929,FII,,2011-03-29,2011-08-18,ftd
BBG000BP0929,FHI,,2011-08-19,2011-08-28,ftd
BBG000BP0929,FII,,2011-08-29,2011-09-06,ftd
BBG000BP0929,FHI,,2011-09-07,2011-09-12,ftd
BBG000BP0929,FII,,2011-09-13,2012-06-28,ftd
BBG000BP0929,FHI,,2012-06-29,2012-07-01,observation
BBG000BP0929,FII,,2012-07-02,2012-12-30,ftd
BBG000BP0929,FHI,,2012-12-31,2013-01-01,observation
BBG000BP0929,FII,,2013-01-02,2013-06-27,ftd
BBG000BP0929,FHI,,2013-06-28,2013-06-30,observation
BBG000BP0929,FII,,2013-07-01,2013-12-30,ftd
BBG000BP0929,FHI,,2013-12-31,2014-01-01,observation
BBG000BP0929,FII,,2014-01-02,2014-06-29,ftd
BBG000BP0929,FHI,,2014-06-30,2014-06-30,observation
BBG000BP0929,FII,,2014-07-01,2020-02-04,observation
BBG000BP0929,FHI,NYSE,2020-02-05,,ftd
BBG000BP0KQ8,ERTS,,2007-12-18,2011-12-20,observation
BBG000BP0KQ8,EA,NASDAQ,2011-12-21,2026-08-04,observation
BBG000BP1152,CIEN,NYSE,2007-12-17,,observation
BBG000BP1Q11,SPGI,NYSE,2016-04-28,,observation
BBG000BP22B2,MI,NYSE,2007-12-21,2011-07-05,observation
BBG000BP2H92,MIL,NYSE,2007-12-17,2010-07-14,observation
BBG000BP2HH3,BEAS,NASDAQ,2007-12-21,2008-04-28,observation
BBG000BP2X06,THOR,NASDAQ,2008-01-15,2015-10-08,observation
BBG000BP30Y0,EVR,NYSE,2008-01-11,,observation
BBG000BP4MH0,MMC,,2007-12-27,2026-01-15,observation
BBG000BP4MH0,MRSH,NYSE,2026-01-16,,observation
BBG000BP52R2,MMM,NYSE,2007-12-21,,observation
BBG000BP5YT0,FLEX,NASDAQ,2007-12-21,,observation
BBG000BP6L99,BRCD,NASDAQ,2007-12-17,2017-11-16,observation
BBG000BP6LJ8,MO,NYSE,2007-12-18,,observation
BBG000BP7CL4,MOD,NYSE,2008-01-22,,observation
BBG000BP7JB0,VIAV,NASDAQ,2015-08-07,,observation
BBG000BP8KR9,MOLX,NASDAQ,2008-01-16,2013-12-06,observation
BBG000BP8Z50,MSI,NYSE,2011-01-06,,observation
BBG000BP9WJ1,ADT,NYSE,2018-01-23,,observation
BBG000BPBTL2,CHH,NYSE,2008-01-14,,observation
BBG000BPBVW5,CGNX,NASDAQ,2008-02-21,,observation
BBG000BPD168,MRK,NYSE,2007-12-17,,observation
BBG000BPDDB6,SLGN,NYSE,2008-01-15,,observation
BBG000BPDXF8,MSA,NYSE,2014-03-11,,observation
BBG000BPG977,MSCC,NASDAQ,2007-12-26,2018-05-25,observation
BBG000BPH459,MSFT,NASDAQ,2007-12-17,,observation
BBG000BPMH90,MUR,NYSE,2007-12-18,,observation
BBG000BPNP00,MXIM,,2007-12-17,,observation
BBG000BPPN67,PSA,NYSE,2007-12-17,,observation
BBG000BPQD31,MYL,,2007-12-17,,observation
BBG000BPQVR5,RKT,NYSE,2007-12-18,2015-07-01,observation
BBG000BPRN29,ONTO,NYSE,2019-10-28,,observation
BBG000BPS2V2,NAVZ,,2008-01-24,2008-07-02,ftd
BBG000BPS2V2,NAV,,2008-07-03,,observation
BBG000BPT0C6,NBL,NASDAQ,2007-12-27,2020-10-02,observation
BBG000BPTDN6,NTY,NYSE,2008-01-16,2010-09-30,observation
BBG000BPVCR1,QSC,,2007-12-17,2008-05-22,ftd
BBG000BPVCR1,QCOR,NASDAQ,2008-05-23,2014-08-14,observation
BBG000BPWGR1,NDSN,NASDAQ,2008-07-02,,observation
BBG000BPWXK1,NEM,NYSE,2007-12-21,,observation
BBG000BPX9M1,RX,NYSE,2008-01-16,2010-02-25,observation
BBG000BPXVJ6,RSG,NYSE,2007-12-24,,observation
BBG000BPYD87,NFG,NYSE,2007-12-27,,observation
BBG000BPYHJ6,OCN,,2007-12-19,,observation
BBG000BPZBB6,NI,NYSE,2007-12-27,,observation
BBG000BQ2C28,NOC,NYSE,2007-12-19,,observation
BBG000BQ3F39,NOVL,NASDAQ,2007-12-17,2011-05-07,observation
BBG000BQ4WF8,EXEL,NASDAQ,2008-02-14,,observation
BBG000BQ5DS5,NSC,NYSE,2008-01-02,,observation
BBG000BQ5TK8,NSM,NYSE,2007-12-27,2011-09-23,observation
BBG000BQ74K1,NTRS,NASDAQ,2008-01-10,,observation
BBG000BQ87N0,ES,NYSE,2015-02-19,,observation
BBG000BQ8KV2,NUE,NYSE,2007-12-17,,observation
BBG000BQB7P4,NVLS,NASDAQ,2007-12-20,2012-06-04,observation
BBG000BQBFQ5,MICC,,2007-12-21,2019-01-14,ftd
BBG000BQBFQ5,TIGO,NASDAQ,2019-01-15,,observation
BBG000BQBYR3,NVR,NYSE,2008-01-16,,observation
BBG000BQC9V2,NWL,NASDAQ,2007-12-19,,observation
BBG000BQG2C4,OCR,NYSE,2007-12-21,2015-08-17,observation
BBG000BQGLS5,OGE,NYSE,2007-12-17,,observation
BBG000BQHGR6,OKE,NYSE,2008-01-14,2026-09-09,observation
BBG000BQHTV3,OLN,NYSE,2008-01-24,,observation
BBG000BQLTW7,ORCL,NYSE,2007-12-18,,observation
BBG000BQLXQ5,ISIL,NASDAQ,2008-01-07,2017-02-23,observation
BBG000BQMV15,OSG,,2007-12-20,2012-11-20,observation
BBG000BQMV15,OSGIQ,,2012-11-21,2014-05-27,ftd
BBG000BQPC32,F,NYSE,2007-12-17,,observation
BBG000BQQ2S6,OXY,NYSE,2007-12-20,,observation
BBG000BQQH30,COP,NYSE,2007-12-21,,observation
BBG000BQSQ38,PAYX,NASDAQ,2007-12-19,,observation
BBG000BQT4L6,PBCT,NASDAQ,2007-12-18,2022-04-01,observation
BBG000BQTMJ9,PBI,NYSE,2007-12-21,,observation
BBG000BQVTF5,PCAR,NASDAQ,2007-12-27,,observation
BBG000BQW085,HAIN,NASDAQ,2007-12-26,,observation
BBG000BQWPC5,PCG,NYSE,2007-12-20,,observation
BBG000BQY289,PDCO,NASDAQ,2007-12-19,2025-04-16,observation
BBG000BQZMH4,PEG,NYSE,2008-01-14,,observation
BBG000BR14K5,CB,NYSE,2016-01-19,,observation
BBG000BR1KR2,PETD,,2012-06-18,2012-07-16,ftd
BBG000BR1KR2,PDCE,NASDAQ,2012-07-17,2023-08-04,observation
BBG000BR2B91,PFE,NYSE,2007-12-17,,observation
BBG000BR2TH3,PG,NYSE,2007-12-17,,observation
BBG000BR32C6,RMBS,NASDAQ,2007-12-17,,observation
BBG000BR37X2,PGR,NYSE,2007-12-19,,observation
BBG000BR3KL6,PH,NYSE,2008-01-14,,observation
BBG000BR54L0,PHM,NYSE,2007-12-17,,observation
BBG000BRB2F4,PLL,NYSE,2008-01-16,2015-08-28,observation
BBG000BRD0D8,PNC,NYSE,2007-12-18,,observation
BBG000BRDSX5,PNW,NYSE,2007-12-24,,observation
BBG000BRF689,PNY,NYSE,2007-12-17,2016-10-03,observation
BBG000BRF6B5,RHD,,2007-12-20,2009-01-07,observation
BBG000BRF6B5,RHDC,,2009-01-08,2009-01-22,ftd
BBG000BRF6B5,RHD,,2009-01-23,2009-01-25,observation
BBG000BRF6B5,RHDC,,2009-01-26,2009-03-19,ftd
BBG000BRF6B5,RHD,,2009-03-20,2009-03-22,observation
BBG000BRF6B5,RHDC,,2009-03-23,2009-06-07,ftd
BBG000BRF6B5,RHD,,2009-06-08,2009-06-08,observation
BBG000BRGWN4,POWL,NASDAQ,2008-01-31,,observation
BBG000BRJ809,PPG,NYSE,2008-01-16,,observation
BBG000BRJL00,PPL,NYSE,2008-01-10,,observation
BBG000BRMJN6,WTRG,NYSE,2020-02-03,,observation
BBG000BRMVZ6,PSD,NYSE,2008-01-16,2009-02-06,observation
BBG000BRNGM2,ATO,NYSE,2008-01-16,,observation
BBG000BRNLL2,ALGN,NASDAQ,2008-01-10,,observation
BBG000BRQ6L2,JBLU,NASDAQ,2007-12-17,,observation
BBG000BRRG02,PVH,NYSE,2011-07-15,,observation
BBG000BRVKH0,ARWR,NASDAQ,2016-04-08,,observation
BBG000BRVP70,R,NYSE,2007-12-27,,observation
BBG000BRW644,EPC,NYSE,2015-07-06,,observation
BBG000BRWGG9,RAD,,2007-12-18,2019-04-22,observation
BBG000BRXP69,EW,NYSE,2007-12-21,,observation
BBG000BRXTR8,RBC,,2008-01-28,2021-10-05,observation
BBG000BRXTR8,RRX,NYSE,2021-10-06,,observation
BBG000BRYN54,MFE,NYSE,2008-01-16,2011-02-28,observation
BBG000BRZBT3,RDC,NYSE,2008-01-10,2019-04-10,observation
BBG000BS0ZF1,RL,NYSE,2007-12-26,,observation
BBG000BS1YV5,TTWO,NASDAQ,2007-12-17,,observation
BBG000BS3047,RES,NYSE,2007-12-17,,observation
BBG000BS3FD4,RESP,NASDAQ,2008-01-09,2008-03-27,observation
BBG000BS48J3,RGEN,NASDAQ,2007-12-18,,observation
BBG000BS4MP5,DDS,NYSE,2007-12-17,,observation
BBG000BS5170,RGLD,NASDAQ,2007-12-17,,observation
BBG000BS5CM9,BXP,NYSE,2008-01-09,,observation
BBG000BS5DR2,RHI,NYSE,2008-01-03,,observation
BBG000BS73J1,RJF,NYSE,2008-01-16,,observation
BBG000BS7KS3,TAP,NYSE,2007-12-17,,observation
BBG000BS7ZF4,RLI,NYSE,2008-03-25,,observation
BBG000BS9489,OMC,NYSE,2007-12-17,,observation
BBG000BSBB99,ROH,NYSE,2008-01-16,2009-04-01,observation
BBG000BSBBP1,ROL,NYSE,2008-01-24,,observation
BBG000BSBZH7,ROST,NASDAQ,2007-12-18,,observation
BBG000BSC0K9,DLTR,NASDAQ,2008-01-14,,observation
BBG000BSD7C2,RTN,NYSE,2007-12-31,2020-04-02,observation
BBG000BSFRF3,SNPS,NASDAQ,2008-01-08,,observation
BBG000BSGQN5,RYL,NYSE,2007-12-17,2015-09-30,observation
BBG000BSHH72,PCU,,2007-12-17,2010-02-17,observation
BBG000BSHH72,SCCO,NYSE,2010-02-18,,observation
BBG000BSHHP2,SAF,NYSE,2008-01-14,2008-09-22,observation
BBG000BSJK37,T,NYSE,2007-12-17,,observation
BBG000BSLLB3,SCG,NYSE,2007-12-19,2018-12-31,observation
BBG000BSLZY7,SCHW,NYSE,2007-12-19,,observation
BBG000BSPWD3,SEB,NYSE,2008-09-18,,observation
BBG000BSQLT9,SEIC,NASDAQ,2008-01-16,,observation
BBG000BSRN78,NCLH,NYSE,2013-01-24,,observation
BBG000BSS5C0,SF,NYSE,2007-12-17,,observation
BBG000BSSC44,RY,NYSE,2015-10-20,,ftd
BBG000BSVZM9,SGP,,2007-12-17,2009-11-04,observation
BBG000BSXQV7,SHW,NYSE,2008-01-14,,observation
BBG000BSY3K9,SIAL,NASDAQ,2008-01-16,2015-11-17,observation
BBG000BSYVD5,SIE,,2007-12-26,2009-06-08,observation
BBG000BSZXM0,SII,NYSE,2007-12-24,2010-08-27,observation
BBG000BSZYR3,EPR,NYSE,2012-11-13,,observation
BBG000BT0093,SIRI,NASDAQ,2013-11-18,2024-09-10,observation
BBG000BT0CM2,SIVB,NASDAQ,2007-12-17,2023-03-09,observation
BBG000BT1715,SJM,NYSE,2008-01-16,,observation
BBG000BT41Q8,SLB,NYSE,2007-12-20,,observation
BBG000BT4C39,LAZ,NYSE,2007-12-17,,observation
BBG000BT4T69,HSH,NYSE,2012-06-29,2014-08-28,observation
BBG000BT5PG5,SMG,NYSE,2007-12-21,,observation
BBG000BT7JW9,SNA,NYSE,2008-01-16,,observation
BBG000BT9DW0,SO,NYSE,2007-12-21,,observation
BBG000BT9T73,LSI,NASDAQ,2007-12-17,2014-05-02,observation
BBG000BTCH57,CHRW,NASDAQ,2007-12-18,,observation
BBG000BTCXB5,EQY,NYSE,2007-12-26,2017-03-01,observation
BBG000BTFDR9,CAA,NYSE,2015-10-01,2018-02-12,observation
BBG000BTGCV5,SPW,,2008-01-24,2012-06-28,ftd
BBG000BTGCV5,SPXC,,2012-06-29,2012-07-02,observation
BBG000BTGCV5,SPW,,2012-07-03,2012-12-30,ftd
BBG000BTGCV5,SPXC,,2012-12-31,2013-01-01,observation
BBG000BTGCV5,SPW,,2013-01-02,2013-06-27,ftd
BBG000BTGCV5,SPXC,,2013-06-28,2013-07-01,observation
BBG000BTGCV5,SPW,,2013-07-02,2013-12-30,ftd
BBG000BTGCV5,SPXC,,2013-12-31,2014-01-01,observation
BBG000BTGCV5,SPW,,2014-01-02,2014-06-29,ftd
BBG000BTGCV5,SPXC,,2014-06-30,2014-06-30,observation
BBG000BTGCV5,SPW,,2014-07-01,2015-09-28,ftd
BBG000BTGCV5,SPXC,NYSE,2015-09-29,,observation
BBG000BTGKK9,TWP,,2007-12-17,2009-11-23,ftd
BBG000BTGKK9,TREX,NYSE,2009-11-24,,observation
BBG000BTHH16,SCI,NYSE,2007-12-18,,observation
BBG000BTJS47,SAN,NYSE,2026-08-10,,ftd
BBG000BTKGG8,STI,NYSE,2007-12-26,2019-12-06,observation
BBG000BTLMX5,STR,NYSE,2008-01-16,2016-09-16,observation
BBG000BTMDX4,SUG,NYSE,2008-01-02,2012-03-26,observation
BBG000BTN971,SUN,NYSE,2007-12-17,2012-10-04,observation
BBG000BTQ9G8,SVU,,2008-01-02,2017-08-02,observation
BBG000BTQNQ6,FRO,NYSE,2007-12-17,,observation
BBG000BTQR96,SWK,NYSE,2010-03-16,,observation
BBG000BTR593,SWN,NYSE,2008-01-10,2024-09-30,observation
BBG000BTVJ25,SYY,NYSE,2007-12-17,,observation
BBG000BTZ1M8,VSEA,NASDAQ,2008-01-16,2011-11-09,observation
BBG000BV0VK7,TDS,NYSE,2008-01-16,,observation
BBG000BV18Z1,TDW,NYSE,2008-01-16,2017-07-31,observation
BBG000BV1Y93,TE,NYSE,2007-12-19,2016-06-30,observation
BBG000BV2BR2,TECD,NASDAQ,2008-01-10,2020-06-29,observation
BBG000BV3SC0,ROC,NYSE,2008-06-17,2015-01-12,observation
BBG000BV4DR6,TER,NASDAQ,2007-12-27,,observation
BBG000BV4XJ1,UTHR,NASDAQ,2007-12-17,,observation
BBG000BV5627,QXO,NYSE,2024-06-07,,observation
BBG000BV59Y6,TFX,NYSE,2008-01-14,,observation
BBG000BV6R84,THO,NYSE,2007-12-18,,observation
BBG000BV75B7,TIF,NYSE,2008-01-16,2021-01-06,observation
BBG000BV7LP7,SWY,NYSE,2007-12-26,2015-01-29,observation
BBG000BV7YT5,TIN,NYSE,2007-12-31,2012-02-10,observation
BBG000BV8DN6,TJX,NYSE,2007-12-27,,observation
BBG000BV95H9,TKR,NYSE,2007-12-31,,observation
BBG000BV9X97,TLAB,NASDAQ,2007-12-19,2013-11-29,observation
BBG000BVD6X4,GL,NYSE,2019-08-09,,observation
BBG000BVDLH9,TMO,NYSE,2008-01-16,,observation
BBG000BVF2M3,JAH,NYSE,2007-12-20,2016-04-15,observation
BBG000BVFFV4,TNB,NYSE,2008-01-16,2012-05-16,observation
BBG000BVHBM1,TOL,NYSE,2007-12-17,,observation
BBG000BVK2W6,TRB,,2007-12-20,2009-06-08,observation
BBG000BVL2G3,TRN,NYSE,2008-01-08,,observation
BBG000BVLRY8,ALV,NYSE,2007-12-21,,observation
BBG000BVMG26,MKSI,NASDAQ,2008-03-05,,observation
BBG000BVMGF2,ALL,NYSE,2007-12-21,,observation
BBG000BVMPN3,TROW,NASDAQ,2007-12-17,,observation
BBG000BVP5P2,SLG,NYSE,2008-01-16,,observation
BBG000BVPPM1,ANDV,NYSE,2017-08-02,2018-09-28,observation
BBG000BVPV84,AMZN,NASDAQ,2007-12-18,,observation
BBG000BVQRY3,TTC,NYSE,2008-01-16,,observation
BBG000BVRQD7,TTI,NYSE,2008-01-16,,observation
BBG000BVSX05,TIBX,NASDAQ,2008-01-22,2014-12-05,observation
BBG000BVV7G1,TXN,NASDAQ,2007-12-17,,observation
BBG000BVVHH8,SIRO,NASDAQ,2007-12-19,2016-02-26,observation
BBG000BVVQQ8,TXT,NYSE,2008-01-16,,observation
BBG000BVWLJ6,JCI,NYSE,2016-09-07,,observation
BBG000BVWZF9,TYL,NYSE,2008-01-11,,observation
BBG000BVYN55,UGI,NYSE,2008-01-16,,observation
BBG000BVZP59,WXS,,2012-10-30,2013-04-15,ftd
BBG000BVZP59,WEX,NYSE,2013-04-16,,observation
BBG000BW0R88,UIS,NYSE,2008-01-02,,observation
BBG000BW2QX0,UNM,NYSE,2007-12-21,,observation
BBG000BW3299,UNP,NYSE,2007-12-19,,observation
BBG000BW4804,UNT,NYSE,2007-12-24,2020-05-22,observation
BBG000BW5YW1,USG,NYSE,2007-12-17,2019-04-23,observation
BBG000BW6P59,USM,,2008-01-16,2025-08-12,observation
BBG000BW6P59,AD,NYSE,2025-08-13,,ftd
BBG000BW73T1,UST,NYSE,2007-12-17,2009-01-05,observation
BBG000BW8S60,RTX,NYSE,2020-04-03,,observation
BBG000BW9W88,VAL,NYSE,2007-12-26,2017-05-31,observation
BBG000BWB7V4,VMI,,2008-01-15,,observation
BBG000BWBZN1,VAR,NYSE,2008-01-16,2021-04-14,observation
BBG000BWCKB6,VFC,NYSE,2008-01-14,,observation
BBG000BWDFD4,VIACA,,2019-12-05,2022-06-29,observation
BBG000BWDFD4,PARAA,NASDAQ,2022-06-30,2025-08-06,observation
BBG000BWFL03,BMNRD,,2025-05-16,2025-06-05,ftd
BBG000BWFL03,BMNR,NYSE,2025-06-06,,observation
BBG000BWGYF8,VMC,NYSE,2007-12-20,,observation
BBG000BWHD54,VNO,NYSE,2008-01-03,,observation
BBG000BWJFZ4,CF,NYSE,2007-12-21,,observation
BBG000BWKB81,VSH,NYSE,2007-12-17,,observation
BBG000BWLMJ4,WBA,,2014-12-31,,observation
BBG000BWM5P3,INSMD,,2011-03-04,2011-04-03,ftd
BBG000BWM5P3,INSM,NASDAQ,2011-04-04,,observation
BBG000BWMX63,WBS,NYSE,2008-01-14,2026-08-19,observation
BBG000BWN2Y9,FIX,NYSE,2008-03-24,,observation
BBG000BWNFZ9,WDC,NASDAQ,2007-12-19,,observation
BBG000BWP7D9,WEC,NYSE,2007-12-20,,observation
BBG000BWPN99,WEN,NYSE,2008-01-16,2008-09-29,observation
BBG000BWQFY7,WFC,NYSE,2007-12-18,,observation
BBG000BWQLY4,PACW,NASDAQ,2008-05-15,2023-11-30,observation
BBG000BWQTD0,WFSL,,2008-01-07,2012-02-22,observation
BBG000BWQTD0,WAFD,NASDAQ,2012-02-23,,observation
BBG000BWSGF4,BRO,NYSE,2008-01-14,,observation
BBG000BWSV34,WHR,NYSE,2007-12-17,,observation
BBG000BWVCP8,WMB,NYSE,2007-12-24,,observation
BBG000BWVSR1,WMI,,2007-12-20,2009-08-05,observation
BBG000BWVSR1,WM,NYSE,2009-08-06,,observation
BBG000BWXBC2,WMT,NASDAQ,2007-12-19,,observation
BBG000BWXL85,RHT,NYSE,2007-12-18,2019-07-08,observation
BBG000BWYFX9,TEG,NYSE,2008-01-16,2015-06-29,observation
BBG000BWZBT2,WRI,,2007-12-18,,observation
BBG000BX0R13,WSC,NYSE AMERICAN,2008-01-16,2011-06-24,observation
BBG000BX24N8,WST,NYSE,2008-01-14,,observation
BBG000BX3B60,WWY,NYSE,2007-12-20,2008-10-06,observation
BBG000BX3BL3,WY,NYSE,2007-12-27,,observation
BBG000BX3TD3,X,NYSE,2007-12-17,2025-06-17,observation
BBG000BX57K1,XRAY,NASDAQ,2007-12-27,,observation
BBG000BX5GS3,MRCY,NASDAQ,2008-03-31,,observation
BBG000BX5ZF5,XRX,NASDAQ,2017-06-16,2019-08-01,observation
BBG000BX67G5,MLNM,NASDAQ,2007-12-21,2008-05-24,observation
BBG000BX6BJ3,Y,NYSE,2008-01-16,2022-10-18,observation
BBG000BX8DC4,FL,NYSE,2008-01-16,2025-09-05,observation
BBG000BX9WL1,ZION,NASDAQ,2007-12-17,,observation
BBG000BXBHJ4,TD,NYSE,2008-03-18,,ftd
BBG000BXL4N7,OFC,,2007-12-17,2023-09-17,observation
BBG000BXL4N7,CDP,NYSE,2023-09-18,,ftd
BBG000BXM6V2,UA,,2007-12-17,2012-06-28,ftd
BBG000BXM6V2,UAA,,2012-06-29,2012-07-01,observation
BBG000BXM6V2,UA,,2012-07-02,2012-12-30,ftd
BBG000BXM6V2,UAA,,2012-12-31,2013-01-01,observation
BBG000BXM6V2,UA,,2013-01-02,2013-06-27,ftd
BBG000BXM6V2,UAA,,2013-06-28,2013-06-30,observation
BBG000BXM6V2,UA,,2013-07-01,2013-12-30,ftd
BBG000BXM6V2,UAA,,2013-12-31,2014-01-01,observation
BBG000BXM6V2,UA,,2014-01-02,2014-06-29,ftd
BBG000BXM6V2,UAA,,2014-06-30,2014-06-30,observation
BBG000BXM6V2,UA,,2014-07-01,2016-12-07,observation
BBG000BXM6V2,UAA,NYSE,2016-12-08,,observation
BBG000BXMFC3,URI,NYSE,2007-12-17,,observation
BBG000BXNJ07,CY,NASDAQ,2007-12-27,2020-04-15,observation
BBG000BXPZB7,INGR,NYSE,2012-06-04,,observation
BBG000BXRPH1,PXD,NYSE,2008-01-16,2024-05-02,observation
BBG000BY10C7,BJ,NYSE,2008-01-16,2011-09-30,observation
BBG000BY29C7,TPR,NYSE,2017-10-31,,observation
BBG000BY2Y78,IVZ,NYSE,2007-12-17,,observation
BBG000BY33P5,JNPR,NYSE,2007-12-17,2025-07-01,observation
BBG000BYD720,JNS,NYSE,2007-12-20,2017-05-26,observation
BBG000BYKSX2,ALR,NYSE,2010-07-20,2017-10-02,observation
BBG000BYQ0B1,TTMI,NASDAQ,2008-04-25,,observation
BBG000BYR208,ACAS,,2008-07-09,2017-01-03,observation
BBG000BYWTX7,MRVL,NASDAQ,2007-12-17,2021-04-21,observation
BBG000BYYLS8,BBT,,2007-12-18,2011-07-10,observation
BBG000BYYLS8,TFC,,2011-07-11,2011-07-31,ftd
BBG000BYYLS8,BBT,,2011-08-01,2011-08-24,ftd
BBG000BYYLS8,TFC,,2011-08-25,2011-08-25,ftd
BBG000BYYLS8,BBT,,2011-08-26,2012-06-28,ftd
BBG000BYYLS8,TFC,,2012-06-29,2012-07-01,observation
BBG000BYYLS8,BBT,,2012-07-02,2012-12-30,ftd
BBG000BYYLS8,TFC,,2012-12-31,2013-01-02,observation
BBG000BYYLS8,BBT,,2013-01-03,2013-06-27,ftd
BBG000BYYLS8,TFC,,2013-06-28,2013-06-30,observation
BBG000BYYLS8,BBT,,2013-07-01,2013-12-30,ftd
BBG000BYYLS8,TFC,,2013-12-31,2014-01-01,observation
BBG000BYYLS8,BBT,,2014-01-02,2014-06-29,ftd
BBG000BYYLS8,TFC,,2014-06-30,2014-06-30,observation
BBG000BYYLS8,BBT,,2014-07-01,2019-12-10,observation
BBG000BYYLS8,TFC,NYSE,2019-12-11,,observation
BBG000BYZ0Q5,TTEK,NASDAQ,2008-01-24,,observation
BBG000BZ0DK8,AZN,,2021-07-12,2021-07-30,ftd
BBG000BZ2GG4,CAM,NYSE,2008-01-02,2016-04-01,observation
BBG000BZ9223,EOG,NYSE,2007-12-17,,observation
BBG000BZCKH3,MTD,NYSE,2008-01-16,,observation
BBG000BZJQL8,IART,NASDAQ,2007-12-17,,observation
BBG000BZTW70,NBR,NYSE,2007-12-17,,observation
BBG000BZX1N5,AIZ,NYSE,2007-12-17,,observation
BBG000C01DF9,NVT,NYSE,2008-01-14,2008-07-09,observation
BBG000C04224,CBG,,2011-10-06,2012-06-28,ftd
BBG000C04224,CBRE,,2012-06-29,2012-07-01,observation
BBG000C04224,CBG,,2012-07-02,2012-12-30,ftd
BBG000C04224,CBRE,,2012-12-31,2013-01-03,observation
BBG000C04224,CBG,,2013-01-04,2013-06-27,ftd
BBG000C04224,CBRE,,2013-06-28,2013-06-30,observation
BBG000C04224,CBG,,2013-07-01,2013-12-30,ftd
BBG000C04224,CBRE,,2013-12-31,2014-01-01,observation
BBG000C04224,CBG,,2014-01-02,2014-06-29,ftd
BBG000C04224,CBRE,,2014-06-30,2014-06-30,observation
BBG000C04224,CBG,,2014-07-01,2018-03-20,observation
BBG000C04224,CBRE,NYSE,2018-03-21,,observation
BBG000C060M4,AMG,NYSE,2007-12-27,,observation
BBG000C070N2,XMSR,,2008-01-03,2009-06-08,observation
BBG000C0BGS7,SEPR,NASDAQ,2007-12-19,2009-10-30,observation
BBG000C0CD58,TEVA,,2008-12-12,2008-12-31,ftd
BBG000C0F570,XLNX,NASDAQ,2007-12-27,2022-02-11,observation
BBG000C0G1D1,INTC,NASDAQ,2007-12-17,,observation
BBG000C0HQ54,ENDP,,2014-03-05,2022-08-28,observation
BBG000C0HQ54,ENDPQ,NASDAQ,2022-08-29,2022-09-24,ftd
BBG000C0LW92,BSX,NYSE,2007-12-17,,observation
BBG000C0MF34,PCP,NYSE,2008-01-16,2016-01-29,observation
BBG000C0NY96,TCB,,2007-12-31,2017-05-09,observation
BBG000C0NY96,TCF,NYSE,2017-05-10,2019-07-31,observation
BBG000C0PBV9,NCC,NYSE,2007-12-17,2008-12-31,observation
BBG000C0RWX9,SSRM,NASDAQ,2017-08-03,,observation
BBG000C0ZL64,LYO,,2008-01-16,2009-06-08,observation
BBG000C0ZW33,UMPQ,NASDAQ,2007-12-19,2023-02-28,observation
BBG000C101X4,ABMD,NASDAQ,2007-12-17,2022-12-21,observation
BBG000C11MQ5,PCYC,NASDAQ,2007-12-17,2015-05-22,observation
BBG000C13CD9,CDNS,NASDAQ,2007-12-21,,observation
BBG000C15114,TECH,NASDAQ,2008-01-16,,observation
BBG000C15T95,ESRX,NASDAQ,2007-12-24,2018-12-20,observation
BBG000C17X76,BIIB,NASDAQ,2007-12-19,,observation
BBG000C19QW1,CHE,NYSE,2008-04-21,,observation
BBG000C1BW00,LMT,NYSE,2008-01-08,,observation
BBG000C1DF05,RBA,NYSE,2023-05-24,,observation
BBG000C1DHF5,CRUS,NASDAQ,2008-02-08,,observation
BBG000C1FB75,ICE,NYSE,2013-11-14,,observation
BBG000C1FQS9,ETR,NYSE,2007-12-27,,observation
BBG000C1HL99,JHX,NYSE,2008-09-16,,observation
BBG000C1HN22,IEX,NYSE,2008-01-16,,observation
BBG000C1HQ43,KTOSD,,2009-09-14,2009-10-08,ftd
BBG000C1HQ43,KTOS,NASDAQ,2009-10-09,,observation
BBG000C1J0Q4,PCL,NYSE,2007-12-19,2016-02-19,observation
BBG000C1JTL6,TSS,,2007-12-17,,observation
BBG000C1R174,HLTH,NASDAQ,2007-12-26,2009-11-02,observation
BBG000C1S2X2,VRTX,NASDAQ,2008-01-08,,observation
BBG000C1SCJ6,ULTI,NASDAQ,2007-12-24,2019-05-02,observation
BBG000C1THJ4,TVTY,,2019-02-25,2019-03-15,ftd
BBG000C1TTV4,HET,,2007-12-26,2009-06-08,observation
BBG000C1XKF6,PNFP,NYSE,2007-12-21,2026-01-02,observation
BBG000C1XSP8,PLUGD,,2011-05-25,2011-06-20,ftd
BBG000C1XSP8,PLUG,NASDAQ,2011-06-21,,observation
BBG000C1XVK6,RE,,2007-12-19,2023-07-20,observation
BBG000C1XVK6,EG,NYSE,2023-07-21,,observation
BBG000C221G9,PNR,,2008-01-16,2012-09-30,observation
BBG000C221G9,PNRZZZZ,,2012-10-01,2012-10-01,ftd
BBG000C221G9,PNR,NYSE,2012-10-02,,observation
BBG000C22QV7,SEE,NYSE,2007-12-17,2026-04-08,observation
BBG000C23KJ3,AES,NYSE,2007-12-18,,observation
BBG000C23PB0,LDOS,NYSE,2012-06-29,,observation
BBG000C240W1,S,,2007-12-27,2013-07-10,observation
BBG000C29813,CPA,NYSE,2007-12-26,,observation
BBG000C2BXK4,MGM,NYSE,2007-12-17,,observation
BBG000C2D1C1,LSCC,NASDAQ,2007-12-19,,observation
BBG000C2DSX9,CG,,2008-01-04,2009-06-08,observation
BBG000C2H3F0,CLGX,,2010-06-07,,observation
BBG000C2HB99,NST,NYSE,2007-12-27,2012-04-09,observation
BBG000C2L2L0,JLL,NYSE,2008-01-15,,observation
BBG000C2L5G9,GFS,NASDAQ,2021-11-01,,observation
BBG000C2LZP3,AAON,NASDAQ,2008-04-15,,observation
BBG000C2NV89,EDS,NYSE,2008-01-08,2008-08-25,observation
BBG000C2PL98,CFR,NYSE,2008-01-14,,observation
BBG000C2PW58,BLK,NYSE,2008-01-16,2024-10-01,observation
BBG000C2V3D6,A,NYSE,2007-12-21,,observation
BBG000C2VBB0,PMTC,,2013-01-29,2013-12-04,ftd
BBG000C2VBB0,PTC,NASDAQ,2013-12-05,,observation
BBG000C2YHG9,DISH,NASDAQ,2008-01-16,2023-12-29,observation
BBG000C2ZCH8,SRE,NYSE,2008-01-16,,observation
BBG000C30L48,MPWR,NASDAQ,2007-12-27,,observation
BBG000C31LY4,ATML,NASDAQ,2008-01-08,2016-04-04,observation
BBG000C34488,CFFN,,2008-01-11,2010-12-22,observation
BBG000C34488,CFFND,,2010-12-23,2011-01-23,ftd
BBG000C34488,CFFN,NASDAQ,2011-01-24,,observation
BBG000C37332,FOSL,,2007-12-31,2013-06-12,observation
BBG000C37332,FOSLXXXX,,2013-06-13,2013-06-13,ftd
BBG000C37332,FOSL,NASDAQ,2013-06-14,,observation
BBG000C3FGH9,GHC,NYSE,2012-06-29,,observation
BBG000C3GN47,COG,,2008-01-16,2021-10-04,observation
BBG000C3GN47,CTRA,NYSE,2021-10-05,2026-05-06,observation
BBG000C3HNW5,URS,NYSE,2008-01-11,2014-10-16,observation
BBG000C3HSR0,LNG,NYSE,2007-12-17,,observation
BBG000C3J3C9,CSCO,NASDAQ,2007-12-17,,observation
BBG000C3JJC4,PL,NYSE,2008-01-16,2015-01-30,observation
BBG000C3MXG5,DOX,NASDAQ,2007-12-18,,observation
BBG000C3NTN5,HOLX,NASDAQ,2007-12-17,2026-04-06,observation
BBG000C3QN19,PTV,NYSE,2007-12-19,2010-11-16,observation
BBG000C3TKY6,PSN,NYSE,2019-05-10,,observation
BBG000C3VHF1,VICR,NASDAQ,2008-01-17,,observation
BBG000C3W281,MASI,NASDAQ,2007-12-17,2026-06-09,observation
BBG000C3WK36,KRO,NYSE,2008-02-26,,observation
BBG000C3Y7J6,BEAV,NASDAQ,2008-01-07,2017-04-12,observation
BBG000C41023,UDR,NYSE,2007-12-19,,observation
BBG000C42VL3,LSI,NYSE,2016-08-15,2023-07-19,observation
BBG000C42WS4,CMP,NYSE,2008-01-29,,observation
BBG000C43744,HIW,NYSE,2008-01-14,,observation
BBG000C43RR5,EBAY,NASDAQ,2007-12-21,,observation
BBG000C44LH8,CYN,NYSE,2008-01-11,2015-10-30,observation
BBG000C45984,LTR,,2008-01-16,2008-06-23,observation
BBG000C45984,L,,2008-06-24,2008-07-24,ftd
BBG000C45984,LTR,,2008-07-25,2008-08-06,observation
BBG000C45984,L,,2008-08-07,2008-11-17,ftd
BBG000C45984,LTR,,2008-11-18,2008-11-18,observation
BBG000C45984,L,,2008-11-19,2009-01-22,ftd
BBG000C45984,LTR,,2009-01-23,2009-01-25,observation
BBG000C45984,L,,2009-01-26,2009-03-19,ftd
BBG000C45984,LTR,,2009-03-20,2009-03-22,observation
BBG000C45984,L,,2009-03-23,2009-06-07,ftd
BBG000C45984,LTR,,2009-06-08,2009-06-08,observation
BBG000C45984,L,NYSE,2009-06-09,,observation
BBG000C46HM9,M,NYSE,2007-12-27,,observation
BBG000C496P7,VIAC,,2019-12-05,2022-02-17,observation
BBG000C496P7,PARA,,2022-02-18,2025-08-18,observation
BBG000C4DPX1,AVGO,NASDAQ,2010-09-30,2016-01-29,observation
BBG000C4FB79,TRH,NYSE,2008-01-16,2012-03-05,observation
BBG000C4H302,BJS,NYSE,2008-01-07,2010-04-28,observation
BBG000C4HKK2,SKX,NYSE,2008-01-24,2025-09-11,observation
BBG000C4LN67,GRMN,NYSE,2007-12-26,,observation
BBG000C4MWH4,BGCP,,2008-04-04,2023-06-30,observation
BBG000C4PLF7,ORI,NYSE,2007-12-17,,observation
BBG000C4SKT1,DY,NYSE,2008-06-30,,observation
BBG000C4VW39,OA,NYSE,2015-02-13,2018-06-06,observation
BBG000C4WJT9,KATE,NYSE,2014-02-26,2017-07-11,observation
BBG000C4XD11,AW,NYSE,2007-12-18,2008-12-05,observation
BBG000C4XG05,CXG,NYSE,2008-01-16,2010-05-28,observation
BBG000C4Y9D6,Q,NYSE,2007-12-17,2011-03-31,observation
BBG000C4Z6C2,WTS,NYSE,2007-12-17,,observation
BBG000C4ZFV1,MWV,NYSE,2007-12-17,2015-07-01,observation
BBG000C4ZNF2,ABK,,2007-12-17,2010-11-15,observation
BBG000C4ZNF2,ABKFQ,,2010-11-16,2013-05-07,ftd
BBG000C4ZZ10,SIG,NYSE,2008-09-15,,observation
BBG000C5HS04,NKE,NYSE,2007-12-17,,observation
BBG000C5Z1S3,MU,NASDAQ,2007-12-17,,observation
BBG000C5Z443,ENOV,NYSE,2022-04-06,,observation
BBG000C60K98,CVA,NYSE,2008-01-16,2021-11-29,observation
BBG000C6CFJ5,GS,NYSE,2007-12-20,,observation
BBG000C6F3T8,IGT,NYSE,2007-12-17,2015-04-06,observation
BBG000C6GN04,QDEL,,2008-04-03,2022-05-30,observation
BBG000C6GN04,QDELXXXX,NASDAQ,2022-05-31,2022-06-06,ftd
BBG000C6W266,CNQR,NASDAQ,2008-01-10,2014-12-04,observation
BBG000C6W444,MLI,NYSE,2008-02-29,,observation
BBG000C734W3,REGN,NASDAQ,2008-01-23,,observation
BBG000C75N77,CMA,NYSE,2007-12-17,2026-01-30,observation
BBG000C78J55,SSP,NASDAQ,2007-12-17,,observation
BBG000C7B169,WMG,NYSE,2007-12-21,2011-07-19,observation
BBG000C7B436,TEX,NYSE,2007-12-19,,observation
BBG000C7LMS8,AZO,NYSE,2007-12-26,,observation
BBG000C7QK61,HNI,NYSE,2007-12-18,,observation
BBG000C7TF41,HAE,NYSE,2008-03-26,,observation
BBG000C7WZ16,JNY,,2008-01-07,2010-10-15,observation
BBG000C89QJ1,CAB,NYSE,2007-12-18,2017-09-25,observation
BBG000C8D8G9,BOH,NYSE,2008-01-16,,observation
BBG000C8FRK0,CEPH,NASDAQ,2007-12-19,2011-10-13,observation
BBG000C8H633,MRO,NYSE,2007-12-17,2024-11-21,observation
BBG000C90DH9,IPG,NYSE,2007-12-18,2025-11-26,observation
BBG000C9F2F9,ALKS,NASDAQ,2011-09-20,,observation
BBG000C9W1Y1,XL,,2010-07-02,2016-07-25,observation
BBG000CB2ZY4,KG,NYSE,2007-12-17,2011-02-28,observation
BBG000CB8Q50,UHS,NYSE,2008-01-16,,observation
BBG000CBMH27,MTG,NYSE,2007-12-17,,observation
BBG000CC53X1,OSK,NYSE,2007-12-17,,observation
BBG000CC7LQ7,ZBRA,NASDAQ,2008-01-16,,observation
BBG000CCFBC5,LNCR,NASDAQ,2007-12-20,2012-08-10,observation
BBG000CCW058,SHPG,,2016-05-23,2016-06-10,ftd
BBG000CDZLV8,PENN,NASDAQ,2008-01-16,,observation
BBG000CF2GH6,ARIA,NASDAQ,2007-12-17,2017-02-15,observation
BBG000CFZ003,BOKF,NASDAQ,2008-01-16,,observation
BBG000CG0HP5,HCR,NYSE,2007-12-17,2007-12-21,ftd
BBG000CGC1X8,QCOM,NASDAQ,2007-12-18,,observation
BBG000CGJMB9,ESS,NYSE,2008-01-16,,observation
BBG000CGQ485,IMCL,NASDAQ,2007-12-18,2008-12-04,observation
BBG000CGQ4F7,MORN,NASDAQ,2008-01-07,,observation
BBG000CGQ6M4,PX,NYSE,2008-01-16,2018-10-30,observation
BBG000CGT2S4,UPL,NYSE,2007-12-20,2016-04-29,observation
BBG000CH11X8,WTNY,NASDAQ,2008-01-03,2011-06-16,observation
BBG000CH5208,UNH,NYSE,2007-12-21,,observation
BBG000CHPY97,ECA,,2019-02-04,2019-02-22,ftd
BBG000CHSS88,ODFL,NASDAQ,2008-01-24,,observation
BBG000CHWP52,DISCA,,2007-12-17,2008-09-23,observation
BBG000CHWP52,DISAD,,2008-09-24,2008-10-16,ftd
BBG000CHWP52,DISCA,,2008-10-17,2022-04-12,observation
BBG000CJ2181,RS,NYSE,2008-01-16,,observation
BBG000CKGBP2,GILD,NASDAQ,2007-12-20,,observation
BBG000CKGDS5,FR,NYSE,2007-12-17,,observation
BBG000CKJ0P3,LIFE,NASDAQ,2008-11-25,2014-02-03,observation
BBG000CKRZF8,GRP,NYSE,2007-12-21,2008-04-18,observation
BBG000CKVSG8,CNX,NYSE,2017-11-30,,observation
BBG000CL1FG7,BRKR,NASDAQ,2008-02-05,,observation
BBG000CL1HL7,CLI,,2007-12-31,2021-12-10,observation
BBG000CL6RJ3,BDN,NYSE,2007-12-27,,observation
BBG000CL9JV4,SNX,NYSE,2008-05-09,,observation
BBG000CL9VN6,NFLX,NASDAQ,2007-12-17,,observation
BBG000CLNSF6,STL,,2013-11-04,,observation
BBG000CLP0Y4,NNN,NYSE,2007-12-17,,observation
BBG000CLVM51,WCG,NYSE,2008-01-14,2020-01-23,observation
BBG000CN3S73,KIM,NYSE,2008-01-02,,observation
BBG000CN5CJ3,RP,,2010-08-18,,observation
BBG000CNFQW6,PRGO,NYSE,2007-12-26,,observation
BBG000CNM3Q6,AMLN,NASDAQ,2007-12-19,2012-08-08,observation
BBG000CNNMD7,SKYF,,2008-01-16,2009-06-08,observation
BBG000CNWNL6,OI,,2007-12-17,2019-12-27,observation
BBG000CNZC55,ODP,NASDAQ,2007-12-26,2020-07-11,observation
BBG000CP95B7,AGP,NYSE,2008-02-14,2012-12-21,observation
BBG000CPBCL8,OII,NYSE,2007-12-24,,observation
BBG000CPHYL4,THC,NYSE,2007-12-17,,observation
BBG000CPQZ77,WFMI,,2007-12-18,2011-05-08,observation
BBG000CPQZ77,WFM,NASDAQ,2011-05-09,2017-08-25,observation
BBG000CPZ0F5,PDLI,NASDAQ,2007-12-27,2020-12-30,observation
BBG000CQ0CD7,CBCY,,2012-11-13,2025-11-20,ftd
BBG000CQ0CD7,CBC,NASDAQ,2025-11-21,,observation
BBG000CQB185,AGO,NYSE,2007-12-18,,observation
BBG000CQB684,NLC,NYSE,2008-01-08,2011-12-01,observation
BBG000CQV2N4,ICUI,NASDAQ,2007-12-17,,observation
BBG000CR20B1,EWBC,NASDAQ,2007-12-21,,observation
BBG000CRTLP1,NTRI,NASDAQ,2007-12-17,2019-03-07,observation
BBG000CS0D96,CACC,NASDAQ,2007-12-19,,observation
BBG000CS7CT9,KSS,NYSE,2007-12-17,,observation
BBG000CS8TM8,CAKE,NASDAQ,2007-12-17,,observation
BBG000CSY9H9,BBBY,NASDAQ,2008-01-04,2023-05-02,observation
BBG000CT56K1,HMA,NYSE,2007-12-17,2014-01-24,observation
BBG000CTGXS2,COLB,NASDAQ,2008-01-29,,observation
BBG000CTM4J9,CRI,NYSE,2007-12-28,,observation
BBG000CTQBF3,SBUX,NASDAQ,2007-12-19,,observation
BBG000CTSZQ6,ICLR,NASDAQ,2013-02-07,,observation
BBG000CTV4N4,ENTG,NASDAQ,2008-01-17,,observation
BBG000CVRFS4,H,NYSE,2009-12-23,,observation
BBG000CVWGS6,ATVI,,2008-01-03,2008-07-10,observation
BBG000CVWGS6,ATVID,,2008-07-11,2008-07-20,ftd
BBG000CVWGS6,ATVI,,2008-07-21,2008-07-31,observation
BBG000CVWGS6,ATVID,,2008-08-01,2008-08-07,ftd
BBG000CVWGS6,ATVI,NASDAQ,2008-08-08,2023-10-12,observation
BBG000CW9BM7,CUZ,NYSE,2019-06-18,,observation
BBG000CWL0F5,EXAS,NASDAQ,2008-03-07,2026-03-20,observation
BBG000CX0P89,GPN,NYSE,2007-12-18,,observation
BBG000CXD6X9,MNST,,2012-01-09,2015-06-15,observation
BBG000CXLZ20,ACF,NYSE,2007-12-17,2010-09-30,observation
BBG000CXYSZ6,FFIV,NASDAQ,2007-12-21,,observation
BBG000CY5S22,SVMFF,,2008-01-14,2008-01-15,ftd
BBG000CY5S22,SVM,,2008-01-16,2008-01-16,observation
BBG000CY5S22,SVMFF,,2008-01-17,2008-05-30,ftd
BBG000CY5S22,SVM,,2008-05-31,2008-06-12,observation
BBG000CY5S22,SVMFF,,2008-06-13,2008-07-24,ftd
BBG000CY5S22,SVM,,2008-07-25,2008-07-27,observation
BBG000CY5S22,SVMFF,,2008-07-28,2008-11-17,ftd
BBG000CY5S22,SVM,,2008-11-18,2008-11-19,observation
BBG000CY5S22,SVMFF,,2008-11-20,2009-01-22,ftd
BBG000CY5S22,SVM,,2009-01-23,2009-01-25,observation
BBG000CY5S22,SVMFF,,2009-01-26,2009-02-17,ftd
BBG000CY5S22,SVM,,2009-02-18,2015-09-16,observation
BBG000CY5S22,SVMLF,,2015-09-17,2017-05-15,ftd
BBG000CY5S22,SVM,,2017-05-16,,ftd
BBG000CYNBV7,HNT,NYSE,2007-12-24,2016-03-23,observation
BBG000CZ8W54,HALO,NASDAQ,2007-12-19,,observation
BBG000CZTB66,HLI,NYSE,2015-08-17,,observation
BBG000CZWZ05,BMRN,NASDAQ,2007-12-18,,observation
BBG000D0BMV9,TWTC,NASDAQ,2008-06-24,2014-10-31,observation
BBG000D0FNV3,WCC,NYSE,2007-12-21,,observation
BBG000D13GN8,Z,,2015-02-19,2015-08-17,observation
BBG000D13GN8,ZG,NASDAQ,2015-08-18,,observation
BBG000D1QCF1,FTI,NYSE,2008-01-11,2017-01-17,observation
BBG000D1Y3P1,FORM,NASDAQ,2008-01-14,,observation
BBG000D2H038,SLH,NYSE,2008-01-09,2016-03-03,observation
BBG000D2JB50,SKT,NYSE,2007-12-17,,observation
BBG000D2M0Z7,SBAC,NASDAQ,2007-12-17,,observation
BBG000D2M6H4,MTW,NYSE,2007-12-27,,observation
BBG000D2ZTS8,HBI,,2007-12-27,2025-12-02,observation
BBG000D3JXM1,CRH,NYSE,2023-09-26,,observation
BBG000D3MB18,VMED,NASDAQ,2007-12-17,2013-06-07,observation
BBG000D42FJ0,TDSC,,2007-12-17,2011-05-26,ftd
BBG000D42FJ0,DDD,NYSE,2011-05-27,,observation
BBG000D4LWF6,MDLZ,NASDAQ,2012-10-05,,observation
BBG000D4YTR6,VLY,NASDAQ,2007-12-26,,observation
BBG000D52545,WEN,NASDAQ,2011-07-12,,observation
BBG000D5S4M0,PII,NYSE,2007-12-17,,observation
BBG000D6L294,XEC,NYSE,2007-12-20,2021-09-30,observation
BBG000D6TC94,JOE,NYSE,2007-12-17,,observation
BBG000D6VW15,AAOI,NASDAQ,2013-10-01,,observation
BBG000D7DN13,CLWR,,2007-12-17,2008-12-01,observation
BBG000D7DN13,CLWRD,,2008-12-02,2008-12-30,ftd
BBG000D7DN13,CLWR,NASDAQ,2008-12-31,2013-07-09,observation
BBG000D7HF89,SON,NYSE,2008-01-16,,observation
BBG000D7JKW9,CSGP,NASDAQ,2008-01-16,,observation
BBG000D7RKJ5,EIX,NYSE,2008-01-03,,observation
BBG000D86F25,BWXT,NYSE,2015-07-06,,observation
BBG000D898T9,CAH,NYSE,2008-01-14,,observation
BBG000D8RG11,NRG,NYSE,2007-12-27,,observation
BBG000D9D830,ACN,NYSE,2007-12-26,,observation
BBG000D9DMK0,LH,,2008-01-16,2024-04-24,observation
BBG000D9H9F1,MYGN,NASDAQ,2008-01-10,,observation
BBG000D9KWL9,MTB,NYSE,2007-12-19,,observation
BBG000D9V7T4,RNTA,,2008-09-17,2009-04-30,ftd
BBG000D9V7T4,AANA,,2009-05-01,2010-12-13,ftd
BBG000D9V7T4,AAN,NYSE,2010-12-14,2020-10-16,observation
BBG000DB3KT1,WLTW,,2016-01-05,2022-01-11,observation
BBG000DB3KT1,WTW,NASDAQ,2022-01-12,,observation
BBG000DBKR53,SMTC,NASDAQ,2008-01-18,,observation
BBG000DBTPX7,AWAY,NASDAQ,2011-12-23,2015-12-14,observation
BBG000DBVBY4,EV,NYSE,2007-12-21,2021-02-26,observation
BBG000DCCZW2,AG,,2007-12-17,2009-05-04,observation
BBG000DCCZW2,AGCO,,2009-05-05,2009-06-07,ftd
BBG000DCCZW2,AG,,2009-06-08,2009-06-08,observation
BBG000DCCZW2,AGCO,NYSE,2009-06-09,,observation
BBG000DCGRL8,IPGP,NASDAQ,2008-03-26,,observation
BBG000DCNK80,RPM,NYSE,2007-12-20,,observation
BBG000DD3510,AIV,,2007-12-21,2020-12-07,observation
BBG000DD3510,AIVXXXX,,2020-12-08,2020-12-08,ftd
BBG000DD3510,AIV,NYSE,2020-12-09,,observation
BBG000DDXVZ3,DST,NYSE,2007-12-19,2018-04-16,observation
BBG000DFMXT3,AZPN,NASDAQ,2008-01-24,2022-05-26,observation
BBG000DGLTG5,DLB,NYSE,2008-01-16,,observation
BBG000DGM399,CBH,NYSE,2007-12-21,2008-03-28,observation
BBG000DGPR66,BG,NYSE,2007-12-21,2023-11-01,observation
BBG000DGZ1B6,MNST,,2007-12-17,2008-11-11,observation
BBG000DGZ1B6,MWW,,2008-11-12,2008-11-17,ftd
BBG000DGZ1B6,MNST,,2008-11-18,2008-11-18,observation
BBG000DGZ1B6,MWW,,2008-11-19,2009-01-22,ftd
BBG000DGZ1B6,MNST,,2009-01-23,2009-01-25,observation
BBG000DGZ1B6,MWW,,2009-01-26,2009-03-19,ftd
BBG000DGZ1B6,MNST,,2009-03-20,2009-03-22,observation
BBG000DGZ1B6,MWW,,2009-03-23,2009-06-07,ftd
BBG000DGZ1B6,MNST,,2009-06-08,2009-06-08,observation
BBG000DH7JK6,PEP,NASDAQ,2008-01-14,,observation
BBG000DHM3H8,VIA,,2008-05-07,2019-12-04,observation
BBG000DHNDK1,AOL,NYSE,2009-12-11,2015-06-22,observation
BBG000DHPN63,O,NYSE,2007-12-17,,observation
BBG000DHSPT0,VIA-B,,2007-12-17,,observation
BBG000DJN7L9,WSO,NYSE,2007-12-19,,observation
BBG000DKCC19,TSN,NYSE,2008-01-08,,observation
BBG000DLY9B9,BMO,NYSE,2011-06-27,,ftd
BBG000DM12W5,BYI,NYSE,2007-12-24,2014-11-21,observation
BBG000DMBXR2,JPM,NYSE,2007-12-17,,observation
BBG000DN4ZT1,TCBI,NASDAQ,2008-01-18,,observation
BBG000DN7P92,SYK,NYSE,2007-12-19,,observation
BBG000DNTSP4,SE,NYSE,2008-01-08,2017-02-24,observation
BBG000DPKKK0,AFG,NYSE,2008-01-16,,observation
BBG000DPRDJ1,JW-A,,2008-01-02,2022-04-03,observation
BBG000DPRDJ1,WLY,NYSE,2022-04-04,,ftd
BBG000DQLV23,BMY,NYSE,2007-12-17,,observation
BBG000DQN9R3,MIDD,NASDAQ,2008-01-09,,observation
BBG000DQTXY6,DHI,NYSE,2007-12-17,,observation
BBG000DQV538,ENH,NYSE,2008-01-14,2017-03-28,observation
BBG000DQV8M1,MIR,NYSE,2007-12-17,2010-12-03,observation
BBG000DQX1D4,POM,NYSE,2008-01-16,2016-03-23,observation
BBG000DR5QP5,BCO,NYSE,2008-01-16,,observation
BBG000DR87M7,SNDR,NYSE,2017-04-11,,observation
BBG000DS5588,SPB,NYSE,2018-07-17,,observation
BBG000DSJYS8,APLD,NASDAQ,2022-04-18,,observation
BBG000DSMS70,ILMN,NASDAQ,2007-12-17,,observation
BBG000DST2V3,EP,NYSE,2007-12-24,2012-05-24,observation
BBG000DTMH63,NE,NYSE,2013-11-21,2020-07-30,observation
BBG000DTRKK5,DRS,NYSE,2008-01-16,2008-10-21,observation
BBG000DV7MX4,ONNN,,2007-12-18,2012-06-28,ftd
BBG000DV7MX4,ON,,2012-06-29,2012-07-01,observation
BBG000DV7MX4,ONNN,,2012-07-02,2012-12-30,ftd
BBG000DV7MX4,ON,,2012-12-31,2013-01-02,observation
BBG000DV7MX4,ONNN,,2013-01-03,2013-06-27,ftd
BBG000DV7MX4,ON,,2013-06-28,2013-07-01,observation
BBG000DV7MX4,ONNN,,2013-07-02,2013-12-30,ftd
BBG000DV7MX4,ON,,2013-12-31,2014-01-01,observation
BBG000DV7MX4,ONNN,,2014-01-02,2014-06-29,ftd
BBG000DV7MX4,ON,,2014-06-30,2014-06-30,observation
BBG000DV7MX4,ONNN,,2014-07-01,2015-04-06,observation
BBG000DV7MX4,ON,NASDAQ,2015-04-07,,observation
BBG000DW4937,SKS,NYSE,2007-12-28,2013-11-04,observation
BBG000DW4LB1,AWI,NYSE,2007-12-21,,observation
BBG000DW4Q75,LNT,NASDAQ,2008-01-15,,observation
BBG000DW76Y6,FIC,,2007-12-18,2009-08-18,observation
BBG000DW76Y6,FICO,NYSE,2009-08-19,,observation
BBG000DWG505,BRKB,,2010-01-22,,observation
BBG000DWMRV6,FNFG,NASDAQ,2008-01-23,2016-07-29,observation
BBG000DX9JV7,BRKS,,2007-12-17,2021-12-02,observation
BBG000DX9JV7,AZTA,NASDAQ,2021-12-03,,observation
BBG000DXVB85,GPRO,NASDAQ,2008-01-16,2012-07-31,observation
BBG000DY28W5,BIO,NYSE,2008-01-14,,observation
BBG000DY8ZS4,WFT,,2014-06-19,2019-05-10,observation
BBG000DYGNW7,MCK,NYSE,2008-01-16,,observation
BBG000DYXD23,MTZ,NYSE,2007-12-19,,observation
BBG000DZCFX4,LPI,,2011-12-21,2020-06-02,observation
BBG000DZJVH0,NXST,NASDAQ,2007-12-18,,observation
BBG000DZK6N6,NATI,NASDAQ,2008-01-16,2023-10-10,observation
BBG000DZMH32,WYE,NYSE,2007-12-27,2009-10-15,observation
BBG000F02T51,CABO,NYSE,2015-07-06,,observation
BBG000F0CD91,HEI-A,NYSE,2008-06-16,,observation
BBG000F0PF65,TWX,NYSE,2007-12-17,2018-06-14,observation
BBG000F0ZXG4,CEM,NYSE,2007-12-19,2009-03-17,observation
BBG000F15NW9,STJ,NYSE,2007-12-19,2017-01-04,observation
BBG000F1C7F5,MCY,NYSE,2008-01-14,,observation
BBG000F1ZSN5,ROP,NASDAQ,2007-12-18,,observation
BBG000F1ZSQ2,MA,NYSE,2007-12-17,,observation
BBG000F2XXP2,SBGI,,2007-12-27,2023-05-31,observation
BBG000F395V1,COTY,NYSE,2013-06-17,,observation
BBG000F4VS53,EYE,NYSE,2007-12-17,2009-02-26,observation
BBG000F4W0M4,SXFL,,2010-05-13,2010-06-23,ftd
BBG000F4W0M4,SIX,NYSE,2010-06-24,2024-07-01,observation
BBG000F5VVB6,NDAQ,NASDAQ,2007-12-17,,observation
BBG000F5YH15,WWE,NYSE,2008-02-28,2023-09-11,observation
BBG000F61RJ8,ACM,NYSE,2008-01-14,,observation
BBG000F64MM2,CTCM,NASDAQ,2007-12-20,2016-05-18,observation
BBG000F6H8W8,COST,NASDAQ,2007-12-17,,observation
BBG000F6ZWH2,DKS,,2007-12-24,,observation
BBG000F79GY5,SVC,NASDAQ,2019-09-25,,observation
BBG000F7GST7,TFSL,NASDAQ,2008-01-15,,observation
BBG000F7RCJ1,AAP,NYSE,2007-12-18,,observation
BBG000F7VG25,BANC,NYSE,2023-11-20,,ftd
BBG000F80SZ5,SUNE,NYSE,2013-06-03,2016-04-20,observation
BBG000F86GP6,MCO,NYSE,2007-12-17,,observation
BBG000F9KJN4,RAX,NYSE,2008-08-15,2016-11-02,observation
BBG000FBK808,DNR,NYSE,2007-12-18,2020-07-28,observation
BBG000FBR384,BEAM,NYSE,2011-10-05,2014-04-30,observation
BBG000FBRL11,PGRE,NYSE,2014-11-25,2025-12-18,observation
BBG000FBWYH0,PRA,NYSE,2007-12-28,2026-06-25,observation
BBG000FC7366,MKL,NYSE,2008-01-16,,observation
BBG000FC9SM1,BXS,NYSE,2008-01-16,2017-10-31,observation
BBG000FDBX90,CNP,NYSE,2007-12-18,,observation
BBG000FF9HX6,UTIW,NASDAQ,2008-01-07,2016-01-21,observation
BBG000FFC0B3,NYT,NYSE,2007-12-17,,observation
BBG000FFDM15,USB,NYSE,2007-12-20,,observation
BBG000FFFQR6,WTI,NYSE,2007-12-20,,observation
BBG000FFH4P5,FLS,NYSE,2007-12-19,,observation
BBG000FG3C43,SNDK,NASDAQ,2007-12-19,2016-05-11,observation
BBG000FGMKY1,LAMR,NASDAQ,2008-01-02,,observation
BBG000FH8PX5,AGN,NYSE,2015-06-15,2020-05-08,observation
BBG000FHZ756,PDE,NYSE,2007-12-31,2011-05-31,observation
BBG000FJH8W0,THG,NYSE,2008-01-16,,observation
BBG000FJJW82,ABI,,2008-07-02,2009-03-20,observation
BBG000FJLFX8,AET,NYSE,2007-12-18,2018-11-28,observation
BBG000FJP263,AYE,NYSE,2008-01-16,2011-02-25,observation
BBG000FJRZ68,DO,NYSE,2007-12-19,2020-04-24,observation
BBG000FJWF20,VSTS,NYSE,2023-10-03,,observation
BBG000FKJRC5,EL,NYSE,2007-12-17,,observation
BBG000FKMP26,AEIS,NASDAQ,2008-01-28,,observation
BBG000FKYVH4,LXK,NYSE,2007-12-17,2016-11-28,observation
BBG000FL1TC8,DTV,NASDAQ,2012-08-29,2015-07-24,observation
BBG000FLF615,AXS,NYSE,2007-12-31,,observation
BBG000FLPRH1,CAR,NASDAQ,2008-01-04,,observation
BBG000FLZN98,MHK,NYSE,2007-12-17,,observation
BBG000FNRZ69,HRI,NYSE,2016-07-05,,observation
BBG000FP1N32,NTAP,NASDAQ,2008-03-28,,observation
BBG000FPNN38,ACHC,NASDAQ,2011-11-02,,observation
BBG000FQ6PY6,CTXS,NASDAQ,2007-12-17,2022-09-29,observation
BBG000FQ7YR4,LYV,NYSE,2007-12-17,,observation
BBG000FQRVM3,WAT,NYSE,2007-12-18,,observation
BBG000FRBSS9,WB,NYSE,2007-12-17,2008-12-05,observation
BBG000FRJVJ4,FTO,NYSE,2007-12-21,2011-06-30,observation
BBG000FRVFM1,PPDI,NASDAQ,2007-12-18,2011-12-15,observation
BBG000FRVHB9,VTR,NYSE,2007-12-26,,observation
BBG000FSMWC3,WSM,NYSE,2007-12-17,,observation
BBG000FTLBV7,IOVA,NASDAQ,2017-06-28,,observation
BBG000FV1Z23,CCI,NYSE,2008-01-14,,observation
BBG000FV28W9,LOPE,NASDAQ,2008-12-05,,observation
BBG000FVQ185,SPWR,NASDAQ,2011-11-17,2024-08-15,observation
BBG000FVQ434,IHS,NYSE,2007-12-28,2016-07-12,observation
BBG000FVXD63,RRC,NYSE,2007-12-26,,observation
BBG000FXW512,PKI,,2008-01-16,2023-05-18,observation
BBG000FXW512,RVTY,NYSE,2023-05-19,,observation
BBG000FXYZF9,WM,NYSE,2007-12-17,2008-09-29,observation
BBG000FY4S11,C,NYSE,2007-12-17,,observation
BBG000FYNMX8,WL,NYSE,2008-01-16,2011-05-13,observation
BBG000G0PPW3,AMSG,NASDAQ,2008-01-11,2016-12-01,observation
BBG000G0Z878,HIG,NYSE,2008-01-16,,observation
BBG000G30YX4,ALXN,,2007-12-24,,observation
BBG000G3QLY3,AMP,NYSE,2008-01-16,,observation
BBG000G5H5S0,CEG,NYSE,2007-12-20,2012-03-12,observation
BBG000G6BN50,PNRA,NASDAQ,2007-12-18,2017-07-17,observation
BBG000G6Y5W4,MKC,NYSE,2007-12-27,,observation
BBG000G7CDN9,WMS,NYSE,2014-07-30,,observation
BBG000G7PNS8,WTM,NYSE,2008-01-16,,observation
BBG000G7QX50,PINC,NASDAQ,2013-10-01,2025-11-24,observation
BBG000G8M3Q5,UB,NYSE,2007-12-19,2008-11-03,observation
BBG000G8N9C6,JWN,NYSE,2007-12-20,2025-05-20,observation
BBG000G9CGL0,JAZZ,NASDAQ,2012-01-19,,observation
BBG000GC80B4,COV,NYSE,2011-03-22,2015-01-26,observation
BBG000GHZSZ6,FHN,NYSE,2007-12-17,,observation
BBG000GJS7C1,NBIX,NASDAQ,2007-12-17,,observation
BBG000GLBN48,ONXX,NASDAQ,2008-01-07,2013-09-30,observation
BBG000GMDMK8,GWR,NYSE,2008-06-02,2019-12-27,observation
BBG000GMGNB3,ROLL,,2008-03-03,2022-09-26,ftd
BBG000GMGNB3,RBC,NYSE,2022-09-27,,observation
BBG000GPXKX9,FLT,,2010-12-20,2024-03-26,observation
BBG000GPXKX9,CPAY,NYSE,2024-03-27,,observation
BBG000GQ1G25,TUP,NYSE,2007-12-31,2024-09-16,observation
BBG000GQ7K93,GPK,NYSE,2008-03-12,,observation
BBG000GQGJT4,THS,NYSE,2008-01-18,2026-02-10,observation
BBG000GQJPZ0,MSTR,NASDAQ,2008-02-21,,observation
BBG000GTYWL7,QGEN,NYSE,2007-12-19,,observation
BBG000GVTP33,OB,NYSE,2008-01-16,2017-09-27,observation
BBG000GX14P2,AVAV,NASDAQ,2008-01-22,,observation
BBG000GXZ4W7,ANSS,NASDAQ,2008-02-08,2025-07-16,observation
BBG000GYLKX3,SFD,NYSE,2007-12-19,2013-09-26,observation
BBG000GZD660,CBST,NASDAQ,2007-12-27,2015-01-21,observation
BBG000GZQ728,XOM,,2007-12-18,2026-07-02,observation
BBG000H01H92,AMCX,NASDAQ,2011-07-13,,observation
BBG000H1RYG7,PEGA,NASDAQ,2008-06-09,,observation
BBG000H28X05,PAS,NYSE,2008-01-16,2010-02-26,observation
BBG000H3FZM6,SRCL,NASDAQ,2007-12-27,2024-11-01,observation
BBG000H3GDJ8,KMPR,NYSE,2011-08-25,,observation
BBG000H3YXF8,CTAS,NASDAQ,2007-12-27,,observation
BBG000H4NW15,IM,NYSE,2008-01-09,2016-12-05,observation
BBG000H4YVR7,MDVN,NASDAQ,2007-12-18,2016-09-27,observation
BBG000H50PN8,CVH,NYSE,2008-01-14,2013-05-06,observation
BBG000H556T9,HON,,2007-12-18,2026-06-16,observation
BBG000H556T9,HONXXXX,,2026-06-17,2026-06-21,ftd
BBG000H556T9,HON,,2026-06-22,2026-07-13,observation
BBG000H556T9,HONZZZZ,,2026-07-14,2026-07-15,ftd
BBG000H556T9,HON,NASDAQ,2026-07-16,,ftd
BBG000H6HNW3,TWTR,NYSE,2013-11-12,2022-10-27,observation
BBG000H6K1B0,PAG,NYSE,2007-12-19,,observation
BBG000H89QJ6,TWC,NYSE,2007-12-17,2016-05-17,observation
BBG000H8LGK2,MD,NYSE,2009-01-02,,observation
BBG000H8TVT2,TGT,NYSE,2007-12-18,,observation
BBG000H9G7X2,ANF,NYSE,2007-12-26,,observation
BBG000HBFQP5,FN,NYSE,2010-06-30,,observation
BBG000HCJMF9,PRU,NYSE,2007-12-21,,observation
BBG000HD3DW5,WTFC,NASDAQ,2007-12-28,,observation
BBG000HF28Q9,CUBE,NYSE,2011-09-19,,observation
BBG000HG21Y3,NUS,NYSE,2008-03-03,,observation
BBG000HGYNZ9,STLD,NASDAQ,2007-12-18,,observation
BBG000HHLBF9,VSAT,NASDAQ,2008-03-18,,observation
BBG000HNMMT6,ISCA,NASDAQ,2008-01-16,2019-10-17,observation
BBG000HS77T5,VZ,NYSE,2007-12-17,,observation
BBG000HXNN20,ACGL,NASDAQ,2007-12-19,,observation
BBG000HZFZX3,LVLT,NYSE,2007-12-17,2017-10-31,observation
BBG000HZT3L2,EAS,NYSE,2007-12-21,2008-09-16,observation
BBG000J094P3,RNG,NYSE,2013-10-04,,observation
BBG000J0D904,BIG,NYSE,2007-12-18,2024-09-06,observation
BBG000J1QLT0,STZ,NYSE,2008-01-10,,observation
BBG000J2XL74,PM,NYSE,2008-04-03,,observation
BBG000J453J8,CCO,NYSE,2008-01-16,2019-05-01,observation
BBG000J4L211,BKD,NYSE,2007-12-17,,observation
BBG000J5Q6L2,GNW,NYSE,2007-12-21,,observation
BBG000J6XT05,EXC,NASDAQ,2007-12-18,,observation
BBG000J7Q1L9,HLX,,2007-12-18,,observation
BBG000J8CD72,ACS,NYSE,2007-12-18,2010-02-05,observation
BBG000JB27Y9,CFN,NYSE,2009-09-04,2015-03-16,observation
BBG000JBN3X6,LCC,,2007-12-17,2013-12-06,observation
BBG000JBSJZ4,FNF,NYSE,2007-12-26,2014-07-01,observation
BBG000JCPGZ1,MTDR,NYSE,2012-02-07,,observation
BBG000JD6TN5,STRL,NASDAQ,2008-03-19,,observation
BBG000JDN9K3,CAVM,NASDAQ,2011-06-21,2018-07-05,observation
BBG000JG0547,ADP,NASDAQ,2007-12-17,,observation
BBG000JGQ3K6,MEE,NYSE,2007-12-17,2011-06-01,observation
BBG000JH6683,IONS,NASDAQ,2015-12-22,,observation
BBG000JHRSB8,GDI,NYSE,2008-01-16,2013-07-30,observation
BBG000JKFQB8,WWAV,NYSE,2012-10-31,2017-04-11,observation
BBG000JLC8L8,SSD,NYSE,2007-12-17,,observation
BBG000JN7HR4,KCI,NYSE,2007-12-18,2011-11-04,observation
BBG000JN9BQ6,NIHD,NASDAQ,2008-01-11,2014-09-24,observation
BBG000JVJ8N7,PDM,NYSE,2010-02-18,,observation
BBG000JWD753,LVS,NYSE,2007-12-17,,observation
BBG000JXRXK2,SOV,,2007-12-17,2009-06-08,observation
BBG000JYP7L8,CE,NYSE,2007-12-19,,observation
BBG000K008L5,GSAT,NASDAQ,2025-02-12,,observation
BBG000K14Q84,JOYG,,2007-12-27,2011-12-07,observation
BBG000K14Q84,JOY,NYSE,2011-12-08,2017-04-05,observation
BBG000K14TT5,GLNG,NASDAQ,2007-12-17,,observation
BBG000K1T0M8,LGFA,,2016-12-12,2025-05-05,observation
BBG000K1T9L0,ENSG,NASDAQ,2007-12-27,,observation
BBG000K1X873,SSCC,,2008-01-14,2009-02-04,observation
BBG000K1X873,SSCCQ,,2009-02-05,2009-03-19,ftd
BBG000K1X873,SSCC,,2009-03-20,2009-03-24,observation
BBG000K1X873,SSCCQ,,2009-03-25,2009-06-07,ftd
BBG000K1X873,SSCC,,2009-06-08,2009-06-08,observation
BBG000K3BC83,LAD,NYSE,2007-12-20,,observation
BBG000K3T8L8,GXP,NYSE,2008-01-16,2018-06-04,observation
BBG000K4ND22,CVX,NYSE,2007-12-17,,observation
BBG000K5M1S8,ENB,NYSE,2017-02-14,,ftd
BBG000K7PWX7,INFA,NASDAQ,2008-01-11,2015-08-06,observation
BBG000K88H58,FCN,NYSE,2007-12-19,,observation
BBG000KB0YY0,AV,,2008-01-16,2017-01-05,observation
BBG000KB0YY0,AVVIY,,2017-01-06,2022-06-07,ftd
BBG000KBQZ88,CTRX,NASDAQ,2012-07-11,2015-08-02,observation
BBG000KCZPC3,IRM,NYSE,2008-01-11,,observation
BBG000KHWT55,HPQ,NYSE,2015-11-06,,observation
BBG000KJP3V7,CMN,,2008-04-18,2016-12-07,ftd
BBG000KJP3V7,CMD,,2016-12-08,,observation
BBG000KKVD81,LEN-B,NYSE,2008-02-13,,observation
BBG000KLB4Q1,SWKS,NASDAQ,2008-01-09,,observation
BBG000KPFSC0,ABI,,2009-05-14,2014-05-06,observation
BBG000KQY8Y7,CAI,,2008-03-31,2009-05-05,ftd
BBG000KQY8Y7,CACI,NYSE,2009-05-06,,observation
BBG000KZCJJ4,AYR,NYSE,2008-01-16,2020-03-27,observation
BBG000L0R4R8,WOOF,NASDAQ,2008-01-14,2017-09-11,observation
BBG000L2Q7C4,KOS,NYSE,2012-06-29,,observation
BBG000L4M7F1,RMD,NYSE,2007-12-17,,observation
BBG000L5CJF3,XPO,NYSE,2011-09-06,,observation
BBG000L8CBX4,TDG,NYSE,2007-12-21,,observation
BBG000L8QT60,APKT,NASDAQ,2008-01-25,2013-03-28,observation
BBG000L9CV04,UPS,NYSE,2007-12-21,,observation
BBG000LC1FS4,ATI,NYSE,2008-01-08,,observation
BBG000LD9JQ8,WYNN,NASDAQ,2008-01-02,,observation
BBG000LJQ3H1,MTSI,NASDAQ,2012-03-21,,observation
BBG000LR8515,SBH,NYSE,2007-12-17,,observation
BBG000LV0836,IBKR,NASDAQ,2008-01-11,,observation
BBG000M1J270,STWD,NYSE,2009-08-18,,observation
BBG000M1R011,NOW,NYSE,2012-07-09,,observation
BBG000M34GG1,MIC,NYSE,2008-03-04,2022-07-20,observation
BBG000M44VW8,OC,NYSE,2007-12-17,,observation
BBG000M65M61,UAL,NASDAQ,2010-10-01,,observation
BBG000M6TR37,SBNY,,2008-02-05,2026-08-25,observation
BBG000M9KP89,ACC,NYSE,2008-01-14,2022-08-09,observation
BBG000MBDGM6,EQIX,NASDAQ,2007-12-21,,observation
BBG000MBHNC8,MOH,NYSE,2007-12-17,,observation
BBG000MBPVL1,CSE,NYSE,2007-12-17,2014-04-07,observation
BBG000MDCQC2,ABC,,2007-12-24,2023-08-31,observation
BBG000MDCQC2,COR,NYSE,2023-09-01,,observation
BBG000MG3Y65,TWO,,2009-11-09,2022-11-02,observation
BBG000MG3Y65,TWOXXXX,,2022-11-03,2022-11-03,ftd
BBG000MHTV89,EPAM,NYSE,2012-02-13,,observation
BBG000MJRJJ2,HHC,NYSE,2010-11-12,2023-08-11,observation
BBG000MM2P62,FB,,2012-05-21,2022-06-12,observation
BBG000MM2P62,META,NASDAQ,2022-06-13,,observation
BBG000MM5VL9,HLF,NYSE,2007-12-26,,observation
BBG000MQ1SN9,DVA,NYSE,2008-01-10,,observation
BBG000MRMY60,MHS,NYSE,2008-01-16,2012-03-30,observation
BBG000MTDW24,SBRA,NASDAQ,2017-08-07,,ftd
BBG000MTJYV2,ES,NYSE,2007-12-27,2014-06-30,observation
BBG000MTPB18,CETV,,2007-12-24,,observation
BBG000MW0PF2,CIT,,2007-12-17,2009-11-08,observation
BBG000MW0PF2,CITGQ,,2009-11-09,2009-12-16,ftd
BBG000MYZDJ3,SMCI,NASDAQ,2008-03-11,,observation
BBG000MZFMS2,SLXP,NASDAQ,2007-12-18,2015-03-31,observation
BBG000N2HDY5,ANET,,2014-06-12,2024-12-10,observation
BBG000N2HDY5,ANETXXXX,,2024-12-11,2024-12-11,ftd
BBG000N2HDY5,ANET,NYSE,2024-12-12,,observation
BBG000N49069,OPK,NASDAQ,2007-12-17,,observation
BBG000N625H8,BMBMD,,2017-09-29,2017-10-03,ftd
BBG000N625H8,FRHC,NASDAQ,2017-10-04,,observation
BBG000N746D6,ETFC,,2007-12-17,2010-06-01,observation
BBG000N746D6,ETFCD,,2010-06-02,2010-06-30,ftd
BBG000N746D6,ETFC,NASDAQ,2010-07-01,2020-10-01,observation
BBG000N7CH25,WCRX,NASDAQ,2009-08-24,2013-09-30,observation
BBG000N7KBZ3,BE,NYSE,2018-07-26,,observation
BBG000N7KJX8,DOCU,NASDAQ,2018-05-01,,observation
BBG000N7MXL8,ETSY,NYSE,2015-04-21,,observation
BBG000N7MYP2,FIO,NYSE,2011-09-23,2014-07-22,observation
BBG000N7MZ06,HUBS,NYSE,2014-10-15,,observation
BBG000N7QR55,PLTR,NASDAQ,2020-10-02,,observation
BBG000N8Y8W6,AWH,NYSE,2010-12-02,2017-07-27,observation
BBG000N9MNX3,TSLA,NASDAQ,2010-07-08,,observation
BBG000NC8DB8,EQ,NYSE,2008-01-16,2009-06-30,observation
BBG000NDV1D4,TMUS,NASDAQ,2013-05-01,,observation
BBG000NDYB67,GM,,2007-12-17,2009-06-04,observation
BBG000NDYB67,GMGMQ,,2009-06-05,2009-06-07,ftd
BBG000NDYB67,GM,,2009-06-08,2009-06-08,observation
BBG000NDYB67,GMGMQ,,2009-06-09,2010-11-22,ftd
BBG000NDYB67,GM,NYSE,2010-11-23,,observation
BBG000NDZ417,PXP,NYSE,2007-12-17,2013-05-30,observation
BBG000NQF3Z5,SPCX,NASDAQ,2026-06-15,,observation
BBG000NS03H7,MSGN,,2015-10-06,,observation
BBG000NS26Q8,HUN,NYSE,2007-12-20,,observation
BBG000NS3P30,EXLS,NASDAQ,2007-12-17,,observation
BBG000NSCNT7,PFG,NASDAQ,2007-12-19,,observation
BBG000NV1KK7,DG,NYSE,2008-01-16,,observation
BBG000NVSBL7,NVAX,NASDAQ,2019-05-13,,observation
BBG000NY37X4,CSUHD,,2009-12-30,2010-01-25,ftd
BBG000NY37X4,CSUH,,2010-01-26,2010-02-11,ftd
BBG000NY37X4,CELH,NASDAQ,2010-02-12,,observation
BBG000P1F8Q7,HSP,NYSE,2008-01-02,2015-09-02,observation
BBG000P1K2X6,GTLS,NYSE,2008-05-28,2026-07-15,observation
BBG000P28YZ6,KBR,NYSE,2008-01-09,,observation
BBG000P2GPN9,FLUT,NYSE,2024-01-30,,observation
BBG000P2TYL8,LPLA,NASDAQ,2012-06-21,,observation
BBG000P458P3,DPZ,NASDAQ,2007-12-20,,observation
BBG000P4BQM9,SPB,NYSE,2010-06-18,2018-07-16,observation
BBG000P5LMQ0,SAIA,NASDAQ,2008-09-16,,observation
BBG000PB7F79,DRC,NYSE,2007-12-21,2015-06-30,observation
BBG000PCNTM2,STRZA,NASDAQ,2013-01-17,2016-12-08,observation
BBG000PCQQL6,QRTEA,,2018-04-11,2025-02-21,observation
BBG000PD6X77,ARCC,NASDAQ,2008-02-04,,observation
BBG000PFLGY2,CIM,,2007-12-26,2024-05-22,observation
BBG000PFLGY2,CIMXXXX,,2024-05-23,,ftd
BBG000PHV438,IESC,NASDAQ,2016-05-26,,observation
BBG000PJ88D0,GTI,NYSE,2007-12-27,2015-08-14,observation
BBG000PLXQQ3,TRW,NYSE,2008-01-16,2015-05-14,observation
BBG000PM7GJ0,ANR,,2011-05-23,2011-06-10,ftd
BBG000PN1SJ8,DEI,NYSE,2007-12-19,,observation
BBG000PPFKQ7,BR,NYSE,2008-01-16,,observation
BBG000PQ4W72,GNRC,NYSE,2010-02-17,,observation
BBG000PQ6YJ3,SHLD,NASDAQ,2007-12-17,2018-10-23,observation
BBG000PQPCM6,BKU,NYSE,2011-02-04,,observation
BBG000PRJ2Z9,SPR,NYSE,2008-01-11,2025-12-05,observation
BBG000PRJCX9,HR,NYSE,2022-07-22,,observation
BBG000PRTQ30,BMR,NYSE,2007-12-17,2016-01-27,observation
BBG000PSJMV7,TXRH,NASDAQ,2007-12-21,,observation
BBG000PSKYX7,V,NYSE,2008-03-25,,observation
BBG000PSSG77,IAR,,2007-12-17,2008-11-27,observation
BBG000PSSG77,IDAR,,2008-11-28,2009-01-22,ftd
BBG000PSSG77,IAR,,2009-01-23,2009-01-25,observation
BBG000PSSG77,IDAR,,2009-01-26,2009-03-19,ftd
BBG000PSSG77,IAR,,2009-03-20,2009-03-22,observation
BBG000PSSG77,IDAR,,2009-03-23,2009-04-01,ftd
BBG000PSSG77,IDARQ,,2009-04-02,2009-06-07,ftd
BBG000PSSG77,IAR,,2009-06-08,2009-06-08,observation
BBG000PTLGZ1,LEA,NYSE,2009-11-24,,observation
BBG000PTXBV3,HTS,NYSE,2008-04-30,2016-07-11,observation
BBG000PV27K3,EXR,NYSE,2007-12-21,,observation
BBG000PV2L86,WYN,,2007-12-17,2018-06-03,observation
BBG000PV2L86,WYND,,2018-06-04,2021-02-18,observation
BBG000PV2L86,TNL,NYSE,2021-02-19,,observation
BBG000PW5VX1,AR,NYSE,2013-10-15,,observation
BBG000PX3XC0,WLL,NYSE,2017-11-10,2020-09-01,observation
BBG000PXDL44,LKQX,,2007-12-20,2012-05-22,ftd
BBG000PXDL44,LKQ,NASDAQ,2012-05-23,,observation
BBG000PXGT62,TPX,,2007-12-18,2025-02-20,observation
BBG000PXGT62,SGI,NYSE,2025-02-21,,observation
BBG000PXZFW2,WLK,NYSE,2007-12-21,,observation
BBG000PYLK81,BARE,NASDAQ,2007-12-17,2010-03-11,observation
BBG000PYZSR8,CCMM,,2010-01-26,2010-09-15,ftd
BBG000PYZSR8,CHTR,NASDAQ,2010-09-16,2016-05-18,observation
BBG000Q02P20,MGI,,2007-12-17,2011-11-14,observation
BBG000Q0BPZ4,CIT,,2009-12-15,2022-01-05,observation
BBG000Q0FH88,NSR,NYSE,2007-12-18,2017-08-07,observation
BBG000Q0SZJ2,LOGM,NASDAQ,2009-07-07,2020-08-28,observation
BBG000Q1KFH4,WAL,NYSE,2007-12-17,,observation
BBG000Q1R1Y9,BERY,NYSE,2012-10-10,2025-04-29,observation
BBG000Q2HM09,YELP,NYSE,2012-03-07,,observation
BBG000Q3JN03,RF,NYSE,2007-12-17,,observation
BBG000Q5C256,DWA,NASDAQ,2008-01-16,2016-08-22,observation
BBG000Q5RW63,NRF,,2007-12-17,2014-07-01,observation
BBG000Q5ZRM7,DLR,NYSE,2008-01-14,,observation
BBG000Q7D769,DCT,NYSE,2014-11-19,2018-08-21,observation
BBG000Q814S3,LEAP,NASDAQ,2007-12-20,2014-03-13,observation
BBG000Q9HH23,LNKD,NYSE,2011-05-24,2016-12-07,observation
BBG000QBR5J5,DFS,NYSE,2007-12-17,2025-05-16,observation
BBG000QBY9Q1,AFSI,NASDAQ,2007-12-24,2018-11-28,observation
BBG000QC4T33,HPP,NYSE,2010-07-06,,observation
BBG000QCCGH7,CXP,NYSE,2013-10-16,2021-12-07,observation
BBG000QCHWC2,ORAAF,,2023-08-15,2025-07-17,ftd
BBG000QCHWC2,AUGO,NASDAQ,2025-07-18,,observation
BBG000QDBSK6,N,NYSE,2007-12-26,2016-11-04,observation
BBG000QDST26,ITC,NYSE,2008-08-07,2016-10-13,observation
BBG000QDVR53,CNK,NYSE,2007-12-18,,observation
BBG000QF05R6,COLD,NYSE,2018-01-23,,observation
BBG000QF18M4,SOA,NYSE,2008-03-05,2012-07-02,observation
BBG000QFJ7H3,OAS,NYSE,2010-06-22,2020-01-02,observation
BBG000QFJJW0,OZK,NASDAQ,2018-07-16,,observation
BBG000QGWY50,BLUE,NASDAQ,2013-06-24,2025-05-30,observation
BBG000QH56C1,CBOE,,2010-06-23,,observation
BBG000QHV8S1,CVI,NYSE,2007-12-26,,observation
BBG000QN4GY3,RLGY,,2012-10-12,2022-06-08,observation
BBG000QQFVK6,RPAI,NYSE,2012-04-11,2021-10-21,observation
BBG000QRFNK2,PAY,NYSE,2007-12-17,2018-08-17,observation
BBG000QRKJ70,GRPN,NASDAQ,2011-11-07,,observation
BBG000QS6NV8,MDGL,NASDAQ,2016-07-25,,observation
BBG000QS8XF2,VR,NYSE,2007-12-26,2018-07-17,observation
BBG000QTF8K1,DXCM,NASDAQ,2007-12-24,,observation
BBG000QW7VC1,HCA,NYSE,2011-03-14,,observation
BBG000QW8XR0,WBMD,NASDAQ,2007-12-18,2017-09-15,observation
BBG000QX74T1,CMG,NYSE,2007-12-17,,observation
BBG000QY3XZ2,EXPE,NASDAQ,2007-12-20,,observation
BBG000QY4ZD0,AGIO,NASDAQ,2013-07-29,,observation
BBG000R06BX2,NLSN,,2011-01-31,2015-08-28,observation
BBG000R0L5J4,TDC,NYSE,2007-12-17,,observation
BBG000R23VW8,IPHI,,2010-11-16,,observation
BBG000R2YFG7,BAH,NYSE,2010-11-23,,observation
BBG000R33BD1,RETA,NASDAQ,2016-05-27,2023-09-25,observation
BBG000R33RF4,RCPT,NASDAQ,2013-05-23,2015-08-27,observation
BBG000R3BYX0,BKC,NYSE,2008-01-08,2010-10-19,observation
BBG000R3NPZ4,AL,NYSE,2011-04-26,2026-04-07,observation
BBG000R4R715,TSRO,NASDAQ,2012-07-06,2019-01-18,observation
BBG000R4Y9C1,AVLR,NYSE,2018-06-19,2022-10-18,observation
BBG000R57L13,RVBD,NASDAQ,2007-12-17,2015-04-24,observation
BBG000R5HWZ1,XLRN,,2013-09-24,,observation
BBG000R7RDB4,CXO,NYSE,2007-12-19,2021-01-15,observation
BBG000R7SPX2,SWI,NYSE,2009-05-26,2016-02-04,observation
BBG000R7XX87,PODD,NASDAQ,2008-01-25,,observation
BBG000R7Z112,DAL,NYSE,2007-12-27,,observation
BBG000R8ZVD1,LULU,NASDAQ,2007-12-17,,observation
BBG000RD8M04,SARO,NYSE,2024-10-03,,observation
BBG000RFD341,NWA,,2007-12-17,2009-06-08,observation
BBG000RJ2J04,SSNC,NASDAQ,2010-04-14,,observation
BBG000RKR4R8,SD,,2007-12-17,2016-01-11,observation
BBG000RKR4R8,SDOC,,2016-01-12,2016-05-18,ftd
BBG000RKR4R8,SDOCQ,,2016-05-19,,ftd
BBG000RQ2GY7,PFPT,,2012-04-25,,observation
BBG000RQBFV2,G,NYSE,2007-12-18,,observation
BBG000RQW961,SNI,NASDAQ,2008-07-07,2018-03-06,observation
BBG000RTDY25,MXB,,2007-12-17,2010-07-06,ftd
BBG000RTDY25,MSCI,NYSE,2010-07-07,,observation
BBG000RVZC33,DFT,NYSE,2007-12-27,2017-09-13,observation
BBG000T8ZF80,PRI,NYSE,2010-04-06,,observation
BBG000TDCVT6,AMC,NYSE,2013-12-23,,observation
BBG000TGLV00,SATS,,2008-01-08,2026-06-24,observation
BBG000TGLV00,ECHO,NASDAQ,2026-06-25,,observation
BBG000TJ8XZ7,AGNC,NASDAQ,2008-06-26,,observation
BBG000TJM7F0,KDP,NASDAQ,2018-07-11,,observation
BBG000TRJ294,AWK,NYSE,2008-04-28,,observation
BBG000TVRB50,TREE,NASDAQ,2015-01-09,,observation
BBG000TWC2V5,MJN,NYSE,2009-02-20,2017-06-14,observation
BBG000V1Y6Q3,IPI,NYSE,2008-04-25,,observation
BBG000V31J96,CPN,NYSE,2008-02-11,2018-03-08,observation
BBG000V78V75,FAF,,2007-12-26,2010-06-02,observation
BBG000V78V75,FAFXXXX,,2010-06-03,2010-06-03,ftd
BBG000V78V75,FAF,,2010-06-04,2010-06-06,ftd
BBG000V78V75,FAFXXXX,,2010-06-07,2010-06-09,ftd
BBG000V78V75,FAF,NYSE,2010-06-10,,observation
BBG000VBZJB8,LPS,NYSE,2008-07-09,2014-01-02,observation
BBG000VC0FC1,IRDM,NASDAQ,2009-10-01,,observation
BBG000VC0T95,WDAY,NASDAQ,2012-10-17,,observation
BBG000VCQPM0,MDSO,NASDAQ,2009-07-02,2019-10-28,observation
BBG000VD6768,ZNGA,NASDAQ,2011-12-21,2022-05-20,observation
BBG000VMWHH5,DISCK,NASDAQ,2008-09-24,2022-04-08,observation
BBG000VPGNR2,CHTR,NASDAQ,2016-05-19,,observation
BBG000VZHLL9,KAR,,2009-12-16,2026-01-07,observation
BBG000VZHLL9,OPLN,NYSE,2026-01-08,,ftd
BBG000W4G3B9,ST,,2010-04-26,2018-03-28,observation
BBG000WCFV84,LALLF,,2010-05-06,2010-10-14,ftd
BBG000WCFV84,LYB,NYSE,2010-10-15,,observation
BBG000WCRGZ4,TFM,NASDAQ,2010-11-10,2016-04-27,observation
BBG0014FFY08,HZNP,NASDAQ,2019-05-10,2023-10-05,observation
BBG0014GG205,P,NYSE,2011-06-20,2019-01-31,observation
BBG0014GJCT9,PANW,NASDAQ,2012-07-26,,observation
BBG0014XR0N5,CHGG,NYSE,2013-11-15,,observation
BBG0015XMW40,TRGP,NYSE,2010-12-14,,observation
BBG001636CR2,FIVE,NASDAQ,2012-07-20,,observation
BBG0016T3GQ0,U206,,2010-10-05,2010-10-06,ftd
BBG0016T3GQ0,VSTO,,2010-10-07,2011-01-10,ftd
BBG0016T3GQ0,VC,NASDAQ,2011-01-11,,observation
BBG0016WLQ18,GNC,NYSE,2011-04-06,2020-06-29,observation
BBG0017T9998,CZR,NASDAQ,2012-02-13,2020-07-07,observation
BBG0018SLC07,SQ,,2015-11-24,2025-01-21,observation
BBG0018SLC07,XYZ,NYSE,2025-01-22,,observation
BBG0018SLDN0,DBX,NASDAQ,2018-03-27,,observation
BBG0018YXYX7,PBYI,NASDAQ,2012-04-25,,observation
BBG0019JZ882,KMI,NYSE,2011-02-16,,observation
BBG0019LSQ49,FRC,,2010-12-14,2023-05-03,observation
BBG0019LSQ49,FRCB,,2023-05-04,2026-08-10,ftd
BBG0019T5SG0,TDOC,NYSE,2015-07-08,,observation
BBG0019V9M65,TNDM,NASDAQ,2017-10-12,,observation
BBG001B17MV2,W,NYSE,2014-10-07,,observation
BBG001B4BV87,FBHS,,2011-10-07,2022-12-15,observation
BBG001B4BV87,FBIN,NYSE,2022-12-16,,observation
BBG001BP92V1,PEN,NYSE,2015-09-23,,observation
BBG001BP9474,EGL,,2012-07-23,2015-02-27,observation
BBG001BPFT54,SCTY,NASDAQ,2013-01-16,2016-11-18,observation
BBG001BPKGT0,MDLA,,2019-07-19,,observation
BBG001BWP4C5,LZ,NASDAQ,2021-07-02,,observation
BBG001C7PM75,GWRE,NYSE,2012-01-30,,observation
BBG001C7TST4,SPLK,NASDAQ,2012-06-25,2024-03-15,observation
BBG001CGB489,VEEV,NYSE,2013-10-21,,observation
BBG001D0HB36,FRPT,NASDAQ,2014-11-12,,observation
BBG001D8R5D0,XYL,NYSE,2011-11-02,,observation
BBG001D8R8J8,XLS,NYSE,2011-11-03,2015-05-28,observation
BBG001D9S707,DYN,,2007-12-18,2010-05-25,observation
BBG001DCCGR8,MPC,NYSE,2011-07-06,,observation
BBG001HRFJG4,ZEN,NYSE,2014-05-20,2022-11-21,observation
BBG001J1BQ86,NTRA,NASDAQ,2015-07-09,,observation
BBG001J1C1L5,FSL,NYSE,2011-06-02,2015-12-07,observation
BBG001J1QN87,ICPT,NASDAQ,2012-10-16,2023-11-07,observation
BBG001J2PFF5,ADPT,NASDAQ,2019-07-01,,observation
BBG001J2R5H3,VAC,NYSE,2011-11-23,,observation
BBG001J4BCN4,COUP,NASDAQ,2016-10-12,2023-02-27,observation
BBG001J4J8T9,VER,,2015-07-31,,observation
BBG001KFKQM7,SFM,NASDAQ,2013-08-07,,observation
BBG001KHJM17,FIVN,NASDAQ,2014-04-11,,observation
BBG001KJ2HM9,HII,NYSE,2011-04-05,,observation
BBG001KS9450,TWOU,,2014-05-15,2024-06-12,observation
BBG001KWG293,GRUB,NYSE,2014-04-09,2021-06-15,observation
BBG001KY3845,ALSN,NYSE,2012-03-20,,observation
BBG001KY4N87,ARMK,NYSE,2013-12-16,,observation
BBG001LFLZZ1,BRX,NYSE,2013-11-04,,observation
BBG001LRKS55,APO,NYSE,2019-09-09,2022-01-03,observation
BBG001LWHLJ8,GPRO,NASDAQ,2014-07-01,,observation
BBG001M6CZY1,APAM,NYSE,2013-03-12,,observation
BBG001M8HHB7,TRIP,NASDAQ,2011-12-21,,observation
BBG001NDW1Z7,NTNX,NASDAQ,2016-10-05,,observation
BBG001NFKJ68,NEWR,NYSE,2014-12-17,2023-11-07,observation
BBG001NY45K9,WPX,NYSE,2012-01-05,2021-01-06,observation
BBG001P3K000,DNKN,,2011-07-28,,observation
BBG001P63B80,CDW,NASDAQ,2013-07-09,,observation
BBG001PJFKH9,NSM,NYSE,2012-03-19,2018-07-30,observation
BBG001QD41M9,APTV,,2017-12-06,2024-12-18,observation
BBG001R1GCT0,RBLX,NYSE,2021-03-12,,observation
BBG001R3MNY9,ENPH,NASDAQ,2012-06-14,,observation
BBG001R72SR9,UI,NYSE,2019-08-20,,observation
BBG001RWPDW6,RARE,NASDAQ,2014-02-05,,observation
BBG001V4SF46,ARRY,NASDAQ,2020-10-19,,observation
BBG001WMKHH5,NET,NYSE,2019-09-17,,observation
BBG001WTBC36,POST,NYSE,2012-02-09,,observation
BBG001Y2XS07,ABNB,NASDAQ,2020-12-11,,observation
BBG001YKDND6,LC,,2014-12-15,,observation
BBG001YMS0B8,KRFT,NASDAQ,2012-10-04,2015-07-02,observation
BBG001YV1SM4,OKTA,NASDAQ,2017-04-12,,observation
BBG001Z0Q6T5,MUSA,NYSE,2013-09-05,,observation
BBG001Z7M393,ZU,NASDAQ,2013-11-20,2015-09-30,observation
BBG001ZZPQJ6,ROKU,NASDAQ,2017-09-29,,observation
BBG00209SZJ7,INSP,NYSE,2018-05-07,,observation
BBG0020B4JG7,FEYE,,2013-09-25,2021-10-06,observation
BBG0020B4JG7,MNDT,NASDAQ,2021-10-07,2022-09-09,observation
BBG00212PVZ5,PSTG,,2015-10-13,2026-04-22,observation
BBG00212PVZ5,P,NYSE,2026-04-23,,observation
BBG002293PJ4,RH,NYSE,2017-01-04,,observation
BBG0022FDRY8,MDB,NASDAQ,2017-10-23,,observation
BBG0022FMPD5,EVBG,NASDAQ,2016-09-21,2024-07-01,observation
BBG00255V2N4,CAI,NASDAQ,2025-06-20,,observation
BBG002583CV8,PINS,NYSE,2019-04-23,,observation
BBG0025X16Y5,SAGE,NASDAQ,2014-07-23,2025-07-30,observation
BBG0025XVR85,RUN,NASDAQ,2015-08-10,,observation
BBG0025Y4RY4,ABBV,NYSE,2013-01-02,,observation
BBG0025YWQ66,FIT,NYSE,2015-06-23,2021-01-13,observation
BBG00265T6Q4,STOR,NYSE,2014-11-24,2023-02-02,observation
BBG0026ZFZC4,ITCI,NASDAQ,2014-02-03,2025-04-01,observation
BBG0026ZJ304,PCOR,NYSE,2021-05-21,,observation
BBG0026ZJQX7,DOCS,NYSE,2021-06-28,,observation
BBG0027Y18M0,WP,,2018-01-16,,observation
BBG0027Z6X10,SRC,NYSE,2013-07-19,2024-01-22,observation
BBG002832GV8,PBF,NYSE,2012-12-18,,observation
BBG00286S4N9,PSX,NYSE,2012-05-02,,observation
BBG0028ZMP45,ESAB,NYSE,2022-04-07,,observation
BBG0029BK2G7,DATA,,2013-05-22,,observation
BBG0029SNR63,CPRI,NYSE,2018-12-31,,observation
BBG0029ZX840,TWLO,NYSE,2016-06-28,,observation
BBG002B04MT8,UBER,NYSE,2019-05-13,,observation
BBG002B67HB2,UNIT,,2017-02-27,,observation
BBG002BHBHM1,MNK,NYSE,2013-07-05,2020-10-12,observation
BBG002DZS299,PLAN,NYSE,2018-10-16,2022-06-21,observation
BBG002N8HMW0,ESRT,NYSE,2013-10-04,,observation
BBG002PHSYX9,FANG,NASDAQ,2012-10-17,,observation
BBG002PQMF02,SHOS,NASDAQ,2012-10-15,2019-10-23,observation
BBG002Q7J5Z1,TRU,NYSE,2015-06-29,,observation
BBG002R1CW27,IR,,2007-12-17,2020-03-02,observation
BBG002R1CW27,IRXXXX,,2020-03-03,2020-03-03,ftd
BBG002R1CW27,IR,NYSE,2020-03-04,,observation
BBG002R1JYY1,AMWL,NYSE,2020-09-21,,observation
BBG002S5ZRF9,SSYS,NASDAQ,2012-12-04,,observation
BBG002V098F7,COOP,NASDAQ,2018-10-11,2025-09-30,observation
BBG002V87SD0,GMED,NYSE,2012-08-08,,observation
BBG002W96FT9,GOOG,,2014-04-04,2015-10-05,observation
BBG002W96FT9,GOOGXXXX,,2015-10-06,2015-10-14,ftd
BBG002WMH2F2,TMX,NYSE,2020-10-05,2022-10-11,observation
BBG002ZM63J5,ZAYO,NYSE,2014-10-22,2020-03-06,observation
BBG0033377Y3,HDS,NASDAQ,2013-07-05,2020-12-23,observation
BBG003338H34,ZS,NASDAQ,2018-03-20,,observation
BBG00333FYS2,IQV,NYSE,2017-11-16,,observation
BBG00341H6M0,GBT,NASDAQ,2015-08-17,2022-10-04,observation
BBG003444577,BKW,NYSE,2012-06-25,2014-12-12,observation
BBG0035LY913,NWSA,NASDAQ,2013-07-03,,observation
BBG0035M2ZB7,NWS,NASDAQ,2013-07-05,,observation
BBG003641015,ADT,NYSE,2012-09-26,2016-04-29,observation
BBG0038K9G41,LVNTA,NASDAQ,2012-08-21,2018-03-09,observation
BBG0038V5TX1,CONE,NASDAQ,2013-01-25,2022-03-24,observation
BBG0039320N9,ZTS,NYSE,2013-02-06,,observation
BBG003BW05K6,SAIC,NASDAQ,2013-10-02,,observation
BBG003CVJP50,BYND,NASDAQ,2019-05-03,,observation
BBG003CVMLQ2,LW,NYSE,2016-11-14,,observation
BBG003D4V951,DUOL,NASDAQ,2021-07-29,,observation
BBG003DNHV56,VVV,NYSE,2016-09-28,,observation
BBG003FHPBQ9,EVHC,NYSE,2013-08-21,2016-12-01,observation
BBG003LFWP05,BFAM,NYSE,2013-01-30,,observation
BBG003MSMCS6,GLPI,NASDAQ,2013-11-06,,observation
BBG003NJHZT9,DDOG,NASDAQ,2019-09-23,,observation
BBG003NXJNH6,AMH,NYSE,2013-08-06,,observation
BBG003P9ZSL3,LMCAD,,2013-01-17,2013-01-22,ftd
BBG003P9ZSL3,LMCA,,2013-01-23,2016-04-18,observation
BBG003PGJHP5,TMHC,NYSE,2013-04-15,2026-07-23,observation
BBG003PHHZT1,MRNA,NASDAQ,2018-12-10,,observation
BBG003PS7JV1,ALLE,NYSE,2013-12-04,,observation
BBG003QPR8Z4,PF,NYSE,2013-04-12,2018-10-25,observation
BBG003RY97K2,SEAS,,2013-04-24,2024-02-14,observation
BBG003RY97K2,PRKS,,2024-02-15,,ftd
BBG003S44SC5,TRBAA,,2013-01-09,2014-12-07,ftd
BBG003S44SC5,TRCO,,2014-12-08,,observation
BBG003T1GM03,NRZ,,2014-10-21,2022-08-04,observation
BBG003T1GM03,RITM,NYSE,2022-08-05,,observation
BBG003T4VFC2,SPOT,NYSE,2018-04-05,,observation
BBG0042V6JM8,ZM,NASDAQ,2019-04-23,,observation
BBG0043BYPB8,PD,NYSE,2019-04-15,,observation
BBG0046LJYT2,FHB,NASDAQ,2016-08-09,,observation
BBG004DF9V32,ATHL,NYSE,2013-08-08,2014-11-12,observation
BBG004F0HL81,CST,NYSE,2013-05-03,2017-06-27,observation
BBG004KGNV81,ALMTD,,2025-07-08,2025-07-14,ftd
BBG004KGNV81,ALM,NASDAQ,2025-07-15,,observation
BBG004LTL7L2,COMM,,2013-10-30,2026-01-19,observation
BBG004LTL7L2,VISN,NASDAQ,2026-01-20,,ftd
BBG004M25Z09,SSE,NYSE,2014-07-03,2016-05-16,observation
BBG004M8M6J1,KN,NYSE,2014-03-04,,observation
BBG004M9ZHX5,LYFT,NASDAQ,2019-04-02,,observation
BBG004MB82R0,REXR,NYSE,2013-07-25,,observation
BBG004MN1R41,NAVI,NASDAQ,2014-05-05,,observation
BBG004NLQHL0,FSLY,NASDAQ,2019-05-21,,observation
BBG004P33PN3,CWENA,NYSE,2018-09-17,2026-04-30,observation
BBG004S5X3Y9,S,NYSE,2013-07-12,2020-03-31,observation
BBG004S641N5,BURL,NYSE,2013-10-07,,observation
BBG004S69ZX4,OUT,NYSE,2014-11-21,,observation
BBG004SK5VL9,FIGS,NYSE,2021-06-01,,observation
BBG004T0YC41,SC,,2014-01-28,,observation
BBG004TPGBP5,MRTX,NASDAQ,2013-07-17,2024-01-22,observation
BBG004YZ9G29,VIK,NYSE,2024-05-03,,observation
BBG005485Y51,PPD,NASDAQ,2020-02-10,2021-12-07,observation
BBG005497GZ3,OMF,NYSE,2015-11-27,,observation
BBG0055XMF02,STAY,,2013-11-21,2021-06-15,observation
BBG00564Y443,GLOB,NYSE,2014-07-24,,observation
BBG0056JW5G6,U,NYSE,2020-09-22,,observation
BBG0057K5Y79,EPE,,2014-12-31,2019-05-28,observation
BBG0057K5Y79,EPEG,,2019-05-29,2019-10-07,ftd
BBG0057K5Y79,EPEGQ,,2019-10-08,2020-10-05,ftd
BBG0057SF1Z2,TMST,,2014-07-02,2024-02-28,observation
BBG0057SF1Z2,MTUS,NYSE,2024-02-29,,ftd
BBG0058KMH30,HLT,,2013-12-17,2016-12-22,observation
BBG0058KMH30,HLTZZZZ,,2016-12-23,2016-12-27,ftd
BBG0058KMH30,HLT,,2016-12-28,2016-12-28,ftd
BBG0058KMH30,HLTZZZZ,,2016-12-29,2016-12-29,ftd
BBG0058KMH30,HLT,,2016-12-30,2017-01-03,observation
BBG0058KMH30,HLTZZZZ,,2017-01-04,2017-01-04,ftd
BBG0058KMH30,HLT,NYSE,2017-01-05,,observation
BBG0059FN811,KEYS,NYSE,2014-11-05,,observation
BBG0059JSF49,CNHI,,2013-09-30,2024-05-20,observation
BBG0059JSF49,CNH,NYSE,2024-05-21,,observation
BBG0059KNH10,CHNG,NASDAQ,2019-07-01,2022-09-30,observation
BBG005BLN209,DNOW,NYSE,2014-06-03,,observation
BBG005C4XHR3,ESI,NYSE,2019-02-01,,observation
BBG005CM7J89,WIX,NASDAQ,2013-11-12,,observation
BBG005CPNTQ2,KHC,NASDAQ,2015-07-06,,observation
BBG005CPNTS0,MIK,NASDAQ,2014-07-02,2021-04-14,observation
BBG005D7PF34,CDAY,,2018-04-30,2024-02-01,observation
BBG005D7PF34,DAY,NYSE,2024-02-02,2026-02-03,observation
BBG005D7QCJ3,DASH,NASDAQ,2020-12-11,,observation
BBG005DKMJ67,LTRPA,,2014-08-29,2025-04-30,observation
BBG005DX1RC7,XE,NASDAQ,2026-04-27,,observation
BBG005H82GB2,CC,NYSE,2015-07-06,,observation
BBG005K1D4S0,RDDT,NYSE,2024-03-25,,observation
BBG005KSWVW5,RSPP,NYSE,2014-01-23,2018-07-18,observation
BBG005NTYL78,JUNO,NASDAQ,2014-12-24,2018-03-05,observation
BBG005P7Q881,AAL,NASDAQ,2013-12-09,,observation
BBG005PCN2G7,NSAM,NYSE,2014-07-02,2017-01-10,observation
BBG005PG80K4,VEC,,2014-10-01,2022-07-10,observation
BBG005PG80K4,VVX,NYSE,2022-07-11,,ftd
BBG005PWSVQ3,WPG,,2014-05-30,2015-01-16,observation
BBG005Q2KYS8,RICE,NYSE,2014-01-30,2017-11-10,observation
BBG005SSN7D1,IMS,NYSE,2014-04-08,2016-09-30,observation
BBG005SW6TK5,LMCK,,2014-07-28,2016-04-18,observation
BBG005WQVVH4,SABR,NASDAQ,2014-04-23,,observation
BBG005XR47P5,CTLT,NYSE,2014-08-05,2024-12-17,observation
BBG005XVML66,RYAM,NYSE,2014-06-30,,observation
BBG005XVXML5,SWAV,NASDAQ,2019-03-11,2024-05-30,observation
BBG005XZHR97,VRTV,NYSE,2014-07-07,2023-11-29,observation
BBG0060CPLJ5,AXTA,NYSE,2014-11-18,,observation
BBG0060HN0R3,KING,NYSE,2014-04-02,2016-02-22,observation
BBG00629NGT2,TTD,NASDAQ,2016-09-26,,observation
BBG006473QX9,APLE,NYSE,2015-05-21,,observation
BBG0064N0ZZ5,PAYC,NYSE,2014-04-16,,observation
BBG0064N2T78,VIRT,NYSE,2015-04-21,,observation
BBG00658F3P3,SYF,NYSE,2014-08-05,,observation
BBG006598YS8,PCTY,NASDAQ,2014-03-24,,observation
BBG0065B7K59,MEDP,NASDAQ,2016-08-16,,observation
BBG00688QWF5,BXLT,NYSE,2015-07-02,2016-06-02,observation
BBG0068KVV91,ARES,NYSE,2018-11-27,,observation
BBG0069FL5L5,MRD,NASDAQ,2014-06-18,2016-09-15,observation
BBG006B6PVN9,CDK,,2014-10-03,,observation
BBG006BFYZP8,PE,NYSE,2014-05-28,2021-01-12,observation
BBG006D97VY9,GH,NASDAQ,2018-10-09,,observation
BBG006F8QZK4,VSTO,NYSE,2015-02-13,2024-11-26,observation
BBG006FCB019,ENR,NYSE,2007-12-17,,observation
BBG006G063F9,INFO,NYSE,2016-07-13,2022-02-25,observation
BBG006G57XG0,VNOM,NASDAQ,2023-11-14,2025-08-19,observation
BBG006GNRZ83,LBRDA,NASDAQ,2014-11-07,2026-08-19,observation
BBG006GNSZW5,LBRDK,,2014-11-07,2026-08-20,observation
BBG006HFPX77,APP,NASDAQ,2021-04-19,,observation
BBG006KY8KV2,TERP,,2014-07-23,2017-10-17,observation
BBG006LGV869,VKTX,NASDAQ,2015-05-05,,observation
BBG006LYGNL7,ARD,NYSE,2017-03-20,2021-10-16,observation
BBG006MDLY05,GDDY,NYSE,2015-04-07,,observation
BBG006MG2D41,KLXI,NASDAQ,2014-12-18,2018-10-08,observation
BBG006N7RYV7,FNFV,,2014-07-01,2017-11-21,observation
BBG006N7S6K9,FNF,NYSE,2014-07-02,,observation
BBG006PWZX16,FROG,NASDAQ,2020-09-18,,observation
BBG006Q0HY77,CFG,NYSE,2014-09-29,,observation
BBG006Q53H50,VWR,NASDAQ,2014-10-07,2017-11-21,observation
BBG006QRCDZ8,NRF,NYSE,2014-07-02,2017-01-10,observation
BBG006XVD9G0,GCI,,2015-07-01,2019-11-20,observation
BBG007387YL8,PRAH,,2014-11-18,,observation
BBG0073F9RT7,LITE,NASDAQ,2015-08-05,,observation
BBG0073X4TB8,LVGO,,2019-07-29,,observation
BBG00741Y1N2,RIVN,NASDAQ,2021-11-12,,observation
BBG0074B4RJ1,XOG,NASDAQ,2016-10-17,2020-06-24,observation
BBG0074Q3NK6,CZR,NASDAQ,2020-07-22,,observation
BBG0076WG2V1,QSR,,2014-12-17,,observation
BBG0077VNXV6,PYPL,NASDAQ,2015-07-20,,observation
BBG0077VS2C0,BLD,NYSE,2015-07-02,2026-06-30,observation
BBG0077WYXF0,CPGX,NYSE,2015-07-06,2016-06-30,observation
BBG0078W3NQ3,HPE,NYSE,2015-11-04,,observation
BBG0078Y1D92,SYNH,NASDAQ,2018-01-08,2023-09-27,observation
BBG007DHGNJ4,SNOW,NYSE,2020-09-21,,observation
BBG007FG0C23,MSG,,2015-10-05,2020-04-20,observation
BBG007FG0C23,MSGS,NYSE,2020-04-21,,observation
BBG007FH8JX4,EVA,NYSE,2022-01-04,2024-10-03,observation
BBG007FL7ZD2,FLOW,NYSE,2015-09-29,2022-04-04,observation
BBG007G7V505,WORK,,2019-06-24,,observation
BBG007GJ2F81,FND,NYSE,2017-05-02,,observation
BBG007H0TDK3,BW,NYSE,2015-07-06,,observation
BBG007HWGYQ5,CFLT,NASDAQ,2021-06-25,2026-03-16,observation
BBG007KGRPY4,APLS,NASDAQ,2017-11-13,2026-05-13,observation
BBG007N72M93,ULS,NYSE,2024-04-15,,observation
BBG007PZ2T21,HCP,NASDAQ,2021-12-13,2025-02-26,observation
BBG007R7VNC1,ASND,NASDAQ,2026-04-21,,observation
BBG007STW2B8,ROIV,NASDAQ,2021-10-01,,observation
BBG007SV7NV3,BKFS,,2015-05-27,2017-09-29,observation
BBG007TJF1N7,QRVO,NASDAQ,2015-01-02,,observation
BBG007TJX8V3,INOV,,2015-02-18,,observation
BBG007WX14X0,TXG,NASDAQ,2019-09-16,,observation
BBG0081JXTR0,WBT,NYSE,2017-03-07,2022-07-28,observation
BBG0081VHTP3,IGT,,2015-04-08,2025-07-08,observation
BBG0081VHTP3,BRSL,NYSE,2025-07-09,,ftd
BBG00829F4P8,RVMD,NASDAQ,2020-02-18,,observation
BBG00835TPZ2,NXT,NASDAQ,2023-02-13,,observation
BBG008417VN4,NSA,NYSE,2015-04-28,2026-07-21,observation
BBG0084BBZY6,SEDG,NASDAQ,2015-04-01,,observation
BBG00873RM91,NRE,,2015-11-03,,observation
BBG0088CYPX8,NLSN,NYSE,2015-09-03,2022-10-11,observation
BBG008D32605,RBRK,NYSE,2024-04-29,,observation
BBG008FCJZ83,STE,NYSE,2015-11-04,2019-03-28,observation
BBG008G5SGL4,CCP,NYSE,2015-08-20,2017-08-16,observation
BBG008GC8CP6,APPF,NASDAQ,2015-06-30,,observation
BBG008LJ4TF3,CWEN,NYSE,2018-09-17,,observation
BBG008LZG0Z5,SHC,NASDAQ,2020-11-23,,observation
BBG008N298Y8,WING,NASDAQ,2015-06-17,,observation
BBG008NMBXN8,HOOD,NASDAQ,2021-07-30,,observation
BBG008NVB1C0,MNST,NASDAQ,2015-06-16,,observation
BBG008NXC572,WRK,NYSE,2015-07-02,2018-11-02,observation
BBG008S3V4G5,CSRA,NYSE,2015-12-01,2018-04-03,observation
BBG00928YVY7,ARRS,NASDAQ,2016-01-06,2019-04-03,observation
BBG0098VVDT9,OLLI,NASDAQ,2015-07-21,,observation
BBG0099PW5P1,IOT,NYSE,2021-12-17,,observation
BBG009CKXW23,PTHN,,2016-07-26,2017-10-10,observation
BBG009CWL262,BUFF,NASDAQ,2015-07-27,2018-04-24,observation
BBG009DTD8H2,UAC,,2016-04-12,2016-12-07,ftd
BBG009DTD8H2,UA,NYSE,2016-12-08,,observation
BBG009H04M17,PLNT,NYSE,2015-08-11,,observation
BBG009H33QM0,FCPT,NYSE,2015-11-12,,observation
BBG009KG1750,ACI,NYSE,2020-06-29,,observation
BBG009NGKQ45,VRM,NASDAQ,2020-06-11,2024-02-13,observation
BBG009NMJJJ4,FDC,,2008-01-16,,observation
BBG009NRSWJ4,Z,NASDAQ,2011-07-25,,observation
BBG009PN0C87,ADNT,NYSE,2016-11-01,,observation
BBG009R0CT58,DFIN,NYSE,2016-10-05,,observation
BBG009R0CVG1,LKSD,,2016-10-05,2020-04-09,observation
BBG009S39JX6,GOOGL,NASDAQ,2015-10-06,,observation
BBG009S3NB30,GOOG,NASDAQ,2015-10-06,,observation
BBG009T22D49,SITE,NYSE,2016-05-17,,observation
BBG009WMBWP6,FCEA,NYSE,2016-01-05,2018-12-07,observation
BBG009WR3FL5,KVYO,NYSE,2023-09-22,,observation
BBG009XV39D8,AVGO,NASDAQ,2016-02-01,2018-04-05,observation
BBG009XW2WB8,PFGC,NYSE,2015-10-06,,observation
BBG009XW8PY2,NVCR,NASDAQ,2015-10-08,,observation
BBG00B0FS947,WSC,NASDAQ,2020-07-06,,observation
BBG00B3T3HD3,AA,NYSE,2007-12-19,,observation
BBG00B4Z2YX0,LAUR,NASDAQ,2008-01-16,,observation
BBG00B5C2HR4,NCNO,NASDAQ,2020-07-16,2022-01-07,observation
BBG00B6F2F09,S,NYSE,2021-07-02,,observation
BBG00B6G7GL7,AXSM,NASDAQ,2015-11-25,,observation
BBG00B6WH9G3,MTCH,,2015-11-24,2020-07-01,observation
BBG00B8N0HG1,YUMC,NYSE,2016-11-03,,observation
BBG00B8NWRF5,AGR,NYSE,2015-12-17,2024-12-20,observation
BBG00BBHBMF8,VSM,NYSE,2016-10-05,2019-10-04,observation
BBG00BDQ1H13,TEAM,,2015-12-15,2022-10-03,observation
BBG00BDQ1H13,TEAMXXXX,,2022-10-04,2022-10-11,ftd
BBG00BFHD827,LSXMA,,2016-04-18,2023-08-06,observation
BBG00BFHD827,LSXMAXXXX,,2023-08-07,2023-08-18,ftd
BBG00BFHD9S7,LSXMK,,2016-04-18,2023-08-06,observation
BBG00BFHD9S7,LSXMKXXXX,,2023-08-07,2023-08-18,ftd
BBG00BFHDCV6,LMCA,,2016-04-19,2017-01-25,ftd
BBG00BFHDCV6,FWONA,,2017-01-26,2023-08-06,observation
BBG00BFHDCV6,FWONAXXXX,,2023-08-07,2023-08-18,ftd
BBG00BFHDFR4,LMCK,,2016-04-19,2017-01-25,ftd
BBG00BFHDFR4,FWONK,,2017-01-26,2023-08-06,observation
BBG00BFHDFR4,FWONKXXXX,,2023-08-07,2023-08-18,ftd
BBG00BFHKT14,CHUBA,NASDAQ,2016-07-26,2018-05-18,observation
BBG00BFHL5F0,LEXEA,,2016-11-10,,observation
BBG00BLVZ228,FTV,NYSE,2016-07-05,,observation
BBG00BLYKS03,CRWD,NASDAQ,2019-06-14,,observation
BBG00BLZ2CD1,FIG,NYSE,2025-08-01,,observation
BBG00BM5YC05,LMND,NYSE,2020-07-07,,observation
BBG00BN961G4,DD,NYSE,2019-06-04,,observation
BBG00BN96922,DOW,NYSE,2019-04-03,,observation
BBG00BN969C1,CTVA,NYSE,2019-06-05,,observation
BBG00BTJVK94,TOST,NYSE,2021-09-24,,observation
BBG00C1BZMT9,CNDT,NASDAQ,2017-01-05,,observation
BBG00C6H6D40,USFD,NYSE,2016-05-31,,observation
BBG00CBYY6M1,HGV,NYSE,2017-01-05,,observation
BBG00CNYBQ76,CDEV,,2016-10-13,2022-09-07,observation
BBG00CNYBQ76,PR,NYSE,2022-09-08,,observation
BBG00CTY3QD2,BIVV,NASDAQ,2017-02-06,2018-03-08,observation
BBG00CVQZQ96,ITT,,2008-01-16,2011-11-01,observation
BBG00CVQZQ96,ITTXXXX,,2011-11-02,2016-05-17,ftd
BBG00CVQZQ96,ITT,NYSE,2016-05-18,,observation
BBG00CW127X1,QCP,NYSE,2016-11-03,2018-07-26,observation
BBG00CW2JCN1,ATH,,2016-12-14,,observation
BBG00CWTTQ41,ASIX,NYSE,2016-10-04,,observation
BBG00D0Y81M1,ASH,NYSE,2016-09-21,,observation
BBG00D1WHZD9,HTZ,,2016-07-05,2020-11-02,observation
BBG00D1WHZD9,HTZGQ,,2020-11-03,2021-07-01,ftd
BBG00D30HGP6,CLNY,,2018-06-25,,observation
BBG00D3CHRC0,EVHC,,2016-12-05,2018-10-10,observation
BBG00D7BRGD0,CHUBK,NASDAQ,2016-07-27,2018-05-18,observation
BBG00D8JC882,YETI,NYSE,2018-10-29,,observation
BBG00D8JD9Z9,KNSL,NYSE,2016-07-29,,observation
BBG00DBBG1M0,XL,NYSE,2016-07-26,2018-09-11,observation
BBG00DHTYPH8,GTLB,NASDAQ,2021-10-18,,observation
BBG00DJ2LJF5,DVMT,NYSE,2016-09-07,2018-12-27,observation
BBG00DL8NMV2,FTI,NYSE,2017-01-18,,observation
BBG00DQ6VYP3,ELF,NYSE,2016-09-27,,observation
BBG00DW3SZS1,DELL,NYSE,2018-12-31,,observation
BBG00DXDL6Q1,VSTE,,2016-11-14,2017-05-16,ftd
BBG00DXDL6Q1,VST,NYSE,2017-05-17,,observation
BBG00DYNJGH9,ARNC,,2016-11-04,2020-04-01,observation
BBG00DYNJGH9,HWM,NYSE,2020-04-02,,observation
BBG00DYPZ4T0,BHF,NASDAQ,2017-08-08,,observation
BBG00F5FNKJ7,JBGS,NYSE,2017-07-19,,observation
BBG00FFJY867,LGFB,,2016-12-12,2025-05-08,observation
BBG00FGXCJX5,PK,NYSE,2017-01-06,,observation
BBG00FN64XT9,DXC,NYSE,2017-04-03,,observation
BBG00FQ8T4G3,BJ,NYSE,2018-07-02,,observation
BBG00FQH6BS9,INVH,NYSE,2017-02-06,,observation
BBG00FWQ4VD6,ULTA,NASDAQ,2007-12-27,,observation
BBG00FX58Q66,HLNE,NASDAQ,2017-03-06,,observation
BBG00G2HHYD7,AVTR,NYSE,2019-05-21,,observation
BBG00GBNZ4M0,AM,NYSE,2019-03-14,,observation
BBG00GBR8753,CAVA,NYSE,2023-06-20,,observation
BBG00GBV88T6,BTU,NYSE,2007-12-17,,observation
BBG00GBVBK51,BHGE,,2017-06-30,2019-10-23,observation
BBG00GBVBK51,BKR,NASDAQ,2019-10-24,,observation
BBG00GCTWDJ3,CVNA,NYSE,2017-05-03,,observation
BBG00GFMPRK0,ATUS,,2017-06-27,2025-11-19,observation
BBG00GFMPRK0,OPTU,NYSE,2025-11-20,,ftd
BBG00GKS1G03,PATH,NYSE,2021-04-23,,observation
BBG00GLNJ018,CIVI,,2021-11-02,,observation
BBG00GNT7999,NVT,NYSE,2018-05-02,,observation
BBG00GQK3WB5,SMAR,NYSE,2018-05-01,2025-01-21,observation
BBG00GSNPM07,JHG,NYSE,2017-05-30,2026-06-30,observation
BBG00GTWPCQ0,DLPH,,2017-12-07,,observation
BBG00GVR8YQ9,LIN,,2018-10-31,2023-03-02,observation
BBG00GVR8YQ9,LINXXXX,,2023-03-03,2023-03-08,ftd
BBG00GX77LW3,BKI,NYSE,2017-10-02,2023-09-01,observation
BBG00H433CR2,EVRG,NASDAQ,2018-06-05,,observation
BBG00H5S8391,ALGM,NASDAQ,2020-11-03,,observation
BBG00H9MNDZ2,FTDR,NASDAQ,2018-10-02,,observation
BBG00HCY3Q67,WH,NYSE,2018-06-04,,observation
BBG00HCYVQQ4,AGL,NYSE,2021-04-19,,observation
BBG00HJ8K617,BLI,,2020-07-21,2023-03-22,observation
BBG00HJ8K617,CELL,NASDAQ,2023-03-23,2023-09-29,ftd
BBG00HPDM5Z2,SWCH,NYSE,2017-10-11,2022-12-05,observation
BBG00HS2GVL8,ALEX,,2008-01-16,2008-10-01,observation
BBG00HS2GVL8,AXB,,2008-10-02,2008-11-17,ftd
BBG00HS2GVL8,ALEX,,2008-11-18,2008-11-18,observation
BBG00HS2GVL8,AXB,,2008-11-19,2009-01-22,ftd
BBG00HS2GVL8,ALEX,,2009-01-23,2009-01-25,observation
BBG00HS2GVL8,AXB,,2009-01-26,2009-03-19,ftd
BBG00HS2GVL8,ALEX,,2009-03-20,2009-03-23,observation
BBG00HS2GVL8,AXB,,2009-03-24,2009-05-06,ftd
BBG00HS2GVL8,ALEX,,2009-05-07,2012-06-18,observation
BBG00HS2GVL8,ALEXXXXX,,2012-06-19,2012-06-20,ftd
BBG00HS2GVL8,ALEX,,2012-06-21,2012-07-02,observation
BBG00HS2GVL8,ALEXXXXX,,2012-07-03,2012-07-05,ftd
BBG00HS2GVL8,ALEX,,2012-07-06,,observation
BBG00HTN2CQ3,SPCE,NYSE,2019-10-28,,observation
BBG00HVVB499,VCCP,,2017-10-23,2017-11-05,ftd
BBG00HVVB499,VICI,,2017-11-06,,observation
BBG00HXKRGY9,APG,NYSE,2020-04-29,,observation
BBG00HY28K89,REZI,NYSE,2018-10-29,,observation
BBG00HY28P97,GTX,,2018-10-02,2020-09-23,observation
BBG00HY28P97,GTXMQ,,2020-09-24,2021-05-03,ftd
BBG00HY28P97,GTX,NASDAQ,2021-05-04,,ftd
BBG00J7CBVW8,EQH,NYSE,2018-05-14,,observation
BBG00JG0FFZ2,PTON,NASDAQ,2019-09-30,,observation
BBG00JGMWFM9,ACA,NYSE,2018-11-02,,observation
BBG00JHNJW99,FOXA,NASDAQ,2013-07-03,,observation
BBG00JHNKJY8,FOX,NASDAQ,2013-07-05,,observation
BBG00JM9V731,GTES,NYSE,2018-01-30,2026-07-17,observation
BBG00JPGYW43,ST,NYSE,2018-03-28,,observation
BBG00JR5MM31,SGMS,,2008-01-16,2022-05-01,observation
BBG00JR5MM31,LNW,,2022-05-02,2025-11-13,observation
BBG00JR5MM31,LNWO,,2025-11-14,2026-08-31,ftd
BBG00K53L394,ETRN,NYSE,2018-11-15,2024-07-19,observation
BBG00K7K2XZ0,GLIBA,NASDAQ,2018-03-12,2020-12-18,observation
BBG00K7ZQ662,IAA,NYSE,2019-06-30,2023-03-20,observation
BBG00KDYT8C4,EAF,NYSE,2018-04-23,,observation
BBG00KG5VJF4,CART,NASDAQ,2023-09-21,,observation
BBG00KHY5S69,AVGO,NASDAQ,2018-04-06,,observation
BBG00KMYC574,PS,NASDAQ,2018-05-21,2021-04-05,observation
BBG00KR691K8,CVET,NASDAQ,2019-02-12,2022-10-12,observation
BBG00KXRCDP0,CI,NYSE,2018-12-24,,observation
BBG00L2B8KW8,VRT,NYSE,2020-06-30,,observation
BBG00L2SFJT0,GLIBA,NASDAQ,2025-07-16,,observation
BBG00L31HTW0,RVI,NYSE,2018-06-30,2022-04-07,observation
BBG00L9HLWV8,MSGE,,2020-04-21,2023-04-24,observation
BBG00L9HLWV8,SPHR,,2023-04-25,,ftd
BBG00LJYS1P8,ELAN,NYSE,2018-09-24,,observation
BBG00LN4B5N0,NVST,NYSE,2019-09-20,,observation
BBG00LNJRQ09,AMCR,NYSE,2019-06-11,,observation
BBG00LQK89F6,ONON,NYSE,2021-09-17,,observation
BBG00LT2PDY4,BPR,,2018-08-30,2020-06-29,observation
BBG00LT2PDY4,BPYU,NASDAQ,2020-06-30,2021-07-26,observation
BBG00LWZDYB9,ESTC,NYSE,2018-10-11,,observation
BBG00M1CKSK7,SWI,NYSE,2018-10-23,2025-04-15,observation
BBG00M4ZQDK0,STNE,NASDAQ,2018-10-29,,observation
BBG00MJH9LC4,NFE,NASDAQ,2019-02-05,,observation
BBG00MMDJG84,CRNC,NASDAQ,2019-10-04,,observation
BBG00MRHG523,STE,NYSE,2019-03-28,,observation
BBG00NK8H8T2,TW,NASDAQ,2019-04-08,,observation
BBG00NN875G0,KRTX,NASDAQ,2019-07-02,2024-03-15,observation
BBG00NNG2ZJ8,XRX,NASDAQ,2007-12-17,,observation
BBG00P1919G5,CCC,,2019-05-15,2021-02-01,ftd
BBG00P1919G5,CLVT,NYSE,2021-02-02,,observation
BBG00P19DKZ6,CHWY,NYSE,2019-06-18,,observation
BBG00P2FSNZ9,IHRT,NASDAQ,2019-05-02,,edgar_8k
BBG00P4R3079,GO,NASDAQ,2019-06-24,,observation
BBG00P5M4V07,FERG,NYSE,2021-03-11,2024-08-01,observation
BBG00P9KDZK6,BBIO,NASDAQ,2019-07-01,,observation
BBG00PKCBY53,UPST,NASDAQ,2020-12-18,,observation
BBG00PNN7C40,DT,NYSE,2019-08-05,,observation
BBG00PPWYWJ8,DCT,NASDAQ,2020-08-18,2023-03-29,observation
BBG00PQS00S3,GFL,NYSE,2020-03-05,,observation
BBG00Q402TR2,ASTS,NASDAQ,2021-04-07,,observation
BBG00Q741Z16,CHPT,NYSE,2021-03-01,,observation
BBG00QK4M9M3,CHYM,NASDAQ,2025-06-13,,observation
BBG00QNSY1H7,SITM,NASDAQ,2019-11-25,,observation
BBG00QQ8C789,PLTK,NASDAQ,2021-01-20,,observation
BBG00QVJV6V4,BILL,NYSE,2019-12-16,,observation
BBG00QVJVYB5,REYN,NASDAQ,2020-02-04,,observation
BBG00QVJYGM9,XP,NASDAQ,2019-12-16,,observation
BBG00R24YP60,UWMC,NYSE,2021-01-22,,observation
BBG00R2JZG39,OI,NYSE,2019-12-30,,observation
BBG00R2NHQ65,OVV,NYSE,2020-01-27,,observation
BBG00R4SQJ13,3118REORGPAY,,2019-12-16,2019-12-19,ftd
BBG00R4SQJ13,WFTLF,,2019-12-20,2021-06-13,ftd
BBG00R4SQJ13,WFRD,NASDAQ,2021-06-14,,observation
BBG00RCNQMX3,CNXC,NASDAQ,2020-12-03,,observation
BBG00RP5HYS8,CARR,NYSE,2020-04-06,,observation
BBG00RP60KV0,OTIS,NYSE,2020-04-06,,observation
BBG00RPJPN67,AZEK,,2020-06-16,,observation
BBG00RQ70GQ2,ANAT,NASDAQ,2020-07-06,2022-05-24,observation
BBG00RQ732B6,SKLZ,,2020-12-17,2023-06-26,observation
BBG00RQ732B6,SKLZXXXX,,2023-06-27,,ftd
BBG00RRGSJR4,VNT,NYSE,2020-10-13,,observation
BBG00RRH0RM9,GDI,,2017-05-17,2020-02-27,observation
BBG00S1HJ3M8,ZI,,2020-06-05,2025-05-13,observation
BBG00S1HJ3M8,GTM,NASDAQ,2025-05-14,,observation
BBG00S1LR2C3,IAC,,2021-05-26,2026-06-09,observation
BBG00S1LR2C3,PPLI,NASDAQ,2026-06-10,,observation
BBG00SHY8ZQ1,OPEN,NASDAQ,2020-12-21,,observation
BBG00SSQFPK6,AON,NYSE,2020-04-01,,observation
BBG00T68J2G0,CRDO,NASDAQ,2022-01-31,,observation
BBG00TCBG714,DKNG,NASDAQ,2020-04-27,2022-05-15,observation
BBG00TDKHW99,ALAB,NASDAQ,2024-03-21,,observation
BBG00TJGL0F0,MP,NYSE,2020-11-18,,observation
BBG00TX393L4,FOUR,NYSE,2020-06-08,,observation
BBG00V1L5YZ5,RPRX,NASDAQ,2020-06-18,,observation
BBG00VCYVLH4,CERE,NASDAQ,2020-11-02,2024-07-31,observation
BBG00VCZX9Z6,DNB,,2020-07-06,,observation
BBG00VJ17DS2,QS,NASDAQ,2020-11-27,,observation
BBG00VNLZL95,TMUSR,,2020-06-26,2020-07-20,observation
BBG00VSH86G4,AAN,,2020-10-08,,ftd
BBG00VSYYVB8,JAMF,NASDAQ,2020-07-24,2026-01-29,observation
BBG00VT0KNC3,MTCH,NASDAQ,2020-07-02,,observation
BBG00VY1MYW7,RKT,NYSE,2020-08-07,,observation
BBG00W0L8GW3,OSH,NYSE,2020-08-10,2023-05-01,observation
BBG00W1PSSJ0,BIGC,,2020-08-07,2025-08-03,observation
BBG00W1PSSJ0,CMRC,NASDAQ,2025-08-04,,ftd
BBG00W5FS571,BEPC,NYSE,2020-08-03,2024-12-27,observation
BBG00W7F99V5,LCID,NASDAQ,2021-07-26,,observation
BBG00W7FH7G7,WE,NYSE,2021-10-21,2023-11-07,observation
BBG00W9LXXJ4,CVAC,,2020-08-18,,observation
BBG00WNSJM49,CCCS,,2021-08-02,2025-11-02,observation
BBG00WNSJM49,CCC,NASDAQ,2025-11-03,,observation
BBG00WYYC600,WLL,,2008-01-23,,observation
BBG00X3GQL76,SMMT,NASDAQ,2020-09-23,,observation
BBG00XK3WVD0,AIRC,NYSE,2020-12-17,2024-06-27,observation
BBG00XMJRPQ8,CPNG,NYSE,2021-03-15,,observation
BBG00XNR7VZ8,MCFE,NASDAQ,2020-10-26,2022-02-28,observation
BBG00XP8FYQ3,MSP,NYSE,2020-10-23,2022-06-22,observation
BBG00XV417R8,OWL,NYSE,2021-05-20,,observation
BBG00XZP0LB4,IONQ,NYSE,2021-10-01,,observation
BBG00Y04KP80,CRC,NYSE,2014-12-02,,observation
BBG00Y1DFV91,MRVI,NASDAQ,2020-11-24,,observation
BBG00Y4RQNH4,VTRS,NASDAQ,2020-11-17,,observation
BBG00Y6G6X31,AI,NYSE,2020-12-11,,observation
BBG00Y7BLHL9,OAS,,2020-11-20,2022-07-05,ftd
BBG00Y7BLHL9,CHRD,NASDAQ,2022-07-06,,observation
BBG00Y7BP8Y1,AFRM,NASDAQ,2021-01-15,,observation
BBG00Y7BR4K3,CERT,NASDAQ,2020-12-15,,observation
BBG00YB1ZD58,SOFI,NASDAQ,2021-06-01,,observation
BBG00YDGX945,GXO,NYSE,2021-08-04,,observation
BBG00YFGTVN8,WOOF,NASDAQ,2021-01-19,,observation
BBG00YJKWXD8,NABL,NYSE,2021-07-22,,observation
BBG00YN8NCD6,DRVN,NASDAQ,2021-01-20,,observation
BBG00YPS1KY3,DNA,NYSE,2021-09-17,,observation
BBG00YQ82275,SHLS,NASDAQ,2021-01-29,,observation
BBG00YRJXKB1,TPL,NYSE,2021-01-12,,observation
BBG00YT50779,PSFE,NYSE,2021-03-31,,observation
BBG00YTS96G2,APA,NASDAQ,2021-03-02,,observation
BBG00YZ6J994,SGFY,NYSE,2021-02-16,2023-03-28,observation
BBG00Z6DX554,CHK,,2007-12-17,2024-10-02,observation
BBG00Z6DX554,EXE,NASDAQ,2024-10-03,,observation
BBG00Z92Y6X1,AUR,NASDAQ,2021-11-04,,observation
BBG00Z9CCRH5,HAYW,NYSE,2021-03-16,,observation
BBG00ZCV3P74,PL,NYSE,2021-12-08,,observation
BBG00ZF0FGT2,AMBP,NYSE,2021-08-05,,observation
BBG00ZGF6SS3,DOCN,NYSE,2021-03-26,,observation
BBG00ZGF7771,COIN,NASDAQ,2021-04-16,,observation
BBG00ZHCT050,DSEY,NASDAQ,2021-03-30,2023-07-15,observation
BBG00ZNLTFK3,APO,NYSE,2022-01-04,,observation
BBG00ZNRRJM2,DV,NYSE,2021-04-23,,observation
BBG00ZNSSKP3,VMEO,NASDAQ,2021-05-25,2025-11-21,observation
BBG00ZQRGW24,OGN,NYSE,2021-06-03,,observation
BBG00ZSB4TS9,DRS,NASDAQ,2022-11-30,,observation
BBG00ZSDS6T8,TSP,NASDAQ,2021-04-19,2024-02-06,observation
BBG00ZXBJ153,MRVL,NASDAQ,2021-04-22,,observation
BBG010FNXMC3,PYCR,NASDAQ,2021-07-22,2025-04-11,observation
BBG010J28KQ2,IREN,NASDAQ,2021-11-19,,observation
BBG010MVVVW7,FYBR,NASDAQ,2021-05-06,2026-01-16,observation
BBG01103B471,VSCO,,2021-08-03,2026-06-02,observation
BBG01103B471,VSXY,NYSE,2026-06-03,,ftd
BBG0112CBLW3,ALCC,,2021-07-12,2024-05-12,ftd
BBG0112CBLW3,OKLO,NYSE,2024-05-13,,observation
BBG0112Z58J3,DTM,NYSE,2021-06-30,,observation
BBG011386VF4,WBD,NASDAQ,2022-04-11,,observation
BBG01163K2X0,CNM,NYSE,2021-07-27,,observation
BBG011744HH0,DWAC,,2021-10-04,2024-03-26,ftd
BBG011744HH0,DJT,NASDAQ,2024-03-27,,observation
BBG0118JXCD9,ONL,NYSE,2021-11-16,,observation
BBG011FS2K38,MCW,NASDAQ,2021-06-29,2026-05-18,observation
BBG011K4W134,RYAN,NYSE,2021-07-23,,observation
BBG011N57109,HTZ,,2007-12-27,2016-07-04,observation
BBG011N57109,HTZXXXX,,2016-07-05,2021-07-05,ftd
BBG011N57109,HTZZ,,2021-07-06,2021-11-09,ftd
BBG011N57109,HTZ,NASDAQ,2021-11-10,,observation
BBG011ZTRJ21,CRWV,NASDAQ,2025-03-31,,observation
BBG0120SWLS0,GLXY,NASDAQ,2025-05-19,,observation
BBG0122M8031,SLVM,NYSE,2021-10-04,,observation
BBG0122MC900,WULF,NASDAQ,2021-12-16,,observation
BBG01282Z1Y3,TWKS,NASDAQ,2021-09-17,2024-11-12,observation
BBG01282ZHB3,BROS,NYSE,2021-09-17,,observation
BBG01282ZJM7,DH,NASDAQ,2021-09-17,,observation
BBG012BV9SK0,OLPX,NASDAQ,2021-10-04,2026-07-06,observation
BBG012QSDSK6,FLNC,NASDAQ,2021-11-01,,observation
BBG012QVD574,LYLT,NASDAQ,2021-11-09,2023-03-20,observation
BBG012THM3Q6,INFA,NYSE,2021-10-28,2025-11-17,observation
BBG012W99DN6,KD,NYSE,2021-11-04,,observation
BBG0134WCM78,DKNG,NASDAQ,2022-05-06,,observation
BBG0135B2214,DINO,NYSE,2022-03-16,,observation
BBG0136WM1M4,NU,NYSE,2021-12-13,,observation
BBG013G17W31,GEV,NYSE,2024-04-02,,observation
BBG013QNJHP8,BRBR,NYSE,2022-03-14,,observation
BBG0145FSNR1,TPG,NASDAQ,2022-01-18,,observation
BBG014GJ8XH2,NCNO,NASDAQ,2022-01-11,,observation
BBG014KFRNP7,CEG,NASDAQ,2022-02-03,,observation
BBG014QJ5BV6,EHAB,NYSE,2022-07-06,2026-05-14,observation
BBG016G0L0Q5,CR,NYSE,2023-04-05,,observation
BBG016HJ8729,CRBG,NYSE,2022-09-19,,observation
BBG017BXPZ85,CR,,2022-05-18,2023-04-04,observation
BBG017BXPZ85,CXT,NYSE,2023-04-05,,observation
BBG017J18W74,AZPN,NASDAQ,2022-05-18,2025-03-11,observation
BBG017TGV7M2,QDEL,NASDAQ,2022-05-31,,observation
BBG018CYVVW5,KLG,,2023-10-03,,observation
BBG018CZLZ09,RCM,NASDAQ,2022-06-24,2024-11-18,observation
BBG018YZH6T3,SOLV,NYSE,2024-04-02,,observation
BBG019C1BQR4,J,NYSE,2022-08-30,,observation
BBG019M62R45,FTAI,NASDAQ,2022-11-15,,observation
BBG019Q32XJ9,VLTO,NYSE,2023-10-02,,observation
BBG019Y0WP19,NATL,NYSE,2023-10-18,,observation
BBG01B6SGB59,UHAL-B,NYSE,2022-11-14,,observation
BBG01B9G42Y3,MBC,NYSE,2022-12-16,,observation
BBG01BFR8YV1,GEHC,NASDAQ,2023-01-05,,observation
BBG01BGVGG87,FG,NYSE,2022-12-01,,observation
BBG01BGWHFR5,TEAM,NASDAQ,2022-10-04,,observation
BBG01BPHNXZ3,BAM,NYSE,2022-12-14,,observation
BBG01C79X561,KVUE,NYSE,2023-05-08,,observation
BBG01F6N6NM7,PHIN,NYSE,2023-07-06,,observation
BBG01FND0CC1,LIN,NASDAQ,2023-03-03,,observation
BBG01G9JKWV5,TKO,NYSE,2023-09-14,,observation
BBG01GWQVVD3,TLNE,,2023-06-08,2024-07-22,ftd
BBG01GWQVVD3,TLN,NASDAQ,2024-07-23,,observation
BBG01GZF9VY6,FTRE,NASDAQ,2023-06-30,,observation
BBG01HGVLP51,AU,NYSE,2023-09-26,,observation
BBG01HLM8W28,LSXMA,,2023-08-07,2024-09-11,observation
BBG01HLMB6H5,LSXMK,,2023-08-07,2024-09-11,observation
BBG01HLMB809,FWONA,NASDAQ,2023-08-07,,observation
BBG01HLMBCG3,FWONK,NASDAQ,2023-08-07,,observation
BBG01HMFL081,LLYVA,NASDAQ,2023-08-04,2025-12-16,observation
BBG01HMFLTN1,LLYVK,NASDAQ,2023-08-04,2025-12-16,observation
BBG01HN2K357,SN,NYSE,2023-08-02,,observation
BBG01HTMDZ54,HHH,NYSE,2023-08-14,,observation
BBG01J9M42H2,BIRK,NYSE,2023-10-13,,observation
BBG01JKVZQZ2,NLOP,NYSE,2023-11-03,,observation
BBG01JNDL2R6,SEG,NYSE,2024-08-02,,observation
BBG01JZ8VL91,BG,NYSE,2023-11-02,,observation
BBG01K9HZH92,LBTYA,NASDAQ,2008-01-16,,observation
BBG01K9KJ3B1,LBTYK,NASDAQ,2023-11-27,,observation
BBG01KJQM3Y8,SIRI,NASDAQ,2024-09-11,,observation
BBG01KWR26Q5,AS,NYSE,2024-02-05,,observation
BBG01L820CZ4,AHR,NYSE,2024-02-09,,observation
BBG01M600X00,ECG,NYSE,2024-11-04,,observation
BBG01M86F4Y6,LOAR,NYSE,2024-04-29,,observation
BBG01MMT6PL7,LH,NYSE,2024-05-22,,observation
BBG01MZQYJF9,TEM,NASDAQ,2024-06-17,,observation
BBG01N6CGW43,GRAL,NASDAQ,2024-06-17,,observation
BBG01NGH78G1,FIGR,NASDAQ,2025-09-12,,observation
BBG01NJDR0W4,LINE,NASDAQ,2024-07-26,,observation
BBG01NK9ZXT4,SW,NYSE,2024-07-08,,observation
BBG01NMRD768,FERG,NYSE,2024-08-02,,observation
BBG01NY7B734,AMTM,NYSE,2024-10-01,,observation
BBG01PSW2WN4,BLK,NYSE,2024-10-03,,observation
BBG01Q381K59,INGM,NYSE,2024-10-25,,observation
BBG01QNB0RS1,PRMB,NYSE,2024-11-12,,observation
BBG01R388JG1,SNDK,NASDAQ,2025-02-19,,observation
BBG01R914LT5,APTV,NYSE,2012-06-29,,observation
BBG01RJ2V7B2,BEPC,NYSE,2024-12-31,,observation
BBG01RMP2W97,SFD,NASDAQ,2025-01-29,,observation
BBG01RQYH2X7,MRP,NYSE,2025-02-07,,observation
BBG01RW30Q09,SAIL,NASDAQ,2025-02-14,,observation
BBG01RXK1PK9,KRMN,NYSE,2025-02-14,,observation
BBG01T61V2V3,CRCL,NYSE,2025-06-06,,observation
BBG01TRL73S5,Q,NYSE,2025-11-03,,observation
BBG01V30BCK5,JBS,NYSE,2025-06-13,,observation
BBG01V4YRP24,RAL,NYSE,2025-06-30,,observation
BBG01V7JN3F3,RKLB,NASDAQ,2025-05-28,,observation
BBG01VV3KTK1,NIQ,NYSE,2025-07-24,,observation
BBG01VV3SMG3,GLIBK,NASDAQ,2025-07-16,,observation
BBG01VXTFCN2,VNOM,NASDAQ,2025-08-20,,observation
BBG01W8QW0N1,BLSH,NYSE,2025-08-14,,observation
BBG01X4QY3R1,FRMI,NASDAQ,2025-10-02,,observation
BBG01X5744P5,SOLS,NASDAQ,2025-10-24,,observation
BBG01Y0M8K11,VSNT,NASDAQ,2026-01-05,,observation
BBG01Y6778L4,MDLN,NASDAQ,2025-12-18,,observation
BBG01YY256K1,LLYVA,NASDAQ,2025-12-17,,observation
BBG01YYX1Z14,LLYVK,NASDAQ,2025-12-17,,observation
BBG01Z7V4LL1,PNFP,NYSE,2026-01-05,,observation
BBG01ZJ9DR98,FPS,NYSE,2026-02-06,,observation
BBG01ZPB91C4,FDXF,NYSE,2026-06-02,,observation
BBG01ZPFR6N2,MWH,NASDAQ,2026-02-13,,observation
BBG01ZZ7RBW8,SUNB,NYSE,2026-03-03,,observation
BBG020PSLYJ0,JAN,NYSE,2026-03-23,,observation
BBG020QYV152,HONA,NASDAQ,2026-06-16,,observation
CIK1002047-COMMON,NTAP,NASDAQ,2008-01-11,,observation
CIK100517-COMMON,UAUA,,2007-12-17,,observation
CIK1011006-COMMON,YHOO,,2007-12-17,2017-06-16,observation
CIK1018005-COMMON,CWTR,,2007-12-24,2012-10-01,observation
CIK101829-COMMON,UTX,,2007-12-20,,observation
CIK1023291-COMMON,TXU,,2008-01-16,2009-06-08,observation
CIK1037676-COMMON,ACI,NYSE,2007-12-17,2016-01-11,observation
CIK1038205-COMMON,OZRK,NASDAQ,2008-01-14,2017-07-06,observation
CIK104207-COMMON,WAG,NYSE,2007-12-26,2014-12-30,observation
CIK1045609-COMMON,AMB,,2008-01-04,,observation
CIK1046568-COMMON,CECO,,2007-12-24,,observation
CIK105319-COMMON,WTW,,2008-01-16,2012-06-28,observation
CIK105319-COMMON,WW,,2012-06-29,2012-07-01,observation
CIK105319-COMMON,WTW,,2012-07-02,2012-12-30,ftd
CIK105319-COMMON,WW,,2012-12-31,2013-01-01,observation
CIK105319-COMMON,WTW,,2013-01-02,2013-06-27,ftd
CIK105319-COMMON,WW,,2013-06-28,2013-07-01,observation
CIK105319-COMMON,WTW,,2013-07-02,2013-12-30,ftd
CIK105319-COMMON,WW,,2013-12-31,2014-01-01,observation
CIK105319-COMMON,WTW,,2014-01-02,2019-04-22,ftd
CIK105319-COMMON,WW,NASDAQ,2019-04-23,,ftd
CIK1056087-COMMON,MNI,,2007-12-17,2016-05-25,observation
CIK1066104-COMMON,EXBD,,2008-01-07,2012-08-10,observation
CIK1070412-COMMON,CNX,,2008-01-07,2017-11-29,observation
CIK1070412-COMMON,CNXXXXX,,2017-11-30,,ftd
CIK1070985-COMMON,CXW,NYSE,2008-01-16,,observation
CIK1074771-COMMON,TOC,,2007-12-17,2008-01-15,ftd
CIK1074771-COMMON,TRI,,2008-01-16,2008-01-22,observation
CIK1074771-COMMON,TOC,,2008-01-23,2008-04-17,ftd
CIK1074771-COMMON,TRI,,2008-04-18,2018-11-27,observation
CIK1074771-COMMON,TRIXXXX,,2018-11-28,2018-11-30,ftd
CIK1075415-COMMON,SNH,,2007-12-17,,observation
CIK1075531-COMMON,PCLN,,2007-12-17,,observation
CIK1080014-COMMON,THRX,,2007-12-27,,observation
CIK1095651-COMMON,SFI,,2007-12-18,2013-12-19,observation
CIK1095651-COMMON,STAR,,2013-12-20,,ftd
CIK1100962-COMMON,ENDP,NASDAQ,2008-01-16,2014-02-28,observation
CIK1103982-COMMON,KFT,,2007-12-26,,observation
CIK1115836-COMMON,OEH,,2008-01-16,2014-07-01,observation
CIK1116132-COMMON,COH,,2007-12-18,,observation
CIK1137789-COMMON,STX,NASDAQ,2007-12-17,,observation
CIK1138118-COMMON,CBG,,2007-12-17,,observation
CIK1141399-COMMON,ABBI,NASDAQ,2008-01-16,2008-09-20,observation
CIK1141982-COMMON,CBE,,2007-12-17,2009-09-08,observation
CIK1156039-COMMON,WLP,,2008-01-08,,observation
CIK1163348-COMMON,AWH,,2008-01-16,2010-11-30,observation
CIK1166126-COMMON,JCP,NYSE,2007-12-19,2020-05-18,observation
CIK1169055-COMMON,NE,NYSE,2007-12-27,2009-03-26,observation
CIK1170565-COMMON,WFT,NYSE,2007-12-18,2009-02-25,observation
CIK1224608-COMMON,CNO,,2007-12-17,2010-05-18,observation
CIK1224608-COMMON,CNOXXXX,,2010-05-19,,ftd
CIK1282266-COMMON,WIN,,2007-12-18,2015-04-27,observation
CIK1283699-COMMON,PCS,,2007-12-17,,observation
CIK1308161-CLASS-A,NCRA,,2007-12-17,2013-06-28,observation
CIK1308161-COMMON,NWS-A,,2007-12-19,2013-07-01,observation
CIK1323854-COMMON,WCRX,,2007-12-17,2009-08-21,observation
CIK1336917-CLASS-C,UAC-C,,2016-06-30,,observation
CIK1355096-COMMON,LINTA,,2007-12-17,2012-08-21,observation
CIK1355096-COMMON,LVNTA,,2012-08-22,2012-08-28,ftd
CIK1355096-COMMON,LINTA,,2012-08-29,2012-08-29,ftd
CIK1355096-COMMON,LVNTA,,2012-08-30,2012-08-30,ftd
CIK1355096-COMMON,LINTA,,2012-08-31,2012-09-03,ftd
CIK1355096-COMMON,LVNTA,,2012-09-04,2012-09-05,ftd
CIK1355096-COMMON,LINTA,,2012-09-06,2012-09-09,ftd
CIK1355096-COMMON,LVNTA,,2012-09-10,2012-09-10,ftd
CIK1355096-COMMON,LINTA,,2012-09-11,2012-09-13,ftd
CIK1355096-COMMON,LVNTA,,2012-09-14,2012-09-24,ftd
CIK1355096-COMMON,LINTA,,2012-09-25,2012-10-09,ftd
CIK1355096-COMMON,LVNTA,,2012-10-10,2012-10-17,ftd
CIK1355096-COMMON,LINTA,,2012-10-18,2013-01-21,ftd
CIK1355096-COMMON,LVNTA,,2013-01-22,2013-01-24,ftd
CIK1355096-COMMON,LINTA,,2013-01-25,2013-02-19,ftd
CIK1355096-COMMON,LVNTA,,2013-02-20,2013-02-25,ftd
CIK1355096-COMMON,LINTA,,2013-02-26,2013-03-24,ftd
CIK1355096-COMMON,LVNTA,,2013-03-25,2013-03-25,ftd
CIK1355096-COMMON,LINTA,,2013-03-26,2013-05-12,ftd
CIK1355096-COMMON,LVNTA,,2013-05-13,2013-05-13,ftd
CIK1355096-COMMON,LINTA,,2013-05-14,2013-05-16,ftd
CIK1355096-COMMON,LVNTA,,2013-05-17,2013-05-27,ftd
CIK1355096-COMMON,LINTA,,2013-05-28,2013-05-30,ftd
CIK1355096-COMMON,LVNTA,,2013-05-31,2013-06-03,ftd
CIK1355096-COMMON,LINTA,,2013-06-04,2013-06-11,ftd
CIK1355096-COMMON,LVNTA,,2013-06-12,2013-06-16,ftd
CIK1355096-COMMON,LINTA,,2013-06-17,2013-06-23,ftd
CIK1355096-COMMON,LVNTA,,2013-06-24,2013-06-25,ftd
CIK1355096-COMMON,LINTA,,2013-06-26,2013-06-30,ftd
CIK1355096-COMMON,LVNTA,,2013-07-01,2013-07-10,ftd
CIK1355096-COMMON,LINTA,,2013-07-11,2013-09-02,ftd
CIK1355096-COMMON,LVNTA,,2013-09-03,2013-09-04,ftd
CIK1355096-COMMON,LINTA,,2013-09-05,2013-09-16,ftd
CIK1355096-COMMON,LVNTA,,2013-09-17,2013-09-18,ftd
CIK1355096-COMMON,LINTA,,2013-09-19,2013-10-10,ftd
CIK1355096-COMMON,LVNTA,,2013-10-11,2013-10-14,ftd
CIK1355096-COMMON,LINTA,,2013-10-15,2013-12-01,ftd
CIK1355096-COMMON,LVNTA,,2013-12-02,2013-12-03,ftd
CIK1355096-COMMON,LINTA,,2013-12-04,2013-12-15,ftd
CIK1355096-COMMON,LVNTA,,2013-12-16,2013-12-16,ftd
CIK1355096-COMMON,LINTA,,2013-12-17,2014-01-30,ftd
CIK1355096-COMMON,LVNTA,,2014-01-31,2014-02-04,ftd
CIK1355096-COMMON,LINTA,,2014-02-05,2014-02-12,ftd
CIK1355096-COMMON,LVNTA,,2014-02-13,2014-02-17,ftd
CIK1355096-COMMON,LINTA,,2014-02-18,2014-03-12,ftd
CIK1355096-COMMON,LVNTA,,2014-03-13,2014-03-13,ftd
CIK1355096-COMMON,LINTA,,2014-03-14,2014-03-18,ftd
CIK1355096-COMMON,LVNTA,,2014-03-19,2014-03-26,ftd
CIK1355096-COMMON,LINTA,,2014-03-27,2014-05-04,ftd
CIK1355096-COMMON,LVNTA,,2014-05-05,2014-05-11,ftd
CIK1355096-COMMON,LINTA,,2014-05-12,2014-06-23,ftd
CIK1355096-COMMON,LVNTA,,2014-06-24,2014-06-24,ftd
CIK1355096-COMMON,LINTA,,2014-06-25,2014-07-31,ftd
CIK1355096-COMMON,LVNTA,,2014-08-01,2014-08-10,ftd
CIK1355096-COMMON,LINTA,,2014-08-11,2014-08-26,ftd
CIK1355096-COMMON,LVNTA,,2014-08-27,2014-08-27,ftd
CIK1355096-COMMON,LINTA,,2014-08-28,2014-09-02,ftd
CIK1355096-COMMON,LVNTA,,2014-09-03,2014-09-07,ftd
CIK1355096-COMMON,LINTA,,2014-09-08,2014-09-10,ftd
CIK1355096-COMMON,LVNTA,,2014-09-11,2014-09-17,ftd
CIK1355096-COMMON,LINTA,,2014-09-18,2014-10-01,ftd
CIK1355096-COMMON,LVNTA,,2014-10-02,2014-10-06,ftd
CIK1355096-COMMON,LINTA,,2014-10-07,2014-10-08,ftd
CIK1355096-COMMON,LVNTA,,2014-10-09,2014-10-09,ftd
CIK1355096-COMMON,QVCA,,2014-10-10,2014-10-15,ftd
CIK1355096-COMMON,LVNTA,,2014-10-16,2014-10-21,ftd
CIK1355096-COMMON,QVCA,,2014-10-22,2014-10-22,ftd
CIK1355096-COMMON,LVNTA,,2014-10-23,2014-10-27,ftd
CIK1355096-COMMON,QVCA,,2014-10-28,2014-10-28,ftd
CIK1355096-COMMON,LVNTA,,2014-10-29,2014-11-25,ftd
CIK1355096-COMMON,QVCA,,2014-11-26,2014-12-03,ftd
CIK1355096-COMMON,LVNTA,,2014-12-04,2014-12-08,ftd
CIK1355096-COMMON,QVCA,,2014-12-09,2014-12-10,ftd
CIK1355096-COMMON,LVNTA,,2014-12-11,2014-12-11,ftd
CIK1355096-COMMON,QVCA,,2014-12-12,2014-12-21,ftd
CIK1355096-COMMON,LVNTA,,2014-12-22,2014-12-23,ftd
CIK1355096-COMMON,QVCA,,2014-12-24,2015-01-07,observation
CIK1355096-COMMON,LVNTA,,2015-01-08,2015-01-11,ftd
CIK1355096-COMMON,QVCA,,2015-01-12,2015-01-19,ftd
CIK1355096-COMMON,LVNTA,,2015-01-20,2015-01-21,ftd
CIK1355096-COMMON,QVCA,,2015-01-22,2015-01-28,ftd
CIK1355096-COMMON,LVNTA,,2015-01-29,2015-02-03,ftd
CIK1355096-COMMON,QVCA,,2015-02-04,2015-02-04,ftd
CIK1355096-COMMON,LVNTA,,2015-02-05,2015-02-05,ftd
CIK1355096-COMMON,QVCA,,2015-02-06,2015-02-22,ftd
CIK1355096-COMMON,LVNTA,,2015-02-23,2015-03-02,ftd
CIK1355096-COMMON,QVCA,,2015-03-03,2015-03-03,ftd
CIK1355096-COMMON,LVNTA,,2015-03-04,2015-03-04,ftd
CIK1355096-COMMON,QVCA,,2015-03-05,2015-03-09,ftd
CIK1355096-COMMON,LVNTA,,2015-03-10,2015-03-11,ftd
CIK1355096-COMMON,QVCA,,2015-03-12,2015-04-30,ftd
CIK1355096-COMMON,LVNTA,,2015-05-01,2015-05-06,ftd
CIK1355096-COMMON,QVCA,,2015-05-07,2015-05-12,ftd
CIK1355096-COMMON,LVNTA,,2015-05-13,2015-05-13,ftd
CIK1355096-COMMON,QVCA,,2015-05-14,2015-05-14,ftd
CIK1355096-COMMON,LVNTA,,2015-05-15,2015-05-17,ftd
CIK1355096-COMMON,QVCA,,2015-05-18,2015-05-21,ftd
CIK1355096-COMMON,LVNTA,,2015-05-22,2015-05-25,ftd
CIK1355096-COMMON,QVCA,,2015-05-26,2015-05-27,ftd
CIK1355096-COMMON,LVNTA,,2015-05-28,2015-05-28,ftd
CIK1355096-COMMON,QVCA,,2015-05-29,2015-06-10,ftd
CIK1355096-COMMON,LVNTA,,2015-06-11,2015-06-11,ftd
CIK1355096-COMMON,QVCA,,2015-06-12,2015-06-17,ftd
CIK1355096-COMMON,LVNTA,,2015-06-18,2015-06-21,ftd
CIK1355096-COMMON,QVCA,,2015-06-22,2015-07-09,observation
CIK1355096-COMMON,LVNTA,,2015-07-10,2015-07-12,ftd
CIK1355096-COMMON,QVCA,,2015-07-13,2015-07-26,ftd
CIK1355096-COMMON,LVNTA,,2015-07-27,2015-07-27,ftd
CIK1355096-COMMON,QVCA,,2015-07-28,2015-08-10,ftd
CIK1355096-COMMON,LVNTA,,2015-08-11,2015-09-07,ftd
CIK1355096-COMMON,QVCA,,2015-09-08,2015-09-16,ftd
CIK1355096-COMMON,LVNTA,,2015-09-17,2015-09-17,ftd
CIK1355096-COMMON,QVCA,,2015-09-18,2015-09-21,ftd
CIK1355096-COMMON,LVNTA,,2015-09-22,2015-10-06,ftd
CIK1355096-COMMON,QVCA,,2015-10-07,2015-11-19,ftd
CIK1355096-COMMON,LVNTA,,2015-11-20,2015-11-22,ftd
CIK1355096-COMMON,QVCA,,2015-11-23,2015-11-23,ftd
CIK1355096-COMMON,LVNTA,,2015-11-24,2015-12-06,ftd
CIK1355096-COMMON,QVCA,,2015-12-07,2015-12-09,ftd
CIK1355096-COMMON,LVNTA,,2015-12-10,2015-12-10,ftd
CIK1355096-COMMON,QVCA,,2015-12-11,2015-12-20,ftd
CIK1355096-COMMON,LVNTA,,2015-12-21,2015-12-27,ftd
CIK1355096-COMMON,QVCA,,2015-12-28,2016-02-01,observation
CIK1355096-COMMON,LVNTA,,2016-02-02,2016-02-07,ftd
CIK1355096-COMMON,QVCA,,2016-02-08,2016-02-09,ftd
CIK1355096-COMMON,LVNTA,,2016-02-10,2016-02-22,ftd
CIK1355096-COMMON,QVCA,,2016-02-23,2016-03-03,ftd
CIK1355096-COMMON,LVNTA,,2016-03-04,2016-03-09,ftd
CIK1355096-COMMON,QVCA,,2016-03-10,2016-03-20,ftd
CIK1355096-COMMON,LVNTA,,2016-03-21,2016-04-03,ftd
CIK1355096-COMMON,QVCA,,2016-04-04,2016-04-10,ftd
CIK1355096-COMMON,LVNTA,,2016-04-11,2016-04-20,ftd
CIK1355096-COMMON,QVCA,,2016-04-21,2016-04-25,ftd
CIK1355096-COMMON,LVNTA,,2016-04-26,2016-05-05,ftd
CIK1355096-COMMON,QVCA,,2016-05-06,2016-05-09,ftd
CIK1355096-COMMON,LVNTA,,2016-05-10,2016-05-11,ftd
CIK1355096-COMMON,QVCA,,2016-05-12,2016-05-15,ftd
CIK1355096-COMMON,LVNTA,,2016-05-16,2016-05-19,ftd
CIK1355096-COMMON,QVCA,,2016-05-20,2016-06-28,ftd
CIK1355096-COMMON,LVNTA,,2016-06-29,2016-06-29,ftd
CIK1355096-COMMON,QVCA,,2016-06-30,2016-07-14,observation
CIK1355096-COMMON,LVNTA,,2016-07-15,2016-07-17,ftd
CIK1355096-COMMON,QVCA,,2016-07-18,2016-08-11,ftd
CIK1355096-COMMON,LVNTA,,2016-08-12,2016-08-30,ftd
CIK1355096-COMMON,QVCA,,2016-08-31,2016-09-07,ftd
CIK1355096-COMMON,LVNTA,,2016-09-08,2016-09-18,ftd
CIK1355096-COMMON,QVCA,,2016-09-19,2016-10-11,ftd
CIK1355096-COMMON,LVNTA,,2016-10-12,2016-10-12,ftd
CIK1355096-COMMON,QVCA,,2016-10-13,2016-10-16,ftd
CIK1355096-COMMON,LVNTA,,2016-10-17,2016-10-24,ftd
CIK1355096-COMMON,QVCA,,2016-10-25,2016-10-27,ftd
CIK1355096-COMMON,LVNTA,,2016-10-28,2016-11-07,ftd
CIK1355096-COMMON,QVCA,,2016-11-08,2018-03-12,observation
CIK1355096-COMMON,QRTEA,,2018-03-13,2018-04-10,ftd
CIK1356090-COMMON,XON,,2013-08-13,,observation
CIK1360604-COMMON,HTA,,2012-06-11,,observation
CIK1361658-COMMON,WYND,,2012-06-29,,observation
CIK1363851-COMMON,SXCI,,2008-03-07,2012-07-10,observation
CIK1418135-COMMON,DPS,,2008-05-09,,observation
CIK1420800-COMMON,CFX,,2008-06-23,,observation
CIK1423689-COMMON,AGNC,,2008-06-26,2016-10-03,observation
CIK1423689-COMMON,AGNCXXXX,,2016-10-04,,ftd
CIK1428875-COMMON,SERV,,2014-07-01,2020-10-02,observation
CIK1458891-COMMON,NE,,2009-03-30,2013-11-18,observation
CIK1465112-COMMON,DTV,,2009-11-23,2012-08-27,observation
CIK1469372-CLASS-A,MSG,,2010-02-16,2015-10-02,observation
CIK1471261-COMMON,CIE,NYSE,2009-12-23,2017-12-13,observation
CIK1478242-COMMON,Q,,2013-05-14,,observation
CIK1498301-COMMON,ASNA,NASDAQ,2011-01-04,2020-08-03,observation
CIK1511737-COMMON,UBNT,,2012-01-26,,observation
CIK1521332-COMMON,DLPH,,2011-11-22,2017-12-05,observation
CIK1521332-COMMON,3106PS,,2017-12-06,,ftd
CIK1533932-CLASS-A,VNTV,,2012-03-27,2018-01-12,observation
CIK1561032-COMMON,ARCP,,2011-09-12,2014-12-18,observation
CIK1561032-COMMON,HTA,,2014-12-19,2015-02-02,observation
CIK1561032-COMMON,ARCP,,2015-02-03,2015-02-09,ftd
CIK1561032-COMMON,HTA,,2015-02-10,2015-02-10,ftd
CIK1561032-COMMON,ARCP,,2015-02-11,2015-02-11,ftd
CIK1561032-COMMON,HTA,,2015-02-12,2015-02-24,ftd
CIK1561032-COMMON,ARCP,,2015-02-25,2015-03-16,ftd
CIK1561032-COMMON,HTA,,2015-03-17,2015-04-14,ftd
CIK1561032-COMMON,ARCP,,2015-04-15,2015-04-15,ftd
CIK1561032-COMMON,HTA,,2015-04-16,2015-04-30,ftd
CIK1561032-COMMON,ARCP,,2015-05-01,2015-06-11,ftd
CIK1561032-COMMON,HTA,,2015-06-12,2015-06-17,ftd
CIK1561032-COMMON,ARCP,,2015-06-18,2015-06-18,ftd
CIK1561032-COMMON,HTA,,2015-06-19,2015-06-24,ftd
CIK1561032-COMMON,ARCP,,2015-06-25,2015-06-25,ftd
CIK1561032-COMMON,HTA,,2015-06-26,2015-06-28,ftd
CIK1561032-COMMON,ARCP,,2015-06-29,2015-06-30,observation
CIK1561032-COMMON,HTA,,2015-07-01,2015-07-08,ftd
CIK1561032-COMMON,ARCP,,2015-07-09,2015-07-22,ftd
CIK1561032-COMMON,HTA,,2015-07-23,2015-07-27,ftd
CIK1561032-COMMON,ARCP,,2015-07-28,2015-08-02,ftd
CIK1561032-COMMON,HTA,,2015-08-03,,observation
CIK1571949-COMMON,ICE,NYSE,2008-01-16,,observation
CIK1575828-COMMON,FI,,2013-08-19,2021-10-01,observation
CIK1578845-COMMON,ACT,,2013-10-02,2015-06-15,observation
CIK1584207-COMMON,LEAF,,2013-10-21,,observation
CIK1594686-COMMON,WPG,,2015-01-20,2016-08-31,observation
CIK1606498-COMMON,HYH,,2014-11-05,,observation
CIK1611983-COMMON,LBKRV,,2014-12-31,,observation
CIK1620280-COMMON,CSAL,,2015-04-29,2017-02-28,observation
CIK1650962-COMMON,MFS,,2016-03-07,2017-03-03,observation
CIK1666700-COMMON,DWDP,,2017-09-01,,observation
CIK1679688-CLASS-A,CLNS,,2017-01-12,,observation
CIK1723089-COMMON,APY,NYSE,2018-05-10,2021-01-10,observation
CIK1800227-COMMON,IAC,,2020-07-02,,observation
CIK1803737-COMMON,EHAB-WI,,2022-06-30,2022-06-30,observation
CIK1808220-CLASS-A,GOCO,,2020-07-17,2022-11-17,observation
CIK1929561-COMMON,RXO-WI,,2022-12-31,,observation
CIK202058-COMMON,HRS,,2008-01-16,,observation
CIK20520-COMMON,FTR,,2008-08-01,2017-07-10,observation
CIK23666-COMMON,SLE,,2008-01-07,2012-06-28,observation
CIK30697-COMMON,WEN,NASDAQ,2008-10-01,,observation
CIK314808-CLASS-A,ESV,,2012-05-23,,observation
CIK314808-COMMON,ESV,,2008-01-10,,observation
CIK315293-COMMON,AOC,,2007-12-21,2009-12-01,observation
CIK315293-COMMON,AON,NYSE,2009-12-02,,ftd
CIK316300-COMMON,XCO,,2007-12-20,2017-06-13,observation
CIK316300-COMMON,XCOXXXX,NYSE,2017-06-14,2017-12-22,ftd
CIK320335-COMMON,TMK,,2008-01-10,,observation
CIK33213-COMMON,EQT,NYSE,2008-01-16,,observation
CIK38079-COMMON,FST,NYSE,2008-01-16,2014-12-15,observation
CIK39899-COMMON,GCI,,2007-12-19,2012-06-28,observation
CIK39899-COMMON,TGNA,,2012-06-29,2012-07-01,observation
CIK39899-COMMON,GCI,,2012-07-02,2012-12-30,ftd
CIK39899-COMMON,TGNA,,2012-12-31,2013-01-01,observation
CIK39899-COMMON,GCI,,2013-01-02,2013-06-27,ftd
CIK39899-COMMON,TGNA,,2013-06-28,2013-06-30,observation
CIK39899-COMMON,GCI,,2013-07-01,2013-12-30,ftd
CIK39899-COMMON,TGNA,,2013-12-31,2014-01-01,observation
CIK39899-COMMON,GCI,,2014-01-02,2014-06-29,ftd
CIK39899-COMMON,TGNA,,2014-06-30,2014-06-30,observation
CIK39899-COMMON,GCI,,2014-07-01,2015-06-30,observation
CIK47217-COMMON,HPQ,,2007-12-17,2015-11-02,observation
CIK47217-COMMON,HPQXXXX,,2015-11-03,,ftd
CIK47518-COMMON,HB,,2008-01-16,2009-06-08,observation
CIK48039-COMMON,HOC,,2007-12-24,2011-07-01,observation
CIK48898-CLASS-B,HUB-B,,2008-01-16,2015-12-27,observation
CIK48898-CLASS-B,HUBBXXXX,,2015-12-28,,ftd
CIK50104-COMMON,TSO,,2007-12-19,2017-07-31,observation
CIK52988-COMMON,J,NYSE,2012-06-29,,observation
CIK68505-COMMON,MOT,,2007-12-17,,observation
CIK701985-COMMON,LTD,,2007-12-17,,observation
CIK708819-COMMON,MDR,,2008-01-02,2018-05-08,observation
CIK709519-COMMON,SUNW,NASDAQ,2008-01-16,2010-02-05,observation
CIK716006-COMMON,YRCW,,2007-12-17,2010-10-04,observation
CIK730464-COMMON,DV,,2007-12-18,,observation
CIK733269-COMMON,ACXM,,2007-12-17,,observation
CIK73887-COMMON,ERA,,2013-02-04,2020-06-16,observation
CIK753308-COMMON,FPL,,2007-12-17,,observation
CIK764065-COMMON,CLF,NYSE,2008-10-16,,observation
CIK765880-COMMON,PEAK,,2012-06-29,,observation
CIK766704-COMMON,HCN,,2007-12-21,,observation
CIK77551-COMMON,ABI,,2008-01-07,2008-07-01,observation
CIK777001-COMMON,BSC,,2008-09-16,2011-08-26,observation
CIK78128-COMMON,WTR,,2007-12-20,,observation
CIK78239-COMMON,PVH,NYSE,2007-12-20,,observation
CIK783325-COMMON,WEC,NYSE,2007-12-20,,observation
CIK789073-COMMON,FO,,2008-01-16,2011-10-06,observation
CIK803649-COMMON,HRP,,2007-12-19,2010-06-30,observation
CIK803649-COMMON,CWH,,2010-07-01,2014-08-03,observation
CIK803649-COMMON,3101SC,,2014-08-04,2014-08-05,ftd
CIK804055-COMMON,CCE,NYSE,2007-12-20,2010-10-01,observation
CIK813828-CLASS-B,CBS,,2007-12-17,2019-12-06,observation
CIK833444-COMMON,TYC,,2014-11-18,,observation
CIK836102-COMMON,ASD,NYSE,2008-01-16,2008-06-05,observation
CIK845752-COMMON,AH,,2008-01-16,2014-03-20,observation
CIK845752-COMMON,ACHI,,2014-03-21,2017-02-01,ftd
CIK849778-COMMON,CYTC,,2008-01-16,2009-06-08,observation
CIK860748-COMMON,UTR,,2008-01-16,,observation
CIK866121-COMMON,ATK,,2008-01-16,2015-02-09,observation
CIK867773-COMMON,SPWR,,2007-12-17,2008-09-30,observation
CIK867773-COMMON,SPWRA,,2008-10-01,2008-11-17,ftd
CIK867773-COMMON,SPWR,,2008-11-18,2008-11-18,observation
CIK867773-COMMON,SPWRA,,2008-11-19,2009-01-22,ftd
CIK867773-COMMON,SPWR,,2009-01-23,2009-01-25,observation
CIK867773-COMMON,SPWRA,,2009-01-26,2009-03-19,ftd
CIK867773-COMMON,SPWR,,2009-03-20,2009-03-22,observation
CIK867773-COMMON,SPWRA,,2009-03-23,2009-06-07,ftd
CIK867773-COMMON,SPWR,,2009-06-08,2009-06-08,observation
CIK874015-COMMON,ISIS,,2007-12-19,,observation
CIK874214-COMMON,ANN,,2007-12-17,2011-03-15,observation
CIK875159-COMMON,XL,,2007-12-19,2010-06-30,observation
CIK88205-COMMON,SPW,,2008-01-16,2015-09-28,observation
CIK88205-COMMON,SPXC,NYSE,2015-09-29,,ftd
CIK884629-COMMON,WPI,,2007-12-27,2013-01-24,observation
CIK884629-COMMON,ACT,NYSE,2013-01-25,2013-09-30,observation
CIK886835-COMMON,SPN,,2008-01-16,2019-09-30,observation
CIK886835-COMMON,SPNV,NYSE,2019-10-01,2020-09-17,ftd
CIK891103-COMMON,IACI,,2008-01-07,2012-06-28,observation
CIK891103-COMMON,IAC,,2012-06-29,,observation
CIK892535-COMMON,TMA,,2007-12-17,2008-09-29,observation
CIK893538-COMMON,SM,,2007-12-24,2010-06-08,observation
CIK893538-COMMON,SMXXXX,,2010-06-09,,ftd
CIK893949-COMMON,PDX,,2007-12-26,,observation
CIK894315-COMMON,DDR,,2007-12-21,,observation
CIK895419-COMMON,CREE,,2007-12-17,,observation
CIK895648-COMMON,GGP,NYSE,2007-12-19,2009-04-15,observation
CIK896159-COMMON,ACE,,2007-12-17,2012-06-28,observation
CIK896159-COMMON,CB,,2012-06-29,2012-07-01,observation
CIK896159-COMMON,ACE,,2012-07-02,2012-12-30,ftd
CIK896159-COMMON,CB,,2012-12-31,2013-01-02,observation
CIK896159-COMMON,ACE,,2013-01-03,2013-06-27,ftd
CIK896159-COMMON,CB,,2013-06-28,2013-06-30,observation
CIK896159-COMMON,ACE,,2013-07-01,2013-12-30,ftd
CIK896159-COMMON,CB,,2013-12-31,2014-01-01,observation
CIK896159-COMMON,ACE,,2014-01-02,2014-06-29,ftd
CIK896159-COMMON,CB,,2014-06-30,2014-06-30,observation
CIK896159-COMMON,ACE,,2014-07-01,,observation
CIK898174-COMMON,RGA,NYSE,2008-01-14,,observation
CIK908937-COMMON,SIRI,NASDAQ,2007-12-17,,observation
CIK910073-COMMON,NYB,,2007-12-24,2012-06-28,observation
CIK910073-COMMON,NYCB,,2012-06-29,2012-07-01,observation
CIK910073-COMMON,NYB,,2012-07-02,2012-11-14,ftd
CIK910073-COMMON,NYCB,,2012-11-15,2024-07-14,observation
CIK910073-COMMON,NYCBXXXX,,2024-07-15,,ftd
CIK922864-COMMON,AIV,NYSE,2007-12-21,,observation
CIK929351-COMMON,LGF,,2008-01-08,,observation
CIK931336-COMMON,DF,,2007-12-17,2013-08-26,observation
CIK93556-COMMON,SWK,NYSE,2007-12-21,,observation
CIK944314-COMMON,SSS,,2007-12-21,2016-08-16,observation
CIK944868-COMMON,DTV,NASDAQ,2007-12-21,2009-11-29,observation
CIK945394-COMMON,HPT,,2007-12-20,,observation
CIK945436-COMMON,WFR,,2007-12-17,2013-05-31,observation
CIK96289-COMMON,RSH,NYSE,2007-12-17,2015-02-02,observation
