sec_id,ticker,our_bucket,our_code,our_reason,edgar_name,former_names,resolved_name,name_match,delist_form_present,verdict,note
BBG000B9X5K7,ALD,merger,231,M&A 2.01+3.01+5.01 (acquired by external acquirer),ALLIED CAPITAL CORP,ALLIED CAPITAL LENDING CORP,ALLIED CAPITAL CORP,2/2,"25=Y,15=Y",OK,
BBG000B9YSK6,CBL,exchange_transfer,304,Continued 10-K/Q filings >180d after delist (moved to OTC or spun off),CBL & ASSOCIATES PROPERTIES INC,,CBL & ASSOCIATES PROPERTIES INC.,2/2,"25=N,15=N",WEAK_no_delist_form,
BBG000B9ZGM9,BGC,merger,231,M&A 2.01+3.01+5.01 (acquired by external acquirer),GENERAL CABLE CORP /DE/,,GENERAL CABLE CORP,2/2,"25=Y,15=Y",OK,
BBG000B9ZV28,AMED,merger,231,M&A 2.01+3.01+5.01 (acquired by external acquirer),AMEDISYS INC,,AMEDISYS INC,1/1,"25=Y,15=Y",OK,
BBG000BB03M1,CBI,merger,231,M&A 2.01+3.01+5.01 (acquired by external acquirer),CHICAGO BRIDGE & IRON CO N V,,CHICAGO BRIDGE & IRON COMPANY NV,3/3,"25=Y,15=Y",OK,
BBG000BB1BW1,CPS,merger,231,M&A 2.01+3.01+5.01 (acquired by external acquirer),CHOICEPOINT INC,,CHOICEPOINT INC,1/1,"25=Y,15=Y",OK,
BBG000BB27M0,DNA,merger,231,Merger filing SC 14D9 2009-02-23 before the delisting,GENENTECH INC,,GENENTECH INC,1/1,"25=Y,15=Y",OK,
BBG000BB2KW0,APOL,merger,231,M&A 2.01+3.01+5.01 (acquired by external acquirer),APOLLO EDUCATION GROUP INC,APOLLO GROUP INC,APOLLO EDUCATION GROUP INC CLASS A,2/2,"25=Y,15=Y",OK,
BBG000BB2N27,THI,merger,231,M&A 2.01+3.01+5.01 (acquired by external acquirer),Tim Hortons Inc.,,TIM HORTONS INC,1/1,"25=Y,15=Y",OK,
BBG000BB2PH6,FCS,exchange_transfer,304,Continued 10-K/Q filings >180d after delist (moved to OTC or spun off),FAIRCHILD SEMICONDUCTOR INTERNATIONAL INC,FSC SEMICONDUCTOR CORP,FAIRCHILD SEMICONDUCTOR INTERNATIO,2/3,"25=Y,15=N",OK,
BBG000BB2PH6,FCS,merger,231,M&A 2.01+3.01+5.01 (acquired by external acquirer),FAIRCHILD SEMICONDUCTOR INTERNATIONAL INC,FSC SEMICONDUCTOR CORP,FAIRCHILD SEMICONDUCTOR INTERNATIO,2/3,"25=Y,15=Y",OK,
BBG000BB2PW9,DNB,merger,231,M&A 2.01+3.01+5.01 (acquired by external acquirer),DUN & BRADSTREET CORP/NW,NEW D&B CORP,DUN & BRADSTREET CORP,1/1,"25=Y,15=Y",OK,
BBG000BB38Q3,CVD,merger,231,M&A 2.01+3.01+5.01 (acquired by external acquirer),COVANCE INC,CORNING PHARMACEUTICAL SERVICES INC,COVANCE INC.,1/1,"25=Y,15=Y",OK,
BBG000BB4WY0,CVG,merger,231,M&A 2.01+3.01+5.01 (acquired by external acquirer),CONCENTRIX CVG Corp,CONVERGYS CORP,CONVERGYS CORP,1/1,"25=Y,15=Y",OK,
BBG000BB5HV5,ADCT,merger,231,"M&A change in control (5.01) with delisting/rights change, closing 8-K without 2.01",ADC TELECOMMUNICATIONS INC,,ADC TELECOMMUNICATIONS,1/1,"25=Y,15=Y",OK,
BBG000BB6F57,AVX,merger,200,M&A 2.01+3.01 (acquisition with delisting),AVX Corp,AVX CORP /DE/; AVX CORP /DE,AVX CORP.,0/0,"25=Y,15=Y",OK,
BBG000BB6G37,ADI,exchange_transfer,304,Continued 10-K/Q filings >180d after delist (moved to OTC or spun off),ANALOG DEVICES INC,,ANALOG DEVICES INC,2/2,"25=Y,15=N",OK,
BBG000BB6MM3,WBC,merger,231,M&A 2.01+3.01+5.01 (acquired by external acquirer),WABCO Holdings Inc.,,WABCO HOLDINGS INC,1/1,"25=Y,15=Y",OK,
BBG000BB8PG1,GRA,merger,231,"M&A change in control (5.01) with delisting/rights change, closing 8-K without 2.01",W R GRACE & CO,GRACE SPECIALTY CHEMICALS INC,WR GRACE,1/1,"25=Y,15=Y",OK,
BBG000BB9KF2,AEP,exchange_transfer,304,Ticker change / listing transfer: 3.01 notice announces a listing transfer; company still reports results,AMERICAN ELECTRIC POWER CO INC,AMERICAN ELECTRIC POWER COMPANY INC,AMERICAN ELECTRIC POWER INC,3/3,"25=Y,15=N",OK,
BBG000BB9RZ5,SHAW,merger,231,M&A 2.01+3.01+5.01 (acquired by external acquirer),SHAW GROUP INC,,SHAW GROUP INC.,1/1,"25=Y,15=Y",OK,
BBG000BBB3K1,RAI,merger,231,M&A 2.01+3.01+5.01 (acquired by external acquirer),REYNOLDS AMERICAN INC,,REYNOLDS AMERICAN INC,2/2,"25=Y,15=Y",OK,
BBG000BBBP59,PRE,exchange_transfer,304,Continued 10-K/Q filings >180d after delist (moved to OTC or spun off),PARTNERRE LTD,PARTNERRE HOLDINGS LTD,PARTNERRE LTD,1/1,"25=Y,15=Y",OK,
BBG000BBBQ84,PPO,merger,231,M&A 2.01+3.01+5.01 (acquired by external acquirer),"Polypore International, Inc.",,POLYPORE INTERNATIONAL INC.,1/1,"25=Y,15=Y",OK,
BBG000BBD070,HES,merger,231,M&A 2.01+3.01+5.01 (acquired by external acquirer),HESS CORP,AMERADA HESS CORP,HESS CORP,1/1,"25=Y,15=Y",OK,
BBG000BBDPQ4,NVE,merger,231,M&A 2.01+3.01+5.01 (acquired by external acquirer),"NV ENERGY, INC.",SIERRA PACIFIC RESOURCES /NV/; SIERRA PACIFIC RESOURCES,NV ENERGY INC.,1/1,"25=Y,15=Y",OK,
BBG000BBG2C7,CNH,merger,231,Merger filing 425 2013-09-18 before the delisting,CNH GLOBAL N V,NEW HOLLAND NV,CNH GLOBAL N.V.,1/1,"25=Y,15=Y",OK,
BBG000BBJB07,AKRX,liquidation,470,Bankruptcy (8-K item 1.03 filed 2020-05-21),AKORN INC,,AKORN INC,1/1,"25=Y,15=N",OK,
BBG000BBLK04,TW,merger,233,M&A 2.01+5.01 (subsidiary buyback / parent acquisition),Towers Watson & Co.,JUPITER SATURN HOLDING CO,TOWERS WATSON,2/2,"25=Y,15=Y",OK,
BBG000BBMSJ6,ALTR,merger,231,M&A 2.01+3.01+5.01 (acquired by external acquirer),ALTERA CORP,,ALTERA CORP,1/1,"25=Y,15=Y",OK,
BBG000BBMVS9,RAH,merger,231,M&A 2.01+3.01+5.01 (acquired by external acquirer),RALCORP HOLDINGS INC /MO,NEW RALCORP HOLDINGS INC,RALCORP HOLDINGS INC.,1/1,"25=Y,15=Y",OK,
BBG000BBQCY0,AMD,exchange_transfer,304,Ticker change / listing transfer: 3.01 notice announces a listing transfer; company still reports results,ADVANCED MICRO DEVICES INC,,ADVANCED MICRO DEVICES INC,3/3,"25=Y,15=N",OK,
BBG000BBSX81,PMCS,merger,231,M&A 2.01+3.01+5.01 (acquired by external acquirer),PMC SIERRA INC,SIERRA SEMICONDUCTOR CORP; SIERRA SEMICONDUCTOR CORPORATION,PMC-SIERRA INC.,1/1,"25=Y,15=Y",OK,
BBG000BBVCN6,ESI,liquidation,470,Bankruptcy (8-K item 1.03 filed 2016-09-26),ITT EDUCATIONAL SERVICES INC,,ITT EDUCATIONAL SVCS INC,1/2,"25=Y,15=N",OK,
BBG000BBVK30,AMR,liquidation,470,Bankruptcy (8-K item 1.03 filed 2011-11-29),American Airlines Group Inc.,AMR CORP,AMR CORP,0/0,"25=Y,15=N",OK,
BBG000BBXQ71,DLM,merger,231,"M&A change in control (5.01) with delisting/rights change, closing 8-K without 2.01",DEL MONTE FOODS CO,,DEL MONTE FOODS CO,2/2,"25=Y,15=Y",OK,
BBG000BBY4T5,ANAT,merger,231,Merger filing DEFM14A 2020-03-25 before the delisting,AMERICAN NATIONAL INSURANCE CO,AMERICAN NATIONAL INSURANCE CO /TX/,AMERICAN NATIONAL INSURANCE,3/3,"25=Y,15=Y",OK,
BBG000BC16H7,LPNT,merger,231,M&A 2.01+3.01+5.01 (acquired by external acquirer),"LEGACY LIFEPOINT HEALTH, INC.","LIFEPOINT HEALTH, INC.; LIFEPOINT HOSPITALS, INC.; Lakers Holding Corp.",LIFEPOINT HEALTH INC,2/2,"25=Y,15=Y",OK,
BBG000BC26P7,GES,merger,231,M&A 2.01+3.01+5.01 (acquired by external acquirer),GUESS INC,GUESS INC ET AL/CA/,GUESS INC,1/1,"25=Y,15=Y",OK,
BBG000BC2C10,APAXXXX,exchange_transfer,304,Continued 10-K/Q filings >180d after delist (moved to OTC or spun off); successor by same ticker,APACHE CORP,,APACHE CORP,1/1,"25=Y,15=Y",OK,
BBG000BC40Y8,APC,merger,231,M&A 2.01+3.01+5.01 (acquired by external acquirer),ANADARKO PETROLEUM CORP,,ANADARKO PETROLEUM CORP,2/2,"25=Y,15=Y",OK,
BBG000BC8G88,ARG,merger,231,M&A 2.01+3.01+5.01 (acquired by external acquirer),AIRGAS INC,,AIRGAS INC,1/1,"25=Y,15=Y",OK,
BBG000BC9938,VMW,merger,231,M&A 2.01+3.01+5.01 (acquired by external acquirer),VMWARE LLC,"VMWARE, INC.",VMWARE CLASS A INC,1/1,"25=Y,15=Y",OK,
BBG000BC9WH2,HME,merger,231,M&A 2.01+3.01+5.01 (acquired by external acquirer),HOME PROPERTIES INC,HOME PROPERTIES OF NEW YORK INC; HOME PROPERTIES OF NY,HOME PROPERTIES INC.,2/2,"25=Y,15=Y",OK,
BBG000BCBCM7,SPLS,merger,231,M&A 2.01+3.01+5.01 (acquired by external acquirer),STAPLES INC,,STAPLES INC,1/1,"25=Y,15=Y",OK,
BBG000BCFQC3,ASBC,exchange_transfer,304,Ticker change / listing transfer: 3.01 notice announces a listing transfer; company still reports results,ASSOCIATED BANC-CORP,,ASSOCIATED BANCORP,1/1,"25=Y,15=N",OK,
BBG000BCGY17,LO,merger,231,M&A 2.01+3.01+5.01 (acquired by external acquirer),"LORILLARD, LLC","LORILLARD, INC.",LORILLARD INC,1/1,"25=Y,15=Y",OK,
BBG000BCHG15,ASH,merger,231,M&A 2.01+3.01+5.01 (acquired by external acquirer),ASHLAND LLC,ASHLAND INC.; New EXM Inc.,ASHLAND INC,1/1,"25=Y,15=Y",OK,
BBG000BCKC47,GAS,exchange_transfer,304,Continued 10-K/Q filings >180d after delist (moved to OTC or spun off),SOUTHERN CO GAS,AGL RESOURCES INC,AGL RESOURCES INC.,1/1,"25=Y,15=Y",OK,
BBG000BCM087,ATW,merger,231,M&A 2.01+3.01+5.01 (acquired by external acquirer),ATWOOD OCEANICS INC,,ATWOOD OCEANICS INC.,2/2,"25=Y,15=Y",OK,
BBG000BCNYT9,AVP,exchange_transfer,304,Continued 10-K/Q filings >180d after delist (moved to OTC or spun off),AVON PRODUCTS INC,,AVON PRODUCTS INC,2/2,"25=Y,15=Y",OK,
BBG000BCQ6J8,KKR,exchange_transfer,304,Continued 10-K/Q filings >180d after delist (moved to OTC or spun off),KKR & Co. Inc.,KKR & Co. L.P.,KKR AND CO INC,0/0,"25=Y,15=Y",OK,
BBG000BCSPR5,COR,merger,231,M&A 2.01+3.01+5.01 (acquired by external acquirer),CoreSite Realty Corp,,CORESITE REALTY REIT CORP,2/3,"25=Y,15=Y",OK,
BBG000BCTL84,PMI,liquidation,470,Bankruptcy (8-K item 1.03 filed 2011-10-24),PMI GROUP INC,,PMI GROUP INC,0/0,"25=Y,15=N",OK,
BBG000BCTQ65,XEL,exchange_transfer,304,Ticker change / listing transfer: 3.01 notice announces a listing transfer; company still reports results,XCEL ENERGY INC,NORTHERN STATES POWER CO /MN/,XCEL ENERGY INC,2/2,"25=Y,15=N",OK,
BBG000BCX7G1,OMX,merger,231,M&A 2.01+3.01+5.01 (acquired by external acquirer),MAPLEBY HOLDINGS MERGER Corp,OFFICEMAX INC; BOISE CASCADE CORP,OFFICEMAX INC,1/1,"25=Y,15=Y",OK,
BBG000BCYP43,BCR,merger,231,"M&A change in control (5.01) with delisting/rights change, closing 8-K without 2.01",BARD C R INC /NJ/,,C R BARD INC,1/1,"25=Y,15=Y",OK,
BBG000BCZH22,BDK,merger,231,M&A 2.01+3.01+5.01 (acquired by external acquirer),BLACK & DECKER CORP,,BLACK & DECKER CORP,2/2,"25=Y,15=Y",OK,
BBG000BD0DV5,BEC,merger,231,M&A 2.01+3.01+5.01 (acquired by external acquirer),BECKMAN COULTER INC,BECKMAN INSTRUMENTS INC,BECKMAN COULTER INC,2/2,"25=Y,15=Y",OK,
BBG000BD0Q91,BKS,merger,231,M&A 2.01+3.01+5.01 (acquired by external acquirer),BARNES & NOBLE INC,,BARNES & NOBLE INC,2/2,"25=Y,15=Y",OK,
BBG000BD3LM4,NUAN,merger,231,M&A 2.01+3.01+5.01 (acquired by external acquirer),"Nuance Communications, Inc.",SCANSOFT INC; VISIONEER INC,NUANCE COMMUNICATIONS INC,2/2,"25=Y,15=Y",OK,
BBG000BD4VG8,BHI,exchange_transfer,304,Continued 10-K/Q filings >180d after delist (moved to OTC or spun off),Baker Hughes Holdings LLC,BAKER HUGHES a GE Co LLC; BAKER HUGHES INC,BAKER HUGHES INC,2/2,"25=Y,15=N",OK,
BBG000BD6SQ2,WDR,merger,231,M&A 2.01+3.01+5.01 (acquired by external acquirer),WADDELL & REED FINANCIAL INC,,WADDELL & REED FINANCIAL INC. CL A,3/3,"25=Y,15=Y",OK,
BBG000BD7W19,TIE,merger,200,M&A 2.01+3.01 (acquisition with delisting),TITANIUM METALS CORP,,TITANIUM METALS CORP.,2/2,"25=Y,15=Y",OK,
BBG000BDG1Y1,BMC,exchange_transfer,304,Continued 10-K/Q filings >180d after delist (moved to OTC or spun off),BMC SOFTWARE INC,,BMC SOFTWARE INC.,1/1,"25=Y,15=N",OK,
BBG000BDG1Y1,BMC,merger,231,M&A 2.01+3.01+5.01 (acquired by external acquirer),BMC SOFTWARE INC,,BMC SOFTWARE INC.,1/1,"25=Y,15=Y",OK,
BBG000BDHD29,UNVR,merger,231,M&A 2.01+3.01+5.01 (acquired by external acquirer),Univar Solutions Inc.,Univar Inc.,UNIVAR SOLUTIONS INC,2/2,"25=Y,15=Y",OK,
BBG000BDHNB7,BMS,merger,231,M&A 2.01+3.01+5.01 (acquired by external acquirer),"Amcor Flexibles North America, Inc.",BEMIS CO INC,BEMIS INC,1/1,"25=Y,15=Y",OK,
BBG000BDKN87,BNI,exchange_transfer,304,Continued 10-K/Q filings >180d after delist (moved to OTC or spun off),"BURLINGTON NORTHERN SANTA FE, LLC",BURLINGTON NORTHERN SANTA FE CORP; BURLINGTON NORTHERN SANTE FE CORP; BNSF CORP,BURLINGTON NORTHERN,2/2,"25=Y,15=Y",OK,
BBG000BDLLR9,BOL,merger,231,"M&A change in control (5.01) with delisting/rights change, closing 8-K without 2.01",BAUSCH & LOMB INC,,BAUSCH & LOMB INC,2/2,"25=Y,15=Y",OK,
BBG000BDN878,TAHO,unknown,,Delisted/deregistered without merger or distress evidence,TAHOE RESOURCES INC.,,TAHOE RESOURCES INC,2/2,"25=Y,15=Y",OK,
BBG000BDP616,BRE,merger,231,M&A 2.01+3.01+5.01 (acquired by external acquirer),BRE PROPERTIES INC /MD/,BRE PROPERTIES INC/MD/,BRE PROPERTIES REIT INC,1/2,"25=Y,15=Y",OK,
BBG000BDQGN9,BRL,merger,231,Merger filing 425 2008-12-22 before the delisting,BARR PHARMACEUTICALS INC,BARR LABORATORIES INC,BARR PHARMACEUTICALS INC,2/2,"25=Y,15=Y",OK,
BBG000BDRMN5,HTV,merger,231,Merger filing SC 14D9 2009-05-04 before the delisting,HEARST TELEVISION INC.,HEARST ARGYLE TELEVISION INC; ARGYLE TELEVISION INC,HEARST-ARGYLE TELEVISION,3/3,"25=Y,15=Y",OK,
BBG000BDRQ10,BSC,merger,231,"M&A change in control (5.01) with delisting/rights change, closing 8-K without 2.01",BEAR STEARNS COMPANIES INC,,BEAR STEARNS COS INC,2/2,"25=Y,15=Y",OK,
BBG000BDTNN1,BUD,merger,231,"M&A change in control (5.01) with delisting/rights change, closing 8-K without 2.01","ANHEUSER-BUSCH COMPANIES, LLC","ANHEUSER-BUSCH COMPANIES, INC.; ANHEUSER BUSCH COMPANIES INC",ANHEUSER BUSCH COS INC,2/2,"25=Y,15=Y",OK,
BBG000BDWKC5,CA,exchange_transfer,304,Continued 10-K/Q filings >180d after delist (moved to OTC or spun off),"CA, INC.",COMPUTER ASSOCIATES INTERNATIONAL INC,CA INC,0/0,"25=Y,15=N",OK,
BBG000BDWKC5,CA,merger,231,M&A 2.01+3.01+5.01 (acquired by external acquirer),"CA, INC.",COMPUTER ASSOCIATES INTERNATIONAL INC,CA INC,0/0,"25=Y,15=Y",OK,
BBG000BDXVW8,CAL,exchange_transfer,304,Continued 10-K/Q filings >180d after delist (moved to OTC or spun off),"UNITED AIRLINES, INC.","CONTINENTAL AIRLINES, INC.; CONTINENTAL AIRLINES INC /DE/",CONTINENTAL AIRLINES INC,2/2,"25=Y,15=N",OK,
BBG000BF1PD2,LPT,merger,231,M&A 2.01+3.01+5.01 (acquired by external acquirer),LIBERTY PROPERTY TRUST,,LIBERTY PROPERTY REIT TRUST,2/3,"25=Y,15=Y",OK,
BBG000BF1R66,CB,merger,231,M&A 2.01+3.01+5.01 (acquired by external acquirer),CHUBB CORP,,CHUBB CORP,1/1,"25=Y,15=Y",OK,
BBG000BF2JS9,CNB,compliance_failure,573,SEC REVOKED registration filed 2010-12-20,COLONIAL BANCGROUP INC,,COLONIAL BANCGROUP INC,2/2,"25=Y,15=N",OK,
BBG000BF2KK4,CBE,merger,231,M&A 2.01+3.01+5.01 (acquired by external acquirer),Cooper Industries plc,COOPER INDUSTRIES LTD,COOPER INDUSTRIES PLC CL A,2/2,"25=Y,15=Y",OK,
BBG000BF4VY3,CC,liquidation,470,Bankruptcy (8-K item 1.03 filed 2008-11-12),CIRCUIT CITY STORES INC,,CIRCUIT CITY STORES INC,3/3,"25=Y,15=N",OK,
BBG000BF5RY1,CCE,merger,231,M&A 2.01+3.01+5.01 (acquired by external acquirer),"COCA-COLA EUROPEAN PARTNERS US, LLC","COCA-COLA ENTERPRISES, INC.; International CCE Inc.",COCA-COLA ENTERPRISES INC,3/3,"25=Y,15=Y",OK,
BBG000BF6F94,NMX,merger,231,M&A 2.01+3.01+5.01 (acquired by external acquirer),NYMEX HOLDINGS INC,,NYMEX HOLDINGS INC,1/1,"25=Y,15=Y",OK,
BBG000BF6RQ9,SAVE,exchange_transfer,304,Continued 10-K/Q filings >180d after delist (moved to OTC or spun off),"Spirit Aviation Holdings, Inc.","Spirit Airlines, Inc.",SPIRIT AIRLINES INC,2/2,"25=Y,15=N",OK,
BBG000BF6RQ9,SAVE,liquidation,470,Bankruptcy (8-K item 1.03 filed 2024-11-18),"Spirit Aviation Holdings, Inc.","Spirit Airlines, Inc.",SPIRIT AIRLINES INC,2/2,"25=Y,15=Y",OK,
BBG000BF7T75,AF,merger,231,M&A 2.01+3.01+5.01 (acquired by external acquirer),ASTORIA FINANCIAL CORP,,ASTORIA FINANCIAL CORP,2/2,"25=Y,15=Y",OK,
BBG000BF7XZ5,CFC,merger,231,M&A 2.01+3.01+5.01 (acquired by external acquirer),COUNTRYWIDE FINANCIAL CORP,COUNTRYWIDE CREDIT INDUSTRIES INC,COUNTRYWIDE FINANCIAL,2/2,"25=Y,15=Y",OK,
BBG000BFC8J2,CELG,merger,231,M&A 2.01+3.01+5.01 (acquired by external acquirer),CELGENE CORP /DE/,,CELGENE CORP,1/1,"25=Y,15=Y",OK,
BBG000BFDLV8,CERN,merger,231,M&A 2.01+3.01+5.01 (acquired by external acquirer),CERNER Corp,CERNER CORP /MO/,CERNER CORP,1/1,"25=Y,15=Y",OK,
BBG000BFDXW1,BRCM,merger,231,M&A 2.01+3.01+5.01 (acquired by external acquirer),BROADCOM CORP,,BROADCOM CORP CLASS A,1/1,"25=Y,15=Y",OK,
BBG000BFFW15,CLP,merger,231,M&A 2.01+3.01+5.01 (acquired by external acquirer),COLONIAL PROPERTIES TRUST,,COLONIAL PROPERTIES TR,2/2,"25=Y,15=Y",OK,
BBG000BFJSG4,VVC,merger,231,M&A 2.01+3.01+5.01 (acquired by external acquirer),VECTREN CORP,,VECTREN CORP,1/1,"25=Y,15=Y",OK,
BBG000BFK8Y6,TCF,merger,233,M&A 2.01+5.01 (subsidiary buyback / parent acquisition),TCF FINANCIAL CORP,CHEMICAL FINANCIAL CORP,TCF FINANCIAL CORP,1/1,"25=Y,15=Y",OK,
BBG000BFMBQ6,CI,merger,231,M&A 2.01+3.01+5.01 (acquired by external acquirer),Cigna Holding Co,CIGNA CORP,CIGNA CORP,1/1,"25=Y,15=Y",OK,
BBG000BFTJ91,CMCSK,exchange_transfer,304,Continued 10-K/Q filings >180d after delist (moved to OTC or spun off),COMCAST CORP,AT&T COMCAST CORP,COMCAST SPECIAL CORP CLASS A,1/2,"25=Y,15=Y",OK,
BBG000BFVKZ6,AHL,exchange_transfer,304,Continued 10-K/Q filings >180d after delist (moved to OTC or spun off),ASPEN INSURANCE HOLDINGS LTD,,ASPEN INSURANCE HOLDINGS LTD,2/2,"25=Y,15=Y",OK,
BBG000BFWKC0,MON,merger,231,M&A 2.01+3.01+5.01 (acquired by external acquirer),MONSANTO CO /NEW/,,MONSANTO,1/1,"25=Y,15=Y",OK,
BBG000BFZ1K0,CNW,merger,231,M&A 2.01+3.01+5.01 (acquired by external acquirer),Con-way Inc.,CNF INC; CNF TRANSPORTATION INC; CONSOLIDATED FREIGHTWAYS INC,CON-WAY INC.,0/0,"25=Y,15=Y",OK,
BBG000BG09F5,GPOR,liquidation,470,Bankruptcy (8-K item 1.03 filed 2020-11-16),GULFPORT ENERGY CORP,WRT ENERGY CORP,GULFPORT ENERGY CORP,2/2,"25=Y,15=N",OK,
BBG000BG14P4,WOLF,liquidation,470,Bankruptcy (8-K item 1.03 filed 2025-07-01),"WOLFSPEED, INC.","CREE, INC.; CREE INC; CREE RESEARCH INC /NC/",WOLFSPEED INC,1/1,"25=Y,15=N",OK,
BBG000BG1DH3,COHR,merger,231,M&A 2.01+3.01+5.01 (acquired by external acquirer),COHERENT INC,,COHERENT INC,1/1,"25=Y,15=Y",OK,
BBG000BG3445,COO,exchange_transfer,304,Ticker change / listing transfer: 3.01 notice announces a listing transfer; company still reports results,"COOPER COMPANIES, INC.",COOPER COMPANIES INC,COOPER INC,1/1,"25=Y,15=N",OK,
BBG000BG4202,CPB,exchange_transfer,304,Ticker change / listing transfer: 3.01 notice announces a listing transfer; company still reports results,CAMPBELL'S Co,CAMPBELL SOUP CO,CAMPBELL SOUP,2/2,"25=Y,15=N",OK,
BBG000BG4JL2,ARBA,merger,231,M&A 2.01+3.01+5.01 (acquired by external acquirer),ARIBA INC,,ARIBA INC,1/1,"25=Y,15=Y",OK,
BBG000BG8814,RGC,merger,231,M&A 2.01+3.01+5.01 (acquired by external acquirer),REGAL ENTERTAINMENT GROUP,,REGAL ENTERTAINMENT GROUP CLASS A,2/2,"25=Y,15=Y",OK,
BBG000BGCGB0,CTV,merger,231,M&A 2.01+3.01+5.01 (acquired by external acquirer),COMMSCOPE INC,,COMMSCOPE INC,1/1,"25=Y,15=Y",OK,
BBG000BGD7W6,MAR,exchange_transfer,304,Ticker change / listing transfer: 3.01 notice announces a listing transfer; company still reports results,MARRIOTT INTERNATIONAL INC /MD/,MARRIOTT INTERNATIONAL INC /MD/; NEW MARRIOTT MI INC,MARRIOTT INTERNATIONAL INC CLASS A,1/1,"25=Y,15=N",OK,
BBG000BGFLL5,NYX,merger,231,"M&A change in control (5.01) with delisting/rights change, closing 8-K without 2.01",NYSE Euronext,"NYSE Euronext, Inc.",NYSE EURONEXT,2/2,"25=Y,15=Y",OK,
BBG000BGFZR8,CSC,merger,231,M&A 2.01+3.01+5.01 (acquired by external acquirer),COMPUTER SCIENCES CORP,,COMPUTER SCIENCES CORP,2/2,"25=Y,15=Y",OK,
BBG000BGMX22,HEW,merger,231,M&A 2.01+3.01+5.01 (acquired by external acquirer),HEWITT ASSOCIATES INC,,HEWITT ASSOCIATES INC,2/2,"25=Y,15=Y",OK,
BBG000BGNM16,CTX,merger,231,M&A 2.01+3.01+5.01 (acquired by external acquirer),CENTEX LLC,CENTEX CORP,CENTEX CORP,1/1,"25=Y,15=Y",OK,
BBG000BGPG26,CPWR,merger,231,M&A 2.01+3.01+5.01 (acquired by external acquirer),COMPUWARE CORP,COMPUWARE CORPORATION,COMPUWARE CORP.,1/1,"25=Y,15=Y",OK,
BBG000BGPVW0,TCO,merger,231,M&A 2.01+3.01+5.01 (acquired by external acquirer),TAUBMAN CENTERS INC,,TAUBMAN CENTERS REIT INC,2/3,"25=Y,15=Y",OK,
BBG000BGR5J0,CVC,merger,231,M&A 2.01+3.01+5.01 (acquired by external acquirer),CABLEVISION SYSTEMS CORP /NY,CABLEVISIONS SYSTEM CORP /NY; CSC PARENT CORP,CABLEVISION SYSTEMS CORP CLASS A,2/2,"25=Y,15=Y",OK,
BBG000BGVML5,STU,merger,231,M&A 2.01+3.01+5.01 (acquired by external acquirer),STUDENT LOAN CORP,,STUDENT LOAN CORP,2/2,"25=Y,15=Y",OK,
BBG000BGYDX9,DBD,liquidation,470,Bankruptcy (8-K item 1.03 filed 2023-06-01),"DIEBOLD NIXDORF, Inc",DIEBOLD INC,DIEBOLD INC.,1/1,"25=Y,15=N",OK,
BBG000BGZT72,AYX,merger,231,M&A 2.01+3.01+5.01 (acquired by external acquirer),"Alteryx, Inc.",,ALTERYX INC CLASS A,1/1,"25=Y,15=Y",OK,
BBG000BH0FR6,SGEN,merger,231,M&A 2.01+3.01+5.01 (acquired by external acquirer),Seagen Inc.,SEATTLE GENETICS INC /WA,SEAGEN INC,1/1,"25=Y,15=Y",OK,
BBG000BH23R1,DELL,merger,231,M&A 2.01+3.01+5.01 (acquired by external acquirer),DELL INC,DELL COMPUTER CORP,DELL INC.,1/1,"25=Y,15=Y",OK,
BBG000BH2T94,GLBL,merger,231,M&A 2.01+3.01+5.01 (acquired by external acquirer),GLOBAL INDUSTRIES LTD,,GLOBAL INDUSTRIES LTD,2/2,"25=Y,15=Y",OK,
BBG000BH2VM4,XTO,merger,231,"M&A change in control (5.01) with delisting/rights change, closing 8-K without 2.01",XTO ENERGY INC,CROSS TIMBERS OIL CO,XTO ENERGY INC,1/1,"25=Y,15=Y",OK,
BBG000BH5K72,DJ,merger,231,Merger filing 425 2007-11-13 before the delisting,DOW JONES & CO INC,,DOW JONES & CO INC,1/1,"25=Y,15=Y",OK,
BBG000BH82F0,QLGC,merger,231,M&A 2.01+3.01+5.01 (acquired by external acquirer),QLOGIC CORP,Q LOGIC CORP,QLOGIC CORP,1/1,"25=Y,15=Y",OK,
BBG000BH93Y6,RRD,exchange_transfer,304,Continued 10-K/Q filings >180d after delist (moved to OTC or spun off),RR Donnelley & Sons Co,DONNELLEY R R & SONS CO,RR DONNELLEY AND SONS,2/2,"25=Y,15=Y",OK,
BBG000BH93Y6,RRD,exchange_transfer,304,Continued 10-K/Q filings >180d after delist (moved to OTC or spun off),RR Donnelley & Sons Co,DONNELLEY R R & SONS CO,RR DONNELLEY AND SONS,2/2,"25=Y,15=Y",OK,
BBG000BH93Y6,RRD,merger,231,M&A 2.01+3.01+5.01 (acquired by external acquirer),RR Donnelley & Sons Co,DONNELLEY R R & SONS CO,RR DONNELLEY AND SONS,2/2,"25=Y,15=Y",OK,
BBG000BHBGN6,CLR,exchange_transfer,304,Continued 10-K/Q filings >180d after delist (moved to OTC or spun off),"CONTINENTAL RESOURCES, INC",CONTINENTAL RESOURCES INC,CONTINENTAL RESOURCES INC,2/2,"25=Y,15=Y",OK,
BBG000BHBK84,DOW,exchange_transfer,304,Continued 10-K/Q filings >180d after delist (moved to OTC or spun off),DOW CHEMICAL CO /DE/,,DOW CHEMICAL,1/1,"25=Y,15=Y",OK,
BBG000BHC2S1,PETM,merger,231,M&A 2.01+3.01+5.01 (acquired by external acquirer),PETSMART INC,,PETSMART INC,1/1,"25=Y,15=Y",OK,
BBG000BHCDF1,DPL,exchange_transfer,304,Continued 10-K/Q filings >180d after delist (moved to OTC or spun off),DPL LLC,DPL INC,DPL INC,0/0,"25=Y,15=Y",OK,
BBG000BHD665,CDWC,merger,231,"M&A change in control (5.01) with delisting/rights change, closing 8-K without 2.01",CDW CORP,CDW COMPUTER CENTERS INC,CDW CORP,0/0,"25=Y,15=Y",OK,
BBG000BHD8S7,DRE,merger,231,M&A 2.01+3.01+5.01 (acquired by external acquirer),DUKE REALTY CORP,DUKE WEEKS REALTY CORP; DUKE REALTY INVESTMENTS INC,DUKE REALTY REIT CORP,2/3,"25=Y,15=Y",OK,
BBG000BHFHP8,UFS,exchange_transfer,304,Continued 10-K/Q filings >180d after delist (moved to OTC or spun off),Domtar CORP,,DOMTAR CORP,1/1,"25=Y,15=Y",OK,
BBG000BHGCD1,ATHN,merger,231,M&A 2.01+3.01+5.01 (acquired by external acquirer),ATHENAHEALTH INC,,ATHENAHEALTH INC,1/1,"25=Y,15=Y",OK,
BBG000BHK836,FLIR,merger,231,M&A 2.01+3.01+5.01 (acquired by external acquirer),"Teledyne FLIR, LLC",FLIR SYSTEMS INC,FLIR SYSTEMS INC,2/2,"25=Y,15=Y",OK,
BBG000BHNPN3,CHSI,merger,231,M&A 2.01+3.01+5.01 (acquired by external acquirer),"CATALYST HEALTH SOLUTIONS, INC.",HEALTHEXTRAS INC,CATALYST HEALTH SOLUTIONS INC.,3/3,"25=Y,15=Y",OK,
BBG000BHQ1H0,AGN,merger,231,M&A 2.01+3.01+5.01 (acquired by external acquirer),ALLERGAN INC,,ALLERGAN INC,1/1,"25=Y,15=Y",OK,
BBG000BHQYG9,EGN,merger,231,M&A 2.01+3.01+5.01 (acquired by external acquirer),ENERGEN CORP,,ENERGEN CORP,1/1,"25=Y,15=Y",OK,
BBG000BHSKN9,GOOGL,unknown,,Delisted/deregistered without merger or distress evidence,GOOGLE INC.,,GOOGLE INC CLASS A,1/1,"25=Y,15=Y",OK,
BBG000BHVJJ3,EMC,merger,231,M&A 2.01+3.01+5.01 (acquired by external acquirer),EMC CORP,,EMC CORP,0/0,"25=Y,15=Y",OK,
BBG000BHW628,WCN,merger,231,M&A 2.01+3.01+5.01 (acquired by external acquirer),"Waste Connections US, Inc.","WASTE CONNECTIONS, INC.; Waste Connections, Inc.; WASTE CONNECTIONS INC/DE",WASTE CONNECTIONS INC.,2/2,"25=Y,15=Y",OK,
BBG000BHWTB8,PPS,merger,231,M&A 2.01+3.01+5.01 (acquired by external acquirer),POST PROPERTIES INC,,POST PROPERTIES INC.,2/2,"25=Y,15=Y",OK,
BBG000BJ27C4,PGN,exchange_transfer,304,Continued 10-K/Q filings >180d after delist (moved to OTC or spun off),PROGRESS ENERGY INC,CP&L ENERGY INC; CP&L HOLDINGS INC,PROGRESS ENERGY INC.,2/2,"25=Y,15=N",OK,
BBG000BJ3QD0,DADE,merger,231,Merger filing SC 14D9 2007-08-08 before the delisting,DADE BEHRING HOLDINGS INC,,DADE BEHRING HLDGS INC,2/3,"25=Y,15=Y",OK,
BBG000BJ98Z0,GMCR,merger,231,M&A 2.01+3.01+5.01 (acquired by external acquirer),"KEURIG GREEN MOUNTAIN, INC.",GREEN MOUNTAIN COFFEE ROASTERS INC; GREEN MOUNTAIN COFFEE INC,KEURIG GREEN MOUNTAIN INC,3/3,"25=Y,15=Y",OK,
BBG000BJ9D07,ROVI,merger,233,"M&A 2.01+5.01 (subsidiary buyback / parent acquisition) (no Form 25 anchor, 8-K-only)",Rovi Corp,Macrovision Solutions CORP,ROVI CORP.,1/1,"25=N,15=Y",OK,
BBG000BJBMG7,FCE-A,merger,231,Merger filing 425 2015-09-17 before the delisting,FOREST CITY ENTERPRISES INC,,FOREST CITY ENTERPRISES INC. CL A,3/3,"25=Y,15=Y",OK,
BBG000BJCFP1,JEF,exchange_transfer,304,Continued 10-K/Q filings >180d after delist (moved to OTC or spun off),Jefferies Group LLC,JEFFERIES GROUP INC /DE/; JEF HOLDING CO INC,JEFFERIES GROUP INC.,1/1,"25=Y,15=N",OK,
BBG000BJDPC2,FDO,merger,231,M&A 2.01+3.01+5.01 (acquired by external acquirer),FAMILY DOLLAR STORES INC,,FAMILY DOLLAR STORES INC,3/3,"25=Y,15=Y",OK,
BBG000BJDX44,PBG,merger,231,"M&A change in control (5.01) with delisting/rights change, closing 8-K without 2.01",PEPSI BOTTLING GROUP INC,,PEPSI BOTTLING GROUP,2/2,"25=Y,15=Y",OK,
BBG000BJKPG0,FISV,exchange_transfer,304,Ticker change / listing transfer: 3.01 notice announces a listing transfer; company still reports results,FISERV INC,,FISERV INC,1/1,"25=Y,15=N",OK,
BBG000BJV732,FRK,merger,231,Merger filing 425 2007-11-08 before the delisting,FLORIDA ROCK INDUSTRIES INC,,FLORIDA ROCK INDUSTRIES,3/3,"25=Y,15=Y",OK,
BBG000BJVN28,FRT,exchange_transfer,304,Continued 10-K/Q filings >180d after delist (moved to OTC or spun off),FEDERAL REALTY INVESTMENT TRUST,,FEDERAL REALTY INVESTMENT TRUST RE,3/3,"25=Y,15=N",OK,
BBG000BJVZF7,FRX,merger,231,M&A 2.01+3.01+5.01 (acquired by external acquirer),"Forest Laboratories, LLC",Tango Merger Sub 2 LLC; FOREST LABORATORIES INC,FOREST LABORATORIES INC,2/2,"25=Y,15=Y",OK,
BBG000BJXKD0,WR,exchange_transfer,304,Continued 10-K/Q filings >180d after delist (moved to OTC or spun off),"EVERGY KANSAS CENTRAL, INC.",WESTAR ENERGY INC /KS; WESTERN RESOURCES INC /KS,WESTAR ENERGY INC,2/2,"25=Y,15=Y",OK,
BBG000BJXXX0,IFIN,merger,231,Merger filing DEFM14A 2007-05-29 before the delisting,INVESTORS FINANCIAL SERVICES CORP,,INVESTORS FINANCIAL SVCS,2/3,"25=Y,15=Y",OK,
BBG000BK1FD3,FWLT,merger,231,"M&A change in control (5.01) with delisting/rights change, closing 8-K without 2.01",FOSTER WHEELER AG,FOSTER WHEELER LTD,FOSTER WHEELER AG,2/2,"25=Y,15=Y",OK,
BBG000BK5DP1,TGNA,merger,231,M&A 2.01+3.01+5.01 (acquired by external acquirer),TEGNA INC,GANNETT CO INC /DE/,TEGNA INC,1/1,"25=Y,15=Y",OK,
BBG000BK6G19,NFX,merger,231,M&A 2.01+3.01+5.01 (acquired by external acquirer),NEWFIELD EXPLORATION CO /DE/,,NEWFIELD EXPLORATION,2/2,"25=Y,15=Y",OK,
BBG000BK7SL0,GENZ,merger,231,M&A 2.01+3.01+5.01 (acquired by external acquirer),GENZYME CORP,,GENZYME CORP,1/1,"25=Y,15=Y",OK,
BBG000BKD3K9,BLDR,exchange_transfer,304,Continued 10-K/Q filings >180d after delist (moved to OTC or spun off),"Builders FirstSource, Inc.",,BUILDERS FIRSTSOURCE INC,2/2,"25=Y,15=N",OK,
BBG000BKKXG0,PHLY,merger,231,M&A 2.01+3.01+5.01 (acquired by external acquirer),PHILADELPHIA CONSOLIDATED HOLDING CORP,,PHILADELPHIA CONS HLDG,1/3,"25=Y,15=Y",OK,
BBG000BKLTM1,MRC,merger,231,M&A 2.01+3.01+5.01 (acquired by external acquirer),MRC GLOBAL INC.,MCJUNKIN RED MAN HOLDING CORP,MRC GLOBAL INC,1/1,"25=Y,15=Y",OK,
BBG000BKLVK8,GR,merger,231,M&A 2.01+3.01+5.01 (acquired by external acquirer),GOODRICH CORP,GOODRICH B F CO,GOODRICH CORP,1/1,"25=Y,15=Y",OK,
BBG000BKNX95,GT,exchange_transfer,304,Continued 10-K/Q filings >180d after delist (moved to OTC or spun off),GOODYEAR TIRE & RUBBER CO /OH/,,GOODYEAR TIRE & RUBBER,3/3,"25=Y,15=N",OK,
BBG000BKQ3V3,SDRL,unknown,,Delisted/deregistered without merger or distress evidence,Seadrill Ltd/Old/,SeaDrill LTD; SEADRILL LTD,SEADRILL LTD,1/1,"25=Y,15=Y",OK,
BBG000BKRK35,LEH,liquidation,470,Bankruptcy (8-K item 1.03 filed 2008-09-19),LEHMAN BROTHERS HOLDINGS INC. PLAN TRUST,LEHMAN BROTHERS HOLDINGS INC,LEHMAN BROTHERS HOLDINGS,2/2,"25=Y,15=N",OK,
BBG000BKSL41,HCBK,merger,231,M&A 2.01+3.01+5.01 (acquired by external acquirer),HUDSON CITY BANCORP INC,,HUDSON CITY BANCORP INC,2/2,"25=Y,15=Y",OK,
BBG000BKTT89,HAR,merger,231,M&A 2.01+3.01+5.01 (acquired by external acquirer),HARMAN INTERNATIONAL INDUSTRIES INC /DE/,,HARMAN INTERNATIONAL INDUSTRIES IN,2/2,"25=Y,15=Y",OK,
BBG000BKVJK4,HAS,exchange_transfer,304,Continued 10-K/Q filings >180d after delist (moved to OTC or spun off),"HASBRO, INC.",HASBRO INC,HASBRO INC,1/1,"25=Y,15=N",OK,
BBG000BKWCS0,HRC,merger,231,M&A 2.01+3.01+5.01 (acquired by external acquirer),"Hill-Rom Holdings, Inc.",HILLENBRAND INDUSTRIES INC,HILL ROM HOLDINGS INC,1/1,"25=Y,15=Y",OK,
BBG000BKWSR6,HBAN,exchange_transfer,304,Continued 10-K/Q filings >180d after delist (moved to OTC or spun off),HUNTINGTON BANCSHARES INC /MD/,HUNTINGTON BANCSHARES INC /MD/; HUNTINGTON BANCSHARES INC/MD,HUNTINGTON BANCSHARES INC,1/1,"25=Y,15=Y",OK,
BBG000BKXPK8,HCC,merger,231,M&A 2.01+3.01+5.01 (acquired by external acquirer),HCC INSURANCE HOLDINGS INC/DE/,,HCC INSURANCE HOLDINGS INC.,1/1,"25=Y,15=Y",OK,
BBG000BKXYX5,DECK,exchange_transfer,304,Ticker change / listing transfer: 3.01 notice announces a listing transfer; company still reports results,DECKERS OUTDOOR CORP,,DECKERS OUTDOOR CORP,2/2,"25=Y,15=N",OK,
BBG000BKY1G5,WELL,exchange_transfer,304,Continued 10-K/Q filings >180d after delist (moved to OTC or spun off),WELLTOWER INC.,HEALTH CARE REIT INC /DE/,WELLTOWER INC,1/1,"25=Y,15=Y",OK,
BBG000BKYDP9,PEAK,exchange_transfer,304,Continued 10-K/Q filings >180d after delist (moved to OTC or spun off),"HEALTHPEAK PROPERTIES, INC.","HCP, INC.; HEALTH CARE PROPERTY INVESTORS INC",HEALTHPEAK PROPERTIES INC,2/2,"25=Y,15=Y",OK,
BBG000BL46Q4,REG,exchange_transfer,304,Ticker change / listing transfer: 3.01 notice announces a listing transfer; company still reports results,REGENCY CENTERS CORP,REGENCY REALTY CORP,REGENCY CENTERS REIT CORP,2/3,"25=Y,15=N",OK,
BBG000BL6NZ5,SFG,merger,231,M&A 2.01+3.01+5.01 (acquired by external acquirer),STANCORP FINANCIAL GROUP INC,,STANCORP FINANCIAL GROUP INC.,2/2,"25=Y,15=Y",OK,
BBG000BL8804,HST,exchange_transfer,304,Ticker change / listing transfer: 3.01 notice announces a listing transfer; company still reports results,"HOST HOTELS & RESORTS, INC.",HOST MARRIOTT CORP/; HMC MERGER CORP,HOST HOTELS & RESORTS REIT INC,3/4,"25=Y,15=N",OK,
BBG000BL8GJ6,AKS,merger,231,M&A 2.01+3.01+5.01 (acquired by external acquirer),Cleveland-Cliffs Steel Holding Corp,AK STEEL HOLDING CORP,AK STEEL HOLDING CORP,1/1,"25=Y,15=Y",OK,
BBG000BL9439,HNZ,exchange_transfer,304,Continued 10-K/Q filings >180d after delist (moved to OTC or spun off),Kraft Heinz Foods Co,HEINZ H J CO,H.J. HEINZ CO.,1/1,"25=Y,15=Y",OK,
BBG000BL9439,HNZ,exchange_transfer,304,Continued 10-K/Q filings >180d after delist (moved to OTC or spun off),Kraft Heinz Foods Co,HEINZ H J CO,H.J. HEINZ CO.,1/1,"25=Y,15=Y",OK,
BBG000BL9JQ1,HFC,merger,200,M&A 2.01+3.01 (acquisition with delisting),HollyFrontier Corp,HOLLY CORP,HOLLYFRONTIER CORP,1/1,"25=Y,15=Y",OK,
BBG000BLBXT4,HOT,merger,231,M&A 2.01+3.01+5.01 (acquired by external acquirer),"STARWOOD HOTELS & RESORTS WORLDWIDE, LLC","STARWOOD HOTEL & RESORTS WORLDWIDE, INC; STARWOOD HOTEL & RESORTS WORLDWIDE INC; STARWOOD LODGING CORP; HOTEL INVESTORS CORP",STARWOOD HOTELS & RESORTS WORLDWID,3/4,"25=Y,15=Y",OK,
BBG000BLCL55,QEP,merger,231,M&A 2.01+3.01+5.01 (acquired by external acquirer),"QEP RESOURCES, INC.",QUESTAR MARKET RESOURCES INC,QEP RESOURCES INC,1/1,"25=Y,15=Y",OK,
BBG000BLDXH5,MDRX,exchange_transfer,304,Continued 10-K/Q filings >180d after delist (moved to OTC or spun off),Veradigm Inc.,"ALLSCRIPTS HEALTHCARE SOLUTIONS, INC.; ALLSCRIPTS-MISYS HEALTHCARE SOLUTIONS, INC.; ALLSCRIPTS HEALTHCARE SOLUTIONS INC; ALLSCRIPTS HOLDING INC",ALLSCRIPTS HEALTHCARE SOLUTIONS IN,3/3,"25=Y,15=N",OK,
BBG000BLFC07,CKH,merger,231,M&A 2.01+3.01+5.01 (acquired by external acquirer),SEACOR HOLDINGS INC /NEW/,SEACOR SMIT INC; SEACOR HOLDINGS INC,SEACOR HOLDINGS INC,1/1,"25=Y,15=Y",OK,
BBG000BLG1L7,EQC,exchange_transfer,304,Continued 10-K/Q filings >180d after delist (moved to OTC or spun off),EQC Liquidating Trust,Equity Commonwealth; CommonWealth REIT; HRPT PROPERTIES TRUST; HEALTH & RETIREMENT PROPERTIES TRUST; HEALTH & REHABILITATION PROPERTIES TRUST,EQUITY COMMONWEALTH REIT,3/3,"25=Y,15=Y",OK,
BBG000BLH3P8,HSC,exchange_transfer,304,Continued 10-K/Q filings >180d after delist (moved to OTC or spun off),ENVIRI LLC,ENVIRI Corp; HARSCO CORP,HARSCO CORP,1/1,"25=N,15=N",WEAK_no_delist_form,
BBG000BLNZL4,SNV,merger,231,M&A 2.01+3.01+5.01 (acquired by external acquirer),SYNOVUS FINANCIAL CORP,,SYNOVUS FINANCIAL CORP,2/2,"25=Y,15=Y",OK,
BBG000BLPBL5,AVB,merger,231,M&A 2.01+3.01+5.01 (acquired by external acquirer),AVALONBAY COMMUNITIES INC,AVALON BAY COMMUNITIES INC; BAY APARTMENT COMMUNITIES INC,AVALONBAY COMMUNITIES REIT INC,2/3,"25=Y,15=Y",OK,
BBG000BLQ5V6,HGSI,merger,231,M&A 2.01+3.01+5.01 (acquired by external acquirer),HUMAN GENOME SCIENCES INC,,HUMAN GENOME SCIENCES INC.,3/3,"25=Y,15=Y",OK,
BBG000BLRYM2,FEIC,merger,231,M&A 2.01+3.01+5.01 (acquired by external acquirer),FEI CO,,FEI CO.,0/0,"25=Y,15=Y",OK,
BBG000BLVBC8,CHS,merger,231,M&A 2.01+3.01+5.01 (acquired by external acquirer),"CHICO'S FAS, INC.",CHICOS FAS INC,CHICOS FAS INC.,1/1,"25=Y,15=Y",OK,
BBG000BLW102,COHR,exchange_transfer,304,Continued 10-K/Q filings >180d after delist (moved to OTC or spun off),COHERENT CORP.,II-VI INC,COHERENT CORP,1/1,"25=Y,15=N",OK,
BBG000BLXT19,IMMU,merger,231,M&A 2.01+3.01+5.01 (acquired by external acquirer),IMMUNOMEDICS INC,,IMMUNOMEDICS INC,1/1,"25=Y,15=Y",OK,
BBG000BLY636,IMB,compliance_failure,573,SEC REVOKED registration filed 2011-03-03,INDYMAC BANCORP INC,INDYMAC MORTGAGE HOLDINGS INC; INMC MORTGAGE HOLDINGS INC; CWM MORTGAGE HOLDINGS INC; COUNTRYWIDE MORTGAGE INVESTMENTS INC /DE,INDYMAC BANCORP INC,1/1,"25=Y,15=N",OK,
BBG000BLZRJ2,MS,exchange_transfer,304,Continued 10-K/Q filings >180d after delist (moved to OTC or spun off),MORGAN STANLEY,MORGAN STANLEY; MORGAN STANLEY; MORGAN STANLEY DEAN WITTER & CO; MORGAN STANLEY DEAN WITTER DISCOVER & CO; DEAN WITTER DISCOVER & CO,MORGAN STANLEY,2/2,"25=Y,15=N",OK,
BBG000BM1RP0,FCL,exchange_transfer,304,Continued 10-K/Q filings >180d after delist (moved to OTC or spun off),"Alpha Natural Resources, Inc.","Foundation Coal Holdings, Inc.",FOUNDATION COAL HOLDINGS,2/2,"25=N,15=N",WEAK_no_delist_form,
BBG000BM6KM3,IRF,merger,231,"M&A change in control (5.01) with delisting/rights change, closing 8-K without 2.01",INTERNATIONAL RECTIFIER CORP /DE/,,INTERNATIONAL RECTIFIER,1/1,"25=Y,15=Y",OK,
BBG000BM7L13,TGI,merger,231,M&A 2.01+3.01+5.01 (acquired by external acquirer),TRIUMPH GROUP INC,TRIUMPH GROUP INC /,TRIUMPH GROUP INC.,1/1,"25=Y,15=Y",OK,
BBG000BM8M92,CYT,merger,231,M&A 2.01+3.01+5.01 (acquired by external acquirer),CYTEC INDUSTRIES INC/DE/,,CYTEC INDUSTRIES INC,2/2,"25=Y,15=Y",OK,
BBG000BMB7R1,ITT,exchange_transfer,304,Ticker change / listing transfer: renamed from 'ITT CORP'; company still reports results,ITT INC.,ITT CORP; ITT Corp; ITT INDUSTRIES INC,ITT CORP,0/0,"25=N,15=N",WEAK_no_delist_form,
BBG000BMDV41,JCI,merger,231,M&A 2.01+3.01+5.01 (acquired by external acquirer),JOHNSON CONTROLS INC,,JOHNSON CONTROLS INC,2/2,"25=Y,15=Y",OK,
BBG000BMDZF0,LLL,merger,231,M&A 2.01+3.01+5.01 (acquired by external acquirer),"L3 TECHNOLOGIES, INC.",L 3 COMMUNICATIONS CORP,L3 TECHNOLOGIES INC,1/1,"25=Y,15=Y",OK,
BBG000BMFD58,AMTD,exchange_transfer,304,Continued 10-K/Q filings >180d after delist (moved to OTC or spun off),TD AMERITRADE HOLDING CORP,AMERITRADE HOLDING CORP; ARROW STOCK HOLDING CORP,TD AMERITRADE HOLDING CORP,1/1,"25=Y,15=N",OK,
BBG000BMFD58,AMTD,exchange_transfer,304,Continued 10-K/Q filings >180d after delist (moved to OTC or spun off),TD AMERITRADE HOLDING CORP,AMERITRADE HOLDING CORP; ARROW STOCK HOLDING CORP,TD AMERITRADE HOLDING CORP,1/1,"25=Y,15=N",OK,
BBG000BMFD58,AMTD,merger,231,M&A 2.01+3.01+5.01 (acquired by external acquirer),TD AMERITRADE HOLDING CORP,AMERITRADE HOLDING CORP; ARROW STOCK HOLDING CORP,TD AMERITRADE HOLDING CORP,1/1,"25=Y,15=Y",OK,
BBG000BMGL77,GYI,merger,231,"M&A change in control (5.01) with delisting/rights change, closing 8-K without 2.01",GETTY IMAGES INC,,GETTY IMAGES INC,2/2,"25=Y,15=Y",OK,
BBG000BMJYW8,PLD,merger,231,"M&A change in control (5.01) with delisting/rights change, closing 8-K without 2.01",PROLOGIS,PROLOGIS TRUST; SECURITY CAPITAL INDUSTRIAL TRUST,PROLOGIS,1/1,"25=Y,15=Y",OK,
BBG000BMKDM3,K,merger,231,M&A 2.01+3.01+5.01 (acquired by external acquirer),KELLANOVA,KELLOGG CO,KELLANOVA,1/1,"25=Y,15=Y",OK,
BBG000BMP3J4,PLCM,merger,231,M&A 2.01+3.01+5.01 (acquired by external acquirer),POLYCOM INC,,POLYCOM INC.,1/1,"25=Y,15=Y",OK,
BBG000BMR3G5,ARRS,merger,231,M&A 2.01+3.01+5.01 (acquired by external acquirer),ARRIS GROUP INC,BROADBAND PARENT CORP,ARRIS GROUP INC.,1/1,"25=Y,15=Y",OK,
BBG000BMW2Z0,KMB,exchange_transfer,304,Ticker change / listing transfer: 3.01 notice announces a listing transfer; company still reports results,KIMBERLY CLARK CORP,,KIMBERLY CLARK CORP,2/2,"25=Y,15=N",OK,
BBG000BMZ7P7,KSU,exchange_transfer,304,Continued 10-K/Q filings >180d after delist (moved to OTC or spun off),KANSAS CITY SOUTHERN,KANSAS CITY SOUTHERN INDUSTRIES INC,KANSAS CITY SOUTHERN,3/3,"25=Y,15=Y",OK,
BBG000BMZLP6,AQNT,merger,231,M&A 2.01+3.01+5.01 (acquired by external acquirer),AQUANTIVE INC,AVENUE A INC,AQUANTIVE INC,1/1,"25=Y,15=Y",OK,
BBG000BN1XR3,COL,merger,231,M&A 2.01+3.01+5.01 (acquired by external acquirer),ROCKWELL COLLINS INC,NEW ROCKWELL COLLINS INC,ROCKWELL COLLINS INC,2/2,"25=Y,15=Y",OK,
BBG000BN53G7,LEG,merger,231,M&A 2.01+3.01+5.01 (acquired by external acquirer),LEGGETT & PLATT INC,,LEGGETT & PLATT INC,2/2,"25=Y,15=Y",OK,
BBG000BN6349,FMD,exchange_transfer,304,Continued 10-K/Q filings >180d after delist (moved to OTC or spun off),FIRST MARBLEHEAD CORP,,FIRST MARBLEHEAD CORP,2/2,"25=N,15=N",WEAK_no_delist_form,
BBG000BN9WT5,LLTC,merger,231,M&A 2.01+3.01+5.01 (acquired by external acquirer),LINEAR TECHNOLOGY CORP /CA/,,LINEAR TECHNOLOGY CORP,2/2,"25=Y,15=Y",OK,
BBG000BNBPQ0,LM,merger,231,M&A 2.01+3.01+5.01 (acquired by external acquirer),"LEGG MASON, INC.",LEGG MASON INC,LEGG MASON INC,2/2,"25=Y,15=Y",OK,
BBG000BNJHS8,LUV,exchange_transfer,304,Continued 10-K/Q filings >180d after delist (moved to OTC or spun off),SOUTHWEST AIRLINES CO,,SOUTHWEST AIRLINES,2/2,"25=Y,15=N",OK,
BBG000BNL271,LZ,merger,231,M&A 2.01+3.01+5.01 (acquired by external acquirer),LUBRIZOL Corp,,LUBRIZOL CORP,1/1,"25=Y,15=Y",OK,
BBG000BNTFJ1,MCRS,merger,231,M&A 2.01+3.01+5.01 (acquired by external acquirer),MICROS SYSTEMS INC,,MICROS SYSTEMS INC,2/2,"25=Y,15=Y",OK,
BBG000BNTTY4,MDC,exchange_transfer,304,Continued 10-K/Q filings >180d after delist (moved to OTC or spun off),"SEKISUI HOUSE U.S., INC.","M.D.C. HOLDINGS, INC.; MDC HOLDINGS INC",MDC HOLDINGS INC,0/0,"25=Y,15=Y",OK,
BBG000BNVNY4,MDP,merger,231,M&A 2.01+3.01+5.01 (acquired by external acquirer),"Hawkeye Acquisition, Inc.",MEREDITH CORP,MEREDITH CORP,1/1,"25=Y,15=Y",OK,
BBG000BNX3R4,MDU,exchange_transfer,304,Continued 10-K/Q filings >180d after delist (moved to OTC or spun off),MDU RESOURCES GROUP INC,MDU RESOURCES GROUP INC,MDU RESOURCES GROUP INC,1/1,"25=Y,15=Y",OK,
BBG000BNXLK1,MEL,merger,231,Merger filing 425 2007-05-17 before the delisting,MELLON FINANCIAL CORP,MELLON BANK CORP,MELLON FINANCIAL CORP,2/2,"25=Y,15=Y",OK,
BBG000BNY0W3,MER,exchange_transfer,304,Continued 10-K/Q filings >180d after delist (moved to OTC or spun off),"MERRILL LYNCH & CO., INC.",MERRILL LYNCH & CO INC,MERRILL LYNCH & CO INC,2/2,"25=Y,15=Y",OK,
BBG000BP0KQ8,EA,merger,231,M&A 2.01+3.01+5.01 (acquired by external acquirer),ELECTRONIC ARTS INC.,ELECTRONIC ARTS INC,ELECTRONIC ARTS INC,2/2,"25=Y,15=Y",OK,
BBG000BP22B2,MI,merger,231,Merger filing 425 2011-05-18 before the delisting,MARSHALL & ILSLEY CORP,NEW M&I CORP,MARSHALL & ILSLEY CORP,2/2,"25=Y,15=Y",OK,
BBG000BP2H92,MIL,merger,231,M&A 2.01+3.01+5.01 (acquired by external acquirer),MILLIPORE CORP /MA,MILLIPORE CORP,MILLIPORE CORP,1/1,"25=Y,15=Y",OK,
BBG000BP2HH3,BEAS,merger,231,Merger filing DEFM14A 2008-03-03 before the delisting,BEA SYSTEMS INC,,BEA SYSTEMS INC,1/1,"25=Y,15=Y",OK,
BBG000BP2X06,THOR,merger,231,M&A 2.01+3.01+5.01 (acquired by external acquirer),THORATEC CORP,THORATEC CARDIOSYSTEMS INC; THORATEC LABORATORIES CORP,THORATEC CORP.,1/1,"25=Y,15=Y",OK,
BBG000BP6L99,BRCD,merger,231,M&A 2.01+3.01+5.01 (acquired by external acquirer),BROCADE COMMUNICATIONS SYSTEMS INC,,BROCADE COMMUNICATIONS SYSTEMS INC,3/3,"25=Y,15=Y",OK,
BBG000BP8KR9,MOLX,merger,231,M&A 2.01+3.01+5.01 (acquired by external acquirer),MOLEX INC,,MOLEX INC.,1/1,"25=Y,15=Y",OK,
BBG000BPDDB6,SLGN,exchange_transfer,304,Ticker change / listing transfer: 3.01 notice announces a listing transfer; company still reports results,SILGAN HOLDINGS INC,,SILGAN HOLDINGS INC,1/1,"25=Y,15=N",OK,
BBG000BPG977,MSCC,merger,231,M&A 2.01+3.01+5.01 (acquired by external acquirer),MICROSEMI CORP,,MICROSEMI CORP,1/1,"25=Y,15=Y",OK,
BBG000BPNP00,MXIM,merger,231,M&A 2.01+3.01+5.01 (acquired by external acquirer),MAXIM INTEGRATED PRODUCTS INC,,MAXIM INTEGRATED PRODUCTS INC,3/3,"25=Y,15=Y",OK,
BBG000BPPN67,PSA,exchange_transfer,304,Continued 10-K/Q filings >180d after delist (moved to OTC or spun off),Public Storage,,PUBLIC STORAGE REIT,2/3,"25=Y,15=Y",OK,
BBG000BPQD31,MYL,merger,231,M&A 2.01+3.01+5.01 (acquired by external acquirer),Mylan II B.V.,Mylan N.V.; New Moon B.V.,MYLAN NV,1/1,"25=Y,15=Y",OK,
BBG000BPQVR5,RKT,merger,231,M&A 2.01+3.01+5.01 (acquired by external acquirer),Rock-Tenn CO,ROCK TENN CO,ROCK-TENN CO. CL A,2/2,"25=Y,15=Y",OK,
BBG000BPS2V2,NAV,merger,231,M&A 2.01+3.01+5.01 (acquired by external acquirer),NAVISTAR INTERNATIONAL CORP,INTERNATIONAL TRUCK & ENGINE CORP; NAVISTAR INTERNATIONAL CORP /DE/NEW,NAVISTAR INTERNATIONAL CORP,1/1,"25=Y,15=Y",OK,
BBG000BPT0C6,NBL,exchange_transfer,304,Continued 10-K/Q filings >180d after delist (moved to OTC or spun off),NOBLE ENERGY INC,NOBLE AFFILIATES INC,NOBLE ENERGY INC,2/2,"25=Y,15=N",OK,
BBG000BPT0C6,NBL,merger,231,M&A 2.01+3.01+5.01 (acquired by external acquirer),NOBLE ENERGY INC,NOBLE AFFILIATES INC,NOBLE ENERGY INC,2/2,"25=Y,15=Y",OK,
BBG000BPTDN6,NTY,exchange_transfer,304,Continued 10-K/Q filings >180d after delist (moved to OTC or spun off),NBTY INC,NATURES BOUNTY INC,NBTY INC,1/1,"25=Y,15=Y",OK,
BBG000BPVCR1,QCOR,merger,231,M&A 2.01+3.01+5.01 (acquired by external acquirer),QUESTCOR PHARMACEUTICALS INC,CYPROS PHARMACEUTICAL CORP,QUESTCOR PHARMACEUTICALS INC,2/2,"25=Y,15=Y",OK,
BBG000BPX9M1,RX,merger,231,M&A 2.01+3.01+5.01 (acquired by external acquirer),IMS HEALTH INC,,IMS HEALTH INC,1/1,"25=Y,15=Y",OK,
BBG000BQ3F39,NOVL,merger,231,M&A 2.01+3.01+5.01 (acquired by external acquirer),NOVELL INC,,NOVELL INC,1/1,"25=Y,15=Y",OK,
BBG000BQ5TK8,NSM,merger,231,M&A 2.01+3.01+5.01 (acquired by external acquirer),NATIONAL SEMICONDUCTOR CORP,,NATIONAL SEMICONDUCTOR,2/2,"25=Y,15=Y",OK,
BBG000BQ74K1,NTRS,exchange_transfer,304,Continued 10-K/Q filings >180d after delist (moved to OTC or spun off),NORTHERN TRUST CORP,,NORTHERN TRUST CORP,1/1,"25=Y,15=N",OK,
BBG000BQB7P4,NVLS,merger,231,M&A 2.01+3.01+5.01 (acquired by external acquirer),NOVELLUS SYSTEMS INC,,NOVELLUS SYSTEMS INC,2/2,"25=Y,15=Y",OK,
BBG000BQBYR3,NVR,exchange_transfer,304,Continued 10-K/Q filings >180d after delist (moved to OTC or spun off),NVR INC,,NVR INC,0/0,"25=Y,15=N",OK,
BBG000BQC9V2,NWL,exchange_transfer,304,Ticker change / listing transfer: 3.01 notice announces a listing transfer; company still reports results,NEWELL BRANDS INC.,"NEWELL BRANDS, INC.; NEWELL BRANDS INC; NEWELL RUBBERMAID INC; NEWELL CO",NEWELL BRANDS INC,2/2,"25=Y,15=N",OK,
BBG000BQG2C4,OCR,merger,231,M&A 2.01+3.01+5.01 (acquired by external acquirer),OMNICARE INC,,OMNICARE INC,1/1,"25=Y,15=Y",OK,
BBG000BQHGR6,OKE,unknown,,Delisted/deregistered without merger or distress evidence,ONEOK INC /NEW/,ONEOK INC /NEW/; WAI INC,ONEOK INC,1/1,"25=Y,15=N",OK,
BBG000BQLTW7,ORCL,exchange_transfer,304,Ticker change / listing transfer: 3.01 notice announces a listing transfer; company still reports results,ORACLE CORP,Ozark Holding Inc.,ORACLE CORP,1/1,"25=Y,15=N",OK,
BBG000BQLXQ5,ISIL,merger,231,M&A 2.01+3.01+5.01 (acquired by external acquirer),INTERSIL CORP/DE,INTERSIL HOLDING CO,INTERSIL CORP,1/1,"25=Y,15=Y",OK,
BBG000BQT4L6,PBCT,merger,231,M&A 2.01+3.01+5.01 (acquired by external acquirer),"People's United Financial, Inc.",,PEOPLES UNITED FINANCIAL INC,2/3,"25=Y,15=Y",OK,
BBG000BQY289,PDCO,merger,231,M&A 2.01+3.01+5.01 (acquired by external acquirer),"PATTERSON COMPANIES, INC.",PATTERSON DENTAL CO,PATTERSON COMPANIES INC,2/2,"25=Y,15=Y",OK,
BBG000BR1KR2,PDCE,merger,231,M&A 2.01+3.01+5.01 (acquired by external acquirer),"PDC ENERGY, INC.",PETROLEUM DEVELOPMENT CORP,PDC ENERGY INC,1/1,"25=Y,15=Y",OK,
BBG000BRB2F4,PLL,merger,231,M&A 2.01+3.01+5.01 (acquired by external acquirer),PALL CORP,,PALL CORP,1/1,"25=Y,15=Y",OK,
BBG000BRF689,PNY,exchange_transfer,304,Continued 10-K/Q filings >180d after delist (moved to OTC or spun off),PIEDMONT NATURAL GAS CO INC,,PIEDMONT NATURAL GAS CO.,2/2,"25=Y,15=N",OK,
BBG000BRF6B5,RHD,liquidation,470,Bankruptcy (8-K item 1.03 filed 2009-05-29),DEX ONE Corp,R H DONNELLEY CORP; DUN & BRADSTREET CORP,R H DONNELLEY CORP,1/1,"25=Y,15=N",OK,
BBG000BRMVZ6,PSD,exchange_transfer,304,Continued 10-K/Q filings >180d after delist (moved to OTC or spun off),PUGET ENERGY INC /WA,,PUGET ENERGY INC,2/2,"25=Y,15=Y",OK,
BBG000BRWGG9,RAD,exchange_transfer,304,Continued 10-K/Q filings >180d after delist (moved to OTC or spun off),"NEW RITE AID, LLC",RITE AID CORP,RITE AID CORP,1/1,"25=Y,15=N",OK,
BBG000BRYN54,MFE,merger,231,M&A 2.01+3.01+5.01 (acquired by external acquirer),"McAfee, Inc.",NETWORKS ASSOCIATES INC/; NETWORK ASSOCIATES INC; MCAFEE ASSOCIATES INC,MCAFEE INC,1/1,"25=Y,15=Y",OK,
BBG000BRZBT3,RDC,merger,231,M&A 2.01+3.01+5.01 (acquired by external acquirer),ROWAN COMPANIES PLC,ROWAN COMPANIES INC,ROWAN COMPANIES CLASS A PLC,2/2,"25=Y,15=Y",OK,
BBG000BS3FD4,RESP,merger,231,Merger filing SC 14D9 2008-01-03 before the delisting,RESPIRONICS INC,,RESPIRONICS INC,1/1,"25=Y,15=Y",OK,
BBG000BSBB99,ROH,merger,231,"M&A change in control (5.01) with delisting/rights change, closing 8-K without 2.01",ROHM & HAAS CO,,ROHM & HAAS CO,2/2,"25=Y,15=Y",OK,
BBG000BSD7C2,RTN,merger,231,M&A 2.01+3.01+5.01 (acquired by external acquirer),RAYTHEON CO/,HE HOLDINGS INC,RAYTHEON,1/1,"25=Y,15=Y",OK,
BBG000BSGQN5,RYL,merger,231,M&A 2.01+3.01+5.01 (acquired by external acquirer),RYLAND GROUP INC,,RYLAND GROUP INC,1/1,"25=Y,15=Y",OK,
BBG000BSHHP2,SAF,merger,233,2.01 with Form 25 + Form 15 (acquisition completed),SAFECO CORP,,SAFECO CORP,1/1,"25=Y,15=Y",OK,
BBG000BSLLB3,SCG,merger,231,M&A 2.01+3.01+5.01 (acquired by external acquirer),SCANA CORP,,SCANA CORP,1/1,"25=Y,15=Y",OK,
BBG000BSLZY7,SCHW,exchange_transfer,304,Continued 10-K/Q filings >180d after delist (moved to OTC or spun off),SCHWAB CHARLES CORP,,CHARLES SCHWAB CORP,2/2,"25=Y,15=N",OK,
BBG000BSRN78,NCLH,exchange_transfer,304,Ticker change / listing transfer: 3.01 notice announces a listing transfer; company still reports results,Norwegian Cruise Line Holdings Ltd.,,NORWEGIAN CRUISE LINE HOLDINGS LTD,3/3,"25=Y,15=N",OK,
BBG000BSVZM9,SGP,exchange_transfer,304,Continued 10-K/Q filings >180d after delist (moved to OTC or spun off),"Merck & Co., Inc.",Merck & Co. Inc.; SCHERING PLOUGH CORP,SCHERING PLOUGH CORP,2/2,"25=N,15=N",WEAK_no_delist_form,
BBG000BSY3K9,SIAL,merger,231,Merger filing DEFM14A 2014-11-03 before the delisting,SIGMA ALDRICH CORP,,SIGMA ALDRICH CORP,2/2,"25=Y,15=Y",OK,
BBG000BSZXM0,SII,merger,231,M&A 2.01+3.01+5.01 (acquired by external acquirer),SMITH INTERNATIONAL INC,,SMITH INTERNATIONAL INC,1/1,"25=Y,15=Y",OK,
BBG000BT0093,SIRI,exchange_transfer,304,Continued 10-K/Q filings >180d after delist (moved to OTC or spun off); successor by same issuer,SIRIUS XM HOLDINGS INC.,SIRIUS XM HOLDINGS INC.; SIRIUS XM RADIO INC.; SIRIUS SATELLITE RADIO INC; CD RADIO INC,SIRIUS XM HOLDINGS INC,1/1,"25=N,15=Y",OK,
BBG000BT0CM2,SIVB,liquidation,470,Bankruptcy (8-K item 1.03 filed 2023-03-10),SVB FINANCIAL GROUP,SILICON VALLEY BANCSHARES,SVB FINANCIAL GROUP,1/1,"25=Y,15=N",OK,
BBG000BT4T69,HSH,merger,231,M&A 2.01+3.01+5.01 (acquired by external acquirer),Hillshire Brands Co,Sara Lee Corp; LEE SARA CORP,HILLSHIRE BRANDS,2/2,"25=Y,15=Y",OK,
BBG000BT9T73,LSI,exchange_transfer,304,Continued 10-K/Q filings >180d after delist (moved to OTC or spun off),LSI CORP,LSI LOGIC CORP,LSI CORP,0/0,"25=Y,15=N",OK,
BBG000BT9T73,LSI,merger,231,M&A 2.01+3.01+5.01 (acquired by external acquirer),LSI CORP,LSI LOGIC CORP,LSI CORP,0/0,"25=Y,15=Y",OK,
BBG000BTCXB5,EQY,merger,231,M&A 2.01+3.01+5.01 (acquired by external acquirer),"EQUITY ONE, INC.",EQUITY ONE INC,EQUITY ONE INC.,1/1,"25=Y,15=Y",OK,
BBG000BTFDR9,CAA,merger,231,M&A 2.01+3.01+5.01 (acquired by external acquirer),"CalAtlantic Group, LLC","CalAtlantic Group, Inc.; STANDARD PACIFIC CORP /DE/",CALATLANTIC GROUP INC,1/1,"25=Y,15=Y",OK,
BBG000BTGCV5,SPXC,exchange_transfer,304,Continued 10-K/Q filings >180d after delist (moved to OTC or spun off),"SPX Technologies, Inc.",SPX CORP,SPX TECHNOLOGIES INC,1/1,"25=Y,15=Y",OK,
BBG000BTKGG8,STI,merger,231,M&A 2.01+3.01+5.01 (acquired by external acquirer),SUNTRUST BANKS INC,,SUNTRUST BANKS INC,2/2,"25=Y,15=Y",OK,
BBG000BTLMX5,STR,merger,231,M&A 2.01+3.01+5.01 (acquired by external acquirer),DOMINION QUESTAR CORP,QUESTAR CORP,QUESTAR CORP,1/1,"25=Y,15=Y",OK,
BBG000BTMDX4,SUG,exchange_transfer,304,Continued 10-K/Q filings >180d after delist (moved to OTC or spun off),SOUTHERN UNION CO,,SOUTHERN UNION CO,2/2,"25=Y,15=Y",OK,
BBG000BTN971,SUN,merger,231,M&A 2.01+3.01+5.01 (acquired by external acquirer),SUNOCO INC,SUN CO INC,SUNOCO INC.,1/1,"25=Y,15=Y",OK,
BBG000BTQ9G8,SVU,exchange_transfer,304,Continued 10-K/Q filings >180d after delist (moved to OTC or spun off),SUPERVALU INC,,SUPERVALU INC,1/1,"25=N,15=N",WEAK_no_delist_form,
BBG000BTR593,SWN,merger,231,M&A 2.01+3.01+5.01 (acquired by external acquirer),SOUTHWESTERN ENERGY CO,,SOUTHWESTERN ENERGY,2/2,"25=Y,15=Y",OK,
BBG000BTZ1M8,VSEA,merger,231,M&A 2.01+3.01+5.01 (acquired by external acquirer),VARIAN SEMICONDUCTOR EQUIPMENT ASSOCIATES INC,,VARIAN SEMICONDUCTOR,2/2,"25=Y,15=Y",OK,
BBG000BV18Z1,TDW,liquidation,470,Bankruptcy (8-K item 1.03 filed 2017-05-18),TIDEWATER INC,,TIDEWATER INC.,1/1,"25=N,15=N",WEAK_no_delist_form,
BBG000BV1Y93,TE,merger,231,M&A 2.01+3.01+5.01 (acquired by external acquirer),TECO ENERGY INC,,TECO ENERGY INC,2/2,"25=Y,15=Y",OK,
BBG000BV2BR2,TECD,merger,200,M&A 2.01+3.01 (acquisition with delisting),TECH DATA CORP,,TECH DATA CORP,2/2,"25=Y,15=Y",OK,
BBG000BV3594,TEK,merger,231,M&A 2.01+3.01+5.01 (acquired by external acquirer),TEKTRONIX INC,,TEKTRONIX INC,1/1,"25=Y,15=Y",OK,
BBG000BV3SC0,ROC,merger,231,M&A 2.01+3.01+5.01 (acquired by external acquirer),"Rockwood Holdings, Inc.",,ROCKWOOD HOLDINGS INC.,1/1,"25=Y,15=Y",OK,
BBG000BV4DR6,TER,exchange_transfer,304,Ticker change / listing transfer: 3.01 notice announces a listing transfer; company still reports results,"TERADYNE, INC",TERADYNE INC,TERADYNE INC,1/1,"25=Y,15=N",OK,
BBG000BV52H0,KSE,merger,231,"M&A change in control (5.01) with delisting/rights change, closing 8-K without 2.01",KEYSPAN CORP,MARKETSPAN CORP,KEYSPAN CORP,1/1,"25=Y,15=Y",OK,
BBG000BV75B7,TIF,merger,231,M&A 2.01+3.01+5.01 (acquired by external acquirer),TIFFANY & CO,,TIFFANY,1/1,"25=Y,15=Y",OK,
BBG000BV7LP7,SWY,merger,231,M&A 2.01+3.01+5.01 (acquired by external acquirer),SAFEWAY INC,,SAFEWAY INC,1/1,"25=Y,15=Y",OK,
BBG000BV7YT5,TIN,merger,231,M&A 2.01+3.01+5.01 (acquired by external acquirer),TEMPLE INLAND INC,,TEMPLE INLAND INC,2/2,"25=Y,15=Y",OK,
BBG000BV9X97,TLAB,merger,231,"M&A change in control (5.01) with delisting/rights change, closing 8-K without 2.01",TELLABS INC,,TELLABS INC,1/1,"25=Y,15=Y",OK,
BBG000BVF2M3,JAH,merger,231,"M&A change in control (5.01) with delisting/rights change, closing 8-K without 2.01",JARDEN CORP,ALLTRISTA CORP,JARDEN CORP.,1/1,"25=Y,15=Y",OK,
BBG000BVFFV4,TNB,merger,231,M&A 2.01+3.01+5.01 (acquired by external acquirer),THOMAS & BETTS CORP,,THOMAS & BETTS CORP,2/2,"25=Y,15=Y",OK,
BBG000BVPPM1,ANDV,merger,231,M&A 2.01+3.01+5.01 (acquired by external acquirer),ANDEAVOR LLC,ANDEAVOR; TESORO CORP /NEW/; TESORO PETROLEUM CORP /NEW/,ANDEAVOR,1/1,"25=Y,15=Y",OK,
BBG000BVSX05,TIBX,merger,231,M&A 2.01+3.01+5.01 (acquired by external acquirer),TIBCO SOFTWARE INC,,TIBCO SOFTWARE INC.,2/2,"25=Y,15=Y",OK,
BBG000BVV7G1,TXN,exchange_transfer,304,Ticker change / listing transfer: 3.01 notice announces a listing transfer; company still reports results,TEXAS INSTRUMENTS INC,,TEXAS INSTRUMENT INC,1/2,"25=Y,15=N",OK,
BBG000BVVHH8,SIRO,merger,231,M&A 2.01+3.01+5.01 (acquired by external acquirer),"SIRONA DENTAL SYSTEMS, INC.",SCHICK TECHNOLOGIES INC,SIRONA DENTAL SYSTEMS INC.,3/3,"25=Y,15=Y",OK,
BBG000BW4804,UNT,liquidation,470,Bankruptcy (8-K item 1.03 filed 2020-05-26),UNIT CORP,,UNIT CORP.,1/1,"25=Y,15=Y",OK,
BBG000BW5YW1,USG,merger,231,M&A 2.01+3.01+5.01 (acquired by external acquirer),USG CORP,,USG CORP,0/0,"25=Y,15=Y",OK,
BBG000BW73T1,UST,merger,231,"M&A change in control (5.01) with delisting/rights change, closing 8-K without 2.01",UST INC,,UST INC,0/0,"25=Y,15=Y",OK,
BBG000BW9W88,VAL,merger,231,M&A 2.01+3.01+5.01 (acquired by external acquirer),VALSPAR CORP,,VALSPAR CORP.,1/1,"25=Y,15=Y",OK,
BBG000BWBZN1,VAR,merger,231,M&A 2.01+3.01+5.01 (acquired by external acquirer),VARIAN MEDICAL SYSTEMS INC,VARIAN ASSOCIATES INC /DE/,VARIAN MEDICAL SYSTEMS INC,3/3,"25=Y,15=Y",OK,
BBG000BWDFD4,VIACA,exchange_transfer,304,Continued 10-K/Q filings >180d after delist (moved to OTC or spun off),Paramount Global,ViacomCBS Inc.; CBS CORP; VIACOM INC,PARAMOUNT GLOBAL CLASS A,2/2,"25=Y,15=N",OK,
BBG000BWDFD4,PARAA,merger,231,M&A 2.01+3.01+5.01 (acquired by external acquirer),Paramount Global,ViacomCBS Inc.; CBS CORP; VIACOM INC,PARAMOUNT GLOBAL CLASS A,2/2,"25=Y,15=Y",OK,
BBG000BWLMJ4,WBA,merger,231,M&A 2.01+3.01+5.01 (acquired by external acquirer),"Walgreens Boots Alliance, Inc.",,WALGREEN BOOTS ALLIANCE INC,2/3,"25=Y,15=Y",OK,
BBG000BWMX63,WBS,merger,231,M&A 2.01+3.01+5.01 (acquired by external acquirer),WEBSTER FINANCIAL CORP,,WEBSTER FINANCIAL CORP,2/2,"25=Y,15=Y",OK,
BBG000BWNFZ9,WDC,exchange_transfer,304,Continued 10-K/Q filings >180d after delist (moved to OTC or spun off),WESTERN DIGITAL CORP,,WESTERN DIGITAL CORP,2/2,"25=Y,15=N",OK,
BBG000BWPN99,WEN,merger,231,M&A 2.01+3.01+5.01 (acquired by external acquirer),WENDYS INTERNATIONAL INC,,WENDYS INTERNATIONAL INC,1/1,"25=Y,15=Y",OK,
BBG000BWQLY4,PACW,merger,231,M&A 2.01+3.01+5.01 (acquired by external acquirer),PACWEST BANCORP,FIRST COMMUNITY BANCORP /CA/,PACWEST BANCORP,1/1,"25=Y,15=Y",OK,
BBG000BWXBC2,WMT,exchange_transfer,304,Ticker change / listing transfer: 3.01 notice announces a listing transfer; company still reports results,Walmart Inc.,Walmart Inc.; WAL MART STORES INC,WALMART INC,1/1,"25=Y,15=N",OK,
BBG000BWXL85,RHT,merger,231,M&A 2.01+3.01+5.01 (acquired by external acquirer),RED HAT INC,,RED HAT INC,0/0,"25=Y,15=Y",OK,
BBG000BWYFX9,TEG,merger,231,Merger filing 425 2015-06-26 before the delisting,"INTEGRYS HOLDING, INC.","INTEGRYS ENERGY GROUP, INC.; WPS RESOURCES CORP",INTEGRYS ENERGY GROUP INC.,2/2,"25=Y,15=Y",OK,
BBG000BWZBT2,WRI,merger,231,M&A 2.01+3.01+5.01 (acquired by external acquirer),WEINGARTEN REALTY INVESTORS /TX/,,WEINGARTEN REALTY INVESTORS REIT,3/4,"25=Y,15=Y",OK,
BBG000BX0R13,WSC,merger,231,M&A 2.01+3.01+5.01 (acquired by external acquirer),"WESCO FINANCIAL, LLC",WESCO FINANCIAL CORP,WESCO FINANCIAL CORP,2/2,"25=Y,15=Y",OK,
BBG000BX3B60,WWY,merger,231,"M&A change in control (5.01) with delisting/rights change, closing 8-K without 2.01",WRIGLEY WM JR CO,WRIGLEY WILLIAM JR CO,WRIGLEY WM JR CO,1/1,"25=Y,15=Y",OK,
BBG000BX3TD3,X,merger,231,M&A 2.01+3.01+5.01 (acquired by external acquirer),UNITED STATES STEEL CORP,UNITED STATES STEEL LLC,US STEEL CORP,1/1,"25=Y,15=Y",OK,
BBG000BX5ZF5,XRX,exchange_transfer,304,Continued 10-K/Q filings >180d after delist (moved to OTC or spun off),XEROX CORP,,XEROX CORP,1/1,"25=Y,15=N",OK,
BBG000BX67G5,MLNM,merger,231,Merger filing SC 14D9 2008-04-11 before the delisting,MILLENNIUM PHARMACEUTICALS INC,,MILLENNIUM PHARM INC,1/2,"25=Y,15=Y",OK,
BBG000BX6BJ3,Y,merger,231,M&A 2.01+3.01+5.01 (acquired by external acquirer),ALLEGHANY CORP /DE,,ALLEGHANY CORP,1/1,"25=Y,15=Y",OK,
BBG000BX8DC4,FL,merger,231,M&A 2.01+3.01+5.01 (acquired by external acquirer),"FOOT LOCKER, INC.",FOOT LOCKER INC; VENATOR GROUP INC; WOOLWORTH CORPORATION,FOOT LOCKER INC,2/2,"25=Y,15=Y",OK,
BBG000BXNJ07,CY,exchange_transfer,304,Continued 10-K/Q filings >180d after delist (moved to OTC or spun off),CYPRESS SEMICONDUCTOR CORP /DE/,,CYPRESS SEMICONDUCTOR CORP,2/2,"25=Y,15=N",OK,
BBG000BXNJ07,CY,merger,231,M&A 2.01+3.01+5.01 (acquired by external acquirer),CYPRESS SEMICONDUCTOR CORP /DE/,,CYPRESS SEMICONDUCTOR CORP,2/2,"25=Y,15=Y",OK,
BBG000BXRPH1,PXD,merger,231,M&A 2.01+3.01+5.01 (acquired by external acquirer),PIONEER NATURAL RESOURCES CO,,PIONEER NATURAL RESOURCE,2/3,"25=Y,15=Y",OK,
BBG000BY10C7,BJ,merger,231,M&A 2.01+3.01+5.01 (acquired by external acquirer),BJS WHOLESALE CLUB INC,,BJS WHOLESALE CLUB INC,2/2,"25=Y,15=Y",OK,
BBG000BY33P5,JNPR,exchange_transfer,304,Continued 10-K/Q filings >180d after delist (moved to OTC or spun off),JUNIPER NETWORKS INC,JUNIPER NETWORKS INC,JUNIPER NETWORKS INC,2/2,"25=Y,15=N",OK,
BBG000BY33P5,JNPR,merger,231,M&A 2.01+3.01+5.01 (acquired by external acquirer),JUNIPER NETWORKS INC,JUNIPER NETWORKS INC,JUNIPER NETWORKS INC,2/2,"25=Y,15=Y",OK,
BBG000BYD720,JNS,merger,231,M&A 2.01+3.01+5.01 (acquired by external acquirer),JANUS CAPITAL GROUP INC,STILWELL FINANCIAL INC,JANUS CAPITAL GROUP INC,2/2,"25=Y,15=Y",OK,
BBG000BYKSX2,ALR,merger,231,M&A 2.01+3.01+5.01 (acquired by external acquirer),ALERE INC.,INVERNESS MEDICAL INNOVATIONS INC,ALERE INC,1/1,"25=Y,15=Y",OK,
BBG000BYR208,ACAS,exchange_transfer,304,Continued 10-K/Q filings >180d after delist (moved to OTC or spun off),AGNC Investment Corp.,American Capital Agency Corp,AMERICAN CAPITAL LTD.,2/2,"25=N,15=N",WEAK_no_delist_form,
BBG000BYWTX7,MRVL,merger,231,"M&A 2.01+3.01+5.01 (acquired by external acquirer) (no Form 25 anchor, 8-K-only)",MARVELL TECHNOLOGY GROUP LTD,,MARVELL TECHNOLOGY GROUP LTD,2/2,"25=N,15=Y",OK,
BBG000BZ2GG4,CAM,merger,231,M&A 2.01+3.01+5.01 (acquired by external acquirer),CAMERON INTERNATIONAL CORP,COOPER CAMERON CORP,CAMERON INTERNATIONAL CORP,1/1,"25=Y,15=Y",OK,
BBG000C01DF9,NVT,merger,231,M&A 2.01+3.01+5.01 (acquired by external acquirer),NAVTEQ CORP,NAVIGATION TECHNOLOGIES CORP,NAVTEQ CORP,1/1,"25=Y,15=Y",OK,
BBG000C070N2,XMSR,exchange_transfer,304,Continued 10-K/Q filings >180d after delist (moved to OTC or spun off),XM SATELLITE RADIO HOLDINGS INC,,XM SATELLITE RADIO HLDGS,2/3,"25=Y,15=Y",OK,
BBG000C070N2,XMSR,exchange_transfer,304,Continued 10-K/Q filings >180d after delist (moved to OTC or spun off),XM SATELLITE RADIO HOLDINGS INC,,XM SATELLITE RADIO HLDGS,2/3,"25=Y,15=Y",OK,
BBG000C0BGS7,SEPR,merger,231,"M&A change in control (5.01) with delisting/rights change, closing 8-K without 2.01",Sunovion Pharmaceuticals Inc.,SEPRACOR INC /DE/,SEPRACOR INC,1/1,"25=Y,15=Y",OK,
BBG000C0F570,XLNX,merger,231,M&A 2.01+3.01+5.01 (acquired by external acquirer),XILINX INC,"XILINX, INCORPORATED",XILINX INC,1/1,"25=Y,15=Y",OK,
BBG000C0HQ54,ENDPQ,liquidation,470,Bankruptcy (8-K item 1.03 filed 2022-08-17),Endo International plc,Endo International Ltd,ENDO INTERNATIONAL PLC,1/1,"25=Y,15=N",OK,
BBG000C0MF34,PCP,merger,231,M&A 2.01+3.01+5.01 (acquired by external acquirer),PRECISION CASTPARTS CORP,,PRECISION CASTPARTS CORP,2/2,"25=Y,15=Y",OK,
BBG000C0NY96,TCF,merger,200,M&A 2.01+3.01 (acquisition with delisting),TCF FINANCIAL CORP,,TCF FINANCIAL CORP,1/1,"25=Y,15=Y",OK,
BBG000C0PBV9,NCC,merger,231,Merger filing 425 2008-12-23 before the delisting,NATIONAL CITY CORP,,NATIONAL CITY CORP,2/2,"25=Y,15=Y",OK,
BBG000C0ZW33,UMPQ,merger,231,M&A 2.01+3.01+5.01 (acquired by external acquirer),UMPQUA HOLDINGS CORP,,UMPQUA HOLDINGS CORP,1/1,"25=Y,15=Y",OK,
BBG000C101X4,ABMD,merger,231,M&A 2.01+3.01+5.01 (acquired by external acquirer),ABIOMED INC,,ABIOMED INC,1/1,"25=Y,15=Y",OK,
BBG000C11MQ5,PCYC,merger,231,M&A 2.01+3.01+5.01 (acquired by external acquirer),PHARMACYCLICS INC,,PHARMACYCLICS INC,1/1,"25=Y,15=Y",OK,
BBG000C15T95,ESRX,merger,231,M&A 2.01+3.01+5.01 (acquired by external acquirer),Express Scripts Holding Co.,"Aristotle Holding, Inc.",EXPRESS SCRIPTS HOLDING,2/2,"25=Y,15=Y",OK,
BBG000C1J0Q4,PCL,merger,231,M&A 2.01+3.01+5.01 (acquired by external acquirer),PLUM CREEK TIMBER CO INC,PLUM CREEK TIMBER CO L P,PLUM CREEK TIMBER COMPANY REIT INC,3/4,"25=Y,15=Y",OK,
BBG000C1JTL6,TSS,merger,231,M&A 2.01+3.01+5.01 (acquired by external acquirer),TOTAL SYSTEM SERVICES INC,,TOTAL SYSTEM SERVICES INC,3/3,"25=Y,15=Y",OK,
BBG000C1R174,HLTH,merger,231,Merger filing 425 2009-09-15 before the delisting,HLTH CORP,EMDEON CORP; WEBMD CORP /NEW/; HEALTHEON CORP,HLTH CORP,1/1,"25=Y,15=Y",OK,
BBG000C1SCJ6,ULTI,merger,231,M&A 2.01+3.01+5.01 (acquired by external acquirer),ULTIMATE SOFTWARE GROUP INC,,ULTIMATE SOFTWARE GROUP INC,2/2,"25=Y,15=Y",OK,
BBG000C1XKF6,PNFP,merger,231,M&A 2.01+3.01+5.01 (acquired by external acquirer),PINNACLE FINANCIAL PARTNERS INC,,PINNACLE FINANCIAL PARTNERS INC,2/2,"25=Y,15=Y",OK,
BBG000C22QV7,SEE,merger,231,M&A 2.01+3.01+5.01 (acquired by external acquirer),SEALED AIR CORP/DE,WR GRACE & CO/DE; GRACE HOLDING INC; GRACE HOLDINGING INC,SEALED AIR CORP,1/1,"25=Y,15=Y",OK,
BBG000C2H3F0,CLGX,merger,231,M&A 2.01+3.01+5.01 (acquired by external acquirer),"CORELOGIC, INC.",FIRST AMERICAN CORP; FIRST AMERICAN FINANCIAL CORP,CORELOGIC INC,1/1,"25=Y,15=Y",OK,
BBG000C2HB99,NST,merger,231,M&A 2.01+3.01+5.01 (acquired by external acquirer),NSTAR/MA,B E C ENERGY; BOSTON EDISON HOLDINGS,NSTAR,1/1,"25=Y,15=Y",OK,
BBG000C2NV89,EDS,merger,231,"M&A change in control (5.01) with delisting/rights change, closing 8-K without 2.01",ELECTRONIC DATA SYSTEMS CORP /DE/,ELECTRONIC DATA SYSTEMS HOLDING CORP,ELECTRONIC DATA SYSTEMS,3/3,"25=Y,15=Y",OK,
BBG000C2PW58,BLK,merger,231,"M&A change in control (5.01) with delisting/rights change, closing 8-K without 2.01","BlackRock Finance, Inc.","BlackRock Inc.; BlackRock, Inc.; New BlackRock, Inc.",BLACKROCK INC,1/1,"25=Y,15=Y",OK,
BBG000C2YHG9,DISH,exchange_transfer,304,Continued 10-K/Q filings >180d after delist (moved to OTC or spun off),DISH Network CORP,ECHOSTAR COMMUNICATIONS CORP,DISH NETWORK CORP CLASS A,2/2,"25=Y,15=Y",OK,
BBG000C31LY4,ATML,merger,231,M&A 2.01+3.01+5.01 (acquired by external acquirer),ATMEL CORP,,ATMEL CORP.,1/1,"25=Y,15=Y",OK,
BBG000C3GN47,CTRA,merger,231,M&A 2.01+3.01+5.01 (acquired by external acquirer),Coterra Energy Inc.,CABOT OIL & GAS CORP,COTERRA ENERGY INC,2/2,"25=Y,15=Y",OK,
BBG000C3HNW5,URS,merger,231,M&A 2.01+3.01+5.01 (acquired by external acquirer),URS CORP /NEW/,,URS CORP,0/0,"25=Y,15=Y",OK,
BBG000C3HSR0,LNG,exchange_transfer,304,Ticker change / listing transfer: 3.01 notice announces a listing transfer; company still reports results,"Cheniere Energy, Inc.",CHENIERE ENERGY INC; BEXY COMMUNICATIONS INC,CHENIERE ENERGY INC,2/2,"25=Y,15=N",OK,
BBG000C3JJC4,PL,exchange_transfer,304,Continued 10-K/Q filings >180d after delist (moved to OTC or spun off),PROTECTIVE LIFE CORP,,PROTECTIVE LIFE CORP.,2/2,"25=Y,15=Y",OK,
BBG000C3MXG5,DOX,exchange_transfer,304,Continued 10-K/Q filings >180d after delist (moved to OTC or spun off),AMDOCS LTD,,AMDOCS LTD,1/1,"25=Y,15=N",OK,
BBG000C3NTN5,HOLX,merger,231,M&A 2.01+3.01+5.01 (acquired by external acquirer),HOLOGIC INC,HOLOGIC INC,HOLOGIC INC,1/1,"25=Y,15=Y",OK,
BBG000C3QN19,PTV,merger,231,Merger filing DEFM14A 2010-10-15 before the delisting,PACTIV LLC,PACTIV CORP; TENNECO PACKAGING INC,PACTIV CORP,1/1,"25=Y,15=Y",OK,
BBG000C3W281,MASI,merger,231,M&A 2.01+3.01+5.01 (acquired by external acquirer),MASIMO CORP,,MASIMO CORP,1/1,"25=Y,15=Y",OK,
BBG000C3Y7J6,BEAV,merger,231,M&A 2.01+3.01+5.01 (acquired by external acquirer),B/E AEROSPACE INC,BE AEROSPACE INC,B E AEROSPACE INC,1/1,"25=Y,15=Y",OK,
BBG000C42VL3,LSI,merger,231,M&A 2.01+3.01+5.01 (acquired by external acquirer),"LIFE STORAGE, INC.",SOVRAN SELF STORAGE INC,LIFE STORAGE INC,2/2,"25=Y,15=Y",OK,
BBG000C44LH8,CYN,merger,231,M&A 2.01+3.01+5.01 (acquired by external acquirer),CITY NATIONAL CORP,,CITY NATIONAL CORP,2/2,"25=Y,15=Y",OK,
BBG000C496P7,PARA,merger,231,M&A 2.01+3.01+5.01 (acquired by external acquirer),Paramount Global,ViacomCBS Inc.; CBS CORP; VIACOM INC,PARAMOUNT GLOBAL CLASS B,2/2,"25=Y,15=Y",OK,
BBG000C4DPX1,AVGO,merger,231,M&A 2.01+3.01+5.01 (acquired by external acquirer),Avago Technologies LTD,,AVAGO TECHNOLOGIES LTD,2/2,"25=Y,15=Y",OK,
BBG000C4FB79,TRH,merger,231,M&A 2.01+3.01+5.01 (acquired by external acquirer),TRANSATLANTIC HOLDINGS INC,,TRANSATLANTIC HLDGS INC,1/2,"25=Y,15=Y",OK,
BBG000C4H302,BJS,merger,231,M&A 2.01+3.01+5.01 (acquired by external acquirer),BJ SERVICES CO LLC,BJ SERVICES CO,BJ SERVICES CO,1/1,"25=Y,15=Y",OK,
BBG000C4HKK2,SKX,merger,231,M&A 2.01+3.01+5.01 (acquired by external acquirer),SKECHERS USA INC,,SKECHERS USA INC CLASS A,1/1,"25=Y,15=Y",OK,
BBG000C4LN67,GRMN,exchange_transfer,304,Continued 10-K/Q filings >180d after delist (moved to OTC or spun off),GARMIN LTD,,GARMIN LTD,1/1,"25=Y,15=Y",OK,
BBG000C4LN67,GRMN,exchange_transfer,304,Continued 10-K/Q filings >180d after delist (moved to OTC or spun off),GARMIN LTD,,GARMIN LTD,1/1,"25=Y,15=N",OK,
BBG000C4MWH4,BGCP,exchange_transfer,304,Continued 10-K/Q filings >180d after delist (moved to OTC or spun off),"BGC Group, Inc.","BGC Partners, Inc.; ESPEED INC",BGC PARTNERS INC CLASS A,0/0,"25=N,15=N",WEAK_no_delist_form,
BBG000C4VW39,OA,merger,231,M&A 2.01+3.01+5.01 (acquired by external acquirer),"Northrop Grumman Innovation Systems, Inc.","ORBITAL ATK, INC.; ALLIANT TECHSYSTEMS INC",ORBITAL ATK INC,1/1,"25=Y,15=Y",OK,
BBG000C4WJT9,KATE,merger,231,M&A 2.01+3.01+5.01 (acquired by external acquirer),Kate Spade & Co,"Fifth & Pacific Companies, Inc.; CLAIBORNE LIZ INC",KATE SPADE,2/2,"25=Y,15=Y",OK,
BBG000C4XD11,AW,merger,231,M&A 2.01+3.01+5.01 (acquired by external acquirer),"Allied Waste Industries, LLC",ALLIED WASTE INDUSTRIES INC,ALLIED WASTE INDUSTRIES,3/3,"25=Y,15=Y",OK,
BBG000C4XG05,CXG,merger,231,Merger filing SC 14D9 2010-05-11 before the delisting,CNX Gas Corp,,CNX GAS CORP,0/0,"25=Y,15=Y",OK,
BBG000C4Y9D6,Q,exchange_transfer,304,Continued 10-K/Q filings >180d after delist (moved to OTC or spun off),QWEST COMMUNICATIONS INTERNATIONAL INC,,QWEST COMMUNICATIONS,2/2,"25=Y,15=Y",OK,
BBG000C4ZFV1,MWV,merger,231,M&A 2.01+3.01+5.01 (acquired by external acquirer),MEADWESTVACO Corp,MW HOLDING CORP,MEADWESTVACO CORP,1/1,"25=Y,15=Y",OK,
BBG000C5Z1S3,MU,exchange_transfer,304,Continued 10-K/Q filings >180d after delist (moved to OTC or spun off),MICRON TECHNOLOGY INC,,MICRON TECHNOLOGY INC,2/2,"25=Y,15=N",OK,
BBG000C60K98,CVA,merger,231,M&A 2.01+3.01+5.01 (acquired by external acquirer),COVANTA HOLDING CORP,DANIELSON HOLDING CORP,COVANTA HOLDING CORP.,1/1,"25=Y,15=Y",OK,
BBG000C6F3T8,IGT,merger,231,M&A 2.01+3.01+5.01 (acquired by external acquirer),INTERNATIONAL GAME TECHNOLOGY,,INTERNATIONAL GAME TECHNOLOGY,2/2,"25=Y,15=Y",OK,
BBG000C6GN04,QDEL,merger,231,Merger filing 425 2022-05-06 before the delisting,QUIDEL CORP /DE/,,QUIDEL CORP,1/1,"25=Y,15=Y",OK,
BBG000C6W266,CNQR,merger,231,M&A 2.01+3.01+5.01 (acquired by external acquirer),CONCUR TECHNOLOGIES INC,,CONCUR TECHNOLOGIES INC.,2/2,"25=Y,15=Y",OK,
BBG000C75N77,CMA,merger,231,M&A 2.01+3.01+5.01 (acquired by external acquirer),COMERICA INC,COMERICA INC /NEW/,COMERICA INC,1/1,"25=Y,15=Y",OK,
BBG000C78J55,SSP,exchange_transfer,304,Ticker change / listing transfer: 3.01 notice announces a listing transfer; company still reports results,E.W. SCRIPPS Co,SCRIPPS E W CO /DE,SCRIPPS E W CO,1/1,"25=Y,15=N",OK,
BBG000C7B169,WMG,exchange_transfer,304,Continued 10-K/Q filings >180d after delist (moved to OTC or spun off),Warner Music Group Corp.,,WARNER MUSIC GROUP CORP,2/2,"25=Y,15=Y",OK,
BBG000C7WZ16,JNY,exchange_transfer,304,Continued 10-K/Q filings >180d after delist (moved to OTC or spun off),JONES GROUP INC,JONES APPAREL GROUP INC,JONES APPAREL GROUP INC,2/2,"25=N,15=N",WEAK_no_delist_form,
BBG000C89QJ1,CAB,merger,231,M&A 2.01+3.01+5.01 (acquired by external acquirer),CABELAS INC,,CABELAS INC,1/1,"25=Y,15=Y",OK,
BBG000C8FRK0,CEPH,merger,231,M&A 2.01+3.01+5.01 (acquired by external acquirer),CEPHALON INC,,CEPHALON INC,1/1,"25=Y,15=Y",OK,
BBG000C8H633,MRO,merger,231,M&A 2.01+3.01+5.01 (acquired by external acquirer),MARATHON OIL CORP,USX CORP,MARATHON OIL CORP,1/1,"25=Y,15=Y",OK,
BBG000C90DH9,IPG,merger,231,M&A 2.01+3.01+5.01 (acquired by external acquirer),"INTERPUBLIC GROUP OF COMPANIES, INC.",INTERPUBLIC GROUP OF COMPANIES INC,INTERPUBLIC GROUP OF COMPANIES INC,2/2,"25=Y,15=Y",OK,
BBG000CB2ZY4,KG,merger,231,Merger filing SC 14D9 2010-10-22 before the delisting,KING PHARMACEUTICALS INC,,KING PHARMACEUTICALS INC,2/2,"25=Y,15=Y",OK,
BBG000CBMH27,MTG,exchange_transfer,304,Continued 10-K/Q filings >180d after delist (moved to OTC or spun off),MGIC INVESTMENT CORP,,MGIC INVESTMENT CORP,2/2,"25=Y,15=N",OK,
BBG000CCFBC5,LNCR,merger,231,M&A 2.01+3.01+5.01 (acquired by external acquirer),LINCARE HOLDINGS INC,,LINCARE HOLDINGS INC.,1/1,"25=Y,15=Y",OK,
BBG000CF2GH6,ARIA,merger,231,M&A 2.01+3.01+5.01 (acquired by external acquirer),ARIAD PHARMACEUTICALS INC,,ARIAD PHARMACEUTICALS INC.,2/2,"25=Y,15=Y",OK,
BBG000CG0HP5,HCR,merger,231,Merger filing DEFM14A 2007-09-14 before the delisting,MANOR CARE INC,HCR MANOR CARE INC; HEALTH CARE & RETIREMENT CORP / DE,MANOR CARE INC,2/2,"25=Y,15=Y",OK,
BBG000CGQ485,IMCL,merger,231,"M&A change in control (5.01) with delisting/rights change, closing 8-K without 2.01",IMCLONE SYSTEMS INC,"IMCLONE SYSTEMS INC/DE; IMCLONE SYSTEMS, INC.",IMCLONE SYSTEMS INC,2/2,"25=Y,15=Y",OK,
BBG000CGQ6M4,PX,merger,231,M&A 2.01+3.01+5.01 (acquired by external acquirer),LINDE INC,PRAXAIR INC,PRAXAIR INC,1/1,"25=Y,15=Y",OK,
BBG000CGT2S4,UPL,liquidation,470,Bankruptcy (8-K item 1.03 filed 2016-05-03),ULTRA PETROLEUM CORP,,ULTRA PETROLEUM CORP,2/2,"25=Y,15=N",OK,
BBG000CH11X8,WTNY,merger,231,"M&A change in control (5.01) with delisting/rights change, closing 8-K without 2.01",WHITNEY HOLDING CORP,,WHITNEY HOLDING CORP,1/1,"25=Y,15=Y",OK,
BBG000CKJ0P3,LIFE,merger,231,M&A 2.01+3.01+5.01 (acquired by external acquirer),Life Technologies Corp,INVITROGEN CORP,LIFE TECHNOLOGIES CORP,2/2,"25=Y,15=Y",OK,
BBG000CKRZF8,GRP,merger,231,Merger filing 425 2008-04-11 before the delisting,GRANT PRIDECO INC,,GRANT PRIDECO INC,2/2,"25=Y,15=Y",OK,
BBG000CL1HL7,CLI,exchange_transfer,304,Continued 10-K/Q filings >180d after delist (moved to OTC or spun off),"Veris Residential, Inc.",MACK CALI REALTY CORP; CALI REALTY CORP /NEW/; CALI REALTY L P,MACK-CALI REALTY REIT CORP,3/4,"25=N,15=N",WEAK_no_delist_form,
BBG000CLNSF6,STL,merger,231,M&A 2.01+3.01+5.01 (acquired by external acquirer),STERLING BANCORP,PROVIDENT NEW YORK BANCORP; PROVIDENT BANCORP INC/NY/,STERLING BANCORP,1/1,"25=Y,15=Y",OK,
BBG000CLVM51,WCG,merger,231,M&A 2.01+3.01+5.01 (acquired by external acquirer),"WELLCARE HEALTH PLANS, INC.",WELLCARE GROUP INC,WELLCARE HEALTHCARE PLANS INC,2/3,"25=Y,15=Y",OK,
BBG000CN5CJ3,RP,merger,231,M&A 2.01+3.01+5.01 (acquired by external acquirer),"RealPage, Inc.",REALPAGE INC,REALPAGE INC,1/1,"25=Y,15=Y",OK,
BBG000CNM3Q6,AMLN,merger,231,M&A 2.01+3.01+5.01 (acquired by external acquirer),AMYLIN PHARMACEUTICALS INC,,AMYLIN PHARMACEUTICALS INC.,2/2,"25=Y,15=Y",OK,
BBG000CNZC55,ODP,exchange_transfer,304,Continued 10-K/Q filings >180d after delist (moved to OTC or spun off),ODP Corp,OFFICE DEPOT INC,OFFICE DEPOT INC,2/2,"25=Y,15=N",OK,
BBG000CNZC55,ODP,exchange_transfer,304,Continued 10-K/Q filings >180d after delist (moved to OTC or spun off),ODP Corp,OFFICE DEPOT INC,OFFICE DEPOT INC,2/2,"25=Y,15=Y",OK,
BBG000CP95B7,AGP,merger,231,M&A 2.01+3.01+5.01 (acquired by external acquirer),AMERIGROUP CORP,,AMERIGROUP CORP.,1/1,"25=Y,15=Y",OK,
BBG000CPQZ77,WFM,merger,231,M&A 2.01+3.01+5.01 (acquired by external acquirer),WHOLE FOODS MARKET INC,,WHOLE FOODS MARKET INC,3/3,"25=Y,15=Y",OK,
BBG000CPZ0F5,PDLI,compliance_failure,580,"Delinquent filer (NT 10-K/Q in the prior year), no merger evidence","PDL BIOPHARMA, INC.",PROTEIN DESIGN LABS INC/DE,PDL BIOPHARMA INC,1/1,"25=Y,15=Y",OK,
BBG000CQB684,NLC,merger,231,M&A 2.01+3.01+5.01 (acquired by external acquirer),Nalco Holding CO,,NALCO HOLDING COMPANY,1/1,"25=Y,15=Y",OK,
BBG000CRTLP1,NTRI,merger,231,M&A 2.01+3.01+5.01 (acquired by external acquirer),NUTRI SYSTEM INC /DE/,NUTRISYSTEM COM INC,NUTRI SYSTEM INC,2/2,"25=Y,15=Y",OK,
BBG000CS7CB8,JNC,exchange_transfer,304,Continued 10-K/Q filings >180d after delist (moved to OTC or spun off),"NUVEEN INVESTMENTS, INC",NUVEEN INVESTMENTS INC; NUVEEN JOHN COMPANY,NUVEEN INVESTMENTS INC,2/2,"25=Y,15=Y",OK,
BBG000CSY9H9,BBBY,liquidation,470,Bankruptcy (8-K item 1.03 filed 2023-04-24),"20230930-DK-Butterfly-1, Inc.",BED BATH & BEYOND INC,BED BATH AND BEYOND INC,2/2,"25=Y,15=N",OK,
BBG000CT56K1,HMA,merger,231,M&A 2.01+3.01+5.01 (acquired by external acquirer),"HEALTH MANAGEMENT ASSOCIATES, INC",HEALTH MANAGEMENT ASSOCIATES INC; HEALTH MANAGEMENT ASSOCIATES,HEALTH MANAGEMENT ASSOCIATES INC C,3/3,"25=Y,15=Y",OK,
BBG000CVWGS6,ATVI,merger,231,M&A 2.01+3.01+5.01 (acquired by external acquirer),"Activision Blizzard, Inc.",ACTIVISION INC /NY,ACTIVISION BLIZZARD INC,2/2,"25=Y,15=Y",OK,
BBG000CWL0F5,EXAS,merger,231,M&A 2.01+3.01+5.01 (acquired by external acquirer),EXACT SCIENCES CORP,EXACT CORP,EXACT SCIENCES CORP,2/2,"25=Y,15=Y",OK,
BBG000CXLZ20,ACF,exchange_transfer,304,Continued 10-K/Q filings >180d after delist (moved to OTC or spun off),"General Motors Financial Company, Inc.",AMERICREDIT CORP,AMERICREDIT CORP,1/1,"25=Y,15=Y",OK,
BBG000CYNBV7,HNT,merger,231,M&A 2.01+3.01+5.01 (acquired by external acquirer),HEALTH NET INC,FOUNDATION HEALTH SYSTEMS INC; HEALTH SYSTEMS INTERNATIONAL INC,HEALTH NET INC.,1/1,"25=Y,15=Y",OK,
BBG000D0BMV9,TWTC,merger,231,M&A 2.01+3.01+5.01 (acquired by external acquirer),tw telecom inc.,TIME WARNER TELECOM INC,TW TELECOM INC CLASS A,1/1,"25=Y,15=Y",OK,
BBG000D1QCF1,FTI,merger,231,M&A 2.01+3.01+5.01 (acquired by external acquirer),FMC TECHNOLOGIES INC,,FMC TECHNOLOGIES INC,1/1,"25=Y,15=Y",OK,
BBG000D2H038,SLH,merger,231,M&A 2.01+3.01+5.01 (acquired by external acquirer),"SOLERA HOLDINGS, INC",SOLERA HOLDINGS LLC,SOLERA HOLDINGS INC.,1/1,"25=Y,15=Y",OK,
BBG000D3MB18,VMED,merger,231,M&A 2.01+3.01+5.01 (acquired by external acquirer),VIRGIN MEDIA INC.,NTL INC; TELEWEST GLOBAL INC,VIRGIN MEDIA INC,2/2,"25=Y,15=Y",OK,
BBG000D4YTR6,VLY,exchange_transfer,304,Ticker change / listing transfer: 3.01 notice announces a listing transfer; company still reports results,VALLEY NATIONAL BANCORP,,VALLEY NATIONAL,2/2,"25=Y,15=N",OK,
BBG000D52545,WEN,exchange_transfer,304,Ticker change / listing transfer: 3.01 notice announces a listing transfer; company still reports results,Wendy's Co,"WENDY'S/ARBY'S GROUP, INC.; TRIARC COMPANIES INC",WENDYS,0/1,"25=Y,15=N",OK_recycled_ticker,resolved_name stale (ticker recycled); CIK has Form 25 within ±30d of observed
BBG000D6L294,XEC,merger,231,M&A 2.01+3.01+5.01 (acquired by external acquirer),CIMAREX ENERGY CO,HELMERICH & PAYNE EXPLORATION & PRODUCTION CO,CIMAREX ENERGY,2/2,"25=Y,15=Y",OK,
BBG000D7DN13,CLWR,merger,231,M&A 2.01+3.01+5.01 (acquired by external acquirer),Clearwire Corp /DE,New Clearwire CORP,CLEARWIRE CORP CL A,1/1,"25=Y,15=Y",OK,
BBG000D9V7T4,AAN,merger,231,Merger filing DEFM14A 2020-05-08 before the delisting,AARON'S INC,AARON RENTS INC,AARONS INC.,0/1,"25=Y,15=Y",OK_recycled_ticker,resolved_name stale (ticker recycled); CIK has Form 25 within ±30d of observed
BBG000DBTPX7,AWAY,merger,231,M&A 2.01+3.01+5.01 (acquired by external acquirer),HOMEAWAY INC,,HOMEAWAY INC.,1/1,"25=Y,15=Y",OK,
BBG000DBVBY4,EV,merger,231,M&A 2.01+3.01+5.01 (acquired by external acquirer),"Mirror Merger Sub 2, LLC",EATON VANCE CORP,EATON VANCE COM NON VOTING CORP,2/3,"25=Y,15=Y",OK,
BBG000DDXVZ3,DST,merger,231,M&A 2.01+3.01+5.01 (acquired by external acquirer),DST SYSTEMS INC,,DST SYSTEMS INC,1/1,"25=Y,15=Y",OK,
BBG000DFMXT3,AZPN,merger,231,M&A 2.01+3.01+5.01 (acquired by external acquirer),ASPENTECH Corp,ASPEN TECHNOLOGY INC /DE/; ASPEN TECHNOLOGY INC /MA/,ASPEN TECHNOLOGY INC,2/2,"25=Y,15=Y",OK,
BBG000DGM399,CBH,merger,231,"M&A change in control (5.01) with delisting/rights change, closing 8-K without 2.01",COMMERCE BANCORP INC /NJ/,,COMMERCE BANCORP INC,1/1,"25=Y,15=Y",OK,
BBG000DGPR66,BG,merger,231,M&A 2.01+3.01+5.01 (acquired by external acquirer),BUNGELTD,BUNGE LTD; Bunge LTD,BUNGE LTD,1/1,"25=Y,15=Y",OK,
BBG000DGZ1B6,MNST,exchange_transfer,304,Continued 10-K/Q filings >180d after delist (moved to OTC or spun off),"MONSTER WORLDWIDE, INC.",MONSTER WORLDWIDE INC; TMP WORLDWIDE INC; TMP WORLDWIDE INC /FA/,MONSTER WORLDWIDE INC,2/2,"25=Y,15=N",OK,
BBG000DGZ1B6,MNST,exchange_transfer,304,Continued 10-K/Q filings >180d after delist (moved to OTC or spun off),"MONSTER WORLDWIDE, INC.",MONSTER WORLDWIDE INC; TMP WORLDWIDE INC; TMP WORLDWIDE INC /FA/,MONSTER WORLDWIDE INC,2/2,"25=Y,15=N",OK,
BBG000DHM3H8,VIA,merger,231,M&A 2.01+3.01+5.01 (acquired by external acquirer),Viacom Inc.,New Viacom Corp.,VIACOM INC CLASS A,1/1,"25=Y,15=Y",OK,
BBG000DHNDK1,AOL,merger,231,M&A 2.01+3.01+5.01 (acquired by external acquirer),AOL Inc.,,AOL INC,0/0,"25=Y,15=Y",OK,
BBG000DHSPT0,VIA-B,exchange_transfer,304,Continued 10-K/Q filings >180d after delist (moved to OTC or spun off),Viacom Inc.,New Viacom Corp.,VIACOM INC CLASS B,1/1,"25=Y,15=N",OK,
BBG000DHSPT0,VIA-B,merger,231,M&A 2.01+3.01+5.01 (acquired by external acquirer),Viacom Inc.,New Viacom Corp.,VIACOM INC CLASS B,1/1,"25=Y,15=Y",OK,
BBG000DM12W5,BYI,merger,231,M&A 2.01+3.01+5.01 (acquired by external acquirer),"BALLY TECHNOLOGIES, INC.",ALLIANCE GAMING CORP,BALLY TECHNOLOGIES INC.,2/2,"25=Y,15=Y",OK,
BBG000DNTSP4,SE,merger,231,M&A 2.01+3.01+5.01 (acquired by external acquirer),Spectra Energy Corp.,"Gas SpinCo, Inc.",SPECTRA ENERGY CORP,2/2,"25=Y,15=Y",OK,
BBG000DQV538,ENH,merger,231,M&A 2.01+3.01+5.01 (acquired by external acquirer),ENDURANCE SPECIALTY HOLDINGS LTD,,ENDURANCE SPECIALTY HOLDINGS LTD.,2/2,"25=Y,15=N",OK,
BBG000DQV8M1,MIR,merger,231,M&A 2.01+3.01+5.01 (acquired by external acquirer),MIRANT CORP,SOUTHERN ENERGY INC; SEI HOLDINGS INC,MIRANT CORP NEW,1/1,"25=Y,15=Y",OK,
BBG000DQX1D4,POM,exchange_transfer,304,Continued 10-K/Q filings >180d after delist (moved to OTC or spun off),PEPCO HOLDINGS LLC,PEPCO HOLDINGS INC; NEW RC INC,PEPCO HOLDINGS INC,1/1,"25=Y,15=N",OK,
BBG000DST2V3,EP,merger,231,M&A 2.01+3.01+5.01 (acquired by external acquirer),EL PASO LLC,EL PASO CORP/DE; EL PASO ENERGY CORP/DE,EL PASO CORP,1/1,"25=Y,15=Y",OK,
BBG000DTMH63,NE,liquidation,470,Bankruptcy (8-K item 1.03 filed 2020-07-31),Noble Corp,Noble Holding Corp plc; Noble Corp plc; Noble Corp / Switzerland,NOBLE CORP PLC,1/1,"25=Y,15=N",OK,
BBG000DTRKK5,DRS,merger,231,"M&A change in control (5.01) with delisting/rights change, closing 8-K without 2.01",DRS TECHNOLOGIES INC,DIAGNOSTIC RETRIEVAL SYSTEMS INC,DRS TECHNOLOGIES INC,1/1,"25=Y,15=Y",OK,
BBG000DW4937,SKS,merger,231,M&A 2.01+3.01+5.01 (acquired by external acquirer),SAKS INC,PROFFITTS INC,SAKS INC,1/1,"25=Y,15=Y",OK,
BBG000DW4Q75,LNT,exchange_transfer,304,Ticker change / listing transfer: 3.01 notice announces a listing transfer; company still reports results,ALLIANT ENERGY CORP,ALLIANT ENERGY CORP; INTERSTATE ENERGY CORP; WPL HOLDINGS INC,ALLIANT ENERGY CORP,2/2,"25=Y,15=N",OK,
BBG000DWMRV6,FNFG,merger,231,M&A 2.01+3.01+5.01 (acquired by external acquirer),FIRST NIAGARA FINANCIAL GROUP INC,NIAGARA BANCORP INC,FIRST NIAGARA FINANCIAL GROUP INC.,3/3,"25=Y,15=Y",OK,
BBG000DXVB85,GPRO,merger,231,M&A 2.01+3.01+5.01 (acquired by external acquirer),GEN PROBE INC,,GEN-PROBE INC.,1/1,"25=Y,15=Y",OK,
BBG000DY8ZS4,WFT,exchange_transfer,304,Continued 10-K/Q filings >180d after delist (moved to OTC or spun off),Weatherford International plc,Weatherford International Ltd,WEATHERFORD INTERNATIONAL PLC,1/1,"25=N,15=N",WEAK_no_delist_form,
BBG000DZCFX4,LPI,exchange_transfer,304,Continued 10-K/Q filings >180d after delist (moved to OTC or spun off),"Vital Energy, Inc.","Laredo Petroleum, Inc.; Laredo Petroleum Holdings, Inc.",LAREDO PETROLEUM INC,2/2,"25=N,15=N",WEAK_no_delist_form,
BBG000DZK6N6,NATI,merger,231,M&A 2.01+3.01+5.01 (acquired by external acquirer),NATIONAL INSTRUMENTS CORP,NATIONAL INSTRUMENTS CORP /DE/,NATIONAL INSTRUMENTS CORP,2/2,"25=Y,15=Y",OK,
BBG000DZMH32,WYE,merger,231,"M&A change in control (5.01) with delisting/rights change, closing 8-K without 2.01",WYETH,AMERICAN HOME PRODUCTS CORP,WYETH,1/1,"25=Y,15=Y",OK,
BBG000F0PF65,TWX,merger,231,M&A 2.01+3.01+5.01 (acquired by external acquirer),"WARNER MEDIA, LLC",TIME WARNER LLC; TIME WARNER INC.; TIME WARNER INC; AOL TIME WARNER INC,TIME WARNER INC,2/2,"25=Y,15=Y",OK,
BBG000F0ZXG4,CEM,liquidation,470,Bankruptcy (8-K item 1.03 filed 2009-03-23),LANXESS Solutions US Inc.,Chemtura CORP; CROMPTON CORP; CK WITCO CORP,CHEMTURA CORP,1/1,"25=Y,15=N",OK,
BBG000F15NW9,STJ,merger,231,M&A 2.01+3.01+5.01 (acquired by external acquirer),"ST JUDE MEDICAL, LLC",ST JUDE MEDICAL INC,ST JUDE MEDICAL INC,2/2,"25=Y,15=Y",OK,
BBG000F1ZSN5,ROP,exchange_transfer,304,Ticker change / listing transfer: 3.01 notice announces a listing transfer; company still reports results,ROPER TECHNOLOGIES INC,ROPER TECHNOLOGIES INC; ROPER INDUSTRIES INC; ROPER INDUSTRIES INC /DE/,ROPER TECHNOLOGIES INC,2/2,"25=Y,15=N",OK,
BBG000F2XXP2,SBGI,exchange_transfer,304,Continued 10-K/Q filings >180d after delist (moved to OTC or spun off),"Sinclair Broadcast Group, LLC",SINCLAIR BROADCAST GROUP INC,SINCLAIR BROADCAST GROUP INC CLASS,2/2,"25=N,15=N",WEAK_no_delist_form,
BBG000F4VS53,EYE,merger,200,M&A 2.01+3.01 (acquisition with delisting),ABBOTT MEDICAL OPTICS INC,ADVANCED MEDICAL OPTICS INC,ADVANCED MEDICAL OPTICS,3/3,"25=Y,15=Y",OK,
BBG000F4W0M4,SIX,merger,200,M&A 2.01+3.01 (acquisition with delisting),Six Flags Entertainment Corp/OLD,"Six Flags Entertainment Corp; SIX FLAGS, INC.; SIX FLAGS INC; PREMIER PARKS INC; TIERCO GROUP INC/DE/",SIX FLAGS ENTERTAINMENT CORP,2/2,"25=Y,15=Y",OK,
BBG000F5YH15,WWE,merger,231,M&A 2.01+3.01+5.01 (acquired by external acquirer),"WORLD WRESTLING ENTERTAINMENT, LLC",WORLD WRESTLING ENTERTAINMENTINC; WORLD WRESTLING FEDERATION ENTERTAINMENT INC,WORLD WRESTLING ENTERTAINMENT INC,3/3,"25=Y,15=Y",OK,
BBG000F64MM2,CTCM,merger,231,Merger filing PREM14A 2015-10-22 before the delisting,"CTC Media, Inc.",,CTC MEDIA INC,1/1,"25=Y,15=N",OK,
BBG000F80SZ5,SUNE,liquidation,470,Bankruptcy (8-K item 1.03 filed 2016-04-27),"SUNEDISON, INC.",MEMC ELECTRONIC MATERIALS INC,SUNEDISON INC.,1/1,"25=Y,15=N",OK,
BBG000F9KJN4,RAX,merger,231,M&A 2.01+3.01+5.01 (acquired by external acquirer),"RACKSPACE HOSTING, INC.",RACKSPACE INC; RACKSPACE MANAGED HOSTING INC; RACKSPACE COM INC,RACKSPACE HOSTING INC,2/2,"25=Y,15=Y",OK,
BBG000FBK808,DNR,liquidation,470,Bankruptcy (8-K item 1.03 filed 2020-07-31),DENBURY INC,DENBURY RESOURCES INC,DENBURY RESOURCES INC,2/2,"25=Y,15=N",OK,
BBG000FBR384,BEAM,merger,231,"M&A change in control (5.01) with delisting/rights change, closing 8-K without 2.01",Beam Suntory Inc.,BEAM INC; FORTUNE BRANDS INC; AMERICAN BRANDS INC /DE/,BEAM INC,1/1,"25=Y,15=Y",OK,
BBG000FBRL11,PGRE,merger,231,M&A 2.01+3.01+5.01 (acquired by external acquirer),"Paramount Group, Inc.",,PARAMOUNT GROUP REIT INC,1/2,"25=Y,15=Y",OK,
BBG000FBWYH0,PRA,merger,231,M&A 2.01+3.01+5.01 (acquired by external acquirer),PROASSURANCE CORP,,PROASSURANCE CORP,1/1,"25=Y,15=Y",OK,
BBG000FC9SM1,BXS,merger,231,M&A 2.01+3.01+5.01 (acquired by external acquirer),BANCORPSOUTH INC,,BANCORPSOUTH INC,1/1,"25=Y,15=Y",OK,
BBG000FF9HX6,UTIW,merger,233,2.01 with Form 25 + Form 15 (acquisition completed),UTi WORLDWIDE INC,,UTI WORLDWIDE INC,1/1,"25=Y,15=Y",OK,
BBG000FG3C43,SNDK,merger,231,M&A 2.01+3.01+5.01 (acquired by external acquirer),SANDISK CORP,,SANDISK CORP,1/1,"25=Y,15=Y",OK,
BBG000FH8PX5,AGN,merger,231,M&A 2.01+3.01+5.01 (acquired by external acquirer),Allergan plc,Actavis plc; Actavis Ltd,ALLERGAN,1/1,"25=Y,15=Y",OK,
BBG000FHN2M1,CKFR,merger,231,Merger filing DEFM14A 2007-09-20 before the delisting,CHECKFREE CORP \GA\,CHECKFREE HOLDINGS CORP \GA\; CHECKFREE CORP \DE\,CHECKFREE CORP,1/1,"25=Y,15=Y",OK,
BBG000FHZ756,PDE,merger,231,M&A 2.01+3.01+5.01 (acquired by external acquirer),PRIDE INTERNATIONAL INC,PRIDE PETROLEUM SERVICES INC,PRIDE INTERNATIONAL INC,1/1,"25=Y,15=Y",OK,
BBG000FJLFX8,AET,merger,231,M&A 2.01+3.01+5.01 (acquired by external acquirer),AETNA INC /PA/,AETNA U S HEALTHCARE INC,AETNA INC,1/1,"25=Y,15=Y",OK,
BBG000FJP263,AYE,merger,231,"M&A change in control (5.01) with delisting/rights change, closing 8-K without 2.01","ALLEGHENY ENERGY, INC",ALLEGHENY ENERGY INC; ALLEGHENY POWER SYSTEM INC,ALLEGHENY ENERGY INC,2/2,"25=Y,15=Y",OK,
BBG000FJRZ68,DO,liquidation,470,Bankruptcy (8-K item 1.03 filed 2020-04-27),"DIAMOND OFFSHORE DRILLING, INC.",DIAMOND OFFSHORE DRILLING INC,DIAMOND OFFSHORE DRILLING INC,3/3,"25=Y,15=N",OK,
BBG000FKYVH4,LXK,merger,231,M&A 2.01+3.01+5.01 (acquired by external acquirer),LEXMARK INTERNATIONAL INC /KY/,LEXMARK INTERNATIONAL GROUP INC,LEXMARK INTERNATIONAL INC.,1/1,"25=Y,15=Y",OK,
BBG000FL1TC8,DTV,merger,231,M&A 2.01+3.01+5.01 (acquired by external acquirer),DIRECTV,,DIRECTV,1/1,"25=Y,15=Y",OK,
BBG000FLPRH1,CAR,exchange_transfer,304,Ticker change / listing transfer: 3.01 notice announces a listing transfer; company still reports results,"AVIS BUDGET GROUP, INC.",CENDANT CORP; CUC INTERNATIONAL INC /DE/,AVIS BUDGET GROUP INC,2/2,"25=Y,15=N",OK,
BBG000FQ6PY6,CTXS,merger,231,M&A 2.01+3.01+5.01 (acquired by external acquirer),CITRIX SYSTEMS INC,,CITRIX SYSTEMS INC,2/2,"25=Y,15=Y",OK,
BBG000FRBSS9,WB,merger,231,Merger filing 425 2008-12-23 before the delisting,WACHOVIA CORP NEW,FIRST UNION CORP,WACHOVIA CORP,1/1,"25=Y,15=Y",OK,
BBG000FRJVJ4,FTO,merger,231,"M&A change in control (5.01) with delisting/rights change, closing 8-K without 2.01",FRONTIER OIL CORP /NEW/,WAINOCO OIL CORP,FRONTIER OIL CORP,1/1,"25=Y,15=Y",OK,
BBG000FRVFM1,PPDI,merger,231,M&A 2.01+3.01+5.01 (acquired by external acquirer),"PHARMACEUTICAL PRODUCT DEVELOPMENT, LLC",PHARMACEUTICAL PRODUCT DEVELOPMENT INC,PHARMACEUTICAL PROD,1/2,"25=Y,15=Y",OK,
BBG000FVQ185,SPWR,liquidation,470,Bankruptcy (8-K item 1.03 filed 2024-08-06),SUNPOWER CORP,,SUNPOWER CORP.,1/1,"25=Y,15=N",OK,
BBG000FVQ434,IHS,merger,231,M&A 2.01+3.01+5.01 (acquired by external acquirer),IHS Inc.,,IHS INC CLASS A,0/0,"25=Y,15=Y",OK,
BBG000FXYZF9,WM,liquidation,470,Bankruptcy (8-K item 1.03 filed 2008-09-30),"Maverick Merger Sub 2, LLC","Mr. Cooper Group Inc.; WMIH CORP.; WMI HOLDINGS CORP.; WASHINGTON MUTUAL, INC; WASHINGTON MUTUAL INC",WASHINGTON MUTUAL INC,2/2,"25=Y,15=N",OK,
BBG000FY4S11,C,exchange_transfer,304,Continued 10-K/Q filings >180d after delist (moved to OTC or spun off),CITIGROUP INC,CITIGROUP INC; TRAVELERS GROUP INC; TRAVELERS INC,CITIGROUP INC,1/1,"25=Y,15=N",OK,
BBG000FYNMX8,WL,merger,231,Merger filing 425 2011-04-27 before the delisting,WILMINGTON TRUST CORP,,WILMINGTON TRUST CORP,1/1,"25=Y,15=Y",OK,
BBG000G0PPW3,AMSG,merger,231,Merger filing 425 2016-11-22 before the delisting,AMSURG CORP,,AMSURG CORP.,1/1,"25=Y,15=Y",OK,
BBG000G30YX4,ALXN,merger,231,M&A 2.01+3.01+5.01 (acquired by external acquirer),"ALEXION PHARMACEUTICALS, INC.",ALEXION PHARMACEUTICALS INC,ALEXION PHARMACEUTICALS INC,2/2,"25=Y,15=Y",OK,
BBG000G5H5S0,CEG,merger,231,M&A 2.01+3.01+5.01 (acquired by external acquirer),CONSTELLATION ENERGY GROUP INC,CONSTELLATION ENERGY CORP; RH ACQUISITION CORP,CONSTELLATION ENERGY GRP,2/2,"25=Y,15=Y",OK,
BBG000G61VB6,BOT,merger,231,Merger filing 425 2007-07-10 before the delisting,CBOT HOLDINGS  INC,,CBOT HOLDINGS INC,1/1,"25=Y,15=N",OK,
BBG000G6BN50,PNRA,merger,231,M&A 2.01+3.01+5.01 (acquired by external acquirer),PANERA BREAD CO,AU BON PAIN CO INC,PANERA BREAD CLASS A,2/2,"25=Y,15=Y",OK,
BBG000G7QX50,PINC,merger,231,M&A 2.01+3.01+5.01 (acquired by external acquirer),"Premier, Inc.",,PREMIER INC CLASS A,1/1,"25=Y,15=Y",OK,
BBG000G8M3Q5,UB,exchange_transfer,304,Continued 10-K/Q filings >180d after delist (moved to OTC or spun off),MUFG Americas Holdings Corp,UNIONBANCAL CORP,UNIONBANCAL CORP,1/1,"25=Y,15=N",OK,
BBG000G8N9C6,JWN,merger,231,M&A 2.01+3.01+5.01 (acquired by external acquirer),NORDSTROM INC,,NORDSTROM INC,1/1,"25=Y,15=Y",OK,
BBG000GC80B4,COV,merger,231,M&A 2.01+3.01+5.01 (acquired by external acquirer),Covidien plc,Covidien Ltd.; Tyco Healthcare Ltd.,COVIDIEN ORD,1/1,"25=Y,15=Y",OK,
BBG000GLBN48,ONXX,merger,231,"M&A change in control (5.01) with delisting/rights change, closing 8-K without 2.01",ONYX PHARMACEUTICALS INC,,ONYX PHARMACEUTICALS INC.,2/2,"25=Y,15=Y",OK,
BBG000GMDMK8,GWR,merger,231,M&A 2.01+3.01+5.01 (acquired by external acquirer),GENESEE & WYOMING INC,,GENESEE & WYOMING INC CLASS A,2/2,"25=Y,15=Y",OK,
BBG000GQ1G25,TUP,liquidation,470,Bankruptcy (8-K item 1.03 filed 2024-09-18),TUPPERWARE BRANDS CORP,TUPPERWARE CORP,TUPPERWARE BRANDS CORP,2/2,"25=Y,15=N",OK,
BBG000GQGJT4,THS,merger,231,M&A 2.01+3.01+5.01 (acquired by external acquirer),"TreeHouse Foods, Inc.",,TREEHOUSE FOODS INC,2/2,"25=Y,15=Y",OK,
BBG000GTYWL7,QGEN,exchange_transfer,304,Continued 10-K/Q filings >180d after delist (moved to OTC or spun off),QIAGEN N.V.,QIAGEN NV,QIAGEN NV,1/1,"25=Y,15=N",OK,
BBG000GTYWL7,QGEN,unknown,,Delisted/deregistered without merger or distress evidence,QIAGEN N.V.,QIAGEN NV,QIAGEN NV,1/1,"25=Y,15=N",OK,
BBG000GVTP33,OB,merger,231,M&A 2.01+3.01+5.01 (acquired by external acquirer),"OneBeacon Insurance Group, Ltd.",,ONEBEACON INSURANCE GRP,2/2,"25=Y,15=Y",OK,
BBG000GXZ4W7,ANSS,merger,231,M&A 2.01+3.01+5.01 (acquired by external acquirer),ANSYS INC,,ANSYS INC,1/1,"25=Y,15=Y",OK,
BBG000GYLKX3,SFD,exchange_transfer,304,Continued 10-K/Q filings >180d after delist (moved to OTC or spun off),SMITHFIELD FOODS INC,,SMITHFIELD FOODS INC.,2/2,"25=Y,15=Y",OK,
BBG000GZD660,CBST,merger,231,M&A 2.01+3.01+5.01 (acquired by external acquirer),CUBIST PHARMACEUTICALS INC,,CUBIST PHARMACEUTICALS INC.,2/2,"25=Y,15=Y",OK,
BBG000H28X05,PAS,merger,231,"M&A change in control (5.01) with delisting/rights change, closing 8-K without 2.01",PEPSIAMERICAS INC/IL/,WHITMAN CORP/NEW/; HEARTLAND TERRITORIES HOLDINGS INC,PEPSIAMERICAS INC,1/1,"25=Y,15=Y",OK,
BBG000H3FZM6,SRCL,merger,231,M&A 2.01+3.01+5.01 (acquired by external acquirer),STERICYCLE INC,,STERICYCLE INC,1/1,"25=Y,15=Y",OK,
BBG000H4NW15,IM,merger,231,M&A 2.01+3.01+5.01 (acquired by external acquirer),INGRAM MICRO INC,,INGRAM MICRO INC. SHS -A-,2/2,"25=Y,15=Y",OK,
BBG000H4YVR7,MDVN,merger,231,M&A 2.01+3.01+5.01 (acquired by external acquirer),"MEDIVATION, INC.",ORION ACQUISITION CORP II,MEDIVATION INC.,1/1,"25=Y,15=Y",OK,
BBG000H50PN8,CVH,merger,231,M&A 2.01+3.01+5.01 (acquired by external acquirer),COVENTRY HEALTH CARE INC,,COVENTRY HEALTH CARE INC,3/3,"25=Y,15=Y",OK,
BBG000H556T9,HON,exchange_transfer,304,Ticker change / listing transfer: 3.01 notice announces a listing transfer; company still reports results,HONEYWELL INTERNATIONAL INC,ALLIEDSIGNAL INC; ALLIED SIGNAL INC,HONEYWELL INTERNATIONAL INC,1/1,"25=Y,15=N",OK,
BBG000H6HNW3,TWTR,merger,231,M&A 2.01+3.01+5.01 (acquired by external acquirer),"TWITTER, INC.",Twitter Inc,TWITTER INC,1/1,"25=Y,15=Y",OK,
BBG000H89QJ6,TWC,merger,231,M&A 2.01+3.01+5.01 (acquired by external acquirer),"SPECTRUM MANAGEMENT HOLDING COMPANY, LLC",TIME WARNER CABLE INC.,TIME WARNER CABLE INC,3/3,"25=Y,15=Y",OK,
BBG000HNMMT6,ISCA,merger,231,M&A 2.01+3.01+5.01 (acquired by external acquirer),INTERNATIONAL SPEEDWAY CORP,,INTERNATIONAL SPEEDWAY,1/1,"25=Y,15=Y",OK,
BBG000HZFZX3,LVLT,exchange_transfer,304,Continued 10-K/Q filings >180d after delist (moved to OTC or spun off),"Level 3 Parent, LLC",LEVEL 3 COMMUNICATIONS INC; KIEWIT PETER SONS INC,LEVEL COMMUNICATIONS INC,2/2,"25=Y,15=Y",OK,
BBG000HZT3L2,EAS,merger,231,"M&A change in control (5.01) with delisting/rights change, closing 8-K without 2.01",ENERGY EAST CORP,NGE RESOURCES INC,ENERGY EAST CORP,2/2,"25=Y,15=Y",OK,
BBG000J0D904,BIG,liquidation,470,Bankruptcy (8-K item 1.03 filed 2024-09-10),FORMER BL STORES INC,BIG LOTS INC; CONSOLIDATED STORES CORP /DE/,BIG LOTS INC.,1/1,"25=Y,15=N",OK,
BBG000J453J8,CCO,exchange_transfer,304,Continued 10-K/Q filings >180d after delist (moved to OTC or spun off),"Clear Channel Outdoor Holdings, Inc.",,CLEAR CHANNEL OUTDOOR HOLDINGS INC,3/3,"25=Y,15=Y",OK,
BBG000J8CD72,ACS,merger,231,Merger filing 425 2010-02-05 before the delisting,AFFILIATED COMPUTER SERVICES INC,,AFFILIATED COMPUTER SVCS,2/3,"25=Y,15=Y",OK,
BBG000JB27Y9,CFN,merger,231,M&A 2.01+3.01+5.01 (acquired by external acquirer),CAREFUSION Corp,,CAREFUSION CORP,1/1,"25=Y,15=Y",OK,
BBG000JBSJZ4,FNF,exchange_transfer,304,Continued 10-K/Q filings >180d after delist (moved to OTC or spun off); successor by same issuer,"Fidelity National Financial, Inc.","Fidelity National Title Group, Inc.",FIDELITY NATIONAL FINANCIAL INC CL,3/3,"25=N,15=N",WEAK_no_delist_form,
BBG000JDN9K3,CAVM,merger,231,M&A 2.01+3.01+5.01 (acquired by external acquirer),"CAVIUM, INC.","CAVIUM NETWORKS, INC.; CAVIUM NETWORKS",CAVIUM INC,1/1,"25=Y,15=Y",OK,
BBG000JGQ3K6,MEE,merger,231,M&A 2.01+3.01+5.01 (acquired by external acquirer),"Alpha Appalachia Holdings, Inc.",MASSEY ENERGY CO; FLUOR CORP/DE/,MASSEY ENERGY CORP,2/2,"25=Y,15=Y",OK,
BBG000JHRSB8,GDI,merger,231,"M&A change in control (5.01) with delisting/rights change, closing 8-K without 2.01",GARDNER DENVER INC,GARDNER DENVER MACHINERY INC,GARDNER DENVER INC.,2/2,"25=Y,15=Y",OK,
BBG000JKFQB8,WWAV,merger,231,M&A 2.01+3.01+5.01 (acquired by external acquirer),WHITEWAVE FOODS Co,,WHITEWAVE FOODS,2/2,"25=Y,15=Y",OK,
BBG000JN7HR4,KCI,merger,231,"M&A change in control (5.01) with delisting/rights change, closing 8-K without 2.01",KINETIC CONCEPTS INC,KINETIC CONCEPTS INC /TX/,KINETIC CONCEPTS INC,2/2,"25=Y,15=Y",OK,
BBG000JN9BQ6,NIHD,liquidation,470,Bankruptcy (8-K item 1.03 filed 2014-09-15),NII HOLDINGS INC,NEXTEL INTERNATIONAL INC; MCCAW INTERNATIONAL LTD,NII HOLDINGS INC,0/0,"25=Y,15=N",OK,
BBG000JXRXK2,SOV,exchange_transfer,304,Continued 10-K/Q filings >180d after delist (moved to OTC or spun off),"Santander Holdings USA, Inc.",SOVEREIGN BANCORP INC,SOVEREIGN BANCORP INC,1/1,"25=Y,15=Y",OK,
BBG000K14Q84,JOYG,exchange_transfer,304,Continued 10-K/Q filings >180d after delist (moved to OTC or spun off),JOY GLOBAL INC,HARNISCHFEGER INDUSTRIES INC,JOY GLOBAL INC,1/1,"25=Y,15=N",OK,
BBG000K14Q84,JOY,merger,231,M&A 2.01+3.01+5.01 (acquired by external acquirer),JOY GLOBAL INC,HARNISCHFEGER INDUSTRIES INC,JOY GLOBAL INC,1/1,"25=Y,15=Y",OK,
BBG000K1X873,SSCC,liquidation,470,Bankruptcy (8-K item 1.03 filed 2009-01-30),SMURFIT STONE CONTAINER CORP,JEFFERSON SMURFIT CORP /DE/,SMURFIT-STONE CONTAINER,3/3,"25=Y,15=N",OK,
BBG000K3T8L8,GXP,merger,231,"M&A change in control (5.01) with delisting/rights change, closing 8-K without 2.01",GREAT PLAINS ENERGY INC,,GREAT PLAINS ENERGY INC,3/3,"25=Y,15=Y",OK,
BBG000K7PWX7,INFA,merger,231,M&A 2.01+3.01+5.01 (acquired by external acquirer),INFORMATICA LLC,INFORMATICA CORP,INFORMATICA CORP.,1/1,"25=Y,15=Y",OK,
BBG000KBQZ88,CTRX,merger,231,M&A 2.01+3.01+5.01 (acquired by external acquirer),Catamaran Corp,SXC Health Solutions Corp.; SXC Health Solutions Inc.; Systems Xcellence Inc.,CATAMARAN CORP,1/1,"25=Y,15=Y",OK,
BBG000KJP3V7,CMD,merger,231,M&A 2.01+3.01+5.01 (acquired by external acquirer),CANTEL MEDICAL LLC,CANTEL MEDICAL CORP; CANTEL INDUSTRIES INC,CANTEL MEDICAL CORP,2/2,"25=Y,15=Y",OK,
BBG000KZCJJ4,AYR,exchange_transfer,304,Continued 10-K/Q filings >180d after delist (moved to OTC or spun off),Aircastle LTD,,AIRCASTLE LTD,1/1,"25=Y,15=Y",OK,
BBG000L0R4R8,WOOF,merger,231,M&A 2.01+3.01+5.01 (acquired by external acquirer),VCA INC,VCA ANTECH INC; VETERINARY CENTERS OF AMERICA INC,VCA INC,0/0,"25=Y,15=Y",OK,
BBG000L8QT60,APKT,merger,231,M&A 2.01+3.01+5.01 (acquired by external acquirer),ACME PACKET INC,,ACME PACKET INC.,2/2,"25=Y,15=Y",OK,
BBG000L93Q69,THE,merger,231,Merger filing 425 2007-07-09 before the delisting,TODCO,,TODCO,1/1,"25=Y,15=Y",OK,
BBG000LV0836,IBKR,exchange_transfer,304,Ticker change / listing transfer: 3.01 notice announces a listing transfer; company still reports results,"Interactive Brokers Group, Inc.",,INTERACTIVE BROKERS GROUP INC CLAS,2/3,"25=Y,15=N",OK,
BBG000M34GG1,MIC,merger,200,M&A 2.01+3.01 (acquisition with delisting),Macquarie Infrastructure Corp,Macquarie Infrastructure CO LLC; Macquarie Infrastructure Co LLC; Macquarie Infrastructure Assets LLC,MACQUARIE INFRASTRUCTURE CORP,2/2,"25=Y,15=Y",OK,
BBG000M34GG1,MIC,merger,231,Merger filing DEFM14A 2021-08-23 before the delisting,Macquarie Infrastructure Corp,Macquarie Infrastructure CO LLC; Macquarie Infrastructure Co LLC; Macquarie Infrastructure Assets LLC,MACQUARIE INFRASTRUCTURE CORP,2/2,"25=Y,15=Y",OK,
BBG000M65M61,UAL,exchange_transfer,304,Ticker change / listing transfer: 3.01 notice announces a listing transfer; company still reports results,"United Airlines Holdings, Inc.","United Continental Holdings, Inc.; UAL CORP /DE/",UNITED AIRLINES HOLDINGS INC,2/2,"25=Y,15=N",OK,
BBG000M9KP89,ACC,merger,231,M&A 2.01+3.01+5.01 (acquired by external acquirer),AMERICAN CAMPUS COMMUNITIES INC,,AMERICAN CAMPUS COMMUNITIES REIT I,3/4,"25=Y,15=Y",OK,
BBG000MBPVL1,CSE,merger,231,M&A 2.01+3.01+5.01 (acquired by external acquirer),CAPITALSOURCE INC,,CAPITALSOURCE INC,1/1,"25=Y,15=Y",OK,
BBG000MJRJJ2,HHC,exchange_transfer,304,Continued 10-K/Q filings >180d after delist (moved to OTC or spun off),Howard Hughes Corp,"Spinco, Inc.",HOWARD HUGHES CORP,2/2,"25=Y,15=Y",OK,
BBG000MRMY60,MHS,merger,231,"M&A change in control (5.01) with delisting/rights change, closing 8-K without 2.01",MEDCO HEALTH SOLUTIONS INC,MERCK MEDCO MANAGED CARE LLC,MEDCO HEALTH SOLUTIONS,3/3,"25=Y,15=Y",OK,
BBG000MTJYV2,ES,exchange_transfer,304,Continued 10-K/Q filings >180d after delist (moved to OTC or spun off),EVERSOURCE ENERGY,NORTHEAST UTILITIES; NORTHEAST UTILITIES SYSTEM,NORTHEAST UTILITIES,2/2,"25=N,15=N",WEAK_no_delist_form,
BBG000MTPB18,CETV,merger,231,M&A 2.01+3.01+5.01 (acquired by external acquirer),CENTRAL EUROPEAN MEDIA ENTERPRISES LTD,,CENTRAL EUROPEAN MEDIA,3/3,"25=Y,15=Y",OK,
BBG000MZFMS2,SLXP,merger,231,"M&A change in control (5.01) with delisting/rights change, closing 8-K without 2.01",SALIX PHARMACEUTICALS LTD,SALIX HOLDINGS LTD,SALIX PHARMACEUTICALS LTD.,2/2,"25=Y,15=Y",OK,
BBG000N49069,OPK,exchange_transfer,304,Continued 10-K/Q filings >180d after delist (moved to OTC or spun off),"OPKO HEALTH, INC.",EXEGENICS INC; eXegenics Inc; CYTOCLONAL PHARMACEUTICS INC /DE,OPKO HEALTH INC,2/2,"25=Y,15=N",OK,
BBG000N746D6,ETFC,merger,231,M&A 2.01+3.01+5.01 (acquired by external acquirer),E TRADE FINANCIAL CORP,E TRADE GROUP INC,E TRADE FINANCIAL CORP,2/2,"25=Y,15=Y",OK,
BBG000N7CH25,WCRX,merger,231,M&A 2.01+3.01+5.01 (acquired by external acquirer),Warner Chilcott plc,Warner Chilcott Ltd; Warner Chilcott Holdings Co Ltd,WARNER CHILCOTT PLC CLASS A,2/2,"25=Y,15=Y",OK,
BBG000N7MXL8,ETSY,exchange_transfer,304,Ticker change / listing transfer: 3.01 notice announces a listing transfer; company still reports results,ETSY INC,,ETSY INC,1/1,"25=Y,15=N",OK,
BBG000N7MYP2,FIO,merger,231,M&A 2.01+3.01+5.01 (acquired by external acquirer),"FUSION-IO, INC.",FUSION MULTISYSTEMS INC,FUSION-IO INC,1/1,"25=Y,15=Y",OK,
BBG000N7QR55,PLTR,exchange_transfer,304,Ticker change / listing transfer: 3.01 notice announces a listing transfer; company still reports results,Palantir Technologies Inc.,Palantir Technologies Inc,PALANTIR TECHNOLOGIES INC CLASS A,2/2,"25=Y,15=N",OK,
BBG000N8Y8W6,AWH,merger,231,M&A 2.01+3.01+5.01 (acquired by external acquirer),"Allied World Assurance Co Holdings, GmbH","Allied World Assurance Co Holdings, AG; ALLIED WORLD ASSURANCE CO HOLDINGS LTD; ALLIED WORLD ASSURANCE HOLDINGS LTD",ALLIED WORLD ASSURANCE COMPANY HOL,3/3,"25=Y,15=Y",OK,
BBG000NC8DB8,EQ,merger,231,M&A 2.01+3.01+5.01 (acquired by external acquirer),Embarq CORP,LTD Holding CO,EMBARQ CORP,1/1,"25=Y,15=Y",OK,
BBG000NDV1D4,TMUS,exchange_transfer,304,Continued 10-K/Q filings >180d after delist (moved to OTC or spun off),"T-Mobile US, Inc.",METROPCS COMMUNICATIONS INC,T MOBILE US INC,1/1,"25=Y,15=N",OK,
BBG000NDZ417,PXP,merger,231,M&A 2.01+3.01+5.01 (acquired by external acquirer),PLAINS EXPLORATION & PRODUCTION CO,PLAINS EXPLORATION & PRODUCTION CO L P; STOCKER RESOURCES LP,PLAINS EXPLORATION & PRODUCTION CO,3/3,"25=Y,15=Y",OK,
BBG000NS03H7,MSGN,merger,231,M&A 2.01+3.01+5.01 (acquired by external acquirer),MSG NETWORKS INC.,"Madison Square Garden Co; Madison Square Garden, Inc.",MSG NETWORKS INC,1/1,"25=Y,15=Y",OK,
BBG000NSCNT7,PFG,exchange_transfer,304,Ticker change / listing transfer: 3.01 notice announces a listing transfer; company still reports results,PRINCIPAL FINANCIAL GROUP INC,,PRINCIPAL FINANCIAL GROUP INC,2/2,"25=Y,15=N",OK,
BBG000P1F8Q7,HSP,merger,231,M&A 2.01+3.01+5.01 (acquired by external acquirer),HOSPIRA INC,,HOSPIRA INC,1/1,"25=Y,15=Y",OK,
BBG000P1K2X6,GTLS,merger,231,M&A 2.01+3.01+5.01 (acquired by external acquirer),CHART INDUSTRIES INC,,CHART INDUSTRIES INC,2/2,"25=Y,15=Y",OK,
BBG000P458P3,DPZ,exchange_transfer,304,Ticker change / listing transfer: 3.01 notice announces a listing transfer; company still reports results,DOMINOS PIZZA INC,,DOMINOS PIZZA INC,2/2,"25=Y,15=N",OK,
BBG000P4BQM9,SPB,exchange_transfer,304,Continued 10-K/Q filings >180d after delist (moved to OTC or spun off); successor by same issuer,"Spectrum Brands Holdings, Inc.","HRG GROUP, INC.; HARBINGER GROUP INC.; ZAPATA CORP",SPECTRUM BRANDS HOLDINGS INC,2/2,"25=N,15=N",WEAK_no_delist_form,
BBG000PB7F79,DRC,merger,231,M&A 2.01+3.01+5.01 (acquired by external acquirer),Dresser-Rand Group Inc.,,DRESSER-RAND GROUP INC.,2/2,"25=Y,15=Y",OK,
BBG000PCNTM2,STRZA,merger,231,M&A 2.01+3.01+5.01 (acquired by external acquirer),Starz Acquisition LLC,"Starz; Liberty Media Corp; Liberty CapStarz, Inc.; Liberty Splitco, Inc.",STARZ,1/1,"25=Y,15=Y",OK,
BBG000PCQQL6,QRTEA,exchange_transfer,304,"Ticker change / listing transfer: renamed from 'Qurate Retail, Inc.'; company still reports results","Old QVC Group, Inc.","QVC Group, Inc.; Qurate Retail, Inc.; Liberty Interactive Corp; LIBERTY MEDIA CORP; Liberty Media Holding CORP",QURATE RETAIL INC SERIES A,2/2,"25=Y,15=N",OK,
BBG000PJ88D0,GTI,exchange_transfer,304,Continued 10-K/Q filings >180d after delist (moved to OTC or spun off),GRAFTECH INTERNATIONAL LTD,UCAR INTERNATIONAL INC,GRAFTECH INTERNATIONAL LTD.,1/1,"25=Y,15=Y",OK,
BBG000PLXQQ3,TRW,merger,231,M&A 2.01+3.01+5.01 (acquired by external acquirer),ZF TRW AUTOMOTIVE HOLDINGS CORP,TRW AUTOMOTIVE HOLDINGS CORP,TRW AUTOMOTIVE HOLDINGS CORP,1/1,"25=Y,15=Y",OK,
BBG000PQ6YJ3,SHLD,liquidation,470,Bankruptcy (8-K item 1.03 filed 2018-10-15),SEARS HOLDINGS CORP,,SEARS HOLDINGS CORP,1/1,"25=Y,15=N",OK,
BBG000PRJ2Z9,SPR,merger,231,M&A 2.01+3.01+5.01 (acquired by external acquirer),"Spirit AeroSystems Holdings, Inc.",,SPIRIT AEROSYSTEMS INC CLASS A,2/2,"25=Y,15=Y",OK,
BBG000PRTQ30,BMR,merger,231,M&A 2.01+3.01+5.01 (acquired by external acquirer),BioMed Realty Trust Inc,BioMed Property Trust Inc,BIOMED REALTY TRUST REIT INC,2/3,"25=Y,15=Y",OK,
BBG000PSSG77,IAR,exchange_transfer,304,Continued 10-K/Q filings >180d after delist (moved to OTC or spun off),SUPERMEDIA INC.,IDEARC INC.; Verizon Directories Disposition CORP,IDEARC INC,1/1,"25=Y,15=N",OK,
BBG000PSSG77,IAR,liquidation,470,Bankruptcy (8-K item 1.03 filed 2009-03-31),SUPERMEDIA INC.,IDEARC INC.; Verizon Directories Disposition CORP,IDEARC INC,1/1,"25=Y,15=Y",OK,
BBG000PTXBV3,HTS,merger,231,M&A 2.01+3.01+5.01 (acquired by external acquirer),Hatteras Financial Corp,,HATTERAS FINANCIAL CORP.,2/2,"25=Y,15=Y",OK,
BBG000PX3XC0,WLL,liquidation,470,Bankruptcy (8-K item 1.03 filed 2020-04-01),Whiting Holdings LLC,WHITING PETROLEUM CORP; WHITING PETROLEUM HOLDINGS INC,WHITING PETROLEUM CORP,2/2,"25=Y,15=N",OK,
BBG000PYLK81,BARE,merger,231,"M&A change in control (5.01) with delisting/rights change, closing 8-K without 2.01",BARE ESCENTUALS INC,STB BEAUTY INC,BARE ESCENTUALS INC,2/2,"25=Y,15=Y",OK,
BBG000PYZSR8,CHTR,exchange_transfer,304,Continued 10-K/Q filings >180d after delist (moved to OTC or spun off); successor by same issuer,"CHARTER COMMUNICATIONS, INC. /MO/",CHARTER COMMUNICATIONS INC /MO/,CHARTER COMMUNICATIONS INC CLASS A,2/2,"25=N,15=N",WEAK_no_delist_form,
BBG000Q02P20,MGI,exchange_transfer,304,Continued 10-K/Q filings >180d after delist (moved to OTC or spun off),MONEYGRAM INTERNATIONAL INC,,MONEYGRAM INTERNATIONAL,1/1,"25=N,15=N",WEAK_no_delist_form,
BBG000Q0FH88,NSR,merger,231,M&A 2.01+3.01+5.01 (acquired by external acquirer),NEUSTAR INC,,NEUSTAR INC CLASS A,1/1,"25=Y,15=Y",OK,
BBG000Q0SZJ2,LOGM,merger,231,M&A 2.01+3.01+5.01 (acquired by external acquirer),"LogMeIn, Inc.",,LOGMEIN INC,1/1,"25=Y,15=Y",OK,
BBG000Q1R1Y9,BERY,merger,231,M&A 2.01+3.01+5.01 (acquired by external acquirer),"BERRY GLOBAL GROUP, INC.",BERRY GLOBAL GROUP INC; BERRY PLASTICS GROUP INC,BERRY GLOBAL GROUP INC,2/2,"25=Y,15=Y",OK,
BBG000Q5C256,DWA,exchange_transfer,304,Continued 10-K/Q filings >180d after delist (moved to OTC or spun off),"DreamWorks Animation, LLC","DreamWorks Animation SKG, Inc.; DreamWorks Animation, Inc.",DREAMWORKS ANIMATION SKG INC. CL A,2/2,"25=Y,15=N",OK,
BBG000Q5C256,DWA,merger,231,M&A 2.01+3.01+5.01 (acquired by external acquirer),"DreamWorks Animation, LLC","DreamWorks Animation SKG, Inc.; DreamWorks Animation, Inc.",DREAMWORKS ANIMATION SKG INC. CL A,2/2,"25=Y,15=Y",OK,
BBG000Q5RW63,NRF,exchange_transfer,304,Continued 10-K/Q filings >180d after delist (moved to OTC or spun off); successor by same issuer,NORTHSTAR REALTY FINANCE CORP.,NORTHSTAR REALTY,NORTHSTAR REALTY FINANCE CORP.,3/3,"25=N,15=N",WEAK_no_delist_form,
BBG000Q7D769,DCT,merger,231,M&A 2.01+3.01+5.01 (acquired by external acquirer),DCT Industrial Trust Inc.,DIVIDEND CAPITAL TRUST INC,DCT INDUSTRIAL TRUST REIT INC TRUS,1/3,"25=Y,15=Y",OK,
BBG000Q814S3,LEAP,merger,231,M&A 2.01+3.01+5.01 (acquired by external acquirer),LEAP WIRELESS INTERNATIONAL INC,QUALCOMM SPINCO INC,LEAP WIRELESS INTL INC,2/3,"25=Y,15=Y",OK,
BBG000Q9HH23,LNKD,merger,231,M&A 2.01+3.01+5.01 (acquired by external acquirer),LINKEDIN CORP,LINKEDIN LTD,LINKEDIN CORP CLASS A,1/1,"25=Y,15=Y",OK,
BBG000QBR5J5,DFS,merger,231,M&A 2.01+3.01+5.01 (acquired by external acquirer),Discover Financial Services,,DISCOVER FINANCIAL SERVICES,3/3,"25=Y,15=Y",OK,
BBG000QBY9Q1,AFSI,merger,231,M&A 2.01+3.01+5.01 (acquired by external acquirer),"Amtrust Financial Services, Inc.",,AMTRUST FINANCIAL SERVICES INC.,3/3,"25=Y,15=Y",OK,
BBG000QCCGH7,CXP,merger,231,M&A 2.01+3.01+5.01 (acquired by external acquirer),"COLUMBIA PROPERTY TRUST, INC.",WELLS REAL ESTATE INVESTMENT TRUST II INC,COLUMBIA PROPERTY REIT INC TRUST,2/3,"25=Y,15=Y",OK,
BBG000QDBSK6,N,merger,231,M&A 2.01+3.01+5.01 (acquired by external acquirer),NETSUITE INC,NETLEDGER INC,NETSUITE INC.,1/1,"25=Y,15=Y",OK,
BBG000QDST26,ITC,exchange_transfer,304,Continued 10-K/Q filings >180d after delist (moved to OTC or spun off),ITC Holdings Corp.,,ITC HOLDINGS CORP.,0/0,"25=Y,15=Y",OK,
BBG000QF05R6,COLD,exchange_transfer,304,Continued 10-K/Q filings >180d after delist (moved to OTC or spun off),AMERICOLD REALTY TRUST,,AMERICOLD REALTY INC TRUST,2/2,"25=Y,15=N",OK,
BBG000QF18M4,SOA,merger,231,M&A 2.01+3.01+5.01 (acquired by external acquirer),SOLUTIA INC,QUEENY CHEMICAL CO,SOLUTIA INC.,1/1,"25=Y,15=Y",OK,
BBG000QFJ7H3,OAS,exchange_transfer,304,Ticker change / listing transfer: 3.01 notice announces a listing transfer; company still reports results,Chord Energy Corp,Oasis Petroleum Inc.,OASIS PETROLEUM INC.,2/2,"25=Y,15=N",OK,
BBG000QGWY50,BLUEXXXX,merger,231,M&A 2.01+3.01+5.01 (acquired by external acquirer),"bluebird bio, Inc.",Genetix Pharmaceuticals Inc,BLUEBIRD BIO INC,1/1,"25=Y,15=Y",OK,
BBG000QN4GY3,RLGY,exchange_transfer,304,Ticker change / listing transfer: renamed from 'REALOGY GROUP LLC'; company still reports results,Anywhere Real Estate Group LLC,REALOGY GROUP LLC; REALOGY CORP,REALOGY HOLDINGS CORP,1/1,"25=N,15=N",WEAK_no_delist_form,
BBG000QQFVK6,RPAI,merger,231,M&A 2.01+3.01+5.01 (acquired by external acquirer),"RETAIL PROPERTIES OF AMERICA, INC.",INLAND WESTERN RETAIL REAL ESTATE TRUST INC,RETAIL PROPERTIES OF AMERICA REIT,3/4,"25=Y,15=Y",OK,
BBG000QRFNK2,PAY,merger,231,M&A 2.01+3.01+5.01 (acquired by external acquirer),"VERIFONE SYSTEMS, INC.","VeriFone Holdings, Inc.",VERIFONE SYSTEMS INC.,2/2,"25=Y,15=Y",OK,
BBG000QS8XF2,VR,merger,231,M&A 2.01+3.01+5.01 (acquired by external acquirer),VALIDUS HOLDINGS LTD,,VALIDUS HOLDINGS LTD,1/1,"25=Y,15=Y",OK,
BBG000QW8XR0,WBMD,merger,231,M&A 2.01+3.01+5.01 (acquired by external acquirer),WebMD Health Corp.,"WebMD Health Holdings, Inc.",WEBMD HEALTH CORP,2/2,"25=Y,15=Y",OK,
BBG000R23VW8,IPHI,merger,231,Merger filing 425 2020-11-04 before the delisting,INPHI Corp,,INPHI CORP,1/1,"25=Y,15=N",OK,
BBG000R23VW8,IPHI,merger,231,M&A 2.01+3.01+5.01 (acquired by external acquirer),INPHI Corp,,INPHI CORP,1/1,"25=Y,15=Y",OK,
BBG000R33BD1,RETA,merger,231,M&A 2.01+3.01+5.01 (acquired by external acquirer),REATA PHARMACEUTICALS INC,,REATA PHARMACEUTICALS INC CLASS A,2/2,"25=Y,15=Y",OK,
BBG000R33RF4,RCPT,merger,231,M&A 2.01+3.01+5.01 (acquired by external acquirer),"Receptos, Inc.","Receptos, Inc. (f.k.a. Receptor Pharmaceuticals Inc.)",RECEPTOS INC,1/1,"25=Y,15=Y",OK,
BBG000R3BYX0,BKC,exchange_transfer,304,Continued 10-K/Q filings >180d after delist (moved to OTC or spun off),Burger King Holdings Inc,,BURGER KING HLDGS INC,2/3,"25=Y,15=Y",OK,
BBG000R3NPZ4,AL,merger,231,M&A 2.01+3.01+5.01 (acquired by external acquirer),SUMISHO AIR LEASE CORP,AIR LEASE Corp; AIR LEASE CORP,AIR LEASE CORP CLASS A,1/1,"25=Y,15=N",OK,
BBG000R4R715,TSRO,merger,231,M&A 2.01+3.01+5.01 (acquired by external acquirer),"TESARO, Inc.",,TESARO INC,1/1,"25=Y,15=Y",OK,
BBG000R4Y9C1,AVLR,merger,231,M&A 2.01+3.01+5.01 (acquired by external acquirer),"AVALARA, INC.",AVALARA INC,AVALARA INC,1/1,"25=Y,15=Y",OK,
BBG000R57L13,RVBD,merger,231,M&A 2.01+3.01+5.01 (acquired by external acquirer),"Riverbed Technology, Inc.",,RIVERBED TECHNOLOGY INC.,2/2,"25=Y,15=Y",OK,
BBG000R5HWZ1,XLRN,merger,231,M&A 2.01+3.01+5.01 (acquired by external acquirer),ACCELERON PHARMA INC,,ACCELERON PHARMA INC,2/2,"25=Y,15=Y",OK,
BBG000R7RDB4,CXO,merger,231,M&A 2.01+3.01+5.01 (acquired by external acquirer),CONCHO RESOURCES INC,CONCO RESOURCES INC,CONCHO RESOURCES INC,2/2,"25=Y,15=Y",OK,
BBG000R7SPX2,SWI,merger,231,M&A 2.01+3.01+5.01 (acquired by external acquirer),"SolarWinds, Inc.",,SOLARWINDS INC,1/1,"25=Y,15=Y",OK,
BBG000RQ2GY7,PFPT,merger,231,M&A 2.01+3.01+5.01 (acquired by external acquirer),PROOFPOINT INC,,PROOFPOINT INC,1/1,"25=Y,15=Y",OK,
BBG000RQW961,SNI,exchange_transfer,304,Continued 10-K/Q filings >180d after delist (moved to OTC or spun off),"Scripps Networks Interactive, Inc.",,SCRIPPS NETWORKS INTERACTIVE INC C,3/3,"25=Y,15=N",OK,
BBG000RQW961,SNI,merger,231,M&A 2.01+3.01+5.01 (acquired by external acquirer),"Scripps Networks Interactive, Inc.",,SCRIPPS NETWORKS INTERACTIVE INC C,3/3,"25=Y,15=Y",OK,
BBG000RVZC33,DFT,merger,231,M&A 2.01+3.01+5.01 (acquired by external acquirer),"DUPONT FABROS TECHNOLOGY, INC.",,DUPONT FABROS TECHNOLOGY REIT INC,3/4,"25=Y,15=Y",OK,
BBG000TJM7F0,KDP,exchange_transfer,304,Ticker change / listing transfer: 3.01 notice announces a listing transfer; company still reports results,Keurig Dr Pepper Inc.,"Dr Pepper Snapple Group, Inc.; CSAB Inc.",KEURIG DR PEPPER INC,2/2,"25=Y,15=N",OK,
BBG000TWC2V5,MJN,merger,231,M&A 2.01+3.01+5.01 (acquired by external acquirer),Mead Johnson Nutrition Co,,MEAD JOHNSON NUTRITION,3/3,"25=Y,15=Y",OK,
BBG000V31J96,CPN,exchange_transfer,304,Continued 10-K/Q filings >180d after delist (moved to OTC or spun off),CALPINE CORP,,CALPINE CORP,1/1,"25=Y,15=N",OK,
BBG000VBZJB8,LPS,merger,231,M&A 2.01+3.01+5.01 (acquired by external acquirer),"Black Knight InfoServ, LLC","Lender Processing Services, Inc.",LENDER PROCESSING SERVICES INC.,3/3,"25=Y,15=Y",OK,
BBG000VC0T95,WDAY,exchange_transfer,304,Continued 10-K/Q filings >180d after delist (moved to OTC or spun off),"Workday, Inc.",Workday Inc; North Tahoe Power Tools Inc,WORKDAY INC CLASS A,1/1,"25=Y,15=N",OK,
BBG000VCQPM0,MDSO,merger,231,M&A 2.01+3.01+5.01 (acquired by external acquirer),"Medidata Solutions, Inc.",,MEDIDATA SOLUTIONS INC,2/2,"25=Y,15=Y",OK,
BBG000VD6768,ZNGA,merger,231,M&A 2.01+3.01+5.01 (acquired by external acquirer),ZYNGA INC,ZYNGA GAME NETWORK INC,ZYNGA INC CLASS A,1/1,"25=Y,15=Y",OK,
BBG000VMWHH5,DISCK,exchange_transfer,304,Continued 10-K/Q filings >180d after delist (moved to OTC or spun off); successor by same issuer,"Warner Bros. Discovery, Inc.","Discovery, Inc.; Discovery Communications, Inc.",DISCOVERY INC SERIES C,1/1,"25=Y,15=N",OK,
BBG000WCRGZ4,TFM,merger,231,M&A 2.01+3.01+5.01 (acquired by external acquirer),"Fresh Market, Inc.",,FRESH MARKET INC,2/2,"25=Y,15=Y",OK,
BBG0014FFY08,HZNP,merger,231,M&A 2.01+3.01+5.01 (acquired by external acquirer),Horizon Therapeutics Public Ltd Co,"Horizon Pharma plc; HORIZON PHARMA, INC.",HORIZON THERAPEUTICS PUBLIC PLC,3/3,"25=Y,15=Y",OK,
BBG0014GG205,P,merger,231,M&A 2.01+3.01+5.01 (acquired by external acquirer),"Pandora Media, LLC","Pandora Media, Inc.; PANDORA MEDIA INC; SAVAGE BEAST TECHNOLOGIES INC",PANDORA MEDIA INC,2/2,"25=Y,15=Y",OK,
BBG0014GJCT9,PANW,exchange_transfer,304,Ticker change / listing transfer: 3.01 notice announces a listing transfer; company still reports results,Palo Alto Networks Inc,Palo Alto Networks Inc,PALO ALTO NETWORKS INC,3/3,"25=Y,15=N",OK,
BBG0016T3GQ0,VC,exchange_transfer,304,Ticker change / listing transfer: 3.01 notice announces a listing transfer; company still reports results,VISTEON CORP,,VISTEON CORP,1/1,"25=Y,15=N",OK,
BBG0016WLQ18,GNC,compliance_failure,580,Listing deficiency cited in the 3.01 notice + NT 10-K/Q in the prior year (delinquent filer 580),"GNC HOLDINGS, INC.",GNC ACQUISITION HOLDINGS INC.,GNC HOLDINGS INC. CL A,0/0,"25=Y,15=Y",OK,
BBG0017T9998,CZR,merger,231,M&A 2.01+3.01+5.01 (acquired by external acquirer),"CAESARS HOLDINGS, INC.",CAESARS ENTERTAINMENT Corp; HARRAHS ENTERTAINMENT INC; PROMUS COMPANIES INC,CAESARS ENTERTAINMENT CORP,2/2,"25=Y,15=Y",OK,
BBG0018YXYX7,PBYI,exchange_transfer,304,Ticker change / listing transfer: 3.01 notice announces a listing transfer; company still reports results,"PUMA BIOTECHNOLOGY, INC.",INNOVATIVE ACQUISITIONS CORP,PUMA BIOTECHNOLOGY INC,2/2,"25=Y,15=N",OK,
BBG001BP9474,EGL,exchange_transfer,304,Continued 10-K/Q filings >180d after delist (moved to OTC or spun off),"Engility Holdings, Inc.",,ENGILITY HOLDINGS INC.,1/1,"25=N,15=N",WEAK_no_delist_form,
BBG001BPFT54,SCTY,merger,231,M&A 2.01+3.01+5.01 (acquired by external acquirer),SOLARCITY CORP,,SOLARCITY CORP,1/1,"25=Y,15=Y",OK,
BBG001BPKGT0,MDLA,merger,231,M&A 2.01+3.01+5.01 (acquired by external acquirer),"Medallia, Inc.",Medallia Inc.,MEDALLIA INC,1/1,"25=Y,15=Y",OK,
BBG001C7TST4,SPLK,merger,231,M&A 2.01+3.01+5.01 (acquired by external acquirer),SPLUNK INC,,SPLUNK INC,1/1,"25=Y,15=Y",OK,
BBG001D8R8J8,XLS,merger,231,M&A 2.01+3.01+5.01 (acquired by external acquirer),Exelis Inc.,"ITT DCO, Inc.",EXELIS INC.,1/1,"25=Y,15=Y",OK,
BBG001D9S707,DYN,exchange_transfer,304,Continued 10-K/Q filings >180d after delist (moved to OTC or spun off),DYNEGY INC.,"Dynegy Acquisition, Inc.",DYNEGY INC,1/1,"25=N,15=N",WEAK_no_delist_form,
BBG001HRFJG4,ZEN,merger,231,M&A 2.01+3.01+5.01 (acquired by external acquirer),"Zendesk, Inc.",,ZENDESK INC,1/1,"25=Y,15=Y",OK,
BBG001J1C1L5,FSL,merger,231,M&A 2.01+3.01+5.01 (acquired by external acquirer),"Freescale Semiconductor, Ltd.","Freescale Semiconductor Holdings I, Ltd.",FREESCALE SEMICONDUCTOR LTD,2/2,"25=Y,15=Y",OK,
BBG001J1QN87,ICPT,merger,231,M&A 2.01+3.01+5.01 (acquired by external acquirer),"INTERCEPT PHARMACEUTICALS, INC.",INTERCEPT PHARMACEUTICALS INC,INTERCEPT PHARMACEUTICALS INC,2/2,"25=Y,15=Y",OK,
BBG001J4BCN4,COUP,merger,231,M&A 2.01+3.01+5.01 (acquired by external acquirer),Coupa Software Inc,,COUPA SOFTWARE INC,2/2,"25=Y,15=Y",OK,
BBG001J4J8T9,VER,merger,231,M&A 2.01+3.01+5.01 (acquired by external acquirer),"VEREIT, Inc.","American Realty Capital Properties, Inc.",VEREIT INC,1/1,"25=Y,15=Y",OK,
BBG001KWG293,GRUB,merger,231,M&A 2.01+3.01+5.01 (acquired by external acquirer),GrubHub Inc.,GrubHub Seamless Inc.,GRUBHUB INC,1/1,"25=Y,15=Y",OK,
BBG001LRKS55,APO,exchange_transfer,304,Continued 10-K/Q filings >180d after delist (moved to OTC or spun off); successor by same ticker,"Apollo Asset Management, Inc.","Apollo Global Management, Inc.; Apollo Global Management LLC",APOLLO GLOBAL MANAGEMENT INC CLASS,3/3,"25=Y,15=Y",OK,
BBG001NFKJ68,NEWR,merger,231,M&A 2.01+3.01+5.01 (acquired by external acquirer),"NEW RELIC, INC.",NEW RELIC INC,NEW RELIC INC,1/1,"25=Y,15=Y",OK,
BBG001NY45K9,WPX,merger,231,M&A 2.01+3.01+5.01 (acquired by external acquirer),"WPX ENERGY, INC.",,WPX ENERGY INC,1/1,"25=Y,15=Y",OK,
BBG001P3K000,DNKN,merger,231,M&A 2.01+3.01+5.01 (acquired by external acquirer),"DUNKIN' BRANDS GROUP, INC.","DUNKIN' BRANDS GROUP HOLDINGS, INC.; DUNKIN BRANDS GROUP HOLDINGS, INC; DUNKIN BRANDS GROUP HOLDINGS INC",DUNKIN BRANDS GROUP INC,2/2,"25=Y,15=Y",OK,
BBG001PJFKH9,NSM,merger,231,M&A 2.01+3.01+5.01 (acquired by external acquirer),Nationstar Mortgage Holdings Inc.,,NATIONSTAR MORTGAGE HOLDINGS INC,2/2,"25=Y,15=Y",OK,
BBG001YMS0B8,KRFT,merger,231,M&A 2.01+3.01+5.01 (acquired by external acquirer),"Kraft Foods Group, Inc.",,KRAFT FOODS GROUP INC,2/2,"25=Y,15=Y",OK,
BBG001Z7M393,ZU,merger,231,M&A 2.01+3.01+5.01 (acquired by external acquirer),"zulily, inc.",,ZULILY INC CLASS A,1/1,"25=Y,15=Y",OK,
BBG0020B4JG7,MNDT,merger,231,M&A 2.01+3.01+5.01 (acquired by external acquirer),"Mandiant, Inc.","FireEye, Inc.; FireEye Inc",MANDIANT INC,1/1,"25=Y,15=Y",OK,
BBG0022FMPD5,EVBG,merger,231,M&A 2.01+3.01+5.01 (acquired by external acquirer),"EVERBRIDGE, INC.",3N GLOBAL INC,EVERBRIDGE INC,1/1,"25=Y,15=Y",OK,
BBG0025X16Y5,SAGE,merger,231,M&A 2.01+3.01+5.01 (acquired by external acquirer),"Sage Therapeutics, Inc.",,SAGE THERAPEUTICS INC,2/2,"25=Y,15=Y",OK,
BBG0025YWQ66,FIT,merger,231,M&A 2.01+3.01+5.01 (acquired by external acquirer),"FITBIT, INC.",FITBIT INC,FITBIT INC CLASS A,1/1,"25=Y,15=Y",OK,
BBG00265T6Q4,STOR,exchange_transfer,304,Continued 10-K/Q filings >180d after delist (moved to OTC or spun off),STORE CAPITAL LLC,STORE CAPITAL Corp,STORE CAPITAL CORP,2/2,"25=Y,15=N",OK,
BBG0026ZFZC4,ITCI,merger,231,M&A 2.01+3.01+5.01 (acquired by external acquirer),"Intra-Cellular Therapies, Inc.","Intra-Cellular Therapies, Inc.; Oneida Resources Corp.",INTRA CELLULAR THERAPIES INC,3/3,"25=Y,15=Y",OK,
BBG0027Y18M0,WP,merger,231,M&A 2.01+3.01+5.01 (acquired by external acquirer),"Worldpay, Inc.","Vantiv, Inc.",WORLDPAY INC CLASS A,1/1,"25=Y,15=Y",OK,
BBG0027Z6X10,SRC,merger,231,M&A 2.01+3.01+5.01 (acquired by external acquirer),"SPIRIT REALTY CAPITAL, INC.",Cole Credit Property Trust II Inc,SPIRIT REALTY CAPITAL REIT INC,3/4,"25=Y,15=Y",OK,
BBG0029BK2G7,DATA,merger,231,M&A 2.01+3.01+5.01 (acquired by external acquirer),Tableau Software Inc,,TABLEAU SOFTWARE INC CLASS A,2/2,"25=Y,15=Y",OK,
BBG0029ZX840,TWLO,exchange_transfer,304,Continued 10-K/Q filings >180d after delist (moved to OTC or spun off),TWILIO INC,,TWILIO INC CLASS A,1/1,"25=Y,15=N",OK,
BBG002B67HB2,UNIT,merger,231,"M&A 2.01+3.01+5.01 (acquired by external acquirer) (no Form 25 anchor, 8-K-only)",Uniti Group LLC,"Uniti Group Inc.; COMMUNICATIONS SALES & LEASING, INC.",UNITI GROUP INC,1/1,"25=N,15=Y",OK,
BBG002BHBHM1,MNK,liquidation,470,Bankruptcy (8-K item 1.03 filed 2020-10-13),Keenova Therapeutics plc,Mallinckrodt plc,MALLINCKRODT,1/1,"25=Y,15=N",OK,
BBG002DZS299,PLAN,merger,231,M&A 2.01+3.01+5.01 (acquired by external acquirer),"Anaplan, Inc.",,ANAPLAN INC,1/1,"25=Y,15=Y",OK,
BBG002PQMF02,SHOS,merger,200,M&A 2.01+3.01 (acquisition with delisting),"Sears Hometown Stores, Inc.","Sears Hometown & Outlet Stores, Inc.; SEARS HOMETOWN & OUTLET STORES, INC.",SEARS HOMETOWN AND OUTLET STORES I,4/4,"25=Y,15=Y",OK,
BBG002V098F7,COOP,merger,231,M&A 2.01+3.01+5.01 (acquired by external acquirer),"Maverick Merger Sub 2, LLC","Mr. Cooper Group Inc.; WMIH CORP.; WMI HOLDINGS CORP.; WASHINGTON MUTUAL, INC; WASHINGTON MUTUAL INC",MR COOPER GROUP INC,1/1,"25=Y,15=Y",OK,
BBG002W96FT9,GOOG,unknown,,Delisted/deregistered without merger or distress evidence,GOOGLE INC.,,GOOGLE INC CLASS C,1/1,"25=Y,15=Y",OK,
BBG002WMH2F2,TMX,merger,231,M&A 2.01+3.01+5.01 (acquired by external acquirer),TERMINIX GLOBAL HOLDINGS INC,SERVICEMASTER GLOBAL HOLDINGS INC,TERMINIX GLOBAL HOLDINGS INC,2/2,"25=Y,15=Y",OK,
BBG002ZM63J5,ZAYO,merger,231,M&A 2.01+3.01+5.01 (acquired by external acquirer),"Zayo Group Holdings, Inc.",,ZAYO GROUP HOLDINGS INC,1/1,"25=Y,15=Y",OK,
BBG0033377Y3,HDS,merger,231,M&A 2.01+3.01+5.01 (acquired by external acquirer),"HD Supply Holdings, Inc.",,HD SUPPLY HOLDINGS INC,1/1,"25=Y,15=Y",OK,
BBG00341H6M0,GBT,merger,231,M&A 2.01+3.01+5.01 (acquired by external acquirer),"Global Blood Therapeutics, Inc.",,GLOBAL BLOOD THERAPEUTICS INC,3/3,"25=Y,15=Y",OK,
BBG003444577,BKW,merger,231,M&A 2.01+3.01+5.01 (acquired by external acquirer),"Burger King Worldwide, Inc.",Justice Delaware Holdco Inc.,BURGER KING WORLDWIDE INC,3/3,"25=Y,15=Y",OK,
BBG003641015,ADT,merger,231,M&A 2.01+3.01+5.01 (acquired by external acquirer),ADT Corp,,ADT CORPORATION,0/0,"25=Y,15=Y",OK,
BBG0038K9G41,LVNTA,exchange_transfer,304,Continued 10-K/Q filings >180d after delist (moved to OTC or spun off),"Old QVC Group, Inc.","QVC Group, Inc.; Qurate Retail, Inc.; Liberty Interactive Corp; LIBERTY MEDIA CORP; Liberty Media Holding CORP",LIBERTY INTERACTIVE VENTURE CORP S,2/3,"25=Y,15=N",OK,
BBG0038V5TX1,CONE,merger,231,M&A 2.01+3.01+5.01 (acquired by external acquirer),CyrusOne Holdco LLC,CyrusOne Inc.,CYRUSONE REIT INC,1/2,"25=Y,15=Y",OK,
BBG003BW05K6,SAIC,exchange_transfer,304,Ticker change / listing transfer: 3.01 notice announces a listing transfer; company still reports results,Science Applications International Corp,"SAIC Gemini, Inc.",SCIENCE APPLICATIONS INTERNATIONAL,2/2,"25=Y,15=N",OK,
BBG003FHPBQ9,EVHC,merger,200,M&A 2.01+3.01 (acquisition with delisting),"Envision Healthcare Holdings, Inc.",,ENVISION HEALTHCARE HOLDINGS INC,2/2,"25=Y,15=Y",OK,
BBG003PGJHP5,TMHC,merger,231,M&A 2.01+3.01+5.01 (acquired by external acquirer),Taylor Morrison Home Corp,,TAYLOR MORRISON HOME CORP. CL A,3/3,"25=Y,15=Y",OK,
BBG003QPR8Z4,PF,merger,231,M&A 2.01+3.01+5.01 (acquired by external acquirer),PINNACLE FOODS INC.,,PINNACLE FOODS INC,2/2,"25=Y,15=Y",OK,
BBG003S44SC5,TRCO,merger,231,M&A 2.01+3.01+5.01 (acquired by external acquirer),TRIBUNE MEDIA CO,TRIBUNE CO,TRIBUNE MEDIA COMPANY CLASS A,2/2,"25=Y,15=Y",OK,
BBG004DF9V32,ATHL,merger,231,"M&A change in control (5.01) with delisting/rights change, closing 8-K without 2.01",Athlon Energy Inc.,,ATHLON ENERGY INC,2/2,"25=Y,15=Y",OK,
BBG004F0HL81,CST,merger,231,M&A 2.01+3.01+5.01 (acquired by external acquirer),"CST BRANDS, LLC","CST Brands, Inc.; CST BRANDS, INC.; CrossAmerica Partners LP; Corner Store Holdings, Inc.",CST BRANDS INC.,1/1,"25=Y,15=Y",OK,
BBG004M25Z09,SSE,liquidation,470,Bankruptcy (8-K item 1.03 filed 2016-06-07),Seventy Seven Energy Inc.,CHESAPEAKE OILFIELD OPERATING LLC,SEVENTY SEVEN ENERGY INC,3/3,"25=Y,15=N",OK,
BBG004NLQHL0,FSLY,exchange_transfer,304,Ticker change / listing transfer: 3.01 notice announces a listing transfer; company still reports results,"Fastly, Inc.",,FASTLY INC CLASS A,1/1,"25=Y,15=N",OK,
BBG004P33PN3,CWENA,unknown,,Delisted/deregistered without merger or distress evidence,"Clearway Energy, Inc.","NRG Yield, Inc.; NRG Yieldco, Inc.",CLEARWAY ENERGY INC CLASS A,2/2,"25=Y,15=N",OK,
BBG004S5X3Y9,S,merger,231,M&A 2.01+3.01+5.01 (acquired by external acquirer),SPRINT LLC,SPRINT CORP; SPRINT Corp; SPRINT NEXTEL CORP,SPRINT CORP,1/1,"25=Y,15=Y",OK,
BBG004T0YC41,SC,merger,200,M&A 2.01+3.01 (acquisition with delisting),Santander Consumer USA Holdings Inc.,,SANTANDER CONSUMER USA HOLDINGS IN,2/2,"25=Y,15=Y",OK,
BBG004TPGBP5,MRTX,merger,231,M&A 2.01+3.01+5.01 (acquired by external acquirer),"Mirati Therapeutics, Inc.",,MIRATI THERAPEUTICS INC,2/2,"25=Y,15=Y",OK,
BBG005485Y51,PPD,merger,231,M&A 2.01+3.01+5.01 (acquired by external acquirer),"PPD, Inc.",,PPD INC,0/0,"25=Y,15=Y",OK,
BBG0055XMF02,STAY,expiration,600,Non-equity security (unit),"Extended Stay America, Inc.",,,0/0,"25=Y,15=Y",OK,
BBG0059KNH10,CHNG,merger,231,M&A 2.01+3.01+5.01 (acquired by external acquirer),Change Healthcare Inc.,,CHANGE HEALTHCARE INC,2/2,"25=Y,15=Y",OK,
BBG005CPNTQ2,KHC,unknown,,Delisted/deregistered without merger or distress evidence,Kraft Heinz Co,H.J. Heinz Holding Corp,KRAFT HEINZ,2/2,"25=Y,15=N",OK,
BBG005CPNTS0,MIK,merger,231,M&A 2.01+3.01+5.01 (acquired by external acquirer),"Michaels Companies, Inc.",,MICHAELS COMPANIES INC,2/2,"25=Y,15=Y",OK,
BBG005D7PF34,DAY,merger,231,M&A 2.01+3.01+5.01 (acquired by external acquirer),"Dayforce, Inc.",Ceridian HCM Holding Inc.,DAYFORCE INC,1/1,"25=Y,15=Y",OK,
BBG005D7QCJ3,DASH,exchange_transfer,304,Ticker change / listing transfer: 3.01 notice announces a listing transfer; company still reports results,"DoorDash, Inc.","DoorDash, Inc.; DoorDash Inc",DOORDASH INC CLASS A,1/1,"25=Y,15=N",OK,
BBG005DKMJ67,LTRPA,exchange_transfer,304,Continued 10-K/Q filings >180d after delist (moved to OTC or spun off),"Liberty TripAdvisor Holdings, Inc.",,LIBERTY TRIPADVISOR HOLDINGS INC S,2/2,"25=Y,15=N",OK,
BBG005DKMJ67,LTRPA,merger,231,"M&A 2.01+3.01+5.01 (acquired by external acquirer) (no Form 25 anchor, 8-K-only)","Liberty TripAdvisor Holdings, Inc.",,LIBERTY TRIPADVISOR HOLDINGS INC S,2/2,"25=N,15=Y",OK,
BBG005KSWVW5,RSPP,merger,231,M&A 2.01+3.01+5.01 (acquired by external acquirer),"RSP Permian, Inc.",,RSP PERMIAN INC,1/1,"25=Y,15=Y",OK,
BBG005NTYL78,JUNO,merger,231,M&A 2.01+3.01+5.01 (acquired by external acquirer),"Juno Therapeutics, Inc.",,JUNO THERAPEUTICS INC,2/2,"25=Y,15=Y",OK,
BBG005PCN2G7,NSAM,merger,231,M&A 2.01+3.01+5.01 (acquired by external acquirer),NorthStar Asset Management Group Inc.,,NORTHSTAR ASSET MANAGEMENT INC,3/3,"25=Y,15=Y",OK,
BBG005PWSVQ3,WPG,exchange_transfer,304,Continued 10-K/Q filings >180d after delist (moved to OTC or spun off); successor by same issuer,WASHINGTON PRIME GROUP INC.,WP Glimcher Inc.; SPG SpinCo Subsidiary Inc.,WASHINGTON PRIME GROUP INC,2/2,"25=Y,15=N",OK,
BBG005Q2KYS8,RICE,merger,231,M&A 2.01+3.01+5.01 (acquired by external acquirer),"EQT RE, LLC",Rice Energy Inc.,RICE ENERGY INC,2/2,"25=Y,15=Y",OK,
BBG005SSN7D1,IMS,merger,200,M&A 2.01+3.01 (acquisition with delisting),"IMS Health Holdings, Inc.",,IMS HEALTH HOLDINGS INC,1/1,"25=Y,15=Y",OK,
BBG005XR47P5,CTLT,merger,231,M&A 2.01+3.01+5.01 (acquired by external acquirer),"Catalent, Inc.",PTS Holdings Corp.,CATALENT INC,1/1,"25=Y,15=Y",OK,
BBG005XVXML5,SWAV,merger,231,M&A 2.01+3.01+5.01 (acquired by external acquirer),"Shockwave Medical, Inc.",,SHOCKWAVE MEDICAL INC,2/2,"25=Y,15=Y",OK,
BBG005XZHR97,VRTV,merger,231,M&A 2.01+3.01+5.01 (acquired by external acquirer),Veritiv Corp,xpedx Holding Co,VERITIV CORP,1/1,"25=Y,15=Y",OK,
BBG0060HN0R3,KING,unknown,,Delisted/deregistered without merger or distress evidence,King Digital Entertainment plc,,KING DIGITAL ENTERTAINMENT PLC,3/3,"25=Y,15=Y",OK,
BBG0064N2T78,VIRT,exchange_transfer,304,Ticker change / listing transfer: 3.01 notice announces a listing transfer; company still reports results,"Virtu Financial, Inc.",,VIRTU FINANCIAL INC CLASS A,2/2,"25=Y,15=N",OK,
BBG00688QWF5,BXLT,merger,231,M&A 2.01+3.01+5.01 (acquired by external acquirer),Baxalta Inc,,BAXALTA INC,1/1,"25=Y,15=Y",OK,
BBG0069FL5L5,MRD,merger,231,M&A 2.01+3.01+5.01 (acquired by external acquirer),"Range Resources - Louisiana, Inc.",Memorial Resource Development Corp.,MEMORIAL RESOURCE DEVELOPMENT CORP,3/3,"25=Y,15=Y",OK,
BBG006B6PVN9,CDK,merger,231,M&A 2.01+3.01+5.01 (acquired by external acquirer),"CDK Global, Inc.","CDK Global Holdings, LLC; Dealer Services Holdings LLC",CDK GLOBAL INC,1/1,"25=Y,15=Y",OK,
BBG006BFYZP8,PE,merger,231,M&A 2.01+3.01+5.01 (acquired by external acquirer),Pioneer PE Holding LLC,"Parsley Energy, Inc.",PARSLEY ENERGY INC CLASS A,2/2,"25=Y,15=Y",OK,
BBG006F8QZK4,VSTO,merger,231,M&A 2.01+3.01+5.01 (acquired by external acquirer),Vista Outdoor Inc.,,VISTA OUTDOOR INC,2/2,"25=Y,15=Y",OK,
BBG006G063F9,INFO,exchange_transfer,304,Continued 10-K/Q filings >180d after delist (moved to OTC or spun off),IHS Markit Ltd.,Markit Ltd.,IHS MARKIT LTD,1/1,"25=Y,15=N",OK,
BBG006G063F9,INFO,merger,231,M&A 2.01+3.01+5.01 (acquired by external acquirer),IHS Markit Ltd.,Markit Ltd.,IHS MARKIT LTD,1/1,"25=Y,15=Y",OK,
BBG006G57XG0,VNOM,merger,200,"M&A 2.01+3.01 (acquisition with delisting) (no Form 25 anchor, 8-K-only)","VNOM Sub, Inc.","Viper Energy, Inc.; Viper Energy Partners LP",VIPER ENERGY INC CLASS A,2/2,"25=N,15=Y",OK,
BBG006GNRZ83,LBRDA,merger,231,M&A 2.01+3.01+5.01 (acquired by external acquirer),Liberty Broadband Corp,,LIBERTY BROADBAND CORP SERIES A,2/2,"25=Y,15=Y",OK,
BBG006GNSZW5,LBRDK,merger,231,M&A 2.01+3.01+5.01 (acquired by external acquirer),Liberty Broadband Corp,,LIBERTY BROADBAND CORP SERIES C,2/2,"25=Y,15=Y",OK,
BBG006KY8KV2,TERP,exchange_transfer,304,Continued 10-K/Q filings >180d after delist (moved to OTC or spun off),"TerraForm Power NY Holdings, Inc.","TerraForm Power, Inc.; SUNEDISON YIELDCO, INC.",TERRAFORM POWER INC CLASS A,2/2,"25=N,15=N",WEAK_no_delist_form,
BBG006LYGNL7,ARD,merger,231,Merger filing 425 2021-10-12 before the delisting,Ardagh Group S.A.,Ardagh Finance Holdings S.A.,ARDAGH GROUP SA CLASS A,1/1,"25=Y,15=Y",OK,
BBG006MG2D41,KLXI,merger,231,M&A 2.01+3.01+5.01 (acquired by external acquirer),KLX Inc.,,KLX INC,0/0,"25=Y,15=Y",OK,
BBG006Q53H50,VWR,merger,231,M&A 2.01+3.01+5.01 (acquired by external acquirer),VWR Corp,,VWR CORP CORP,0/0,"25=Y,15=Y",OK,
BBG006QRCDZ8,NRF,merger,231,M&A 2.01+3.01+5.01 (acquired by external acquirer),NORTHSTAR REALTY FINANCE CORP.,NORTHSTAR REALTY,NORTHSTAR REALTY FINANCE REIT CORP,3/4,"25=Y,15=Y",OK,
BBG007387YL8,PRAH,merger,231,M&A 2.01+3.01+5.01 (acquired by external acquirer),"PRA Health Sciences, Inc.",,PRA HEALTH SCIENCES INC,2/2,"25=Y,15=Y",OK,
BBG0073X4TB8,LVGO,merger,231,M&A 2.01+3.01+5.01 (acquired by external acquirer),"Livongo Health, Inc.",,LIVONGO HEALTH INC,2/2,"25=Y,15=Y",OK,
BBG0074B4RJ1,XOG,liquidation,470,Bankruptcy (8-K item 1.03 filed 2020-06-15),"Extraction Oil & Gas, Inc.","Extraction Oil & Gas, LLC",EXTRACTION OIL GAS INC,1/1,"25=Y,15=N",OK,
BBG0077VS2C0,BLD,merger,231,M&A 2.01+3.01+5.01 (acquired by external acquirer),"QXO Insulation, LLC",TopBuild Corp; Masco SpinCo Corp.,TOPBUILD CORP,1/1,"25=Y,15=Y",OK,
BBG0077WYXF0,CPGX,exchange_transfer,304,Continued 10-K/Q filings >180d after delist (moved to OTC or spun off),"Columbia Pipeline Group, Inc.",,COLUMBIA PIPELINE GROUP INC,2/2,"25=Y,15=Y",OK,
BBG0078Y1D92,SYNH,merger,231,M&A 2.01+3.01+5.01 (acquired by external acquirer),"Syneos Health, Inc.","INC Research Holdings, Inc.",SYNEOS HEALTH INC CLASS A,2/2,"25=Y,15=Y",OK,
BBG007FH8JX4,EVA,liquidation,470,Bankruptcy (8-K item 1.03 filed 2024-03-13),"Enviva, LLC","Enviva Inc.; Enviva Partners, LP",ENVIVA INC,1/1,"25=Y,15=Y",OK,
BBG007FL7ZD2,FLOW,merger,231,M&A 2.01+3.01+5.01 (acquired by external acquirer),"SPX FLOW, Inc.",,SPX FLOW INC,1/1,"25=Y,15=Y",OK,
BBG007G7V505,WORK,merger,231,M&A 2.01+3.01+5.01 (acquired by external acquirer),"Slack Technologies, Inc.",,SLACK TECHNOLOGIES CLASS A INC,2/2,"25=Y,15=Y",OK,
BBG007HWGYQ5,CFLT,merger,231,M&A 2.01+3.01+5.01 (acquired by external acquirer),"Confluent, Inc.",,CONFLUENT INC CLASS A,1/1,"25=Y,15=Y",OK,
BBG007KGRPY4,APLS,merger,231,M&A 2.01+3.01+5.01 (acquired by external acquirer),"Apellis Pharmaceuticals, Inc.",,APELLIS PHARMACEUTICALS INC,2/2,"25=Y,15=Y",OK,
BBG007PZ2T21,HCP,merger,231,M&A 2.01+3.01+5.01 (acquired by external acquirer),"HashiCorp, Inc.",,HASHICORP INC CLASS A,1/1,"25=Y,15=Y",OK,
BBG007SV7NV3,BKFS,exchange_transfer,304,Continued 10-K/Q filings >180d after delist (moved to OTC or spun off); successor by same issuer,"Black Knight, Inc.","Black Knight Financial Services, Inc.",BLACK KNIGHT FINANCIAL SERVICES IN,4/4,"25=N,15=N",WEAK_no_delist_form,
BBG007TJX8V3,INOV,merger,231,M&A 2.01+3.01+5.01 (acquired by external acquirer),"Inovalon Holdings, Inc.",,INOVALON HOLDINGS INC CLASS A,1/1,"25=Y,15=Y",OK,
BBG0081JXTR0,WBT,merger,231,M&A 2.01+3.01+5.01 (acquired by external acquirer),"Welbilt, Inc.","Manitowoc Foodservice, Inc.",WELBILT INC,1/1,"25=Y,15=Y",OK,
BBG008417VN4,NSA,merger,231,M&A 2.01+3.01+5.01 (acquired by external acquirer),National Storage Affiliates Trust,,NATIONAL STORAGE AFFILIATES TRUST,3/3,"25=Y,15=Y",OK,
BBG00873RM91,NRE,merger,231,M&A 2.01+3.01+5.01 (acquired by external acquirer),NorthStar Realty Europe Corp.,,NORTHSTAR REALTY EUROPE CORP,3/3,"25=Y,15=Y",OK,
BBG0088CYPX8,NLSN,merger,231,M&A 2.01+3.01+5.01 (acquired by external acquirer),Nielsen Holdings plc,Nielsen N.V.; Nielsen Holdings N.V.; Nielsen Holdings B.V.,NIELSEN HOLDINGS PLC,1/1,"25=Y,15=Y",OK,
BBG008FCJZ83,STE,merger,231,M&A 2.01+3.01+5.01 (acquired by external acquirer),STERIS Ltd,Steris plc; STERIS plc; New STERIS Ltd,STERIS,1/1,"25=Y,15=Y",OK,
BBG008G5SGL4,CCP,merger,231,M&A 2.01+3.01+5.01 (acquired by external acquirer),"Care Capital Properties, Inc.",,CARE CAPITAL PROPERTIES INC,3/3,"25=Y,15=Y",OK,
BBG008NXC572,WRK,merger,231,M&A 2.01+3.01+5.01 (acquired by external acquirer),WRKCo Inc.,"WestRock Co; Rome-Milan Holdings, Inc.",WESTROCK,1/1,"25=Y,15=Y",OK,
BBG008S3V4G5,CSRA,merger,231,M&A 2.01+3.01+5.01 (acquired by external acquirer),CSRA Inc.,Computer Sciences Government Services Inc.,CSRA INC,1/1,"25=Y,15=Y",OK,
BBG00928YVY7,ARRS,merger,231,M&A 2.01+3.01+5.01 (acquired by external acquirer),ARRIS International plc,ARRIS International Ltd,ARRIS INTERNATIONAL PLC,1/1,"25=Y,15=Y",OK,
BBG009CWL262,BUFF,merger,231,M&A 2.01+3.01+5.01 (acquired by external acquirer),"Blue Buffalo Pet Products, Inc.",,BLUE BUFFALO PET PRODUCTS INC,3/3,"25=Y,15=Y",OK,
BBG009NGKQ45,VRM,exchange_transfer,304,Continued 10-K/Q filings >180d after delist (moved to OTC or spun off),"Vroom, Inc.","AutoAmerica, Inc.",VROOM INC,1/1,"25=N,15=N",WEAK_no_delist_form,
BBG009NMJJJ4,FDC,merger,231,M&A 2.01+3.01+5.01 (acquired by external acquirer),FIRST DATA CORP,FIRST DATA CORPORATION,FIRST DATA CORP CLASS A,2/2,"25=Y,15=Y",OK,
BBG009R0CVG1,LKSD,exchange_transfer,304,Continued 10-K/Q filings >180d after delist (moved to OTC or spun off),"LSC Communications, Inc.",,LSC COMMUNICATIONS INC,1/1,"25=Y,15=N",OK,
BBG009R0CVG1,LKSD,liquidation,470,Bankruptcy (8-K item 1.03 filed 2020-04-13),"LSC Communications, Inc.",,LSC COMMUNICATIONS INC,1/1,"25=Y,15=N",OK,
BBG009WMBWP6,FCEA,merger,231,M&A 2.01+3.01+5.01 (acquired by external acquirer),"Forest City Realty Trust, Inc.",,FOREST CITY REALTY REIT INC TRUST,3/4,"25=Y,15=Y",OK,
BBG009XV39D8,AVGO,merger,231,"M&A change in control (5.01) with delisting/rights change, closing 8-K without 2.01",Broadcom Pte. Ltd.,Broadcom Ltd; Pavonia Ltd,BROADCOM LTD,1/1,"25=Y,15=Y",OK,
BBG00B5C2HR4,NCNO,merger,200,M&A 2.01+3.01 (acquisition with delisting),"nCino OpCo, Inc.","NCINO, INC.; NCINO, LLC",NCINO INC,1/1,"25=Y,15=Y",OK,
BBG00B8NWRF5,AGR,merger,200,M&A 2.01+3.01 (acquisition with delisting),"Avangrid, Inc.","Iberdrola USA, Inc.",AVANGRID INC,1/1,"25=Y,15=Y",OK,
BBG00BBHBMF8,VSM,merger,231,M&A 2.01+3.01+5.01 (acquired by external acquirer),"Versum Materials, Inc.","Versum Materials, LLC",VERSUM MATERIALS INC,2/2,"25=Y,15=Y",OK,
BBG00BFHKT14,CHUBA,merger,231,M&A 2.01+3.01+5.01 (acquired by external acquirer),"CommerceHub, Inc.",,COMMERCEHUB SERIES A INC,1/1,"25=Y,15=Y",OK,
BBG00BFHL5F0,LEXEA,merger,231,M&A 2.01+3.01+5.01 (acquired by external acquirer),"Liberty Expedia Holdings, Inc.",,LIBERTY EXPEDIA HOLDINGS INC SERIE,2/3,"25=Y,15=Y",OK,
BBG00C1BZMT9,CNDT,exchange_transfer,304,Continued 10-K/Q filings >180d after delist (moved to OTC or spun off),CONDUENT Inc,,CONDUENT INC,1/1,"25=Y,15=N",OK,
BBG00CNYBQ76,CDEV,exchange_transfer,304,Continued 10-K/Q filings >180d after delist (moved to OTC or spun off),Permian Resources Corp,"Centennial Resource Development, Inc.; Silver Run Acquisition Corp",PERMIAN RESOURCES CORP CLASS A,2/2,"25=Y,15=N",OK,
BBG00CNYBQ76,PR,exchange_transfer,304,Continued 10-K/Q filings >180d after delist (moved to OTC or spun off),Permian Resources Corp,"Centennial Resource Development, Inc.; Silver Run Acquisition Corp",PERMIAN RESOURCES CORP CLASS A,2/2,"25=Y,15=Y",OK,
BBG00CTY3QD2,BIVV,merger,231,M&A 2.01+3.01+5.01 (acquired by external acquirer),Bioverativ Inc.,,BIOVERATIV INC,1/1,"25=Y,15=Y",OK,
BBG00CW127X1,QCP,merger,231,M&A 2.01+3.01+5.01 (acquired by external acquirer),"QUALITY CARE PROPERTIES, INC.","HCP SpinCo, Inc.",QUALITY CARE PROPERTIES INC,3/3,"25=Y,15=Y",OK,
BBG00CW2JCN1,ATH,exchange_transfer,304,Continued 10-K/Q filings >180d after delist (moved to OTC or spun off),Athene Holding Ltd.,Athene Holding Ltd,ATHENE HOLDING LTD CLASS A,1/1,"25=Y,15=Y",OK,
BBG00D3CHRC0,EVHC,merger,231,"M&A 2.01+3.01+5.01 (acquired by external acquirer) (no Form 25 anchor, 8-K-only)",Envision Healthcare Corp,New Amethyst Corp.,ENVISION HEALTHCARE CORP,2/2,"25=N,15=Y",OK,
BBG00D7BRGD0,CHUBK,merger,231,M&A 2.01+3.01+5.01 (acquired by external acquirer),"CommerceHub, Inc.",,COMMERCEHUB SERIES C INC,1/1,"25=Y,15=Y",OK,
BBG00DBBG1M0,XL,merger,231,M&A 2.01+3.01+5.01 (acquired by external acquirer),XL GROUP LTD,XL GROUP PLC; XL CAPITAL LTD; EXEL LTD,XL GROUP LTD,0/0,"25=Y,15=Y",OK,
BBG00DJ2LJF5,DVMT,exchange_transfer,304,Continued 10-K/Q filings >180d after delist (moved to OTC or spun off); successor by same issuer,Dell Technologies Inc.,Dell Technologies Inc; Denali Holding Inc.,DELL TECHNOLOGIES CLASS V INC,2/2,"25=Y,15=Y",OK,
BBG00FFJY867,LGFB,exchange_transfer,304,Continued 10-K/Q filings >180d after delist (moved to OTC or spun off),STARZ ENTERTAINMENT CORP /CN/,LIONS GATE ENTERTAINMENT CORP /CN/,LIONS GATE ENTERTAINMENT NON VOTIN,3/4,"25=Y,15=Y",OK,
BBG00GBV88T6,BTUXXXX,liquidation,470,Bankruptcy (8-K item 1.03 filed 2016-04-13),PEABODY ENERGY CORP,P&L COAL HOLDINGS CORP,PEABODY ENERGY CORP,2/2,"25=Y,15=N",OK,
BBG00GBVBK51,BKR,exchange_transfer,304,Continued 10-K/Q filings >180d after delist (moved to OTC or spun off),Baker Hughes Co,"Baker Hughes a GE Co; Bear Newco, Inc.",BAKER HUGHES CLASS A,2/2,"25=Y,15=N",OK,
BBG00GLNJ018,CIVI,merger,231,M&A 2.01+3.01+5.01 (acquired by external acquirer),"CIVITAS RESOURCES, INC.","Bonanza Creek Energy, Inc.",CIVITAS RESOURCES INC,2/2,"25=Y,15=Y",OK,
BBG00GQK3WB5,SMAR,merger,231,M&A 2.01+3.01+5.01 (acquired by external acquirer),SMARTSHEET INC,SMARTSHEET.COM INC,SMARTSHEET INC CLASS A,1/1,"25=Y,15=N",OK,
BBG00GSNPM07,JHG,merger,231,M&A 2.01+3.01+5.01 (acquired by external acquirer),Janus Henderson Group Ltd.,Janus Henderson Group Ltc.; JANUS HENDERSON GROUP PLC; HENDERSON GROUP PLC; HHG PLC,JANUS HENDERSON GROUP PLC,2/2,"25=Y,15=Y",OK,
BBG00GTWPCQ0,DLPH,merger,231,M&A 2.01+3.01+5.01 (acquired by external acquirer),Delphi Technologies PLC,Delphi Jersey Holdings plc,DELPHI TECHNOLOGIES PLC,2/2,"25=Y,15=Y",OK,
BBG00GX77LW3,BKI,merger,231,M&A 2.01+3.01+5.01 (acquired by external acquirer),"Black Knight, Inc.","Black Knight Financial Services, Inc.",BLACK KNIGHT INC,2/2,"25=Y,15=N",OK,
BBG00H433CR2,EVRG,exchange_transfer,304,Ticker change / listing transfer: 3.01 notice announces a listing transfer; company still reports results,"Evergy, Inc.","Monarch Energy Holding, Inc.",EVERGY INC,1/1,"25=Y,15=N",OK,
BBG00HJ8K617,CELL,merger,231,M&A 2.01+3.01+5.01 (acquired by external acquirer),"Bruker Cellular Analysis, Inc.","PhenomeX Inc.; Berkeley Lights, Inc.",BERKELEY LIGHTS INC,2/2,"25=Y,15=Y",OK,
BBG00HPDM5Z2,SWCH,merger,231,M&A 2.01+3.01+5.01 (acquired by external acquirer),"Switch, Inc.",,SWITCH INC CLASS A,1/1,"25=Y,15=Y",OK,
BBG00HS2GVL8,ALEX,merger,231,M&A 2.01+3.01+5.01 (acquired by external acquirer),"Alexander & Baldwin, Inc.","A & B II, Inc.",ALEXANDER & BALDWIN INC,2/2,"25=Y,15=Y",OK,
BBG00HY28P97,GTX,liquidation,470,Bankruptcy (8-K item 1.03 filed 2020-09-21),Garrett Motion Inc.,Garrett Transportation Systems Inc.,GARRETT MOTION INC,2/2,"25=Y,15=N",OK,
BBG00JM9V731,GTES,unknown,,Delisted/deregistered without merger or distress evidence,Gates Industrial Corp Ltd.,Gates Industrial Corp plc,GATES INDUSTRIAL PLC,2/2,"25=Y,15=Y",OK,
BBG00K53L394,ETRN,merger,231,M&A 2.01+3.01+5.01 (acquired by external acquirer),Midstream Co LLC,Equitrans Midstream Corp,EQUITRANS MIDSTREAM CORP,2/2,"25=Y,15=Y",OK,
BBG00K7K2XZ0,GLIBA,merger,231,M&A 2.01+3.01+5.01 (acquired by external acquirer),"GRIZZLY MERGER SUB 1, LLC","GCI LIBERTY, INC.; GENERAL COMMUNICATION INC",GCI LIBERTY INC CLASS A,1/1,"25=Y,15=Y",OK,
BBG00K7ZQ662,IAA,merger,231,M&A 2.01+3.01+5.01 (acquired by external acquirer),"IAA, Inc.",IAA Spinco Inc.,IAA INC,0/0,"25=Y,15=Y",OK,
BBG00KMYC574,PS,merger,231,M&A 2.01+3.01+5.01 (acquired by external acquirer),"Pluralsight, Inc.",,PLURALSIGHT INC CLASS A,1/1,"25=Y,15=Y",OK,
BBG00KR691K8,CVET,merger,231,M&A 2.01+3.01+5.01 (acquired by external acquirer),"COVETRUS, INC.","HS Spinco, Inc.",COVETRUS INC,1/1,"25=Y,15=Y",OK,
BBG00L31HTW0,RVI,exchange_transfer,304,Continued 10-K/Q filings >180d after delist (moved to OTC or spun off),Retail Value Inc.,,RETAIL VALUE INC,2/2,"25=Y,15=N",OK,
BBG00LT2PDY4,BPYU,unknown,,Delisted/deregistered without merger or distress evidence,Brookfield Property REIT Inc.,"GGP Inc.; General Growth Properties, Inc.; New GGP, Inc.",BROOKFIELD PROPERTY REIT INC CLASS,3/3,"25=Y,15=Y",OK,
BBG00M1CKSK7,SWI,merger,231,M&A 2.01+3.01+5.01 (acquired by external acquirer),SolarWinds Corp,,SOLARWINDS CORP,1/1,"25=Y,15=Y",OK,
BBG00NN875G0,KRTX,merger,231,M&A 2.01+3.01+5.01 (acquired by external acquirer),"Karuna Therapeutics, Inc.",,KARUNA THERAPEUTICS INC,2/2,"25=Y,15=Y",OK,
BBG00NNG2ZJ8,XRX,exchange_transfer,304,Ticker change / listing transfer: 3.01 notice announces a listing transfer; company still reports results,Xerox Holdings Corp,,XEROX HOLDINGS CORP,1/1,"25=Y,15=N",OK,
BBG00P5M4V07,FERG,merger,231,M&A 2.01+3.01+5.01 (acquired by external acquirer),Ferguson (Jersey) Ltd,Ferguson plc,FERGUSON PLC,1/1,"25=Y,15=Y",OK,
BBG00PPWYWJ8,DCT,merger,231,M&A 2.01+3.01+5.01 (acquired by external acquirer),"DUCK CREEK TECHNOLOGIES, INC.",DUCK CREEK TECHNOLOGIES INC,DUCK CREEK TECH INC,2/3,"25=Y,15=Y",OK,
BBG00RPJPN67,AZEK,merger,231,M&A 2.01+3.01+5.01 (acquired by external acquirer),AZEK Co Inc.,AZEK Co Inc.; CPG Newco LLC,AZEK COMPANY INC CLASS A,1/1,"25=Y,15=Y",OK,
BBG00RQ70GQ2,ANAT,merger,231,M&A 2.01+3.01+5.01 (acquired by external acquirer),American National Group Inc,,AMERICAN NATIONAL GROUP INC,2/2,"25=Y,15=Y",OK,
BBG00TCBG714,DKNG,merger,231,M&A 2.01+3.01+5.01 (acquired by external acquirer),DraftKings Holdings Inc.,DraftKings Inc.; Diamond Eagle Acquisition Corp. \ DE,DRAFTKINGS INC CLASS A,1/1,"25=Y,15=Y",OK,
BBG00VCYVLH4,CERE,merger,231,M&A 2.01+3.01+5.01 (acquired by external acquirer),"Cerevel Therapeutics Holdings, Inc.",ARYA Sciences Acquisition Corp II,CEREVEL THERAPEUTICS HOLDINGS INC,2/2,"25=Y,15=Y",OK,
BBG00VCZX9Z6,DNB,merger,231,M&A 2.01+3.01+5.01 (acquired by external acquirer),"Dun & Bradstreet Holdings, Inc.","Star Intermediate I, Inc.",DUN BRADST HLDG INC,0/2,"25=Y,15=Y",OK_recycled_ticker,resolved_name stale (ticker recycled); CIK has Form 25 within ±30d of observed
BBG00VJ17DS2,QS,exchange_transfer,304,Ticker change / listing transfer: 3.01 notice announces a listing transfer; company still reports results,QuantumScape Corp,Kensington Capital Acquisition Corp.,QUANTUMSCAPE CORP CLASS A,1/1,"25=Y,15=N",OK,
BBG00VSYYVB8,JAMF,merger,231,M&A 2.01+3.01+5.01 (acquired by external acquirer),Jamf Holding Corp.,"JUNO TOPCO, INC.",JAMF HOLDING CORP,1/1,"25=Y,15=Y",OK,
BBG00W0L8GW3,OSH,merger,231,M&A 2.01+3.01+5.01 (acquired by external acquirer),"Oak Street Health, Inc.","Oak Street Health, LLC",OAK STREET HEALTH INC,2/2,"25=Y,15=Y",OK,
BBG00W5FS571,BEPC,exchange_transfer,304,Continued 10-K/Q filings >180d after delist (moved to OTC or spun off); successor by same issuer,Brookfield Renewable Corp,,BROOKFIELD RENEWABLE SUBORDINATE V,2/3,"25=Y,15=Y",OK,
BBG00W7FH7G7,WEXXXX,liquidation,470,Bankruptcy (8-K item 1.03 filed 2023-11-07),WeWork Inc.,BowX Acquisition Corp.,WEWORK INC CLASS A,1/1,"25=Y,15=N",OK,
BBG00W9LXXJ4,CVAC,merger,231,Merger filing 425 2025-12-03 before the delisting,CureVac N.V.,CureVac B.V.,CUREVAC NV,1/1,"25=Y,15=Y",OK,
BBG00WNSJM49,CCCS,exchange_transfer,304,Ticker change / listing transfer: 3.01 notice announces a listing transfer; company still reports results,CCC Intelligent Solutions Holdings Inc.,Dragoneer Growth Opportunities Corp.,CCC INTELLIGENT SOLUTIONS HOLDINGS,2/2,"25=Y,15=N",OK,
BBG00WYYC600,WLL,exchange_transfer,304,Continued 10-K/Q filings >180d after delist (moved to OTC or spun off); successor by same issuer,Whiting Holdings LLC,WHITING PETROLEUM CORP; WHITING PETROLEUM HOLDINGS INC,WHITING PETROLEUM CORP,2/2,"25=N,15=N",WEAK_no_delist_form,
BBG00XK3WVD0,AIRC,merger,231,M&A 2.01+3.01+5.01 (acquired by external acquirer),Apartment Income REIT Corp.,"AIMCO-LP, Inc.",APARTMENT INCOME REIT CORP,3/3,"25=Y,15=Y",OK,
BBG00XNR7VZ8,MCFE,merger,231,M&A 2.01+3.01+5.01 (acquired by external acquirer),McAfee Corp.,Greenseer Holdings Corp.,MCAFEE CORP CLASS A,1/1,"25=Y,15=Y",OK,
BBG00XP8FYQ3,MSP,merger,231,M&A 2.01+3.01+5.01 (acquired by external acquirer),DATTO HOLDING CORP.,"MERRITT TOPCO, INC.",DATTO HOLDING CORP,1/1,"25=Y,15=Y",OK,
BBG00YZ6J994,SGFY,merger,231,M&A 2.01+3.01+5.01 (acquired by external acquirer),"Signify Health, Inc.",,SIGNIFY HEALTH INC CLASS A,2/2,"25=Y,15=Y",OK,
BBG00Z6DX554,CHKXXXX,liquidation,470,Bankruptcy (8-K item 1.03 filed 2020-06-29),EXPAND ENERGY Corp,CHESAPEAKE ENERGY CORP,EXPAND ENERGY CORP,2/2,"25=Y,15=N",OK,
BBG00ZHCT050,DSEY,merger,231,M&A 2.01+3.01+5.01 (acquired by external acquirer),"Diversey Holdings, Ltd.",,DIVERSEY HOLDINGS LTD,1/1,"25=Y,15=Y",OK,
BBG00ZNSSKP3,VMEO,merger,231,M&A 2.01+3.01+5.01 (acquired by external acquirer),"Vimeo, Inc.","Vimeo Holdings, Inc.",VIMEO INC,1/1,"25=Y,15=Y",OK,
BBG00ZSDS6T8,TSP,compliance_failure,580,Listing deficiency cited in the 3.01 notice + NT 10-K/Q in the prior year (delinquent filer 580),TuSimple Holdings Inc.,Tusimple (Cayman) Ltd,TUSIMPLE HOLDINGS INC CLASS A,1/1,"25=Y,15=Y",OK,
BBG010FNXMC3,PYCR,merger,231,M&A 2.01+3.01+5.01 (acquired by external acquirer),"PAYCOR HCM, INC.","PRIDE PARENT, INC.",PAYCOR HCM INC,1/1,"25=Y,15=Y",OK,
BBG010MVVVW7,FYBR,merger,231,M&A 2.01+3.01+5.01 (acquired by external acquirer),"Frontier Communications Parent, Inc.",FRONTIER COMMUNICATIONS CORP; CITIZENS COMMUNICATIONS CO; CITIZENS UTILITIES CO,FRONTIER COMMUNICATIONS PARENT INC,3/3,"25=Y,15=Y",OK,
BBG011FS2K38,MCW,exchange_transfer,304,Continued 10-K/Q filings >180d after delist (moved to OTC or spun off),"Mister Car Wash, Inc.",,MISTER CAR WASH INC,2/2,"25=Y,15=N",OK,
BBG011FS2K38,MCW,merger,200,M&A 2.01+3.01 (acquisition with delisting),"Mister Car Wash, Inc.",,MISTER CAR WASH INC,2/2,"25=Y,15=Y",OK,
BBG01282Z1Y3,TWKS,merger,200,M&A 2.01+3.01 (acquisition with delisting),"Thoughtworks Holding, Inc.",Turing Holding Corp.,THOUGHTWORKS HOLDING INC,1/1,"25=Y,15=Y",OK,
BBG012BV9SK0,OLPX,merger,231,M&A 2.01+3.01+5.01 (acquired by external acquirer),"OLAPLEX HOLDINGS, INC.",,OLAPLEX HOLDINGS INC,1/1,"25=Y,15=Y",OK,
BBG012QVD574,LYLT,liquidation,470,Bankruptcy (8-K item 1.03 filed 2023-03-10),Loyalty Ventures Inc.,,LOYALTY VENTURES INC,2/2,"25=Y,15=Y",OK,
BBG012THM3Q6,INFA,merger,231,M&A 2.01+3.01+5.01 (acquired by external acquirer),Informatica Inc.,,INFORMATICA INC CLASS A,1/1,"25=Y,15=Y",OK,
BBG014QJ5BV6,EHAB,merger,231,M&A 2.01+3.01+5.01 (acquired by external acquirer),"Enhabit, Inc.","Encompass Health Home Health Holdings, Inc.",ENHABIT INC,1/1,"25=Y,15=Y",OK,
BBG017J18W74,AZPN,merger,231,M&A 2.01+3.01+5.01 (acquired by external acquirer),"Aspen Technology, Inc.","Emersub CX, Inc.",ASPEN TECHNOLOGY INC,2/2,"25=Y,15=Y",OK,
BBG018CYVVW5,KLG,merger,231,M&A 2.01+3.01+5.01 (acquired by external acquirer),WK Kellogg Co,NORTH AMERICA CEREAL CO.,WK KELLOGG,1/1,"25=Y,15=Y",OK,
BBG018CZLZ09,RCM,merger,231,M&A 2.01+3.01+5.01 (acquired by external acquirer),R1 RCM Inc. /DE,PROJECT ROADRUNNER PARENT INC.,R1 RCM INC,0/0,"25=Y,15=Y",OK,
BBG01B6SGB59,UHAL-B,exchange_transfer,304,Ticker change / listing transfer: renamed from 'AMERCO /NV/'; company still reports results,U-Haul Holding Co /NV/,AMERCO /NV/,U HAUL NON VOTING SERIES N,1/2,"25=Y,15=N",OK,
BBG01HLM8W28,LSXMA,exchange_transfer,304,Continued 10-K/Q filings >180d after delist (moved to OTC or spun off),Liberty Media Corp,"Liberty Spinco, Inc.",LIBERTY MEDIA LIBERTY SIRIUSXM COR,2/3,"25=Y,15=N",OK,
BBG01HMFL081,LLYVA,exchange_transfer,304,Continued 10-K/Q filings >180d after delist (moved to OTC or spun off); successor by same ticker,Liberty Media Corp,"Liberty Spinco, Inc.",LIBERTY MEDIA LIBERTY LIVE CORP SE,2/3,"25=Y,15=N",OK,
BBG01HMFLTN1,LLYVK,exchange_transfer,304,Continued 10-K/Q filings >180d after delist (moved to OTC or spun off),Liberty Media Corp,"Liberty Spinco, Inc.",LIBERTY MEDIA LIBERTY LIVE CORP SE,2/3,"25=Y,15=N",OK,
BBG01JNDL2R6,SEG,exchange_transfer,304,Ticker change / listing transfer: 3.01 notice announces a listing transfer; company still reports results,Seaport Entertainment Group Inc.,,SEAPORT ENTERTAINMENT GROUP INC,2/2,"25=Y,15=N",OK,
BBG01K9HZH92,LBTYA,exchange_transfer,304,Continued 10-K/Q filings >180d after delist (moved to OTC or spun off),Liberty Global Ltd.,Liberty Global plc; Liberty Global Corp Ltd,LIBERTY GLOBAL LTD CLASS A,2/2,"25=Y,15=N",OK,
BBG01K9HZH92,LBTYAZZZZ,exchange_transfer,304,Ticker change / listing transfer: renamed from 'Liberty Global plc'; company still reports results,Liberty Global Ltd.,Liberty Global plc; Liberty Global Corp Ltd,LIBERTY GLOBAL LTD CLASS A,2/2,"25=Y,15=Y",OK,
CIK1011006-COMMON,YHOO,exchange_transfer,304,Ticker change / listing transfer: renamed from 'YAHOO INC'; company still reports results,ALTABA INC.,YAHOO INC,YAHOO! INC,1/1,"25=N,15=N",WEAK_no_delist_form,
CIK1018005-COMMON,CWTR,exchange_transfer,304,Continued 10-K/Q filings >180d after delist (moved to OTC or spun off),COLDWATER CREEK INC,,COLDWATER CREEK INC,2/2,"25=N,15=N",WEAK_no_delist_form,
CIK1023291-COMMON,TXU,exchange_transfer,304,Continued 10-K/Q filings >180d after delist (moved to OTC or spun off),Energy Future Holdings Corp /TX/,TXU CORP /TX/; TEXAS UTILITIES CO /TX/; TEXAS UTILITIES CO /DE/; TUC HOLDING CO,TXU CORP,0/0,"25=N,15=N",WEAK_no_delist_form,
CIK1037676-COMMON,ACIXXXX,liquidation,470,Bankruptcy (8-K item 1.03 filed 2016-01-11),"ARCH RESOURCES, INC.",ARCH COAL INC; ARCH MINERAL CORP,ARCH COAL INC,2/2,"25=Y,15=N",OK,
CIK1038205-COMMON,OZRK,merger,200,M&A 2.01+3.01 (acquisition with delisting),BANK OF THE OZARKS INC,,BANK OF OZARKS,1/1,"25=Y,15=Y",OK,
CIK1038914-COMMON,GSF,merger,231,M&A 2.01+3.01+5.01 (acquired by external acquirer),GLOBALSANTAFE CORP,SANTA FE INTERNATIONAL CORP/,GLOBALSANTAFE CORP,1/1,"25=Y,15=Y",OK,
CIK104207-COMMON,WAG,merger,231,"M&A change in control (5.01) with delisting/rights change, closing 8-K without 2.01",WALGREEN CO,,WALGREEN,1/1,"25=Y,15=Y",OK,
CIK1045609-COMMON,AMB,exchange_transfer,304,Continued 10-K/Q filings >180d after delist (moved to OTC or spun off); successor by same issuer,"Prologis, Inc.",AMB PROPERTY CORP,AMB PROPERTY CORP,1/1,"25=N,15=N",WEAK_no_delist_form,
CIK1046568-COMMON,CECO,exchange_transfer,304,Ticker change / listing transfer: renamed from 'CAREER EDUCATION CORP'; company still reports results,PERDOCEO EDUCATION Corp,CAREER EDUCATION CORP,CAREER EDUCATION CORP,2/2,"25=N,15=N",WEAK_no_delist_form,
CIK105319-COMMON,WTW,exchange_transfer,304,Ticker change / listing transfer: 3.01 notice announces a listing transfer; company still reports results,"WW INTERNATIONAL, INC.",WEIGHT WATCHERS INTERNATIONAL INC,WW INTERNATIONAL INC,0/0,"25=Y,15=N",OK,
CIK1056087-COMMON,MNI,exchange_transfer,304,Continued 10-K/Q filings >180d after delist (moved to OTC or spun off),MCCLATCHY CO,MNI NEWCO INC,MCCLATCHY CO,1/1,"25=N,15=N",WEAK_no_delist_form,
CIK1066104-COMMON,EXBD,exchange_transfer,304,Continued 10-K/Q filings >180d after delist (moved to OTC or spun off),CEB Inc.,CORPORATE EXECUTIVE BOARD CO; CORPORATE ADVISORY BOARD CO,CORPORATE EXECUTIVE,2/2,"25=Y,15=N",OK,
CIK1066104-COMMON,EXBD,exchange_transfer,304,Continued 10-K/Q filings >180d after delist (moved to OTC or spun off),CEB Inc.,CORPORATE EXECUTIVE BOARD CO; CORPORATE ADVISORY BOARD CO,CORPORATE EXECUTIVE,2/2,"25=N,15=N",WEAK_no_delist_form,
CIK1075415-COMMON,SNH,exchange_transfer,304,Continued 10-K/Q filings >180d after delist (moved to OTC or spun off),DIVERSIFIED HEALTHCARE TRUST,SENIOR HOUSING PROPERTIES TRUST,SENIOR HOUSING PROPERTIES TRUST RE,3/3,"25=Y,15=N",OK,
CIK1075415-COMMON,SNH,exchange_transfer,304,Continued 10-K/Q filings >180d after delist (moved to OTC or spun off),DIVERSIFIED HEALTHCARE TRUST,SENIOR HOUSING PROPERTIES TRUST,SENIOR HOUSING PROPERTIES TRUST RE,3/3,"25=N,15=N",WEAK_no_delist_form,
CIK1075531-COMMON,PCLN,exchange_transfer,304,Ticker change / listing transfer: renamed from 'Priceline Group Inc.'; company still reports results; successor by same issuer,Booking Holdings Inc.,Priceline Group Inc.; PRICELINE COM INC,THE PRICELINE GROUP INC,1/1,"25=N,15=N",WEAK_no_delist_form,
CIK1080014-COMMON,THRX,exchange_transfer,304,Ticker change / listing transfer: renamed from 'THERAVANCE INC'; company still reports results,"Innoviva, Inc.",THERAVANCE INC; ADVANCED MEDICINE INC,THERAVANCE INC.,1/1,"25=N,15=N",WEAK_no_delist_form,
CIK1095651-COMMON,SFI,exchange_transfer,304,Continued 10-K/Q filings >180d after delist (moved to OTC or spun off),Safehold Inc.,ISTAR INC.; ISTAR FINANCIAL INC; STARWOOD FINANCIAL INC,ISTAR FINANCIAL INC,2/2,"25=N,15=N",WEAK_no_delist_form,
CIK1100962-COMMON,ENDP,merger,231,M&A 2.01+3.01+5.01 (acquired by external acquirer),ENDO HEALTH SOLUTIONS INC.,ENDO PHARMACEUTICALS HOLDINGS INC,ENDO INTERNATIONAL INC,1/1,"25=Y,15=Y",OK,
CIK1103982-COMMON,KFT,exchange_transfer,304,Continued 10-K/Q filings >180d after delist (moved to OTC or spun off),"Mondelez International, Inc.",KRAFT FOODS INC,KRAFT FOODS INC A,2/2,"25=Y,15=N",OK,
CIK1103982-COMMON,KFT,exchange_transfer,304,Ticker change / listing transfer: renamed from 'KRAFT FOODS INC'; company still reports results; successor by same issuer,"Mondelez International, Inc.",KRAFT FOODS INC,KRAFT FOODS INC A,2/2,"25=Y,15=N",OK,
CIK1115836-COMMON,OEH,exchange_transfer,304,Continued 10-K/Q filings >180d after delist (moved to OTC or spun off),Belmond Ltd.,ORIENT EXPRESS HOTELS LTD,ORIENT-EXPRESS HOTELS,3/3,"25=N,15=N",WEAK_no_delist_form,
CIK1116132-COMMON,COH,exchange_transfer,304,Continued 10-K/Q filings >180d after delist (moved to OTC or spun off); successor by same issuer,"TAPESTRY, INC.",COACH INC,COACH INC,1/1,"25=N,15=N",WEAK_no_delist_form,
CIK1124887-COMMON,CEN,exchange_transfer,304,Continued 10-K/Q filings >180d after delist (moved to OTC or spun off),CERIDIAN LLC,CERIDIAN CORP /DE/; NEW CERIDIAN CORP,CERIDIAN CORP,1/1,"25=Y,15=Y",OK,
CIK1138118-COMMON,CBG,exchange_transfer,304,Ticker change / listing transfer: renamed from 'CB RICHARD ELLIS GROUP INC'; company still reports results; successor by same issuer,"CBRE GROUP, INC.",CB RICHARD ELLIS GROUP INC; CB RICHARD ELLIS SERVICES INC; CBRE HOLDING INC,CB RICHARD ELLIS GROUP,2/2,"25=N,15=N",WEAK_no_delist_form,
CIK1141399-COMMON,ABBI,merger,231,Merger filing 425 2008-09-10 before the delisting,"APP Pharmaceuticals, Inc.","Abraxis BioScience, Inc.; Abraxis BioScience, Inc. (ABBI); AMERICAN PHARMACEUTICAL PARTNERS INC /DE/; AMERICAN PHARMACEUTICAL PARTNERS INC /CA/",ABRAXIS BIOSCIENCE INC,2/2,"25=Y,15=Y",OK,
CIK1141982-COMMON,CBE,exchange_transfer,304,Continued 10-K/Q filings >180d after delist (moved to OTC or spun off); successor by same issuer,Cooper Industries plc,COOPER INDUSTRIES LTD,COOPER INDS LTD,1/2,"25=Y,15=Y",OK,
CIK1156039-COMMON,WLP,exchange_transfer,304,"Ticker change / listing transfer: renamed from 'WELLPOINT, INC'; company still reports results","Elevance Health, Inc.","Anthem, Inc.; WELLPOINT, INC; WELLPOINT INC; ANTHEM INC",WELLPOINT INC,1/1,"25=N,15=N",WEAK_no_delist_form,
CIK1156826-COMMON,ASN,merger,231,Merger filing DEFM14A 2007-07-13 before the delisting,ARCHSTONE SMITH TRUST,,ARCHSTONE SMITH TRUST,2/2,"25=Y,15=Y",OK,
CIK1166126-COMMON,JCP,liquidation,470,Bankruptcy (8-K item 1.03 filed 2020-05-18),"Old COPPER Company, Inc.",J C PENNEY CO INC,JC PENNEY INC,1/1,"25=Y,15=N",OK,
CIK1169055-COMMON,NE,exchange_transfer,304,Continued 10-K/Q filings >180d after delist (moved to OTC or spun off); successor by same ticker,Noble Finance Co,NOBLE CORP,NOBLE CORPORATION,1/1,"25=Y,15=N",OK,
CIK1170565-COMMON,WFT,unknown,,Delisted/deregistered without merger or distress evidence,WEATHERFORD INTERNATIONAL LTD,,WEATHERFORD INTL,1/2,"25=Y,15=Y",OK,
CIK1282266-COMMON,WIN,exchange_transfer,304,Continued 10-K/Q filings >180d after delist (moved to OTC or spun off),"WINDSTREAM HOLDINGS, INC.",WINDSTREAM CORP; VALOR COMMUNICATIONS GROUP INC,WINDSTREAM HOLDINGS INC,1/1,"25=Y,15=N",OK,
CIK1282266-COMMON,WIN,exchange_transfer,304,Continued 10-K/Q filings >180d after delist (moved to OTC or spun off),"WINDSTREAM HOLDINGS, INC.",WINDSTREAM CORP; VALOR COMMUNICATIONS GROUP INC,WINDSTREAM HOLDINGS INC,1/1,"25=N,15=N",WEAK_no_delist_form,
CIK1283699-COMMON,PCS,exchange_transfer,304,Continued 10-K/Q filings >180d after delist (moved to OTC or spun off); successor by same issuer,"T-Mobile US, Inc.",METROPCS COMMUNICATIONS INC,METROPCS COMMUNICATIONS INC.,2/2,"25=Y,15=N",OK,
CIK1308161-CLASS-A,NCRA,exchange_transfer,304,Continued 10-K/Q filings >180d after delist (moved to OTC or spun off),"TWENTY-FIRST CENTURY FOX, INC.",NEWS CORP,NEWS CORP. CL A,1/1,"25=N,15=N",WEAK_no_delist_form,
CIK1308161-COMMON,NWS-A,exchange_transfer,304,Continued 10-K/Q filings >180d after delist (moved to OTC or spun off),"TWENTY-FIRST CENTURY FOX, INC.",NEWS CORP,NEWS CORP,1/1,"25=N,15=N",WEAK_no_delist_form,
CIK1319048-COMMON,CHAP,merger,231,Merger filing DEFM14A 2007-08-10 before the delisting,Chaparral Steel CO,,CHAPARRAL STEEL COMPANY,2/2,"25=Y,15=Y",OK,
CIK1336917-CLASS-C,UAC-C,exchange_transfer,304,Continued 10-K/Q filings >180d after delist (moved to OTC or spun off),"Under Armour, Inc.",,UNDER ARMOUR INC CLASS C,2/2,"25=N,15=N",WEAK_no_delist_form,
CIK1356090-COMMON,XON,exchange_transfer,304,Ticker change / listing transfer: 3.01 notice announces a listing transfer; company still reports results,"PRECIGEN, INC.",INTREXON CORP,INTREXON CORP,1/1,"25=Y,15=N",OK,
CIK1356090-COMMON,XON,exchange_transfer,304,Ticker change / listing transfer: renamed from 'INTREXON CORP'; company still reports results,"PRECIGEN, INC.",INTREXON CORP,INTREXON CORP,1/1,"25=N,15=N",WEAK_no_delist_form,
CIK1360604-COMMON,HTA,exchange_transfer,304,Continued 10-K/Q filings >180d after delist (moved to OTC or spun off),Healthcare Realty Trust Inc,"HEALTHCARE TRUST OF AMERICA, INC.; Healthcare Trust of America Holdings, LP; Grubb & Ellis Healthcare REIT, Inc.; NNN Healthcare/Office REIT, Inc.",HEALTHCARE TRUST OF AMERICA INC,2/2,"25=N,15=Y",OK,
CIK1361658-COMMON,WYND,exchange_transfer,304,Continued 10-K/Q filings >180d after delist (moved to OTC or spun off),Travel & Leisure Co.,"Travel & Leisure Co.; Wyndham Destinations, Inc.; WYNDHAM WORLDWIDE CORP",TRAVEL LEISURE INC,2/2,"25=N,15=N",WEAK_no_delist_form,
CIK1363851-COMMON,SXCI,exchange_transfer,304,Continued 10-K/Q filings >180d after delist (moved to OTC or spun off); successor by same issuer,Catamaran Corp,SXC Health Solutions Corp.; SXC Health Solutions Inc.; Systems Xcellence Inc.,SXC HEALTH SOLUTIONS CORP.,2/2,"25=N,15=N",WEAK_no_delist_form,
CIK1418135-COMMON,DPS,exchange_transfer,304,Continued 10-K/Q filings >180d after delist (moved to OTC or spun off); successor by same issuer,Keurig Dr Pepper Inc.,"Dr Pepper Snapple Group, Inc.; CSAB Inc.",DR PEPPER SNAPPLE GROUP INC,2/2,"25=N,15=N",WEAK_no_delist_form,
CIK1420800-COMMON,CFX,exchange_transfer,304,Continued 10-K/Q filings >180d after delist (moved to OTC or spun off); successor by same issuer,Enovis CORP,Colfax CORP,COLFAX CORP,1/1,"25=Y,15=N",OK,
CIK1428875-COMMON,SERV,exchange_transfer,304,Continued 10-K/Q filings >180d after delist (moved to OTC or spun off); successor by same issuer,TERMINIX GLOBAL HOLDINGS INC,SERVICEMASTER GLOBAL HOLDINGS INC,SERVICEMASTER GLOBAL HOLDINGS INC,2/2,"25=N,15=N",WEAK_no_delist_form,
CIK1458891-COMMON,NE,exchange_transfer,304,Continued 10-K/Q filings >180d after delist (moved to OTC or spun off); successor by same issuer,Noble Corp,Noble Holding Corp plc; Noble Corp plc; Noble Corp / Switzerland,NOBLE CORPORATION,1/1,"25=Y,15=Y",OK,
CIK1469372-CLASS-A,MSG,exchange_transfer,304,Continued 10-K/Q filings >180d after delist (moved to OTC or spun off),MSG NETWORKS INC.,"Madison Square Garden Co; Madison Square Garden, Inc.",MADISON SQUARE GARDEN ORD CLASS A,3/3,"25=Y,15=N",OK,
CIK1469372-CLASS-A,MSG,exchange_transfer,304,Continued 10-K/Q filings >180d after delist (moved to OTC or spun off),MSG NETWORKS INC.,"Madison Square Garden Co; Madison Square Garden, Inc.",MADISON SQUARE GARDEN ORD CLASS A,3/3,"25=Y,15=N",OK,
CIK1471261-COMMON,CIEXXXX,liquidation,470,Bankruptcy (8-K item 1.03 filed 2017-12-14),"Cobalt International Energy, Inc.",,COBALT INTERNATIONAL ENERGY INC,2/2,"25=Y,15=Y",OK,
CIK1478242-COMMON,Q,exchange_transfer,304,"Ticker change / listing transfer: renamed from 'Quintiles IMS Holdings, Inc.'; company still reports results; successor by same issuer",IQVIA HOLDINGS INC.,"Quintiles IMS Holdings, Inc.; Quintiles Transnational Holdings Inc.",QUINTILES IMS INC,1/1,"25=N,15=N",WEAK_no_delist_form,
CIK1498301-COMMON,ASNA,exchange_transfer,304,Continued 10-K/Q filings >180d after delist (moved to OTC or spun off),"Mahwah Bergen Retail Group, Inc.","Ascena Retail Group, Inc.",ASCENA RETAIL GROUP INC.,2/2,"25=Y,15=N",OK,
CIK1521332-COMMON,DLPH,exchange_transfer,304,Continued 10-K/Q filings >180d after delist (moved to OTC or spun off),Aptiv PLC,Delphi Automotive PLC,DELPHI AUTOMOTIVE PLC,2/2,"25=N,15=N",WEAK_no_delist_form,
CIK1533932-CLASS-A,VNTV,exchange_transfer,304,Continued 10-K/Q filings >180d after delist (moved to OTC or spun off); successor by same issuer,"Worldpay, Inc.","Vantiv, Inc.",VANTIV INC CLASS A,1/1,"25=N,15=N",WEAK_no_delist_form,
CIK1561032-COMMON,HTA,exchange_transfer,304,Continued 10-K/Q filings >180d after delist (moved to OTC or spun off),"National Healthcare Properties, Inc.","Healthcare Trust, Inc.; American Realty Capital Healthcare Trust II, Inc.",HEALTHCARE TRUST OF AMERICA REIT I,1/3,"25=N,15=N",WEAK_no_delist_form,
CIK1575828-COMMON,FI,exchange_transfer,304,Continued 10-K/Q filings >180d after delist (moved to OTC or spun off),EXPRO GROUP HOLDINGS N.V.,Frank's International N.V.; FRANK'S INTERNATIONAL N.V.,FRANK S INTERNATIONAL NV,1/1,"25=N,15=N",WEAK_no_delist_form,
CIK1578845-COMMON,ACT,exchange_transfer,304,Continued 10-K/Q filings >180d after delist (moved to OTC or spun off); successor by same issuer,Allergan plc,Actavis plc; Actavis Ltd,ACTAVIS PLC,1/1,"25=N,15=N",WEAK_no_delist_form,
CIK1584207-COMMON,LEAF,exchange_transfer,304,"Ticker change / listing transfer: renamed from 'Springleaf Holdings, Inc.'; company still reports results; successor by same issuer","OneMain Holdings, Inc.","Springleaf Holdings, Inc.; Springleaf Holdings, LLC",SPRINGLEAF HOLDINGS INC,1/1,"25=N,15=N",WEAK_no_delist_form,
CIK1594686-COMMON,WPG,exchange_transfer,304,Continued 10-K/Q filings >180d after delist (moved to OTC or spun off),WASHINGTON PRIME GROUP INC.,WP Glimcher Inc.; SPG SpinCo Subsidiary Inc.,WP GLIMCHER INC,1/1,"25=N,15=N",WEAK_no_delist_form,
CIK1606498-COMMON,HYH,exchange_transfer,304,Continued 10-K/Q filings >180d after delist (moved to OTC or spun off),"AVANOS MEDICAL, INC.","Halyard Health, Inc.",HALYARD HEALTH INC,2/2,"25=N,15=N",WEAK_no_delist_form,
CIK1620280-COMMON,CSAL,exchange_transfer,304,Continued 10-K/Q filings >180d after delist (moved to OTC or spun off); successor by same issuer,Uniti Group LLC,"Uniti Group Inc.; COMMUNICATIONS SALES & LEASING, INC.",COMMUNICATIONS SALES AND LEASING I,3/3,"25=N,15=Y",OK,
CIK1650962-COMMON,MFS,exchange_transfer,304,Continued 10-K/Q filings >180d after delist (moved to OTC or spun off); successor by same issuer,"Welbilt, Inc.","Manitowoc Foodservice, Inc.",MANITOWOC FOODSERVICE INC,2/2,"25=N,15=N",WEAK_no_delist_form,
CIK1666700-COMMON,DWDP,exchange_transfer,304,Ticker change / listing transfer: renamed from 'DowDuPont Inc.'; company still reports results; successor by same issuer,"DuPont de Nemours, Inc.",DowDuPont Inc.,DOWDUPONT INC,1/1,"25=N,15=N",WEAK_no_delist_form,
CIK1723089-COMMON,APY,exchange_transfer,304,Continued 10-K/Q filings >180d after delist (moved to OTC or spun off),ChampionX Corp,Apergy Corp; Wellsite Corp,APERGY CORP,1/1,"25=Y,15=N",OK,
CIK1800227-COMMON,IAC,exchange_transfer,304,Continued 10-K/Q filings >180d after delist (moved to OTC or spun off); successor by same issuer,People Inc,"IAC Inc.; IAC/InterActiveCorp; IAC Holdings, Inc.",IAC INTERACTIVE,0/1,"25=N,15=N",MISMATCH_name,resolved_name shares no tokens with EDGAR name
CIK1803737-COMMON,EHAB-WI,exchange_transfer,304,Continued 10-K/Q filings >180d after delist (moved to OTC or spun off); successor by same issuer,"Enhabit, Inc.","Encompass Health Home Health Holdings, Inc.",ENHABIT INC WHEN ISSUED,1/3,"25=N,15=N",WEAK_no_delist_form,
CIK1808220-CLASS-A,GOCO,exchange_transfer,304,Continued 10-K/Q filings >180d after delist (moved to OTC or spun off),"GoHealth, Inc.",,GOHEALTH INC CLASS A,1/1,"25=N,15=N",WEAK_no_delist_form,
CIK18568-COMMON,CBSS,merger,231,Merger filing 425 2007-09-07 before the delisting,COMPASS BANCSHARES INC,,COMPASS BANCSHARES INC,1/1,"25=Y,15=Y",OK,
CIK1929561-COMMON,RXO-WI,exchange_transfer,304,Continued 10-K/Q filings >180d after delist (moved to OTC or spun off),"RXO, Inc.","RXO, LLC; NAT Holdings, LLC",RXO INC,0/0,"25=N,15=N",WEAK_no_delist_form,
CIK202058-COMMON,HRS,exchange_transfer,304,Continued 10-K/Q filings >180d after delist (moved to OTC or spun off); successor by same issuer,"L3HARRIS TECHNOLOGIES, INC. /DE/",HARRIS CORP /DE/,HARRIS CORP,1/1,"25=N,15=N",WEAK_no_delist_form,
CIK20520-COMMON,FTR,exchange_transfer,304,Continued 10-K/Q filings >180d after delist (moved to OTC or spun off),"Frontier Communications Parent, Inc.",FRONTIER COMMUNICATIONS CORP; CITIZENS COMMUNICATIONS CO; CITIZENS UTILITIES CO,FRONTIER COMMUNICATIONS CORP,2/2,"25=N,15=N",WEAK_no_delist_form,
CIK230463-COMMON,PPP,merger,231,"M&A change in control (5.01) with delisting/rights change, closing 8-K without 2.01",PXP PRODUCING CO LLC,POGO PRODUCING CO LLC; POGO PRODUCING CO,POGO PRODUCING CO,2/2,"25=Y,15=Y",OK,
CIK23666-COMMON,SLE,exchange_transfer,304,Continued 10-K/Q filings >180d after delist (moved to OTC or spun off); successor by same issuer,Hillshire Brands Co,Sara Lee Corp; LEE SARA CORP,SARA LEE CORP,1/1,"25=N,15=N",WEAK_no_delist_form,
CIK314808-CLASS-A,ESV,exchange_transfer,304,Continued 10-K/Q filings >180d after delist (moved to OTC or spun off),Valaris Ltd,Valaris plc; Ensco Rowan plc; Ensco plc; Ensco International plc; ENSCO INTERNATIONAL INC; ENERGY SERVICE COMPANY INC,ENSCO PLC CLASS A,1/1,"25=N,15=N",WEAK_no_delist_form,
CIK314808-COMMON,ESV,exchange_transfer,304,Continued 10-K/Q filings >180d after delist (moved to OTC or spun off),Valaris Ltd,Valaris plc; Ensco Rowan plc; Ensco plc; Ensco International plc; ENSCO INTERNATIONAL INC; ENERGY SERVICE COMPANY INC,ENSCO INTERNATIONAL INC,1/1,"25=Y,15=Y",OK,
CIK315293-COMMON,AOC,exchange_transfer,304,Continued 10-K/Q filings >180d after delist (moved to OTC or spun off),Aon plc,AON CORP,AON CORP,0/0,"25=N,15=N",WEAK_no_delist_form,
CIK316300-COMMON,XCOXXXX,liquidation,470,Bankruptcy (8-K item 1.03 filed 2018-01-17),EXCO RESOURCES INC,MINERAL DEVELOPMENT INC,EXCO RESOURCES INC,2/2,"25=Y,15=N",OK,
CIK320335-COMMON,TMK,exchange_transfer,304,Ticker change / listing transfer: renamed from 'TORCHMARK CORP'; company still reports results; successor by same issuer,GLOBE LIFE INC.,TORCHMARK CORP,TORCHMARK CORP,1/1,"25=N,15=N",WEAK_no_delist_form,
CIK351346-COMMON,BMET,exchange_transfer,304,Continued 10-K/Q filings >180d after delist (moved to OTC or spun off),BIOMET INC,,BIOMET INC,1/1,"25=Y,15=Y",OK,
CIK38079-COMMON,FST,exchange_transfer,304,Continued 10-K/Q filings >180d after delist (moved to OTC or spun off),SABINE OIL & GAS CORP,FOREST OIL CORP,FOREST OIL CORP,1/1,"25=Y,15=N",OK,
CIK39899-COMMON,TGNA,exchange_transfer,304,Continued 10-K/Q filings >180d after delist (moved to OTC or spun off),TEGNA INC,GANNETT CO INC /DE/,GANNETT CO INC,1/1,"25=N,15=N",WEAK_no_delist_form,
CIK47518-COMMON,HB,exchange_transfer,304,Continued 10-K/Q filings >180d after delist (moved to OTC or spun off),"Hill-Rom Holdings, Inc.",HILLENBRAND INDUSTRIES INC,HILLENBRAND INDUSTRIES,2/2,"25=N,15=N",WEAK_no_delist_form,
CIK47580-COMMON,HLT,merger,231,"M&A change in control (5.01) with delisting/rights change, closing 8-K without 2.01",HILTON HOTELS CORP,,HILTON HOTELS CORP,2/2,"25=Y,15=Y",OK,
CIK48039-COMMON,HOC,exchange_transfer,304,Continued 10-K/Q filings >180d after delist (moved to OTC or spun off); successor by same issuer,HollyFrontier Corp,HOLLY CORP,HOLLY CORP,1/1,"25=N,15=N",WEAK_no_delist_form,
CIK48898-CLASS-B,HUB-B,exchange_transfer,304,Continued 10-K/Q filings >180d after delist (moved to OTC or spun off),HUBBELL INC,,HUBBELL INC. CL B,1/1,"25=Y,15=Y",OK,
CIK50104-COMMON,TSO,exchange_transfer,304,Continued 10-K/Q filings >180d after delist (moved to OTC or spun off); successor by same issuer,ANDEAVOR LLC,ANDEAVOR; TESORO CORP /NEW/; TESORO PETROLEUM CORP /NEW/,TESORO CORP,1/1,"25=N,15=N",WEAK_no_delist_form,
CIK65873-COMMON,AT,exchange_transfer,304,Continued 10-K/Q filings >180d after delist (moved to OTC or spun off),ALLTEL CORP,,ALLTEL CORP,1/1,"25=Y,15=Y",OK,
CIK68505-COMMON,MOT,exchange_transfer,304,Ticker change / listing transfer: renamed from 'MOTOROLA INC'; company still reports results; successor by same issuer,"Motorola Solutions, Inc.",MOTOROLA INC,MOTOROLA INC,1/1,"25=N,15=N",WEAK_no_delist_form,
CIK701985-COMMON,LTD,exchange_transfer,304,Continued 10-K/Q filings >180d after delist (moved to OTC or spun off); successor by same issuer,"Bath & Body Works, Inc.","L Brands, Inc.; LIMITED BRANDS INC; LIMITED INC",LIMITED BRANDS INC.,1/1,"25=N,15=N",WEAK_no_delist_form,
CIK708819-COMMON,MDR,exchange_transfer,304,Continued 10-K/Q filings >180d after delist (moved to OTC or spun off),MCDERMOTT INTERNATIONAL INC,,MCDERMOTT INTERNATIONAL INC,1/1,"25=N,15=N",WEAK_no_delist_form,
CIK709519-COMMON,SUNW,merger,231,M&A 2.01+3.01+5.01 (acquired by external acquirer),"SUN MICROSYSTEMS, INC.",SUN MICROSYSTEMS INC,SUN MICROSYSTEMS INC,1/1,"25=Y,15=Y",OK,
CIK716006-COMMON,YRCW,exchange_transfer,304,Continued 10-K/Q filings >180d after delist (moved to OTC or spun off),Yellow Corp,YRC Worldwide Inc.; YRC WORLDWIDE INC; YELLOW ROADWAY CORP,YRC WORLDWIDE INC,1/1,"25=N,15=N",WEAK_no_delist_form,
CIK718482-COMMON,AGE,merger,231,Merger filing 425 2007-09-28 before the delisting,EDWARDS A G INC,,EDWARDS AG INC,1/1,"25=Y,15=Y",OK,
CIK730464-COMMON,DV,exchange_transfer,304,Ticker change / listing transfer: renamed from 'Adtalem Global Education'; company still reports results,Covista Inc.,Adtalem Global Education Inc.; Adtalem Global Education; DEVRY EDUCATION GROUP INC.; DEVRY EDUCATION GROUP; DEVRY INC,DEVRY EDUCATION GROUP INC,2/2,"25=N,15=N",WEAK_no_delist_form,
CIK733269-COMMON,ACXM,exchange_transfer,304,Continued 10-K/Q filings >180d after delist (moved to OTC or spun off),"LiveRamp Holdings, Inc.","Acxiom Holdings, Inc.; ACXIOM CORP",ACXIOM CORP,1/1,"25=Y,15=Y",OK,
CIK737874-COMMON,LI,merger,231,Merger filing DEFM14A 2007-03-21 before the delisting,LAIDLAW INTERNATIONAL INC,LAIDLAW INC,LAIDLAW INTERNATIONAL,1/1,"25=Y,15=Y",OK,
CIK73887-COMMON,ERA,liquidation,470,Bankruptcy (8-K item 1.03 filed 2019-05-13),Bristow Group Inc,OFFSHORE LOGISTICS INC,BRISTOW GROUP INC,1/1,"25=Y,15=Y",OK,
CIK765880-COMMON,PEAK,exchange_transfer,304,Continued 10-K/Q filings >180d after delist (moved to OTC or spun off),"HEALTHPEAK PROPERTIES, INC.","HCP, INC.; HEALTH CARE PROPERTY INVESTORS INC",HEALTHPEAK PROPERTIES INC,2/2,"25=N,15=N",WEAK_no_delist_form,
CIK766704-COMMON,HCN,exchange_transfer,304,Continued 10-K/Q filings >180d after delist (moved to OTC or spun off); successor by same issuer,WELLTOWER INC.,HEALTH CARE REIT INC /DE/,HEALTH CARE REIT INC,3/3,"25=N,15=N",WEAK_no_delist_form,
CIK78128-COMMON,WTR,exchange_transfer,304,Ticker change / listing transfer: renamed from 'AQUA AMERICA INC'; company still reports results; successor by same issuer,"Essential Utilities, Inc.",AQUA AMERICA INC; PHILADELPHIA SUBURBAN CORP,AQUA AMERICA INC,2/2,"25=N,15=N",WEAK_no_delist_form,
CIK789073-COMMON,FO,exchange_transfer,304,Continued 10-K/Q filings >180d after delist (moved to OTC or spun off); successor by same issuer,Beam Suntory Inc.,BEAM INC; FORTUNE BRANDS INC; AMERICAN BRANDS INC /DE/,FORTUNE BRANDS INC,2/2,"25=N,15=N",WEAK_no_delist_form,
CIK804055-COMMON,CCE,merger,231,M&A 2.01+3.01+5.01 (acquired by external acquirer),"COCA-COLA REFRESHMENTS USA, INC.",COCA COLA ENTERPRISES INC,COCA COLA ENTERPRISE,2/3,"25=Y,15=Y",OK,
CIK833444-COMMON,TYC,exchange_transfer,304,Continued 10-K/Q filings >180d after delist (moved to OTC or spun off); successor by same issuer,Johnson Controls International plc,TYCO INTERNATIONAL plc; TYCO INTERNATIONAL LTD; TYCO INTERNATIONAL LTD /BER/; ADT LIMITED,TYCO INTERNATIONAL PLC,1/1,"25=Y,15=N",OK,
CIK835541-COMMON,SLR,merger,231,Merger filing 425 2007-09-13 before the delisting,SOLECTRON CORP,,SOLECTRON CORP,1/1,"25=Y,15=Y",OK,
CIK836102-COMMON,ASD,merger,231,M&A 2.01+3.01+5.01 (acquired by external acquirer),TRANE INC.,AMERICAN STANDARD COMPANIES INC; ASI HOLDING CORP,AMERICAN STD COS INC,1/1,"25=Y,15=Y",OK,
CIK860748-COMMON,UTR,exchange_transfer,304,Ticker change / listing transfer: renamed from 'UNITRIN INC'; company still reports results; successor by same issuer,KEMPER Corp,UNITRIN INC,UNITRIN INC,1/1,"25=N,15=N",WEAK_no_delist_form,
CIK866121-COMMON,ATK,exchange_transfer,304,Continued 10-K/Q filings >180d after delist (moved to OTC or spun off); successor by same issuer,"Northrop Grumman Innovation Systems, Inc.","ORBITAL ATK, INC.; ALLIANT TECHSYSTEMS INC",ALLIANT TECHSYSTEMS INC.,2/2,"25=N,15=N",WEAK_no_delist_form,
CIK867773-COMMON,SPWR,exchange_transfer,304,Continued 10-K/Q filings >180d after delist (moved to OTC or spun off),SUNPOWER CORP,,SUNPOWER CORP,1/1,"25=N,15=N",WEAK_no_delist_form,
CIK874015-COMMON,ISIS,exchange_transfer,304,Ticker change / listing transfer: renamed from 'ISIS PHARMACEUTICALS INC'; company still reports results; successor by same issuer,IONIS PHARMACEUTICALS INC,ISIS PHARMACEUTICALS INC,ISIS PHARMACEUTICALS INC.,2/2,"25=N,15=N",WEAK_no_delist_form,
CIK874214-COMMON,ANN,exchange_transfer,304,Continued 10-K/Q filings >180d after delist (moved to OTC or spun off),ANN INC.,ANNTAYLOR STORES CORP; TAYLOR ANN STORES CORP,ANNTAYLOR STORES CORP,2/2,"25=Y,15=Y",OK,
CIK88205-COMMON,SPW,exchange_transfer,304,Continued 10-K/Q filings >180d after delist (moved to OTC or spun off),"SPX Technologies, Inc.",SPX CORP,SPX CORP,0/0,"25=N,15=N",WEAK_no_delist_form,
CIK884629-COMMON,ACT,merger,231,M&A 2.01+3.01+5.01 (acquired by external acquirer),Allergan Finance LLC,"Actavis, Inc.; WATSON PHARMACEUTICALS INC",ACTAVIS INC.,1/1,"25=Y,15=Y",OK,
CIK886835-COMMON,SPNV,exchange_transfer,304,Continued 10-K/Q filings >180d after delist (moved to OTC or spun off),SUPERIOR ENERGY SERVICES INC,SMALLS OILFIELD SERVICES CORP,SUPERIOR ENERGY SERVICES INC.,3/3,"25=Y,15=N",OK,
CIK891103-COMMON,IAC,exchange_transfer,304,Continued 10-K/Q filings >180d after delist (moved to OTC or spun off),"Match Group, Inc.",IAC/INTERACTIVECORP; INTERACTIVECORP; USA INTERACTIVE; USA NETWORKS INC; HSN INC; SILVER KING COMMUNICATIONS INC,IAC INTERACTIVE,1/1,"25=N,15=N",WEAK_no_delist_form,
CIK892535-COMMON,TMA,compliance_failure,573,SEC REVOKED registration filed 2012-05-01,"TMST, Inc.",THORNBURG MORTGAGE INC; THORNBURG MORTGAGE ASSET CORP,THORNBURG MORTGAGE INC,2/2,"25=Y,15=N",OK,
CIK894315-COMMON,DDR,exchange_transfer,304,Ticker change / listing transfer: renamed from 'DEVELOPERS DIVERSIFIED REALTY CORP'; company still reports results,SITE Centers Corp.,DDR CORP; DEVELOPERS DIVERSIFIED REALTY CORP; DEVELOPERS DIVERSIFIED REALTY,DEVELOPERS DIVERSIFIED,2/2,"25=Y,15=N",OK,
CIK895648-COMMON,GGP,liquidation,470,Bankruptcy (8-K item 1.03 filed 2009-04-16),"GGP, Inc. (fka General Growth Properties Inc. & predecessor to General Growth Properties, Inc.)",GENERAL GROWTH PROPERTIES INC,GENERAL GROWTH PPTYS INC,2/3,"25=Y,15=N",OK,
CIK910073-COMMON,NYCB,exchange_transfer,304,Continued 10-K/Q filings >180d after delist (moved to OTC or spun off),"FLAGSTAR BANK, NATIONAL ASSOCIATION","FLAGSTAR FINANCIAL, INC.; NEW YORK COMMUNITY BANCORP, INC.; NEW YORK COMMUNITY BANCORP INC; QUEENS COUNTY BANCORP INC",NEW YORK COMMUNITY BANCORP INC,2/2,"25=N,15=N",WEAK_no_delist_form,
CIK931336-COMMON,DF,exchange_transfer,304,Continued 10-K/Q filings >180d after delist (moved to OTC or spun off),DEAN FOODS CO,DEAN FOODS CO/; SUIZA FOODS CORP,DEAN FOODS CO.,2/2,"25=N,15=N",WEAK_no_delist_form,
CIK944314-COMMON,SSS,exchange_transfer,304,Continued 10-K/Q filings >180d after delist (moved to OTC or spun off); successor by same issuer,"LIFE STORAGE, INC.",SOVRAN SELF STORAGE INC,SOVRAN SELF STORAGE INC.,3/3,"25=N,15=N",WEAK_no_delist_form,
CIK944868-COMMON,DTV,merger,231,M&A 2.01+3.01+5.01 (acquired by external acquirer),DIRECTV GROUP INC,HUGHES ELECTRONICS CORP,DIRECTV GROUP INC,1/1,"25=Y,15=Y",OK,
CIK945394-COMMON,HPT,exchange_transfer,304,Continued 10-K/Q filings >180d after delist (moved to OTC or spun off),Service Properties Trust,HOSPITALITY PROPERTIES TRUST,HOSPITALITY PROPERTIES TRUST REIT,2/3,"25=Y,15=N",OK,
CIK945394-COMMON,HPT,exchange_transfer,304,Ticker change / listing transfer: renamed from 'HOSPITALITY PROPERTIES TRUST'; company still reports results; successor by same issuer,Service Properties Trust,HOSPITALITY PROPERTIES TRUST,HOSPITALITY PROPERTIES TRUST REIT,2/3,"25=N,15=N",WEAK_no_delist_form,
CIK945436-COMMON,WFR,exchange_transfer,304,Continued 10-K/Q filings >180d after delist (moved to OTC or spun off); successor by same issuer,"SUNEDISON, INC.",MEMC ELECTRONIC MATERIALS INC,MEMC ELECTRIC MATERIALS,2/3,"25=N,15=N",WEAK_no_delist_form,
CIK96289-COMMON,RSH,liquidation,470,Bankruptcy (8-K item 1.03 filed 2015-02-11),RS Legacy Corp,RADIOSHACK CORP; TANDY CORP /DE/,RADIOSHACK CORP,1/1,"25=Y,15=N",OK,
