sec_id,issuer_id,start_date,end_date,ticker,security_name,share_class
BBG000B9X5K7,3906,2007-12-17,2010-04-01,ALD,ALLIED CAPITAL CORP,COMMON
BBG000B9X8C0,1002910,2007-12-17,,AEE,AMEREN CORP,COMMON
BBG000B9XG87,1037868,2007-12-21,,AME,AMETEK INC,COMMON
BBG000B9XRY4,320193,2007-12-17,,AAPL,APPLE INC,COMMON
BBG000B9XYV2,1053507,2007-12-21,,AMT,AMERICAN TOWER REIT CORP,COMMON
BBG000B9YJ35,820313,2008-01-16,,APH,AMPHENOL CORP CLASS A,CLASS A
BBG000B9YSK6,910612,2008-01-03,2020-11-02,CBL,CBL & ASSOCIATES PROPERTIES INC.,COMMON
BBG000B9Z0J8,1045609,2008-01-04,2011-06-05,AMB,PROLOGIS REIT INC,COMMON
BBG000B9Z0J8,1045609,2011-06-06,,PLD,PROLOGIS REIT INC,COMMON
BBG000B9ZGM9,886035,2007-12-19,2018-06-05,BGC,GENERAL CABLE CORP,COMMON
BBG000B9ZV28,896262,2008-01-16,2025-08-14,AMED,AMEDISYS INC,COMMON
BBG000B9ZXB4,1800,2007-12-17,,ABT,ABBOTT LABORATORIES,COMMON
BBG000BB03M1,1027884,2008-01-11,2018-05-10,CBI,CHICAGO BRIDGE & IRON COMPANY NV,COMMON
BBG000BB0V03,906345,2008-01-02,,CPT,CAMDEN PROPERTY TRUST REIT,COMMON
BBG000BB1BW1,1040596,2008-01-14,2008-09-18,CPS,CHOICEPOINT INC,COMMON
BBG000BB1TH9,1124198,2008-01-10,,FLR,FLUOR CORP,COMMON
BBG000BB27M0,318771,2007-12-17,2009-03-26,DNA,GENENTECH INC,COMMON
BBG000BB29X4,936340,2007-12-19,,DTE,DTE ENERGY,COMMON
BBG000BB2KN0,853816,2007-12-20,,LSTR,LANDSTAR SYSTEM INC,COMMON
BBG000BB2KW0,929887,2007-12-27,2017-02-01,APOL,APOLLO EDUCATION GROUP INC CLASS A,CLASS A
BBG000BB2N27,1345111,2007-12-26,2014-12-12,THI,TIM HORTONS INC,COMMON
BBG000BB2PH6,1036960,2008-01-16,2016-09-16,FCS,FAIRCHILD SEMICONDUCTOR INTERNATIO,COMMON
BBG000BB2PW9,1115222,2008-01-16,2019-02-07,DNB,DUN & BRADSTREET CORP,COMMON
BBG000BB38Q3,1023131,2008-01-14,2015-02-18,CVD,COVANCE INC.,COMMON
BBG000BB41G8,3327,2008-01-16,2011-05-09,ACV,ALBERTO CULVER CO,COMMON
BBG000BB4D72,1128928,2007-12-21,,FLO,FLOWERS FOODS INC,COMMON
BBG000BB4WY0,1062047,2008-01-07,2018-10-04,CVG,CONVERGYS CORP,COMMON
BBG000BB5006,796343,2007-12-24,,ADBE,ADOBE INC,COMMON
BBG000BB5373,1365135,2007-12-17,,WU,WESTERN UNION,COMMON
BBG000BB5792,884887,2007-12-20,,RCL,ROYAL CARIBBEAN GROUP LTD,COMMON
BBG000BB5B84,1069202,2008-01-02,,LII,LENNOX INTERNATIONAL INC,COMMON
BBG000BB5BF6,1326380,2007-12-20,,GME,GAMESTOP CORP CLASS A,CLASS A
BBG000BB5HV5,61478,2007-12-24,2010-12-19,ADCT,ADC TELECOMMUNICATIONS,COMMON
BBG000BB65D0,749251,2007-12-19,,IT,GARTNER INC,COMMON
BBG000BB6F57,859163,2008-01-16,2020-03-27,AVX,AVX CORP.,COMMON
BBG000BB6G37,6281,2007-12-24,,ADI,ANALOG DEVICES INC,COMMON
BBG000BB6KF5,1099219,2007-12-20,,MET,METLIFE INC,COMMON
BBG000BB6M98,1031296,2008-01-09,,FE,FIRSTENERGY CORP,COMMON
BBG000BB6MM3,1390844,2008-04-17,2020-05-28,WBC,WABCO HOLDINGS INC,COMMON
BBG000BB6WG8,7084,2007-12-17,,ADM,ARCHER DANIELS MIDLAND,COMMON
BBG000BB72K8,59527,2008-01-16,,LECO,LINCOLN ELECTRIC HOLDINGS INC,COMMON
BBG000BB7SX7,895417,2008-04-28,,ELS,EQUITY LIFESTYLE PROPERTIES REIT I,COMMON
BBG000BB8PG1,1045309,2007-12-27,2021-09-21,GRA,WR GRACE,COMMON
BBG000BB8SW7,75677,2007-12-26,,PKG,PACKAGING CORP OF AMERICA,COMMON
BBG000BB8ZF0,1339048,2007-12-26,2017-06-01,WNR,WESTERN REFINING INC,COMMON
BBG000BB99S3,1038074,2007-12-17,,SLAB,SILICON LABORATORIES INC,COMMON
BBG000BB9KF2,4904,2008-01-03,,AEP,AMERICAN ELECTRIC POWER INC,COMMON
BBG000BB9RZ5,914024,2007-12-17,2009-08-24,SGR,SHAW GROUP INC.,COMMON
BBG000BB9RZ5,914024,2009-08-25,2013-02-12,SHAW,SHAW GROUP INC.,COMMON
BBG000BBB3K1,1275283,2007-12-21,2017-07-24,RAI,REYNOLDS AMERICAN INC,COMMON
BBG000BBBNC6,4977,2007-12-21,,AFL,AFLAC INC,COMMON
BBG000BBBP59,911421,2007-12-18,2016-03-17,PRE,PARTNERRE LTD,COMMON
BBG000BBBQ84,1292556,2008-03-26,2015-08-25,PPO,POLYPORE INTERNATIONAL INC.,COMMON
BBG000BBCDZ2,1024478,2008-01-14,,ROK,ROCKWELL AUTOMATION INC,COMMON
BBG000BBCQD7,1032033,2007-12-21,,SLM,SLM CORP,COMMON
BBG000BBD070,4447,2007-12-18,2025-07-17,HES,HESS CORP,COMMON
BBG000BBDPQ4,741508,2007-12-26,2008-11-20,SRP,NV ENERGY INC.,COMMON
BBG000BBDPQ4,741508,2008-11-21,2009-01-22,NVE,NV ENERGY INC.,COMMON
BBG000BBDPQ4,749885,2009-01-23,2009-06-08,NVE,NV ENERGY INC.,COMMON
BBG000BBDPQ4,741508,2009-06-09,2013-12-19,NVE,NV ENERGY INC.,COMMON
BBG000BBDV81,1058290,2007-12-19,,CTSH,COGNIZANT TECHNOLOGY SOLUTIONS COR,CLASS A
BBG000BBDZG3,5272,2007-12-17,,AIG,AMERICAN INTERNATIONAL GROUP INC,COMMON
BBG000BBG2C7,1024519,2008-01-25,2013-09-27,CNH,CNH GLOBAL N.V.,COMMON
BBG000BBG3P1,892535,2007-12-17,2008-12-01,TMA,THORNBURG MORTGAGE INC,COMMON
BBG000BBGGQ1,1035002,2007-12-24,,VLO,VALERO ENERGY CORP,COMMON
BBG000BBHHP9,109563,2008-06-24,,AIT,APPLIED INDUSTRIAL TECHNOLOGIES IN,COMMON
BBG000BBHXQ3,354190,2008-01-16,,AJG,ARTHUR J GALLAGHER,COMMON
BBG000BBJB07,3116,2007-12-19,2020-05-29,AKRX,AKORN INC,COMMON
BBG000BBJQV0,1045810,2007-12-17,,NVDA,NVIDIA CORP,COMMON
BBG000BBK401,3453,2012-07-06,,MATX,MATSON INC,COMMON
BBG000BBL0Y1,766421,2007-12-17,,ALK,ALASKA AIR GROUP INC,COMMON
BBG000BBL8V7,1050915,2007-12-26,,PWR,QUANTA SERVICES INC,COMMON
BBG000BBLK04,1470215,2010-01-04,2016-01-04,TW,TOWERS WATSON,CLASS A
BBG000BBLPH5,1361538,2008-09-09,,PRIM,PRIMORIS SERVICES CORP,COMMON
BBG000BBMSJ6,768251,2007-12-19,2015-12-24,ALTR,ALTERA CORP,COMMON
BBG000BBMVS9,1029506,2008-04-07,2013-01-29,RAH,RALCORP HOLDINGS INC.,COMMON
BBG000BBNYF6,940944,2007-12-24,,DRI,DARDEN RESTAURANTS INC,COMMON
BBG000BBPFB9,,2007-12-17,,AMAT,APPLIED MATERIAL INC,COMMON
BBG000BBQCY0,2488,2007-12-17,,AMD,ADVANCED MICRO DEVICES INC,COMMON
BBG000BBRPL4,105634,2008-01-14,,EME,EMCOR GROUP INC,COMMON
BBG000BBS2Y0,318154,2007-12-17,,AMGN,AMGEN INC,COMMON
BBG000BBS9F6,1075124,2007-12-17,2008-04-17,TOC,THOMSON REUTERS CORP,COMMON
BBG000BBS9F6,1075124,2008-04-18,,TRI,THOMSON REUTERS CORP,COMMON
BBG000BBSX81,767920,2007-12-26,2016-01-14,PMCS,PMC-SIERRA INC.,COMMON
BBG000BBTJZ1,922621,2008-01-16,,ERIE,ERIE INDEMNITY CLASS A,CLASS A
BBG000BBVCN6,922475,2007-12-17,2016-09-02,ESI,ITT EDUCATIONAL SVCS INC,COMMON
BBG000BBVJZ8,1090012,2007-12-21,,DVN,DEVON ENERGY CORP,COMMON
BBG000BBVK30,6201,2007-12-17,2012-01-04,AMR,AMR CORP,COMMON
BBG000BBXLW4,350698,2007-12-18,,AN,AUTONATION INC,COMMON
BBG000BBXQ71,866873,2008-01-16,2011-03-08,DLM,DEL MONTE FOODS CO,COMMON
BBG000BBY4T5,904163,2008-01-16,2020-06-30,ANAT,AMERICAN NATIONAL INSURANCE,COMMON
BBG000BC15S7,315293,2012-04-03,2020-03-31,AON,AON PLC CLASS A,CLASS A
BBG000BC16H7,1301611,2007-12-21,2018-11-15,LPNT,LIFEPOINT HEALTH INC,COMMON
BBG000BC1L02,91142,2007-12-26,,AOS,A O SMITH CORP,COMMON
BBG000BC26P7,912463,2007-12-18,2026-01-22,GES,GUESS INC,COMMON
BBG000BC2C10,6769,2007-12-17,2012-06-28,APA,APACHE CORP,COMMON
BBG000BC2C10,1841666,2012-06-29,2014-12-30,APA,APACHE CORP,COMMON
BBG000BC2C10,6769,2014-12-31,2021-03-14,APA,APACHE CORP,COMMON
BBG000BC2R71,40729,2014-04-11,,ALLY,ALLY FINANCIAL INC,COMMON
BBG000BC33T9,1035443,2007-12-21,,ARE,ALEXANDRIA REAL ESTATE EQUITIES RE,COMMON
BBG000BC40Y8,773910,2008-01-03,2019-08-08,APC,ANADARKO PETROLEUM CORP,COMMON
BBG000BC4JJ4,2969,2008-01-16,,APD,AIR PRODUCTS AND CHEMICALS INC,COMMON
BBG000BC8G88,804212,2008-01-16,2016-05-20,ARG,AIRGAS INC,COMMON
BBG000BC9938,1124610,2007-12-17,2023-11-21,VMW,VMWARE CLASS A INC,CLASS A
BBG000BC9DK0,917251,2008-03-11,,ADC,AGREE REALTY REIT CORP,COMMON
BBG000BC9WH2,923118,2007-12-19,2015-10-07,HME,HOME PROPERTIES INC.,COMMON
BBG000BCBCM7,791519,2007-12-18,2017-09-12,SPLS,STAPLES INC,COMMON
BBG000BCD3D5,7536,2008-01-16,,ARW,ARROW ELECTRONICS INC,COMMON
BBG000BCFQC3,7789,2008-01-14,2014-12-23,ASBC,ASSOCIATED BANCORP,COMMON
BBG000BCFQC3,7789,2014-12-24,,ASB,ASSOCIATED BANCORP,COMMON
BBG000BCFXT0,4457,2007-12-24,,UHAL,U HAUL HOLDING,COMMON
BBG000BCG930,1156039,2008-01-08,2014-12-03,WLP,ELEVANCE HEALTH INC,COMMON
BBG000BCG930,1156039,2014-12-04,2022-06-28,ANTM,ELEVANCE HEALTH INC,COMMON
BBG000BCG930,1156039,2022-06-29,,ELV,ELEVANCE HEALTH INC,COMMON
BBG000BCGY17,1424847,2008-06-10,2015-06-11,LO,LORILLARD INC,COMMON
BBG000BCHG15,1305014,2007-12-27,2016-09-19,ASH,ASHLAND INC,COMMON
BBG000BCJ161,873303,2012-07-16,,SRPT,SAREPTA THERAPEUTICS INC,COMMON
BBG000BCKC47,1004155,2008-01-16,2009-02-09,ATG,AGL RESOURCES INC.,COMMON
BBG000BCKC47,1004155,2009-02-10,2011-12-18,AGL,AGL RESOURCES INC.,COMMON
BBG000BCKC47,1004155,2011-12-19,2016-06-30,GAS,AGL RESOURCES INC.,COMMON
BBG000BCKGW7,1047127,2007-12-20,,AMKR,AMKOR TECHNOLOGY INC,COMMON
BBG000BCLYL9,1003078,2008-01-16,,MSM,MSC INDUSTRIAL INC CLASS A,CLASS A
BBG000BCM087,8411,2008-02-29,2017-10-05,ATW,ATWOOD OCEANICS INC.,COMMON
BBG000BCMBG4,1262039,2009-11-27,,FTNT,FORTINET INC,COMMON
BBG000BCMWM1,812011,2007-12-27,,MTN,VAIL RESORTS INC,COMMON
BBG000BCNYT9,8868,2007-12-20,2020-01-03,AVP,AVON PRODUCTS INC,COMMON
BBG000BCPB71,8858,2008-01-16,,AVT,AVNET INC,COMMON
BBG000BCQ4P6,8818,2008-01-14,,AVY,AVERY DENNISON CORP,COMMON
BBG000BCQ6J8,1404912,2018-07-05,,KKR,KKR AND CO INC,COMMON
BBG000BCQM58,1025378,2012-10-02,,WPC,W. P. CAREY REIT INC,COMMON
BBG000BCQZS4,4962,2007-12-20,,AXP,AMERICAN EXPRESS,COMMON
BBG000BCSPR5,1490892,2010-09-29,2021-12-27,COR,CORESITE REALTY REIT CORP,COMMON
BBG000BCSST7,12927,2007-12-21,,BA,BOEING,COMMON
BBG000BCTL84,935724,2007-12-17,2011-11-23,PMI,PMI GROUP INC,COMMON
BBG000BCTLF6,70858,2007-12-17,,BAC,BANK OF AMERICA CORP,COMMON
BBG000BCTQ65,72903,2007-12-17,,XEL,XCEL ENERGY INC,COMMON
BBG000BCVG28,945841,2007-12-17,,POOL,POOL CORP,COMMON
BBG000BCVJ77,10456,2007-12-21,,BAX,BAXTER INTERNATIONAL INC,COMMON
BBG000BCWCG1,764478,2007-12-17,,BBY,BEST BUY INC,COMMON
BBG000BCWKD6,1535929,2013-05-08,,VOYA,VOYA FINANCIAL INC,COMMON
BBG000BCWSS3,14930,2007-12-17,,BC,BRUNSWICK CORP,COMMON
BBG000BCX7G1,12978,2008-01-11,2013-11-05,OMX,OFFICEMAX INC,COMMON
BBG000BCYP43,9892,2007-12-24,2017-12-28,BCR,C R BARD INC,COMMON
BBG000BCZBF1,949870,2008-04-07,,SAM,BOSTON BEER INC CLASS A,CLASS A
BBG000BCZH22,12355,2008-01-11,2010-03-12,BDK,BLACK & DECKER CORP,COMMON
BBG000BCZL41,1442145,2009-10-13,,VRSK,VERISK ANALYTICS INC,COMMON
BBG000BCZYD3,10795,2008-01-16,,BDX,BECTON DICKINSON,COMMON
BBG000BD0DV5,840467,2008-01-16,2011-06-29,BEC,BECKMAN COULTER INC,COMMON
BBG000BD0Q91,890491,2008-01-14,2019-08-06,BKS,BARNES & NOBLE INC,COMMON
BBG000BD0TF8,38777,2007-12-26,,BEN,FRANKLIN RESOURCES INC,COMMON
BBG000BD1HP2,11544,2008-01-09,2008-04-30,BER,WR BERKLEY CORP,COMMON
BBG000BD1HP2,11544,2008-05-01,,WRB,WR BERKLEY CORP,COMMON
BBG000BD2167,780571,2007-12-18,,ITRI,ITRON INC,COMMON
BBG000BD2C18,14693,2008-09-16,,BF-A,BROWN FORMAN CORP CLASS A,CLASS A
BBG000BD2NY8,14693,2008-01-09,,BF-B,BROWN FORMAN CORP CLASS B,CLASS B
BBG000BD3LM4,1002517,2007-12-17,2022-03-03,NUAN,NUANCE COMMUNICATIONS INC,COMMON
BBG000BD4VG8,808362,2007-12-17,2017-07-03,BHI,BAKER HUGHES INC,COMMON
BBG000BD53V2,108312,2008-04-07,2011-01-31,WGOV,WOODWARD INC,COMMON
BBG000BD53V2,108312,2011-02-01,,WWD,WOODWARD INC,COMMON
BBG000BD6SQ2,1052100,2008-01-14,2021-04-30,WDR,WADDELL & REED FINANCIAL INC. CL A,CLASS A
BBG000BD7W19,1011657,2007-12-17,2013-01-07,TIE,TITANIUM METALS CORP.,COMMON
BBG000BD8PN9,1390777,2007-12-21,2026-05-31,BK,BANK OF NEW YORK MELLON CORP,COMMON
BBG000BD8PN9,1390777,2026-06-01,,BNY,BANK OF NEW YORK MELLON CORP,COMMON
BBG000BDD940,943452,2008-03-12,,WAB,WESTINGHOUSE AIR BRAKE TECHNOLOGIE,COMMON
BBG000BDDN94,1121484,2008-03-07,,OIS,OIL STATES INTERNATIONAL INC.,COMMON
BBG000BDDNH5,9389,2008-01-16,2022-05-10,BLL,BALL CORP,COMMON
BBG000BDDNH5,9389,2022-05-11,,BALL,BALL CORP,COMMON
BBG000BDG1Y1,835729,2007-12-24,2013-09-10,BMC,BMC SOFTWARE INC.,COMMON
BBG000BDHD29,1494319,2015-06-23,2023-07-31,UNVR,UNIVAR SOLUTIONS INC,COMMON
BBG000BDHNB7,11199,2007-12-27,2019-06-10,BMS,BEMIS INC,COMMON
BBG000BDJL83,1013237,2007-12-21,,FDS,FACTSET RESEARCH SYSTEMS INC,COMMON
BBG000BDKN87,934612,2007-12-18,2010-02-12,BNI,BURLINGTON NORTHERN,COMMON
BBG000BDLCQ0,898174,2008-01-14,,RGA,REINSURANCE GROUP OF AMERICA INC,COMMON
BBG000BDN878,1510400,2011-12-20,2012-05-08,THOEF,TAHOE RESOURCES INC,COMMON
BBG000BDN878,1510400,2012-05-09,2019-02-21,TAHO,TAHOE RESOURCES INC,COMMON
BBG000BDNB35,763901,2007-12-17,,BPOP,POPULAR INC,COMMON
BBG000BDP616,1011174,2007-12-24,2014-04-01,BRE,BRE PROPERTIES REIT INC,COMMON
BBG000BDQGN9,10081,2008-01-16,2008-12-22,BRL,BARR PHARMACEUTICALS INC,COMMON
BBG000BDRMN5,949536,2008-01-14,2009-06-04,HTV,HEARST-ARGYLE TELEVISION,COMMON
BBG000BDRQ10,777001,2007-12-27,2008-05-30,BSC,BEAR STEARNS COS INC,COMMON
BBG000BDTNN1,310569,2007-12-21,2008-11-17,BUD,ANHEUSER BUSCH COS INC,COMMON
BBG000BDWKC5,356028,2007-12-27,2018-11-02,CA,CA INC,COMMON
BBG000BDXCJ5,1071739,2008-02-13,,CNC,CENTENE CORP,COMMON
BBG000BDXGP9,23217,2007-12-21,,CAG,CONAGRA BRANDS INC,COMMON
BBG000BDXVW8,319687,2007-12-17,2010-09-30,CAL,CONTINENTAL AIRLINES INC,COMMON
BBG000BDY3Y7,1108109,2007-12-18,,CYH,COMMUNITY HEALTH SYSTEMS INC.,COMMON
BBG000BF0672,726958,2007-12-19,,CASY,CASEYS GENERAL STORES INC,COMMON
BBG000BF0K17,18230,2007-12-18,,CAT,CATERPILLAR INC,COMMON
BBG000BF1PD2,921112,2007-12-31,2014-03-02,LRY,LIBERTY PROPERTY REIT TRUST,COMMON
BBG000BF1PD2,921112,2014-03-03,2020-02-03,LPT,LIBERTY PROPERTY REIT TRUST,COMMON
BBG000BF1R66,20171,2007-12-21,2016-01-15,CB,CHUBB CORP,COMMON
BBG000BF2JS9,92339,2007-12-18,2009-08-17,CNB,COLONIAL BANCGROUP INC,COMMON
BBG000BF2KK4,1141982,2007-12-17,2012-11-30,CBE,COOPER INDUSTRIES PLC CL A,CLASS A
BBG000BF3BG8,45919,2008-01-16,,HHS,HARTE HANKS INC,COMMON
BBG000BF3G77,22356,2007-12-18,,CBSH,COMMERCE BANCSHARES INC,COMMON
BBG000BF3WW4,16040,2008-01-16,,CBT,CABOT CORP,COMMON
BBG000BF4VY3,104599,2007-12-17,2008-11-10,CC,CIRCUIT CITY STORES INC,COMMON
BBG000BF5RY1,1491675,2010-10-05,2016-05-31,CCE,COCA-COLA ENTERPRISES INC,COMMON
BBG000BF6756,1219601,2008-01-16,,CCK,CROWN HOLDINGS INC,COMMON
BBG000BF6F94,1105018,2007-12-21,2008-08-21,NMX,NYMEX HOLDINGS INC,COMMON
BBG000BF6LY3,815097,2007-12-19,,CCL,CARNIVAL CORP LTD,COMMON
BBG000BF6RQ9,1498710,2013-01-22,2024-11-15,SAVE,SPIRIT AIRLINES INC,COMMON
BBG000BF7T75,910322,2008-01-16,2017-09-29,AF,ASTORIA FINANCIAL CORP,COMMON
BBG000BF7XZ5,25191,2007-12-17,2008-06-30,CFC,COUNTRYWIDE FINANCIAL,COMMON
BBG000BF7Y65,1026214,2007-12-18,2010-07-13,FRE,FEDERAL HOME LN MTG,COMMON
BBG000BF7Y65,1026214,2010-07-14,2026-08-31,FMCC,FEDERAL HOME LN MTG,COMMON
BBG000BF8BH2,739708,2007-12-17,2008-07-30,CCU,CLEAR CHANNEL COMM INC,COMMON
BBG000BF8TF5,215466,2009-06-01,,CDE,COEUR MINING INC,COMMON
BBG000BFC848,1492691,2017-09-12,,KNX,KNIGHT-SWIFT TRANSPORTATION HOLDIN,COMMON
BBG000BFC8J2,816284,2007-12-17,2019-11-20,CELG,CELGENE CORP,COMMON
BBG000BFDLV8,804753,2008-01-15,2022-06-07,CERN,CERNER CORP,COMMON
BBG000BFDXW1,1054374,2007-12-17,2016-01-29,BRCM,BROADCOM CORP CLASS A,CLASS A
BBG000BFFW15,909111,2007-12-27,2013-10-01,CLP,COLONIAL PROPERTIES TR,COMMON
BBG000BFGNJ5,1178670,2007-12-17,,ALNY,ALNYLAM PHARMACEUTICALS INC,COMMON
BBG000BFJSG4,1096385,2008-01-16,2019-01-31,VVC,VECTREN CORP,COMMON
BBG000BFJT36,313927,2008-01-16,,CHD,CHURCH AND DWIGHT INC,COMMON
BBG000BFK8Y6,19612,2019-08-01,2021-06-08,TCF,TCF FINANCIAL CORP,COMMON
BBG000BFL116,1274494,2007-12-24,,FSLR,FIRST SOLAR INC,COMMON
BBG000BFLXV3,802481,2010-01-04,,PPC,PILGRIMS PRIDE CORP,COMMON
BBG000BFMBQ6,701221,2007-12-18,2018-12-31,CI,CIGNA CORP,COMMON
BBG000BFNR17,1101215,2007-12-19,2022-04-05,ADS,ALLIANCE DATA SYSTEMS CORP,COMMON
BBG000BFNR17,1101215,2022-04-06,,BFH,ALLIANCE DATA SYSTEMS CORP,COMMON
BBG000BFPK65,20286,2007-12-18,,CINF,CINCINNATI FINANCIAL CORP,COMMON
BBG000BFQYY3,21665,2007-12-20,,CL,COLGATE-PALMOLIVE,COMMON
BBG000BFRF55,764065,2007-12-18,2008-10-14,CLF,CLEVELAND CLIFFS INC,COMMON
BBG000BFRF55,764065,2008-10-15,2008-10-15,CLFZZZZ,CLEVELAND CLIFFS INC,COMMON
BBG000BFRF55,764065,2008-10-16,,CLF,CLEVELAND CLIFFS INC,COMMON
BBG000BFRRX8,822818,2007-12-17,2008-12-18,CLHB,CLEAN HARBORS INC,COMMON
BBG000BFRRX8,822818,2008-12-19,,CLH,CLEAN HARBORS INC,COMMON
BBG000BFS7D3,21076,2008-01-16,,CLX,CLOROX,COMMON
BBG000BFSND8,22444,2008-01-09,,CMC,COMMERCIAL METALS,COMMON
BBG000BFT2L4,1166691,2007-12-17,,CMCSA,COMCAST CORP CLASS A,CLASS A
BBG000BFTJ91,1166691,2007-12-17,2015-12-11,CMCSK,COMCAST SPECIAL CORP CLASS A,CLASS A
BBG000BFV115,893538,2007-12-24,,SM,SM ENERGY,COMMON
BBG000BFV758,1056696,2008-03-11,,MANH,MANHATTAN ASSOCIATES INC,COMMON
BBG000BFVKZ6,1267395,2007-12-27,2019-02-14,AHL,ASPEN INSURANCE HOLDINGS LTD,COMMON
BBG000BFVXX0,811156,2007-12-19,,CMS,CMS ENERGY CORP,COMMON
BBG000BFVZ83,913144,2008-01-16,,RNR,RENAISSANCERE HOLDING LTD,COMMON
BBG000BFWKC0,1110783,2007-12-27,2018-06-06,MON,MONSANTO,COMMON
BBG000BFXHL6,1285785,2007-12-17,,MOS,MOSAIC,COMMON
BBG000BFYB47,21175,2008-01-02,,CNA,CNA FINANCIAL CORP,COMMON
BBG000BFZ1K0,23675,2008-01-16,2015-10-29,CNW,CON-WAY INC.,COMMON
BBG000BG09F5,874499,2008-03-06,2020-11-25,GPOR,GULFPORT ENERGY CORP,COMMON
BBG000BG14P4,895419,2007-12-17,2021-10-06,CREE,WOLFSPEED INC,COMMON
BBG000BG14P4,895419,2021-10-07,2025-09-26,WOLF,WOLFSPEED INC,COMMON
BBG000BG1DH3,21510,2007-12-24,2022-06-30,COHR,COHERENT INC,COMMON
BBG000BG1SX2,317540,2008-09-15,,COKE,COCA COLA CONSOLIDATED INC,COMMON
BBG000BG3445,711404,2007-12-17,,COO,COOPER INC,COMMON
BBG000BG3HG3,1496048,2010-11-15,2018-08-24,GGP,GGP INC,COMMON
BBG000BG4202,16732,2008-01-02,,CPB,CAMPBELL SOUP,COMMON
BBG000BG4JL2,1084755,2007-12-31,2012-09-28,ARBA,ARIBA INC,COMMON
BBG000BG5BL8,1100682,2008-01-16,,CRL,CHARLES RIVER LABORATORIES INTERNA,COMMON
BBG000BG7423,25445,2008-01-16,2022-05-17,CR,CRANE,COMMON
BBG000BG7L34,52827,2008-01-16,,RYN,RAYONIER REIT INC,COMMON
BBG000BG8814,1168696,2007-12-24,2018-02-28,RGC,REGAL ENTERTAINMENT GROUP CLASS A,CLASS A
BBG000BG8M31,906107,2007-12-17,2026-08-18,EQR,EQUITY RESIDENTIAL REIT,COMMON
BBG000BG8M31,906107,2026-08-19,,VMRK,EQUITY RESIDENTIAL REIT,COMMON
BBG000BGBRG2,785161,2018-01-02,,EHC,ENCOMPASS HEALTH CORP,COMMON
BBG000BGBTC2,888491,2007-12-17,,OHI,OMEGA HEALTHCARE INVESTORS REIT IN,COMMON
BBG000BGCGB0,1035884,2007-12-31,2011-01-13,CTV,COMMSCOPE INC,COMMON
BBG000BGCQT9,17843,2007-12-19,,CRS,CARPENTER TECHNOLOGY CORP,COMMON
BBG000BGD7W6,1048286,2007-12-17,,MAR,MARRIOTT INTERNATIONAL INC CLASS A,CLASS A
BBG000BGFGT8,889331,2007-12-27,,LFUS,LITTELFUSE INC,COMMON
BBG000BGFLL5,1368007,2007-12-19,2013-11-12,NYX,NYSE EURONEXT,COMMON
BBG000BGFZR8,23082,2007-12-28,2017-03-31,CSC,COMPUTER SCIENCES CORP,COMMON
BBG000BGGBT8,790051,2008-01-16,,CSL,CARLISLE COMPANIES INC,COMMON
BBG000BGJRC8,277948,2007-12-19,,CSX,CSX CORP,COMMON
BBG000BGKHZ3,1014473,2007-12-17,,VRSN,VERISIGN INC,COMMON
BBG000BGKTF9,927628,2007-12-17,,COF,CAPITAL ONE FINANCIAL CORP,COMMON
BBG000BGLFP7,1479094,2011-04-21,2011-06-28,STIR,STAG INDUSTRIAL REIT INC,COMMON
BBG000BGLFP7,1479094,2011-06-29,,STAG,STAG INDUSTRIAL REIT INC,COMMON
BBG000BGLRN3,18926,2007-12-18,2020-06-30,CTL,LUMEN TECHNOLOGIES INC,COMMON
BBG000BGLRN3,1008114,2020-07-01,2020-09-20,CTL,LUMEN TECHNOLOGIES INC,COMMON
BBG000BGLRN3,1008114,2020-09-21,2021-01-20,LUMN,LUMEN TECHNOLOGIES INC,COMMON
BBG000BGLRN3,18926,2021-01-21,,LUMN,LUMEN TECHNOLOGIES INC,COMMON
BBG000BGMX22,1168478,2007-12-19,2010-10-01,HEW,HEWITT ASSOCIATES INC,COMMON
BBG000BGNM16,18532,2007-12-17,2009-08-18,CTX,CENTEX CORP,COMMON
BBG000BGPG26,859014,2007-12-19,2014-12-15,CPWR,COMPUWARE CORP.,COMMON
BBG000BGPTV6,26172,2008-01-08,,CMI,CUMMINS INC,COMMON
BBG000BGPVW0,890319,2008-01-14,2020-12-28,TCO,TAUBMAN CENTERS REIT INC,COMMON
BBG000BGR5J0,1053112,2008-01-08,2016-06-20,CVC,CABLEVISION SYSTEMS CORP CLASS A,CLASS A
BBG000BGRB25,1287865,2007-12-17,2026-02-02,MPW,MEDICAL PROPERTIES TRUST REIT INC,COMMON
BBG000BGRB25,1287865,2026-02-03,,MPT,MEDICAL PROPERTIES TRUST REIT INC,COMMON
BBG000BGRKT6,1056239,2008-01-14,2017-01-03,LLL,L-3 COMMUNICATIONS HOLDINGS INC,COMMON
BBG000BGRY34,64803,2007-12-21,,CVS,CVS HEALTH CORP,COMMON
BBG000BGSPS5,26324,2008-05-29,,CW,CURTISS WRIGHT CORP,COMMON
BBG000BGVML5,893955,2008-01-16,2010-12-31,STU,STUDENT LOAN CORP,COMMON
BBG000BGVW60,715957,2007-12-21,,D,DOMINION ENERGY INC,COMMON
BBG000BGX2S0,896622,2008-01-08,,ATR,APTARGROUP INC,COMMON
BBG000BGXMG9,20212,2008-02-01,,CHDN,CHURCHILL DOWNS INC,COMMON
BBG000BGXZB5,919012,2007-12-18,,AEO,AMERICAN EAGLE OUTFITTERS INC,COMMON
BBG000BGYDX9,28823,2007-12-24,2023-05-26,DBD,DIEBOLD INC.,COMMON
BBG000BGYMH7,916076,2007-12-27,,MLM,MARTIN MARIETTA MATERIALS INC,COMMON
BBG000BGYWY6,898173,2007-12-18,,ORLY,OREILLY AUTOMOTIVE INC,COMMON
BBG000BGZ832,894315,2007-12-21,2011-09-14,DDR,SITE CENTERS CORP,COMMON
BBG000BGZ832,894315,2011-09-15,2011-09-15,DDRZZZZ,SITE CENTERS CORP,COMMON
BBG000BGZ832,894315,2011-09-16,2018-10-15,DDR,SITE CENTERS CORP,COMMON
BBG000BGZ832,894315,2018-10-16,,SITC,SITE CENTERS CORP,COMMON
BBG000BGZP70,29644,2008-01-08,,DCI,DONALDSON INC,COMMON
BBG000BGZT72,1689923,2017-03-29,2024-03-18,AYX,ALTERYX INC CLASS A,CLASS A
BBG000BH0106,1393818,2019-07-02,,BX,BLACKSTONE INC,COMMON
BBG000BH0FR6,1060736,2007-12-27,2023-12-13,SGEN,SEAGEN INC,COMMON
BBG000BH13K9,,2007-12-18,2017-09-05,DD,E I DU PONT DE NEMOURS,COMMON
BBG000BH1NH9,315189,2007-12-18,,DE,DEERE,COMMON
BBG000BH23R1,826083,2007-12-18,2013-10-29,DELL,DELL INC.,COMMON
BBG000BH2JM1,849399,2007-12-20,2019-11-06,SYMC,GEN DIGITAL INC,COMMON
BBG000BH2JM1,849399,2019-11-07,2022-11-08,NLOK,GEN DIGITAL INC,COMMON
BBG000BH2JM1,849399,2022-11-09,,GEN,GEN DIGITAL INC,COMMON
BBG000BH2T94,895663,2007-12-18,2011-12-11,GLBL,GLOBAL INDUSTRIES LTD,COMMON
BBG000BH2VM4,868809,2007-12-17,2010-06-25,XTO,XTO ENERGY INC,COMMON
BBG000BH3F20,1527166,2020-01-03,,CG,CARLYLE GROUP INC,COMMON
BBG000BH3GZ2,1041061,2008-01-09,,YUM,YUM BRANDS INC,COMMON
BBG000BH3JF8,313616,2007-12-20,,DHR,DANAHER CORP,COMMON
BBG000BH4R78,1001039,2007-12-17,2026-08-31,DIS,WALT DISNEY,COMMON
BBG000BH5DV1,896878,2007-12-21,,INTU,INTUIT INC,COMMON
BBG000BH5LT6,1083269,2007-12-18,2009-01-22,RIG,TRANSOCEAN LTD,COMMON
BBG000BH5LT6,1451505,2009-01-23,,RIG,TRANSOCEAN LTD,COMMON
BBG000BH82F0,918386,2007-12-27,2016-08-15,QLGC,QLOGIC CORP,COMMON
BBG000BH93Y6,29669,2008-01-16,2022-02-25,RRD,RR DONNELLEY AND SONS,COMMON
BBG000BHB3M6,29905,2007-12-20,,DOV,DOVER CORP,COMMON
BBG000BHBGN6,732834,2008-01-16,2022-11-22,CLR,CONTINENTAL RESOURCES INC,COMMON
BBG000BHBK84,29915,2007-12-24,2017-08-31,DOW,DOW CHEMICAL,COMMON
BBG000BHBTX7,897723,2007-12-26,,SANM,SANMINA CORP,COMMON
BBG000BHC2S1,863157,2007-12-19,2015-03-11,PETM,PETSMART INC,COMMON
BBG000BHCDF1,787250,2008-01-16,2011-11-25,DPL,DPL INC,COMMON
BBG000BHCP19,827054,2007-12-18,,MCHP,MICROCHIP TECHNOLOGY INC,COMMON
BBG000BHCYJ1,906709,2007-12-18,,NKTR,NEKTAR THERAPEUTICS,COMMON
BBG000BHD8S7,783280,2007-12-17,2022-09-30,DRE,DUKE REALTY REIT CORP,COMMON
BBG000BHFHP8,1381531,2007-12-18,2021-11-29,UFS,DOMTAR CORP,COMMON
BBG000BHG9K0,1070494,2007-12-17,,ACAD,ACADIA PHARMACEUTICALS INC,COMMON
BBG000BHGCD1,1131096,2007-12-17,2019-02-11,ATHN,ATHENAHEALTH INC,COMMON
BBG000BHGDH5,1326160,2007-12-17,,DUK,DUKE ENERGY CORP,COMMON
BBG000BHJWG1,1069183,2017-04-07,2021-01-26,AAXN,AXON ENTERPRISE INC,COMMON
BBG000BHJWG1,1069183,2021-01-27,,AXON,AXON ENTERPRISE INC,COMMON
BBG000BHK836,354908,2007-12-20,2021-05-13,FLIR,FLIR SYSTEMS INC,COMMON
BBG000BHKYH4,31462,2008-01-16,,ECL,ECOLAB INC,COMMON
BBG000BHLYP4,1156375,2007-12-26,,CME,CME GROUP INC CLASS A,CLASS A
BBG000BHLYS1,1047862,2008-01-16,,ED,CONSOLIDATED EDISON INC,COMMON
BBG000BHNPN3,1090403,2008-10-02,2012-07-02,CHSI,CATALYST HEALTH SOLUTIONS INC.,COMMON
BBG000BHPL78,33185,2008-01-03,,EFX,EQUIFAX INC,COMMON
BBG000BHQ1H0,850693,2007-12-19,2015-03-16,AGN,ALLERGAN INC,COMMON
BBG000BHQYG9,277595,2007-12-27,2018-11-29,EGN,ENERGEN CORP,COMMON
BBG000BHRBT4,49600,2008-03-17,,EGP,EASTGROUP PROPERTIES REIT INC,COMMON
BBG000BHRRV6,31235,2007-12-17,2012-01-19,EK,EASTMAN KODAK CO,COMMON
BBG000BHRRV6,31235,2012-01-20,2013-09-04,EKDKQ,EASTMAN KODAK CO,COMMON
BBG000BHSKN9,1288776,2007-12-27,2014-04-06,GOOG,GOOGLE INC CLASS A,CLASS A
BBG000BHSKN9,1288776,2014-04-07,2015-10-05,GOOGL,GOOGLE INC CLASS A,CLASS A
BBG000BHVJJ3,790070,2007-12-17,2016-09-06,EMC,EMC CORP,COMMON
BBG000BHW628,1057058,2008-01-08,2016-06-01,WCN,WASTE CONNECTIONS INC.,COMMON
BBG000BHWTB8,903127,2007-12-21,2016-11-30,PPS,POST PROPERTIES INC.,COMMON
BBG000BHX7N2,32604,2007-12-21,,EMR,EMERSON ELECTRIC,COMMON
BBG000BHX9P6,906553,2008-01-16,,BYD,BOYD GAMING CORP,COMMON
BBG000BHY4D9,1068851,2008-01-28,2011-12-28,PRSP,PROSPERITY BANCSHARES INC,COMMON
BBG000BHY4D9,1068851,2011-12-29,,PB,PROSPERITY BANCSHARES INC,COMMON
BBG000BHZ5J9,33213,2008-01-16,,EQT,EQT CORP,COMMON
BBG000BJ26K7,915913,2008-01-16,,ALB,ALBEMARLE CORP,COMMON
BBG000BJ27C4,1094093,2007-12-18,2012-07-02,PGN,PROGRESS ENERGY INC.,COMMON
BBG000BJ2D31,1063761,2007-12-17,,SPG,SIMON PROPERTY GROUP REIT INC,COMMON
BBG000BJ3PD2,31277,2007-12-20,2012-06-29,ETN,EATON PLC,COMMON
BBG000BJ3PD2,1551182,2012-06-30,,ETN,EATON PLC,COMMON
BBG000BJ49H3,908255,2007-12-26,,BWA,BORGWARNER INC,COMMON
BBG000BJ5GK2,,2007-12-21,,EXPD,EXPEDITORS INTERNATIONAL OF WASHIN,COMMON
BBG000BJ5HK0,1144215,2008-01-14,,AYI,ACUITY INC,COMMON
BBG000BJ5SS8,1282637,2008-02-15,,NEU,NEWMARKET CORP,COMMON
BBG000BJ81C1,86312,2007-12-24,,TRV,TRAVELERS COMPANIES INC,COMMON
BBG000BJ8YN7,815556,2007-12-21,,FAST,FASTENAL,COMMON
BBG000BJ98Z0,909954,2007-12-17,2016-03-02,GMCR,KEURIG GREEN MOUNTAIN INC,COMMON
BBG000BJ9B29,37808,2007-12-17,,FNB,FNB CORP,COMMON
BBG000BJ9D07,1424454,2009-07-20,2016-09-07,ROVI,ROVI CORP.,COMMON
BBG000BJBMG7,38067,2008-01-16,2015-12-31,FCE-A,FOREST CITY ENTERPRISES INC. CL A,CLASS A
BBG000BJBZ23,1278021,2007-12-27,,MKTX,MARKETAXESS HOLDINGS INC,COMMON
BBG000BJCDS3,798941,2008-01-16,,FCNCA,FIRST CITIZENS BANCSHARES INC CLAS,CLASS A
BBG000BJCFP1,1084580,2007-12-31,2013-02-28,JEF,JEFFERIES GROUP INC.,COMMON
BBG000BJDB15,831259,2007-12-27,,FCX,FREEPORT MCMORAN INC,COMMON
BBG000BJDPC2,34408,2007-12-19,2015-07-06,FDO,FAMILY DOLLAR STORES INC,COMMON
BBG000BJDX44,1076405,2008-01-14,2010-02-26,PBG,PEPSI BOTTLING GROUP,COMMON
BBG000BJF1Z8,1048911,2008-01-09,,FDX,FEDEX CORP,COMMON
BBG000BJFJ98,1043219,2007-12-24,,NLY,ANNALY CAPITAL MANAGEMENT REIT INC,COMMON
BBG000BJKPG0,798354,2007-12-18,2023-06-07,FISV,FISERV INC,COMMON
BBG000BJKPG0,798354,2023-06-08,2025-11-11,FI,FISERV INC,COMMON
BBG000BJKPG0,798354,2025-11-12,,FISV,FISERV INC,COMMON
BBG000BJL3N0,35527,2007-12-17,,FITB,FIFTH THIRD BANCORP,COMMON
BBG000BJNGN9,898293,2007-12-20,,JBL,JABIL INC,COMMON
BBG000BJP882,37785,2008-01-16,,FMC,FMC CORP,COMMON
BBG000BJPDZ1,1035267,2008-01-16,,ISRG,INTUITIVE SURGICAL INC,COMMON
BBG000BJQ328,,2007-12-19,2010-07-13,FNM,FEDERAL NATL MTG ASSOC,COMMON
BBG000BJQ328,,2010-07-14,2026-08-31,FNMA,FEDERAL NATL MTG ASSOC,COMMON
BBG000BJQWD2,1086222,2007-12-21,,AKAM,AKAMAI TECHNOLOGIES INC,COMMON
BBG000BJSBJ0,753308,2007-12-17,2010-06-23,FPL,NEXTERA ENERGY INC,COMMON
BBG000BJSBJ0,753308,2010-06-24,,NEE,NEXTERA ENERGY INC,COMMON
BBG000BJSJT2,1070985,2008-01-16,,CXW,CORECIVIC REIT INC,COMMON
BBG000BJVN28,34903,2007-12-20,,FRT,FEDERAL REALTY INVESTMENT TRUST RE,COMMON
BBG000BJVZF7,38074,2007-12-27,2014-06-30,FRX,FOREST LABORATORIES INC,COMMON
BBG000BJW241,918646,2007-12-17,,EXP,EAGLE MATERIALS INC,COMMON
BBG000BJX8C8,1021860,2007-12-17,,NOV,NOV INC,COMMON
BBG000BJXKD0,54507,2008-03-05,2018-06-04,WR,WESTAR ENERGY INC,COMMON
BBG000BJZM26,700564,2007-12-19,,FULT,FULTON FINANCIAL CORP.,COMMON
BBG000BK1FD3,1130385,2007-12-18,2014-12-04,FWLT,FOSTER WHEELER AG,COMMON
BBG000BK28N7,703351,2008-01-08,,EAT,BRINKER INTERNATIONAL INC.,COMMON
BBG000BK2F42,1136893,2008-01-16,,FIS,FIDELITY NATIONAL INFORMATION SERV,SERIES V
BBG000BK5DP1,39899,2007-12-19,2015-07-01,GCI,TEGNA INC,COMMON
BBG000BK5DP1,39899,2015-07-02,2026-03-19,TGNA,TEGNA INC,COMMON
BBG000BK67C7,40533,2008-01-16,,GD,GENERAL DYNAMICS CORP,COMMON
BBG000BK6G19,912750,2007-12-27,2019-02-13,NFX,NEWFIELD EXPLORATION,COMMON
BBG000BK6MB5,40545,2007-12-17,,GE,GE AEROSPACE,COMMON
BBG000BK7SL0,732485,2007-12-24,2011-04-18,GENZ,GENZYME CORP,COMMON
BBG000BK9W84,42888,2008-01-10,,GGG,GRACO INC,COMMON
BBG000BKCFC2,40704,2007-12-21,,GIS,GENERAL MILLS INC,COMMON
BBG000BKD3K9,1316835,2007-12-17,,BLDR,BUILDERS FIRSTSOURCE INC,COMMON
BBG000BKFBD7,93751,2007-12-27,,STT,STATE STREET CORP,COMMON
BBG000BKFZM4,24741,2007-12-19,,GLW,CORNING INC,COMMON
BBG000BKGXQ4,40211,2007-12-24,2016-07-04,GMT,GATX CORP,COMMON
BBG000BKGXQ4,40211,2016-07-05,,GATX,GATX CORP,COMMON
BBG000BKJ092,355811,2008-01-16,,GNTX,GENTEX CORP,COMMON
BBG000BKJG33,1088856,2007-12-27,,CORT,CORCEPT THERAPEUTICS INC,COMMON
BBG000BKKQ84,1050797,2007-12-19,,COLM,COLUMBIA SPORTSWEAR,COMMON
BBG000BKKXG0,909109,2007-12-18,2008-12-11,PHLY,PHILADELPHIA CONS HLDG,COMMON
BBG000BKL348,40987,2008-01-16,,GPC,GENUINE PARTS,COMMON
BBG000BKLH74,39911,2007-12-17,2024-08-22,GPS,GAP INC,COMMON
BBG000BKLH74,39911,2024-08-23,,GAP,GAP INC,COMMON
BBG000BKLTM1,1439095,2012-04-12,2025-11-05,MRC,MRC GLOBAL INC,COMMON
BBG000BKLVK8,42542,2007-12-17,2012-07-26,GR,GOODRICH CORP,COMMON
BBG000BKNX95,42582,2007-12-21,,GT,GOODYEAR TIRE & RUBBER,COMMON
BBG000BKPL53,1136869,2007-12-20,2015-06-29,ZMH,ZIMMER BIOMET HOLDINGS INC,COMMON
BBG000BKPL53,1136869,2015-06-30,,ZBH,ZIMMER BIOMET HOLDINGS INC,COMMON
BBG000BKQ3V3,1351413,2010-03-24,2010-04-15,SDRLF,SEADRILL LTD,COMMON
BBG000BKQ3V3,1351413,2010-04-16,2018-07-02,SDRL,SEADRILL LTD,COMMON
BBG000BKQG80,891103,2008-08-26,2008-09-21,IACID,IAC INTERACTIVE,COMMON
BBG000BKQG80,891103,2008-09-22,2016-01-21,IACI,IAC INTERACTIVE,COMMON
BBG000BKQG80,891103,2016-01-22,2020-07-01,IAC,IAC INTERACTIVE,COMMON
BBG000BKR1D6,277135,2008-01-16,,GWW,WW GRAINGER INC,COMMON
BBG000BKRK35,806085,2007-12-17,2008-09-17,LEH,LEHMAN BROTHERS HOLDINGS,COMMON
BBG000BKSL41,921847,2007-12-24,2015-10-30,HCBK,HUDSON CITY BANCORP INC,COMMON
BBG000BKTFN2,45012,2007-12-17,,HAL,HALLIBURTON,COMMON
BBG000BKTT89,800459,2007-12-17,2017-03-10,HAR,HARMAN INTERNATIONAL INDUSTRIES IN,COMMON
BBG000BKVJK4,46080,2008-01-14,,HAS,HASBRO INC,COMMON
BBG000BKWCS0,47518,2008-01-16,2008-04-03,HB,HILL ROM HOLDINGS INC,COMMON
BBG000BKWCS0,47518,2008-04-04,2021-12-10,HRC,HILL ROM HOLDINGS INC,COMMON
BBG000BKWSR6,49196,2007-12-17,,HBAN,HUNTINGTON BANCSHARES INC,COMMON
BBG000BKXFN7,889900,2007-12-17,,PTEN,PATTERSON UTI ENERGY INC,COMMON
BBG000BKXPK8,888919,2008-01-15,2015-10-27,HCC,HCC INSURANCE HOLDINGS INC.,COMMON
BBG000BKXYX5,910521,2008-01-18,,DECK,DECKERS OUTDOOR CORP,COMMON
BBG000BKY1G5,766704,2007-12-21,2018-03-01,HCN,WELLTOWER INC,COMMON
BBG000BKY1G5,766704,2018-03-02,,WELL,WELLTOWER INC,COMMON
BBG000BKYDP9,765880,2007-12-17,2019-11-06,HCP,HEALTHPEAK PROPERTIES INC,COMMON
BBG000BKYDP9,765880,2019-11-07,2024-03-04,PEAK,HEALTHPEAK PROPERTIES INC,COMMON
BBG000BKYDP9,765880,2024-03-05,,DOC,HEALTHPEAK PROPERTIES INC,COMMON
BBG000BKZB36,354950,2007-12-19,,HD,HOME DEPOT INC,COMMON
BBG000BKZTP3,793952,2007-12-18,,HOG,HARLEY DAVIDSON INC,COMMON
BBG000BL0P40,354707,2008-01-16,,HE,HAWAIIAN ELECTRIC INDUSTRIES INC,COMMON
BBG000BL16Q7,46619,2007-12-17,,HEI,HEICO CORP,COMMON
BBG000BL46Q4,910606,2008-01-04,,REG,REGENCY CENTERS REIT CORP,COMMON
BBG000BL5W86,719413,2007-12-19,,HL,HECLA MINING,COMMON
BBG000BL6138,1055160,2007-12-17,,MFA,MFA FINANCIAL REIT INC,COMMON
BBG000BL6NZ5,1079577,2007-12-18,2016-03-07,SFG,STANCORP FINANCIAL GROUP INC.,COMMON
BBG000BL79J3,912615,2007-12-18,,URBN,URBAN OUTFITTERS INC,COMMON
BBG000BL8804,1070750,2007-12-17,,HST,HOST HOTELS & RESORTS REIT INC,COMMON
BBG000BL8GJ6,918160,2008-01-11,2020-03-12,AKS,AK STEEL HOLDING CORP,COMMON
BBG000BL9439,46640,2007-12-24,2013-06-07,HNZ,H.J. HEINZ CO.,COMMON
BBG000BL9C59,912242,2008-01-11,,MAC,MACERICH REIT,COMMON
BBG000BL9JQ1,48039,2007-12-24,2011-07-04,HOC,HOLLYFRONTIER CORP,COMMON
BBG000BL9JQ1,48039,2011-07-05,2022-03-14,HFC,HOLLYFRONTIER CORP,COMMON
BBG000BLBGS2,1050825,2008-01-14,2025-12-09,SCS,STEELCASE INC,CLASS A
BBG000BLBVN4,1075531,2007-12-17,2018-02-28,PCLN,BOOKING HOLDINGS INC,COMMON
BBG000BLBVN4,1075531,2018-03-01,,BKNG,BOOKING HOLDINGS INC,COMMON
BBG000BLBXT4,316206,2007-12-19,2016-09-22,HOT,STARWOOD HOTELS & RESORTS WORLDWID,COMMON
BBG000BLCJG8,911971,2008-01-09,,TK,TEEKAY CORP,COMMON
BBG000BLCL55,1108827,2010-07-02,2021-03-16,QEP,QEP RESOURCES INC,COMMON
BBG000BLCPY4,46765,2007-12-20,,HP,HELMERICH & PAYNE INC,COMMON
BBG000BLDV98,12659,2007-12-18,,HRB,H&R BLOCK INC,COMMON
BBG000BLDXH5,1124804,2007-12-20,2008-10-13,MDRX,ALLSCRIPTS HEALTHCARE SOLUTIONS IN,COMMON
BBG000BLDXH5,1124804,2008-10-14,2008-10-20,MDRXD,ALLSCRIPTS HEALTHCARE SOLUTIONS IN,COMMON
BBG000BLDXH5,1124804,2008-10-21,2026-04-29,MDRX,ALLSCRIPTS HEALTHCARE SOLUTIONS IN,COMMON
BBG000BLF8D2,48465,2008-01-11,,HRL,HORMEL FOODS CORP,COMMON
BBG000BLFC07,859598,2008-01-16,2021-04-15,CKH,SEACOR HOLDINGS INC,COMMON
BBG000BLFNC0,43920,2008-08-07,,GEF,GREIF INC. CL A,CLASS A
BBG000BLG1L7,803649,2007-12-19,2010-06-30,HRP,EQUITY COMMONWEALTH REIT,COMMON
BBG000BLG1L7,803649,2010-07-01,2014-08-03,CWH,EQUITY COMMONWEALTH REIT,COMMON
BBG000BLG1L7,803649,2014-08-04,2025-05-08,EQC,EQUITY COMMONWEALTH REIT,COMMON
BBG000BLGFJ9,202058,2008-01-16,2019-06-29,HRS,L3HARRIS TECHNOLOGIES INC,COMMON
BBG000BLGFJ9,202058,2019-06-30,,LHX,L3HARRIS TECHNOLOGIES INC,COMMON
BBG000BLH3P8,45876,2008-01-14,2023-06-16,HSC,HARSCO CORP,COMMON
BBG000BLHRS2,47111,2007-12-19,,HSY,HERSHEY FOODS,COMMON
BBG000BLJWF3,912593,2007-12-17,,SUI,SUN COMMUNITIES REIT INC,COMMON
BBG000BLK267,48898,2008-01-29,,HUBB,HUBBELL INC,COMMON
BBG000BLKK03,49071,2007-12-31,,HUM,HUMANA INC,COMMON
BBG000BLMDQ9,717605,2007-12-24,,HXL,HEXCEL CORP,COMMON
BBG000BLMXN8,1025996,2007-12-28,,KRC,KILROY REALTY REIT CORP,COMMON
BBG000BLMY92,912595,2008-01-04,,MAA,MID AMERICA APARTMENT COMMUNITIES,COMMON
BBG000BLMZK6,1170010,2007-12-17,,KMX,CARMAX INC,COMMON
BBG000BLNNH6,51143,2007-12-19,,IBM,INTERNATIONAL BUSINESS MACHINES CO,COMMON
BBG000BLNZL4,18349,2007-12-17,2025-12-31,SNV,SYNOVUS FINANCIAL CORP,COMMON
BBG000BLPBL5,915912,2007-12-17,2026-08-14,AVB,AVALONBAY COMMUNITIES REIT INC,COMMON
BBG000BLQ5V6,901219,2008-01-08,2012-08-02,HGSI,HUMAN GENOME SCIENCES INC.,COMMON
BBG000BLR3Y7,1057877,2007-12-17,,IDA,IDACORP INC,COMMON
BBG000BLRGM1,703361,2007-12-27,2019-03-29,IDTI,INTEGRATED DEVICE TECH,COMMON
BBG000BLRP41,1005284,2007-12-21,2013-06-24,PANL,UNIVERSAL DISPLAY CORP,COMMON
BBG000BLRP41,1005284,2013-06-25,,OLED,UNIVERSAL DISPLAY CORP,COMMON
BBG000BLRT07,874716,2008-01-16,,IDXX,IDEXX LABORATORIES INC,COMMON
BBG000BLRYM2,914329,2008-02-25,2016-09-19,FEIC,FEI CO.,COMMON
BBG000BLSL58,51253,2007-12-17,,IFF,INTERNATIONAL FLAVORS & FRAGRANCES,COMMON
BBG000BLVBC8,897429,2007-12-18,2024-01-04,CHS,CHICOS FAS INC.,COMMON
BBG000BLW102,21510,2007-12-27,2022-09-01,IIVI,COHERENT CORP,COMMON
BBG000BLW102,820318,2022-09-02,2022-09-11,IIVI,COHERENT CORP,COMMON
BBG000BLW102,820318,2022-09-12,,COHR,COHERENT CORP,COMMON
BBG000BLW530,915389,2007-12-21,,EMN,EASTMAN CHEMICAL,COMMON
BBG000BLXT19,722830,2007-12-17,2020-10-22,IMMU,IMMUNOMEDICS INC,COMMON
BBG000BLXZN1,916365,2007-12-17,,TSCO,TRACTOR SUPPLY,COMMON
BBG000BLY636,773468,2007-12-17,2008-07-14,IMB,INDYMAC BANCORP INC,COMMON
BBG000BLY663,1334036,2007-12-20,,CROX,CROCS INC,COMMON
BBG000BLZRJ2,895421,2007-12-18,,MS,MORGAN STANLEY,COMMON
BBG000BM1RP0,1301063,2008-01-16,2009-08-14,FCL,FOUNDATION COAL HOLDINGS,COMMON
BBG000BM2GS0,1075415,2012-06-29,,DHC,DIVERSIFIED HEALTHCARE TRUST,COMMON
BBG000BM3CJ8,789460,2008-04-07,2023-06-19,INT,WORLD FUEL SERVICES CORP,COMMON
BBG000BM3CJ8,789460,2023-06-20,,WKC,WORLD FUEL SERVICES CORP,COMMON
BBG000BM5SR2,51434,2007-12-21,,IP,INTERNATIONAL PAPER,COMMON
BBG000BM6788,1466258,2012-06-29,,TT,TRANE TECHNOLOGIES PLC,COMMON
BBG000BM6KM3,316793,2007-12-27,2015-01-13,IRF,INTERNATIONAL RECTIFIER,COMMON
BBG000BM7HL0,769397,2007-12-21,,ADSK,AUTODESK INC,COMMON
BBG000BM7L13,1021162,2008-01-14,2025-07-24,TGI,TRIUMPH GROUP INC.,COMMON
BBG000BM8M92,912513,2008-01-16,2015-12-08,CYT,CYTEC INDUSTRIES INC,COMMON
BBG000BM9035,920424,2007-12-19,2019-02-28,ITG,INVESTMENT TECHNOLOGY GROUP,COMMON
BBG000BM9RH1,900075,2007-12-27,,CPRT,COPART INC,COMMON
BBG000BMB7R1,216228,2008-01-16,2016-05-17,ITT,ITT CORP,COMMON
BBG000BMBL90,49826,2008-01-11,,ITW,ILLINOIS TOOL INC,COMMON
BBG000BMDBZ1,728535,2007-12-18,,JBHT,JB HUNT TRANSPORT SERVICES INC,COMMON
BBG000BMDV41,53669,2007-12-17,2016-09-06,JCI,JOHNSON CONTROLS INC,COMMON
BBG000BMDZF0,1039101,2017-01-04,2019-06-28,LLL,L3 TECHNOLOGIES INC,COMMON
BBG000BMFD58,1173431,2007-12-20,2020-10-05,AMTD,TD AMERITRADE HOLDING CORP,COMMON
BBG000BMFFQ0,52988,2007-12-17,2019-12-16,JEC,JACOBS ENGINEERING GROUP INC,COMMON
BBG000BMFFQ0,52988,2019-12-17,2022-08-29,J,JACOBS ENGINEERING GROUP INC,COMMON
BBG000BMGL77,1047202,2007-12-19,2008-07-02,GYI,GETTY IMAGES INC,COMMON
BBG000BMH2Q7,779152,2007-12-27,,JKHY,JACK HENRY AND ASSOCIATES INC,COMMON
BBG000BMHYD1,200406,2007-12-17,,JNJ,JOHNSON & JOHNSON,COMMON
BBG000BMJYW8,899881,2007-12-17,2011-06-02,PLD,PROLOGIS,COMMON
BBG000BMKDM3,55067,2008-01-16,2025-12-10,K,KELLANOVA,COMMON
BBG000BMLWX8,795266,2007-12-17,,KBH,KB HOME,COMMON
BBG000BMLYZ2,1060990,2007-12-21,2015-01-13,KWK,QUICKSILVER RESOURCES,COMMON
BBG000BMLYZ2,1060990,2015-01-14,2015-03-22,KWKA,QUICKSILVER RESOURCES,COMMON
BBG000BMLYZ2,1060990,2015-03-23,2017-03-27,KWKAQ,QUICKSILVER RESOURCES,COMMON
BBG000BMNBY1,1029199,2007-12-18,,EEFT,EURONET WORLDWIDE INC,COMMON
BBG000BMP3J4,1010552,2007-12-18,2016-09-26,PLCM,POLYCOM INC.,COMMON
BBG000BMQ839,,2008-01-16,2009-06-08,NFS,NATIONWIDE FINL SVCS,SERIES V
BBG000BMQCP6,56047,2008-01-16,,KEX,KIRBY CORP,COMMON
BBG000BMQPL1,91576,2007-12-17,,KEY,KEYCORP,COMMON
BBG000BMR3G5,1141107,2013-04-17,2016-01-04,ARRS,ARRIS GROUP INC.,COMMON
BBG000BMSRR9,1031308,2020-09-25,,BSY,BENTLEY SYSTEMS INC CLASS B,CLASS B
BBG000BMT9T6,1094285,2008-07-02,,TDY,TELEDYNE TECHNOLOGIES INC,COMMON
BBG000BMTFR4,319201,2007-12-21,,KLAC,KLA CORP,COMMON
BBG000BMW2Z0,55785,2007-12-17,,KMB,KIMBERLY CLARK CORP,COMMON
BBG000BMWKC5,55242,2007-12-20,,KMT,KENNAMETAL INC.,COMMON
BBG000BMWV95,890926,2007-12-17,,RDN,RADIAN GROUP INC,COMMON
BBG000BMX289,21344,2007-12-17,,KO,COCA-COLA,COMMON
BBG000BMXK89,70866,2007-12-24,2023-10-17,NCR,NCR VOYIX CORP,COMMON
BBG000BMXK89,70866,2023-10-18,,VYX,NCR VOYIX CORP,COMMON
BBG000BMY992,56873,2008-01-11,,KR,KROGER,COMMON
BBG000BMZ7P7,54480,2007-12-18,2021-12-13,KSU,KANSAS CITY SOUTHERN,COMMON
BBG000BN1XR3,1137411,2008-01-14,2018-11-26,COL,ROCKWELL COLLINS INC,COMMON
BBG000BN2DC2,1108524,2007-12-26,,CRM,SALESFORCE INC,COMMON
BBG000BN53G7,58492,2007-12-17,2026-08-26,LEG,LEGGETT & PLATT INC,COMMON
BBG000BN5HF7,920760,2007-12-17,,LEN,LENNAR A CORP CLASS A,CLASS A
BBG000BN6349,1262279,2007-12-17,2013-12-02,FMD,FIRST MARBLEHEAD CORP,COMMON
BBG000BN84F3,1022079,2007-12-27,,DGX,QUEST DIAGNOSTICS INC,COMMON
BBG000BN8ZK8,916540,2008-01-15,,DAR,DARLING INGREDIENTS INC,COMMON
BBG000BN9WT5,791907,2007-12-21,2017-03-10,LLTC,LINEAR TECHNOLOGY CORP,COMMON
BBG000BNBDC2,59478,2007-12-26,,LLY,ELI LILLY,COMMON
BBG000BNBPQ0,704051,2008-01-03,2020-07-31,LM,LEGG MASON INC,COMMON
BBG000BNC3Y9,59558,2008-01-16,,LNC,LINCOLN NATIONAL CORP,COMMON
BBG000BND699,1413447,2010-10-15,,NXPI,NXP SEMICONDUCTORS NV,COMMON
BBG000BNDN65,60667,2007-12-18,,LOW,LOWES COMPANIES INC,COMMON
BBG000BNF508,60519,2008-01-08,,LPX,LOUISIANA PACIFIC CORP,COMMON
BBG000BNFLM9,707549,2007-12-27,,LRCX,LAM RESEARCH CORP,COMMON
BBG000BNGTQ7,701985,2007-12-17,2013-12-03,LTD,BATH AND BODY WORKS INC,COMMON
BBG000BNGTQ7,701985,2013-12-04,2021-08-08,LB,BATH AND BODY WORKS INC,COMMON
BBG000BNGTQ7,701985,2021-08-09,,BBWI,BATH AND BODY WORKS INC,COMMON
BBG000BNHSP9,96223,2007-12-28,2018-05-28,LUK,JEFFERIES FINANCIAL GROUP INC,COMMON
BBG000BNHSP9,96223,2018-05-29,,JEF,JEFFERIES FINANCIAL GROUP INC,COMMON
BBG000BNJHS8,92380,2007-12-17,,LUV,SOUTHWEST AIRLINES,COMMON
BBG000BNL271,60751,2008-01-16,2011-09-16,LZ,LUBRIZOL CORP,COMMON
BBG000BNMHS4,871763,2008-01-16,,MAN,MANPOWER INC,COMMON
BBG000BNMMJ3,1000228,2007-12-31,,HSIC,HENRY SCHEIN INC,COMMON
BBG000BNNKG9,62996,2007-12-17,,MAS,MASCO CORP,COMMON
BBG000BNNYW1,63276,2007-12-20,,MAT,MATTEL INC,COMMON
BBG000BNPS52,864749,2008-01-16,,TRMB,TRIMBLE INC,COMMON
BBG000BNPSQ9,879169,2007-12-21,,INCY,INCYTE CORP,COMMON
BBG000BNPYN9,764038,2014-06-30,,SSB,SOUTHSTATE BANK CORP,COMMON
BBG000BNQN34,814585,2007-12-17,,MBI,MBIA INC.,COMMON
BBG000BNSZP1,63908,2007-12-19,,MCD,MCDONALDS CORP,COMMON
BBG000BNTFJ1,320345,2007-12-27,2014-09-08,MCRS,MICROS SYSTEMS INC,COMMON
BBG000BNTTY4,773141,2007-12-26,2024-04-18,MDC,MDC HOLDINGS INC,COMMON
BBG000BNVNY4,65011,2008-01-14,2021-12-01,MDP,MEREDITH CORP,COMMON
BBG000BNWG87,64670,2007-12-19,2014-12-31,MDT,MEDTRONIC PLC,COMMON
BBG000BNWG87,1613103,2015-01-01,,MDT,MEDTRONIC PLC,COMMON
BBG000BNX3R4,67716,2007-12-20,,MDU,MDU RESOURCES GROUP INC,COMMON
BBG000BNY0W3,65100,2007-12-17,2009-06-08,MER,MERRILL LYNCH & CO INC,COMMON
BBG000BP0929,1056288,2008-01-16,2020-02-04,FII,FEDERATED HERMES INC CLASS B,CLASS B
BBG000BP0929,1056288,2020-02-05,,FHI,FEDERATED HERMES INC CLASS B,CLASS B
BBG000BP0KQ8,712515,2007-12-18,2011-12-20,ERTS,ELECTRONIC ARTS INC,COMMON
BBG000BP0KQ8,712515,2011-12-21,2026-08-04,EA,ELECTRONIC ARTS INC,COMMON
BBG000BP1152,936395,2007-12-17,,CIEN,CIENA CORP,COMMON
BBG000BP1Q11,64040,2007-12-18,2013-05-16,MHP,S&P GLOBAL INC,COMMON
BBG000BP1Q11,64040,2013-05-17,2016-05-01,MHFI,S&P GLOBAL INC,COMMON
BBG000BP1Q11,64040,2016-05-02,,SPGI,S&P GLOBAL INC,COMMON
BBG000BP22B2,1399315,2007-12-21,2011-07-05,MI,MARSHALL & ILSLEY CORP,COMMON
BBG000BP2H92,66479,2007-12-17,2010-07-14,MIL,MILLIPORE CORP,COMMON
BBG000BP2HH3,1031798,2007-12-21,2008-04-28,BEAS,BEA SYSTEMS INC,COMMON
BBG000BP2X06,350907,2008-01-15,2015-10-08,THOR,THORATEC CORP.,COMMON
BBG000BP30Y0,1360901,2008-01-11,,EVR,EVERCORE INC CLASS A,CLASS A
BBG000BP4MH0,62709,2007-12-27,2026-01-15,MMC,MARSH INC,COMMON
BBG000BP4MH0,62709,2026-01-16,,MRSH,MARSH INC,COMMON
BBG000BP52R2,66740,2007-12-21,,MMM,3M,COMMON
BBG000BP5YT0,866374,2007-12-21,,FLEX,FLEX LTD,COMMON
BBG000BP6L99,1009626,2007-12-17,2017-11-16,BRCD,BROCADE COMMUNICATIONS SYSTEMS INC,COMMON
BBG000BP6LJ8,764180,2007-12-18,,MO,ALTRIA GROUP INC,COMMON
BBG000BP7CL4,67347,2008-01-22,,MOD,MODINE MANUFACTURING,COMMON
BBG000BP7JB0,912093,2007-12-17,2015-08-11,JDSU,VIAVI SOLUTIONS INC,COMMON
BBG000BP7JB0,912093,2015-08-12,,VIAV,VIAVI SOLUTIONS INC,COMMON
BBG000BP8KR9,67472,2008-01-16,2013-12-06,MOLX,MOLEX INC.,COMMON
BBG000BP8Z50,68505,2007-12-17,2011-01-06,MOT,MOTOROLA SOLUTIONS INC,COMMON
BBG000BP8Z50,68505,2011-01-07,,MSI,MOTOROLA SOLUTIONS INC,COMMON
BBG000BP9WJ1,1703056,2018-01-23,,ADT,ADT INC,COMMON
BBG000BPBTL2,1046311,2008-01-14,,CHH,CHOICE HOTELS INTERNATIONAL INC,COMMON
BBG000BPBVW5,851205,2008-02-21,,CGNX,COGNEX CORP,COMMON
BBG000BPD168,64978,2007-12-17,2009-11-03,MRK,MERCK & CO INC,COMMON
BBG000BPD168,310158,2009-11-04,,MRK,MERCK & CO INC,COMMON
BBG000BPDDB6,849869,2008-01-15,,SLGN,SILGAN HOLDINGS INC,COMMON
BBG000BPDXF8,66570,2014-03-11,,MSA,MSA SAFETY INC,COMMON
BBG000BPG977,310568,2007-12-26,2018-05-25,MSCC,MICROSEMI CORP,COMMON
BBG000BPH459,789019,2007-12-17,,MSFT,MICROSOFT CORP,COMMON
BBG000BPMH90,717423,2007-12-18,,MUR,MURPHY OIL CORP,COMMON
BBG000BPNP00,743316,2007-12-17,2021-08-25,MXIM,MAXIM INTEGRATED PRODUCTS INC,COMMON
BBG000BPPN67,1393311,2007-12-17,,PSA,PUBLIC STORAGE REIT,COMMON
BBG000BPQD31,69499,2007-12-17,2015-02-26,MYL,MYLAN NV,COMMON
BBG000BPQD31,1623613,2015-02-27,2020-11-26,MYL,MYLAN NV,COMMON
BBG000BPQVR5,230498,2007-12-18,2015-07-01,RKT,ROCK-TENN CO. CL A,CLASS A
BBG000BPRN29,704532,2019-10-28,,ONTO,ONTO INNOVATION INC,COMMON
BBG000BPS2V2,808450,2008-01-24,2008-07-02,NAVZ,NAVISTAR INTERNATIONAL CORP,COMMON
BBG000BPS2V2,808450,2008-07-03,2021-06-30,NAV,NAVISTAR INTERNATIONAL CORP,COMMON
BBG000BPT0C6,72207,2007-12-27,2020-10-02,NBL,NOBLE ENERGY INC,COMMON
BBG000BPTDN6,70793,2008-01-16,2010-09-30,NTY,NBTY INC,COMMON
BBG000BPVCR1,891288,2007-12-17,2008-05-22,QSC,QUESTCOR PHARMACEUTICALS INC,COMMON
BBG000BPVCR1,891288,2008-05-23,2014-08-14,QCOR,QUESTCOR PHARMACEUTICALS INC,COMMON
BBG000BPWGR1,72331,2008-07-02,,NDSN,NORDSON CORP,COMMON
BBG000BPWXK1,1164727,2007-12-21,,NEM,NEWMONT,COMMON
BBG000BPX9M1,1058083,2008-01-16,2010-02-25,RX,IMS HEALTH INC,COMMON
BBG000BPXVJ6,1060391,2007-12-24,,RSG,REPUBLIC SERVICES INC,COMMON
BBG000BPYD87,70145,2007-12-27,,NFG,NATIONAL FUEL GAS,COMMON
BBG000BPYHJ6,873860,2007-12-19,,OCN,OCWEN FINANCIAL CORP,COMMON
BBG000BPZBB6,1111711,2007-12-27,,NI,NISOURCE INC,COMMON
BBG000BQ2C28,1133421,2007-12-19,,NOC,NORTHROP GRUMMAN CORP,COMMON
BBG000BQ3F39,758004,2007-12-17,2011-05-07,NOVL,NOVELL INC,COMMON
BBG000BQ4WF8,939767,2008-02-14,,EXEL,EXELIXIS INC,COMMON
BBG000BQ5DS5,702165,2008-01-02,,NSC,NORFOLK SOUTHERN CORP,COMMON
BBG000BQ5TK8,70530,2007-12-27,2011-09-23,NSM,NATIONAL SEMICONDUCTOR,COMMON
BBG000BQ74K1,73124,2008-01-10,,NTRS,NORTHERN TRUST CORP,COMMON
BBG000BQ87N0,72741,2008-01-16,2015-02-22,NU,EVERSOURCE ENERGY,COMMON
BBG000BQ87N0,72741,2015-02-23,,ES,EVERSOURCE ENERGY,COMMON
BBG000BQ8KV2,73309,2007-12-17,,NUE,NUCOR CORP,COMMON
BBG000BQB7P4,836106,2007-12-20,2012-06-04,NVLS,NOVELLUS SYSTEMS INC,COMMON
BBG000BQBFQ5,912958,2007-12-21,2019-01-14,MICC,MILLICOM INTERNATIONAL CELLULAR SA,COMMON
BBG000BQBFQ5,912958,2019-01-15,,TIGO,MILLICOM INTERNATIONAL CELLULAR SA,COMMON
BBG000BQBYR3,906163,2008-01-16,,NVR,NVR INC,COMMON
BBG000BQC9V2,814453,2007-12-19,,NWL,NEWELL BRANDS INC,COMMON
BBG000BQG2C4,353230,2007-12-21,2015-08-17,OCR,OMNICARE INC,COMMON
BBG000BQGLS5,1021635,2007-12-17,,OGE,OGE ENERGY CORP,COMMON
BBG000BQHGR6,1039684,2008-01-14,2026-09-09,OKE,ONEOK INC,COMMON
BBG000BQHTV3,74303,2008-01-24,,OLN,OLIN CORP,COMMON
BBG000BQLTW7,1341439,2007-12-18,,ORCL,ORACLE CORP,COMMON
BBG000BQLXQ5,1096325,2008-01-07,2017-02-23,ISIL,INTERSIL CORP,COMMON
BBG000BQMV15,,2007-12-20,2012-11-20,OSG,OVERSEAS SHIPHOLDNG GRP,COMMON
BBG000BQMV15,,2012-11-21,2014-05-27,OSGIQ,OVERSEAS SHIPHOLDNG GRP,COMMON
BBG000BQPC32,37996,2007-12-17,,F,FORD MOTOR CO,COMMON
BBG000BQQ2S6,797468,2007-12-20,,OXY,OCCIDENTAL PETROLEUM CORP,COMMON
BBG000BQQH30,1163165,2007-12-21,,COP,CONOCOPHILLIPS,COMMON
BBG000BQSQ38,723531,2007-12-19,,PAYX,PAYCHEX INC,COMMON
BBG000BQT4L6,1378946,2007-12-18,2022-04-01,PBCT,PEOPLES UNITED FINANCIAL INC,COMMON
BBG000BQTMJ9,78814,2007-12-21,,PBI,PITNEY BOWES INC,COMMON
BBG000BQVTF5,75362,2007-12-27,,PCAR,PACCAR INC,COMMON
BBG000BQW085,910406,2007-12-26,,HAIN,HAIN CELESTIAL GROUP INC,COMMON
BBG000BQWPC5,1004980,2007-12-20,,PCG,PG&E CORP,COMMON
BBG000BQY289,891024,2007-12-19,2025-04-16,PDCO,PATTERSON COMPANIES INC,COMMON
BBG000BQZMH4,788784,2008-01-14,,PEG,PUBLIC SERVICE ENTERPRISE GROUP IN,COMMON
BBG000BR14K5,1591518,2007-12-17,2009-12-16,ACE,CHUBB,COMMON
BBG000BR14K5,896159,2009-12-17,2016-01-20,ACE,CHUBB,COMMON
BBG000BR14K5,896159,2016-01-21,,CB,CHUBB,COMMON
BBG000BR1KR2,77877,2012-06-18,2012-07-16,PETD,PDC ENERGY INC,COMMON
BBG000BR1KR2,77877,2012-07-17,2023-08-04,PDCE,PDC ENERGY INC,COMMON
BBG000BR2B91,78003,2007-12-17,,PFE,PFIZER INC,COMMON
BBG000BR2TH3,80424,2007-12-17,,PG,PROCTER & GAMBLE,COMMON
BBG000BR32C6,917273,2007-12-17,,RMBS,RAMBUS INC,COMMON
BBG000BR37X2,80661,2007-12-19,,PGR,PROGRESSIVE CORP,COMMON
BBG000BR3KL6,76334,2008-01-14,,PH,PARKER-HANNIFIN CORP,COMMON
BBG000BR54L0,822416,2007-12-17,,PHM,PULTEGROUP INC,COMMON
BBG000BRB2F4,75829,2008-01-16,2015-08-28,PLL,PALL CORP,COMMON
BBG000BRD0D8,713676,2007-12-18,,PNC,PNC FINANCIAL SERVICES GROUP INC,COMMON
BBG000BRDSX5,764622,2007-12-24,,PNW,PINNACLE WEST CORP,COMMON
BBG000BRF689,78460,2007-12-17,2016-10-03,PNY,PIEDMONT NATURAL GAS CO.,COMMON
BBG000BRF6B5,30419,2007-12-20,2009-01-07,RHD,R H DONNELLEY CORP,COMMON
BBG000BRF6B5,30419,2009-01-08,2009-01-22,RHDC,R H DONNELLEY CORP,COMMON
BBG000BRF6B5,30419,2009-01-23,2009-01-25,RHD,R H DONNELLEY CORP,COMMON
BBG000BRF6B5,30419,2009-01-26,2009-06-08,RHDC,R H DONNELLEY CORP,COMMON
BBG000BRGWN4,80420,2008-01-31,,POWL,POWELL INDUSTRIES INC,COMMON
BBG000BRJ809,79879,2008-01-16,,PPG,PPG INDUSTRIES INC,COMMON
BBG000BRJL00,922224,2008-01-10,,PPL,PPL CORP,COMMON
BBG000BRMJN6,78128,2007-12-20,2020-02-04,WTR,ESSENTIAL UTILITIES INC,COMMON
BBG000BRMJN6,78128,2020-02-05,,WTRG,ESSENTIAL UTILITIES INC,COMMON
BBG000BRMVZ6,1085392,2008-01-16,2009-06-08,PSD,PUGET ENERGY INC,COMMON
BBG000BRNGM2,731802,2008-01-16,,ATO,ATMOS ENERGY CORP,COMMON
BBG000BRNLL2,1097149,2008-01-10,,ALGN,ALIGN TECHNOLOGY INC,COMMON
BBG000BRQ6L2,1158463,2007-12-17,,JBLU,JETBLUE AIRWAYS CORP,COMMON
BBG000BRRG02,78239,2007-12-20,,PVH,PVH CORP,COMMON
BBG000BRVKH0,879407,2016-04-08,,ARWR,ARROWHEAD PHARMACEUTICALS INC,COMMON
BBG000BRVP70,85961,2007-12-27,,R,RYDER SYSTEM INC,COMMON
BBG000BRW644,1096752,2015-07-06,,EPC,EDGEWELL PERSONAL CARE,COMMON
BBG000BRWGG9,84129,2007-12-18,2019-04-22,RAD,RITE AID CORP,COMMON
BBG000BRXP69,1099800,2007-12-21,,EW,EDWARDS LIFESCIENCES CORP,COMMON
BBG000BRXTR8,82811,2008-01-28,2021-10-05,RBC,REGAL REXNORD CORP,COMMON
BBG000BRXTR8,82811,2021-10-06,,RRX,REGAL REXNORD CORP,COMMON
BBG000BRYN54,890801,2008-01-16,2011-02-28,MFE,MCAFEE INC,COMMON
BBG000BRZBT3,85408,2008-01-10,2019-04-10,RDC,ROWAN COMPANIES CLASS A PLC,CLASS A
BBG000BS0ZF1,1037038,2007-12-26,,RL,RALPH LAUREN CORP CLASS A,CLASS A
BBG000BS1YV5,946581,2007-12-17,,TTWO,TAKE TWO INTERACTIVE SOFTWARE INC,COMMON
BBG000BS3047,742278,2007-12-17,,RES,RPC INC,COMMON
BBG000BS3FD4,780434,2008-01-09,2008-03-27,RESP,RESPIRONICS INC,COMMON
BBG000BS48J3,730272,2007-12-18,,RGEN,REPLIGEN CORP,COMMON
BBG000BS4MP5,28917,2007-12-17,,DDS,DILLARDS INC CLASS A,CLASS A
BBG000BS5170,85535,2007-12-17,,RGLD,ROYAL GOLD INC,COMMON
BBG000BS5CM9,1037540,2008-01-09,,BXP,BXP INC,COMMON
BBG000BS5DR2,315213,2008-01-03,,RHI,ROBERT HALF,COMMON
BBG000BS73J1,720005,2008-01-16,,RJF,RAYMOND JAMES INC,COMMON
BBG000BS7KS3,24545,2007-12-17,,TAP,MOLSON COORS BREWING CLASS B,CLASS B
BBG000BS7ZF4,84246,2008-03-25,,RLI,RLI CORP,COMMON
BBG000BS9489,29989,2007-12-17,,OMC,OMNICOM GROUP INC,COMMON
BBG000BSBB99,84792,2008-01-16,2009-04-01,ROH,ROHM & HAAS CO,COMMON
BBG000BSBBP1,84839,2008-01-24,,ROL,ROLLINS INC,COMMON
BBG000BSBZH7,745732,2007-12-18,,ROST,ROSS STORES INC,COMMON
BBG000BSC0K9,935703,2008-01-14,,DLTR,DOLLAR TREE INC,COMMON
BBG000BSD7C2,1047122,2007-12-31,2020-04-02,RTN,RAYTHEON,COMMON
BBG000BSFRF3,883241,2008-01-08,,SNPS,SYNOPSYS INC,COMMON
BBG000BSGQN5,85974,2007-12-17,2015-09-30,RYL,RYLAND GROUP INC,COMMON
BBG000BSHH72,1001838,2007-12-17,2010-02-17,PCU,SOUTHERN COPPER CORP,COMMON
BBG000BSHH72,1001838,2010-02-18,,SCCO,SOUTHERN COPPER CORP,COMMON
BBG000BSHHP2,86104,2008-01-14,2008-09-22,SAF,SAFECO CORP,COMMON
BBG000BSJK37,732717,2007-12-17,,T,AT&T INC,COMMON
BBG000BSLLB3,754737,2007-12-19,2018-12-31,SCG,SCANA CORP,COMMON
BBG000BSLZY7,316709,2007-12-19,,SCHW,CHARLES SCHWAB CORP,COMMON
BBG000BSPWD3,88121,2008-09-18,,SEB,SEABOARD CORP,COMMON
BBG000BSQLT9,350894,2008-01-16,,SEIC,SEI INVESTMENTS,COMMON
BBG000BSRN78,1513761,2013-01-24,,NCLH,NORWEGIAN CRUISE LINE HOLDINGS LTD,COMMON
BBG000BSS5C0,720672,2007-12-17,,SF,STIFEL FINANCIAL CORP,COMMON
BBG000BSVZM9,310158,2007-12-17,2009-11-04,SGP,SCHERING PLOUGH CORP,COMMON
BBG000BSXQV7,89800,2008-01-14,,SHW,SHERWIN WILLIAMS,COMMON
BBG000BSY3K9,90185,2008-01-16,2015-11-17,SIAL,SIGMA ALDRICH CORP,COMMON
BBG000BSYVD5,754009,2007-12-26,2009-06-08,SIE,SIERRA HEALTH SERVICES,COMMON
BBG000BSZXM0,721083,2007-12-24,2010-08-27,SII,SMITH INTERNATIONAL INC,COMMON
BBG000BSZYR3,1045450,2012-11-13,,EPR,EPR PROPERTIES REIT,COMMON
BBG000BT0093,908937,2007-12-17,2024-09-10,SIRI,SIRIUS XM HOLDINGS INC,COMMON
BBG000BT0CM2,719739,2007-12-17,2023-03-09,SIVB,SVB FINANCIAL GROUP,COMMON
BBG000BT1715,91419,2008-01-16,,SJM,JM SMUCKER,COMMON
BBG000BT41Q8,87347,2007-12-20,,SLB,SLB NV,COMMON
BBG000BT4C39,1311370,2007-12-17,,LAZ,LAZARD INC,COMMON
BBG000BT4T69,23666,2012-06-29,2014-08-28,HSH,HILLSHIRE BRANDS,COMMON
BBG000BT5PG5,825542,2007-12-21,,SMG,SCOTTS MIRACLE GRO,COMMON
BBG000BT7JW9,91440,2008-01-16,,SNA,SNAP ON INC,COMMON
BBG000BT9DW0,92122,2007-12-21,,SO,SOUTHERN,COMMON
BBG000BT9T73,703360,2007-12-17,2014-05-02,LSI,LSI CORP,COMMON
BBG000BTCH57,1043277,2007-12-18,,CHRW,CH ROBINSON WORLDWIDE INC,COMMON
BBG000BTCXB5,1042810,2007-12-26,2017-03-01,EQY,EQUITY ONE INC.,COMMON
BBG000BTFDR9,878560,2015-10-01,2018-02-12,CAA,CALATLANTIC GROUP INC,COMMON
BBG000BTGCV5,88205,2008-01-24,2015-09-28,SPW,SPX TECHNOLOGIES INC,COMMON
BBG000BTGCV5,88205,2015-09-29,,SPXC,SPX TECHNOLOGIES INC,COMMON
BBG000BTGKK9,1069878,2007-12-17,2009-11-23,TWP,TREX INC,COMMON
BBG000BTGKK9,1069878,2009-11-24,,TREX,TREX INC,COMMON
BBG000BTHH16,89089,2007-12-18,,SCI,SERVICE,COMMON
BBG000BTKGG8,750556,2007-12-26,2019-12-06,STI,SUNTRUST BANKS INC,COMMON
BBG000BTLMX5,751652,2008-01-16,2016-09-16,STR,QUESTAR CORP,COMMON
BBG000BTMDX4,203248,2008-01-02,2012-03-26,SUG,SOUTHERN UNION CO,COMMON
BBG000BTN971,95304,2007-12-17,2012-10-04,SUN,SUNOCO INC.,COMMON
BBG000BTQ9G8,95521,2008-01-02,2017-08-02,SVU,SUPERVALU INC,COMMON
BBG000BTQNQ6,913290,2007-12-17,,FRO,FRONTLINE LTD,COMMON
BBG000BTQR96,93556,2007-12-21,,SWK,STANLEY BLACK & DECKER INC,COMMON
BBG000BTR593,7332,2008-01-10,2024-09-30,SWN,SOUTHWESTERN ENERGY,COMMON
BBG000BTVJ25,96021,2007-12-17,,SYY,SYSCO CORP,COMMON
BBG000BTZ1M8,1079023,2008-01-16,2011-11-09,VSEA,VARIAN SEMICONDUCTOR,COMMON
BBG000BV0VK7,1051512,2008-01-16,,TDS,TELEPHONE AND DATA SYSTEMS INC,COMMON
BBG000BV18Z1,98222,2008-01-16,2017-07-31,TDW,TIDEWATER INC.,COMMON
BBG000BV1Y93,350563,2007-12-19,2016-06-30,TE,TECO ENERGY INC,COMMON
BBG000BV2BR2,790703,2008-01-10,2020-06-29,TECD,TECH DATA CORP,COMMON
BBG000BV3SC0,1315695,2008-06-17,2015-01-12,ROC,ROCKWOOD HOLDINGS INC.,COMMON
BBG000BV4DR6,97210,2007-12-27,,TER,TERADYNE INC,COMMON
BBG000BV4XJ1,1082554,2007-12-17,,UTHR,UNITED THERAPEUTICS CORP,COMMON
BBG000BV5627,1236275,2024-06-07,,QXO,QXO INC,COMMON
BBG000BV59Y6,96943,2008-01-14,,TFX,TELEFLEX INC,COMMON
BBG000BV6R84,730263,2007-12-18,,THO,THOR INDUSTRIES INC,COMMON
BBG000BV75B7,98246,2008-01-16,2021-01-06,TIF,TIFFANY,COMMON
BBG000BV7LP7,86144,2007-12-26,2015-01-29,SWY,SAFEWAY INC,COMMON
BBG000BV7YT5,731939,2007-12-31,2012-02-10,TIN,TEMPLE INLAND INC,COMMON
BBG000BV8DN6,109198,2007-12-27,,TJX,TJX INC,COMMON
BBG000BV95H9,98362,2007-12-31,,TKR,TIMKEN,COMMON
BBG000BV9X97,317771,2007-12-19,2013-11-29,TLAB,TELLABS INC,COMMON
BBG000BVD6X4,320335,2008-01-10,2019-08-12,TMK,GLOBE LIFE INC,COMMON
BBG000BVD6X4,320335,2019-08-13,,GL,GLOBE LIFE INC,COMMON
BBG000BVDLH9,97745,2008-01-16,,TMO,THERMO FISHER SCIENTIFIC INC,COMMON
BBG000BVF2M3,895655,2007-12-20,2016-04-15,JAH,JARDEN CORP.,COMMON
BBG000BVFFV4,97854,2008-01-16,2012-05-16,TNB,THOMAS & BETTS CORP,COMMON
BBG000BVHBM1,794170,2007-12-17,,TOL,TOLL BROTHERS INC,COMMON
BBG000BVK2W6,726513,2007-12-20,2009-06-08,TRB,TRIBUNE CO,COMMON
BBG000BVL2G3,99780,2008-01-08,,TRN,TRINITY INDUSTRIES INC,COMMON
BBG000BVLRY8,1034670,2007-12-21,,ALV,AUTOLIV INC,COMMON
BBG000BVMG26,1049502,2008-03-05,,MKSI,MKS,COMMON
BBG000BVMGF2,899051,2007-12-21,,ALL,ALLSTATE CORP,COMMON
BBG000BVMPN3,1113169,2007-12-17,,TROW,T ROWE PRICE GROUP INC,COMMON
BBG000BVP5P2,1040971,2008-01-16,,SLG,SL GREEN REALTY REIT CORP,COMMON
BBG000BVPPM1,50104,2007-12-19,2017-08-03,TSO,ANDEAVOR,COMMON
BBG000BVPPM1,50104,2017-08-04,2018-09-28,ANDV,ANDEAVOR,COMMON
BBG000BVPV84,1018724,2007-12-18,,AMZN,AMAZON.COM INC,COMMON
BBG000BVQRY3,737758,2008-01-16,,TTC,TORO,COMMON
BBG000BVRQD7,844965,2008-01-16,,TTI,TETRA TECHNOLOGIES INC,COMMON
BBG000BVSX05,1085280,2008-01-22,2014-12-05,TIBX,TIBCO SOFTWARE INC.,COMMON
BBG000BVV7G1,97476,2007-12-17,,TXN,TEXAS INSTRUMENT INC,COMMON
BBG000BVVHH8,1014507,2007-12-19,2016-02-26,SIRO,SIRONA DENTAL SYSTEMS INC.,COMMON
BBG000BVVQQ8,217346,2008-01-16,,TXT,TEXTRON INC,COMMON
BBG000BVW841,1023291,2008-01-16,2009-06-08,TXU,TXU CORP,COMMON
BBG000BVWLJ6,833444,2007-12-21,2009-03-16,TYC,JOHNSON CONTROLS INTERNATIONAL PLC,COMMON
BBG000BVWLJ6,833444,2009-03-17,2009-03-17,TYCZZZZ,JOHNSON CONTROLS INTERNATIONAL PLC,COMMON
BBG000BVWLJ6,833444,2009-03-18,2016-09-07,TYC,JOHNSON CONTROLS INTERNATIONAL PLC,COMMON
BBG000BVWLJ6,833444,2016-09-08,,JCI,JOHNSON CONTROLS INTERNATIONAL PLC,COMMON
BBG000BVWZF9,860731,2008-01-11,,TYL,TYLER TECHNOLOGIES INC,COMMON
BBG000BVYN55,884614,2008-01-16,,UGI,UGI CORP,COMMON
BBG000BVZP59,1309108,2012-10-30,2013-04-15,WXS,WEX INC,COMMON
BBG000BVZP59,1309108,2013-04-16,,WEX,WEX INC,COMMON
BBG000BW0R88,746838,2008-01-02,,UIS,UNISYS CORP,COMMON
BBG000BW2QX0,5513,2007-12-21,,UNM,UNUM,COMMON
BBG000BW3299,100885,2007-12-19,,UNP,UNION PACIFIC CORP,COMMON
BBG000BW4804,798949,2007-12-24,2020-05-22,UNT,UNIT CORP.,COMMON
BBG000BW5YW1,757011,2007-12-17,2019-04-23,USG,USG CORP,COMMON
BBG000BW6P59,821130,2008-01-16,2025-08-12,USM,UNITED STATES CELLULAR CORP,COMMON
BBG000BW6P59,821130,2025-08-13,,AD,UNITED STATES CELLULAR CORP,COMMON
BBG000BW73T1,811669,2007-12-17,2009-01-05,UST,UST INC,COMMON
BBG000BW8S60,101829,2007-12-20,2020-04-08,UTX,RTX CORP,COMMON
BBG000BW8S60,101829,2020-04-09,,RTX,RTX CORP,COMMON
BBG000BW9W88,102741,2007-12-26,2017-05-31,VAL,VALSPAR CORP.,COMMON
BBG000BWB7V4,,2008-01-15,,VMI,VALMONT INDS INC,COMMON
BBG000BWBZN1,203527,2008-01-16,2021-04-14,VAR,VARIAN MEDICAL SYSTEMS INC,COMMON
BBG000BWCKB6,103379,2008-01-14,,VFC,VF CORP,COMMON
BBG000BWDFD4,813828,2019-12-05,2022-06-29,VIACA,PARAMOUNT GLOBAL CLASS A,CLASS A
BBG000BWDFD4,813828,2022-06-30,2025-08-06,PARAA,PARAMOUNT GLOBAL CLASS A,CLASS A
BBG000BWFL03,1829311,2025-05-16,2025-06-05,BMNRD,BITMINE IMMERSION TECHNOLOGIES INC,COMMON
BBG000BWFL03,1829311,2025-06-06,,BMNR,BITMINE IMMERSION TECHNOLOGIES INC,COMMON
BBG000BWGYF8,1396009,2007-12-20,,VMC,VULCAN MATERIALS,COMMON
BBG000BWHD54,899689,2008-01-03,,VNO,VORNADO REALTY TRUST REIT,COMMON
BBG000BWJFZ4,1324404,2007-12-21,,CF,CF INDUSTRIES HOLDINGS INC,COMMON
BBG000BWKB81,103730,2007-12-17,,VSH,VISHAY INTERTECHNOLOGY INC.,COMMON
BBG000BWLMJ4,1618921,2014-12-31,2025-08-27,WBA,WALGREEN BOOTS ALLIANCE INC,COMMON
BBG000BWM5P3,1104506,2011-03-04,2011-04-03,INSMD,INSMED INC,COMMON
BBG000BWM5P3,1104506,2011-04-04,,INSM,INSMED INC,COMMON
BBG000BWMX63,801337,2008-01-14,2026-08-19,WBS,WEBSTER FINANCIAL CORP,COMMON
BBG000BWN2Y9,1035983,2008-03-24,,FIX,COMFORT SYSTEMS USA INC,COMMON
BBG000BWNFZ9,106040,2007-12-19,,WDC,WESTERN DIGITAL CORP,COMMON
BBG000BWP7D9,783325,2007-12-20,,WEC,WEC ENERGY GROUP INC,COMMON
BBG000BWPN99,105668,2008-01-16,2008-09-29,WEN,WENDYS INTERNATIONAL INC,COMMON
BBG000BWQFY7,72971,2007-12-18,,WFC,WELLS FARGO,COMMON
BBG000BWQLY4,1102112,2008-05-15,2023-11-30,PACW,PACWEST BANCORP,COMMON
BBG000BWQTD0,936528,2008-01-07,2012-02-22,WFSL,WASHINGTON FEDERAL INC,COMMON
BBG000BWQTD0,936528,2012-02-23,,WAFD,WASHINGTON FEDERAL INC,COMMON
BBG000BWSGF4,79282,2008-01-14,,BRO,BROWN & BROWN INC,COMMON
BBG000BWSV34,106640,2007-12-17,,WHR,WHIRLPOOL CORP,COMMON
BBG000BWVCP8,107263,2007-12-24,,WMB,WILLIAMS INC,COMMON
BBG000BWVSR1,823768,2007-12-20,2009-08-05,WMI,WASTE MANAGEMENT INC,COMMON
BBG000BWVSR1,823768,2009-08-06,,WM,WASTE MANAGEMENT INC,COMMON
BBG000BWXBC2,104169,2007-12-19,,WMT,WALMART INC,COMMON
BBG000BWXL85,1087423,2007-12-18,2019-07-08,RHT,RED HAT INC,COMMON
BBG000BWYFX9,916863,2008-01-16,2015-06-29,TEG,INTEGRYS ENERGY GROUP INC.,COMMON
BBG000BWZBT2,828916,2007-12-18,2021-08-03,WRI,WEINGARTEN REALTY INVESTORS REIT,COMMON
BBG000BX0R13,105729,2008-01-16,2011-06-24,WSC,WESCO FINANCIAL CORP,COMMON
BBG000BX24N8,105770,2008-01-14,,WST,WEST PHARMACEUTICAL SERVICES INC,COMMON
BBG000BX3B60,108601,2007-12-20,2008-10-06,WWY,WRIGLEY WM JR CO,COMMON
BBG000BX3BL3,106535,2007-12-27,,WY,WEYERHAEUSER REIT,COMMON
BBG000BX3TD3,1163302,2007-12-17,2025-06-17,X,US STEEL CORP,COMMON
BBG000BX57K1,818479,2007-12-27,,XRAY,DENTSPLY SIRONA INC,COMMON
BBG000BX5GS3,1049521,2008-03-31,,MRCY,MERCURY SYSTEMS INC,COMMON
BBG000BX5ZF5,108772,2007-12-17,2019-08-01,XRX,XEROX CORP,COMMON
BBG000BX67G5,1002637,2007-12-21,2008-05-24,MLNM,MILLENNIUM PHARM INC,COMMON
BBG000BX6BJ3,775368,2008-01-16,2022-10-18,Y,ALLEGHANY CORP,COMMON
BBG000BX8DC4,850209,2008-01-16,2025-09-05,FL,FOOT LOCKER INC,COMMON
BBG000BX9WL1,109380,2007-12-17,,ZION,ZIONS BANCORPORATION,COMMON
BBG000BXL4N7,860546,2007-12-17,2023-09-17,OFC,CORPORATE OFFICE PROPERTIES TRUST,COMMON
BBG000BXL4N7,860546,2023-09-18,,CDP,CORPORATE OFFICE PROPERTIES TRUST,COMMON
BBG000BXM6V2,1336917,2007-12-17,2016-12-07,UA,UNDER ARMOUR INC CLASS A,CLASS A
BBG000BXM6V2,1336917,2016-12-08,,UAA,UNDER ARMOUR INC CLASS A,CLASS A
BBG000BXMFC3,1067701,2007-12-17,,URI,UNITED RENTALS INC,COMMON
BBG000BXNJ07,791915,2007-12-27,2020-04-15,CY,CYPRESS SEMICONDUCTOR CORP,COMMON
BBG000BXPZB7,1046257,2007-12-20,2012-06-03,CPO,INGREDION INC,COMMON
BBG000BXPZB7,1046257,2012-06-04,,INGR,INGREDION INC,COMMON
BBG000BXRPH1,1038357,2008-01-16,2024-05-02,PXD,PIONEER NATURAL RESOURCE,COMMON
BBG000BY10C7,1037461,2008-01-16,2011-09-30,BJ,BJS WHOLESALE CLUB INC,COMMON
BBG000BY29C7,1116132,2007-12-18,2017-11-01,COH,TAPESTRY INC,COMMON
BBG000BY29C7,1116132,2017-11-02,,TPR,TAPESTRY INC,COMMON
BBG000BY2Y78,914208,2007-12-17,,IVZ,INVESCO LTD,COMMON
BBG000BY33P5,1043604,2007-12-17,2025-07-01,JNPR,JUNIPER NETWORKS INC,COMMON
BBG000BYD720,1065865,2007-12-20,2017-05-26,JNS,JANUS CAPITAL GROUP INC,COMMON
BBG000BYKSX2,1145460,2010-07-20,2017-10-02,ALR,ALERE INC,COMMON
BBG000BYQ0B1,1116942,2008-04-25,,TTMI,TTM TECHNOLOGIES INC,COMMON
BBG000BYR208,817473,2007-12-17,2017-01-03,ACAS,AMERICAN CAPITAL LTD.,COMMON
BBG000BYWTX7,1058057,2007-12-17,2021-04-21,MRVL,MARVELL TECHNOLOGY GROUP LTD,COMMON
BBG000BYYLS8,1108134,2007-12-18,2012-06-28,BBT,TRUIST FINANCIAL CORP,COMMON
BBG000BYYLS8,1072847,2012-06-29,2014-12-30,BBT,TRUIST FINANCIAL CORP,COMMON
BBG000BYYLS8,1108134,2014-12-31,2019-12-06,BBT,TRUIST FINANCIAL CORP,COMMON
BBG000BYYLS8,92230,2019-12-07,2019-12-10,BBT,TRUIST FINANCIAL CORP,COMMON
BBG000BYYLS8,92230,2019-12-11,,TFC,TRUIST FINANCIAL CORP,COMMON
BBG000BYZ0Q5,831641,2008-01-24,,TTEK,TETRA TECH INC,COMMON
BBG000BZ2GG4,941548,2008-01-02,2016-04-01,CAM,CAMERON INTERNATIONAL CORP,COMMON
BBG000BZ9223,821189,2007-12-17,,EOG,EOG RESOURCES INC,COMMON
BBG000BZCKH3,1037646,2008-01-16,,MTD,METTLER TOLEDO INC,COMMON
BBG000BZJQL8,917520,2007-12-17,,IART,INTEGRA LIFESCIENCES HOLDINGS CORP,COMMON
BBG000BZTW70,1163739,2007-12-17,,NBR,NABORS INDUSTRIES LTD,COMMON
BBG000BZX1N5,1267238,2007-12-17,,AIZ,ASSURANT INC,COMMON
BBG000C01DF9,834208,2008-01-14,2008-07-09,NVT,NAVTEQ CORP,COMMON
BBG000C04224,1138118,2011-10-06,2018-03-20,CBG,CBRE GROUP INC CLASS A,CLASS A
BBG000C04224,1138118,2018-03-21,,CBRE,CBRE GROUP INC CLASS A,CLASS A
BBG000C060M4,1004434,2007-12-27,,AMG,AFFILIATED MANAGERS GROUP INC,COMMON
BBG000C070N2,1091530,2008-01-03,2009-06-08,XMSR,XM SATELLITE RADIO HLDGS,CLASS A
BBG000C0BGS7,877357,2007-12-19,2009-10-30,SEPR,SEPRACOR INC,COMMON
BBG000C0F570,743988,2007-12-27,2022-02-11,XLNX,XILINX INC,COMMON
BBG000C0G1D1,50863,2007-12-17,,INTC,INTEL CORPORATION,COMMON
BBG000C0HQ54,1593034,2014-03-05,2022-08-28,ENDP,ENDO INTERNATIONAL PLC,COMMON
BBG000C0HQ54,1593034,2022-08-29,2022-09-24,ENDPQ,ENDO INTERNATIONAL PLC,COMMON
BBG000C0LW92,885725,2007-12-17,,BSX,BOSTON SCIENTIFIC CORP,COMMON
BBG000C0MF34,79958,2008-01-16,2016-01-29,PCP,PRECISION CASTPARTS CORP,COMMON
BBG000C0NY96,814184,2007-12-31,2017-05-09,TCB,TCF FINANCIAL CORP,COMMON
BBG000C0NY96,814184,2017-05-10,2019-07-31,TCF,TCF FINANCIAL CORP,COMMON
BBG000C0PBV9,69970,2007-12-17,2008-12-31,NCC,NATIONAL CITY CORP,COMMON
BBG000C0RWX9,921638,2017-08-03,,SSRM,SSR MINING INC,COMMON
BBG000C0ZL64,842635,2008-01-16,2009-06-08,LYO,LYONDELL CHEMICAL CO,COMMON
BBG000C0ZW33,1077771,2007-12-19,2023-02-28,UMPQ,UMPQUA HOLDINGS CORP,COMMON
BBG000C101X4,815094,2007-12-17,2022-12-21,ABMD,ABIOMED INC,COMMON
BBG000C11MQ5,949699,2007-12-17,2015-05-22,PCYC,PHARMACYCLICS INC,COMMON
BBG000C13CD9,813672,2007-12-21,,CDNS,CADENCE DESIGN SYSTEMS INC,COMMON
BBG000C15114,842023,2008-01-16,,TECH,BIO TECHNE CORP,COMMON
BBG000C15T95,885721,2007-12-24,2011-11-18,ESRX,EXPRESS SCRIPTS HOLDING,COMMON
BBG000C15T95,1532063,2011-11-19,2018-12-20,ESRX,EXPRESS SCRIPTS HOLDING,COMMON
BBG000C17X76,875045,2007-12-19,,BIIB,BIOGEN INC,COMMON
BBG000C19QW1,19584,2008-04-21,,CHE,CHEMED CORP,COMMON
BBG000C1BW00,936468,2008-01-08,,LMT,LOCKHEED MARTIN CORP,COMMON
BBG000C1DF05,1046102,2023-05-24,,RBA,RB GLOBAL INC,COMMON
BBG000C1DHF5,772406,2008-02-08,,CRUS,CIRRUS LOGIC INC,COMMON
BBG000C1FB75,1571949,2013-11-14,,ICE,INTERCONTINENTAL EXCHANGE INC,COMMON
BBG000C1FQS9,65984,2007-12-27,,ETR,ENTERGY CORP,COMMON
BBG000C1HL99,1159152,2008-09-16,,JHX,JAMES HARDIE INDUSTRIES PLC,COMMON
BBG000C1HN22,832101,2008-01-16,,IEX,IDEX CORP,COMMON
BBG000C1HQ43,1069258,2009-09-14,2009-10-08,KTOSD,KRATOS DEFENSE AND SECURITY SOLUTI,COMMON
BBG000C1HQ43,1069258,2009-10-09,,KTOS,KRATOS DEFENSE AND SECURITY SOLUTI,COMMON
BBG000C1J0Q4,849213,2007-12-19,2016-02-19,PCL,PLUM CREEK TIMBER COMPANY REIT INC,COMMON
BBG000C1JTL6,721683,2007-12-17,2019-09-17,TSS,TOTAL SYSTEM SERVICES INC,COMMON
BBG000C1R174,1009575,2007-12-26,2009-11-02,HLTH,HLTH CORP,COMMON
BBG000C1S2X2,875320,2008-01-08,,VRTX,VERTEX PHARMACEUTICALS INC,COMMON
BBG000C1SCJ6,1016125,2007-12-24,2019-05-02,ULTI,ULTIMATE SOFTWARE GROUP INC,COMMON
BBG000C1TTV4,858339,2007-12-26,2009-06-08,HET,HARRAHS ENTMT INC,COMMON
BBG000C1XKF6,1115055,2007-12-21,2026-01-02,PNFP,PINNACLE FINANCIAL PARTNERS INC,COMMON
BBG000C1XSP8,1093691,2011-05-25,2011-06-20,PLUGD,PLUG POWER INC,COMMON
BBG000C1XSP8,1093691,2011-06-21,,PLUG,PLUG POWER INC,COMMON
BBG000C1XVK6,1095073,2007-12-19,2023-07-20,RE,EVEREST GROUP LTD,COMMON
BBG000C1XVK6,1095073,2023-07-21,,EG,EVEREST GROUP LTD,COMMON
BBG000C221G9,77360,2008-01-16,2012-09-30,PNR,PENTAIR,COMMON
BBG000C221G9,77360,2012-10-01,2012-10-01,PNRZZZZ,PENTAIR,COMMON
BBG000C221G9,77360,2012-10-02,,PNR,PENTAIR,COMMON
BBG000C22QV7,1012100,2007-12-17,2026-04-08,SEE,SEALED AIR CORP,COMMON
BBG000C23KJ3,874761,2007-12-18,,AES,AES CORP,COMMON
BBG000C23PB0,1336920,2012-06-29,,LDOS,LEIDOS HOLDINGS INC,COMMON
BBG000C240W1,101830,2007-12-27,2013-07-10,S,SPRINT NEXTEL CORP,COMMON
BBG000C29813,1345105,2007-12-26,,CPA,COPA HOLDINGS A SA,CLASS A
BBG000C2BXK4,789570,2007-12-17,,MGM,MGM RESORTS INTERNATIONAL,COMMON
BBG000C2D1C1,855658,2007-12-19,,LSCC,LATTICE SEMICONDUCTOR CORP,COMMON
BBG000C2DSX9,60086,2008-01-04,2009-06-08,CG,LOEWS CORP - CAROLINA GR,COMMON
BBG000C2H3F0,36047,2010-06-07,2021-06-03,CLGX,CORELOGIC INC,COMMON
BBG000C2HB99,1035675,2007-12-27,2012-04-09,NST,NSTAR,COMMON
BBG000C2L2L0,1037976,2008-01-15,,JLL,JONES LANG LASALLE INC,COMMON
BBG000C2L5G9,1709048,2021-11-01,,GFS,GLOBALFOUNDRIES INC,COMMON
BBG000C2LZP3,824142,2008-04-15,,AAON,AAON INC,COMMON
BBG000C2NV89,1007456,2008-01-08,2008-08-25,EDS,ELECTRONIC DATA SYSTEMS,COMMON
BBG000C2PL98,39263,2008-01-14,,CFR,CULLEN FROST BANKERS INC,COMMON
BBG000C2PW58,1364742,2008-01-16,2024-10-01,BLK,BLACKROCK INC,COMMON
BBG000C2V3D6,1090872,2007-12-21,,A,AGILENT TECHNOLOGIES INC,COMMON
BBG000C2VBB0,857005,2013-01-29,2013-12-04,PMTC,PTC INC,COMMON
BBG000C2VBB0,857005,2013-12-05,,PTC,PTC INC,COMMON
BBG000C2YHG9,1001082,2008-01-16,2023-12-29,DISH,DISH NETWORK CORP CLASS A,CLASS A
BBG000C2ZCH8,1032208,2008-01-16,,SRE,SEMPRA,COMMON
BBG000C30L48,1280452,2007-12-27,,MPWR,MONOLITHIC POWER SYSTEMS INC,COMMON
BBG000C31LY4,872448,2008-01-08,2016-04-04,ATML,ATMEL CORP.,COMMON
BBG000C34488,1074433,2008-01-11,2010-05-05,CFFN,CAPITOL FEDERAL FINANCIAL INC,COMMON
BBG000C34488,1490906,2010-05-06,2010-12-22,CFFN,CAPITOL FEDERAL FINANCIAL INC,COMMON
BBG000C34488,1490906,2010-12-23,2011-01-23,CFFND,CAPITOL FEDERAL FINANCIAL INC,COMMON
BBG000C34488,1490906,2011-01-24,,CFFN,CAPITOL FEDERAL FINANCIAL INC,COMMON
BBG000C37332,883569,2007-12-31,,FOSL,FOSSIL GROUP INC,COMMON
BBG000C3FGH9,104889,2012-06-29,,GHC,GRAHAM HOLDINGS COMPANY CLASS B,CLASS B
BBG000C3GN47,858470,2008-01-16,2021-10-04,COG,COTERRA ENERGY INC,COMMON
BBG000C3GN47,858470,2021-10-05,2026-05-06,CTRA,COTERRA ENERGY INC,COMMON
BBG000C3HNW5,102379,2008-01-11,2014-10-16,URS,URS CORP,COMMON
BBG000C3HSR0,3570,2007-12-17,,LNG,CHENIERE ENERGY INC,COMMON
BBG000C3J3C9,858877,2007-12-17,,CSCO,CISCO SYSTEMS INC,COMMON
BBG000C3JJC4,355429,2008-01-16,2015-01-30,PL,PROTECTIVE LIFE CORP.,COMMON
BBG000C3MXG5,1062579,2007-12-18,,DOX,AMDOCS LTD,COMMON
BBG000C3NTN5,859737,2007-12-17,2026-04-06,HOLX,HOLOGIC INC,COMMON
BBG000C3QN19,1089976,2007-12-19,2010-11-16,PTV,PACTIV CORP,COMMON
BBG000C3TKY6,275880,2019-05-10,,PSN,PARSONS CORP,COMMON
BBG000C3VHF1,751978,2008-01-17,,VICR,VICOR CORP,COMMON
BBG000C3W281,937556,2007-12-17,2026-06-09,MASI,MASIMO CORP,COMMON
BBG000C3WK36,1257640,2008-02-26,,KRO,KRONOS WORLDWIDE INC,COMMON
BBG000C3Y7J6,861361,2008-01-07,2017-04-12,BEAV,B E AEROSPACE INC,COMMON
BBG000C41023,74208,2007-12-19,,UDR,UDR REIT INC,COMMON
BBG000C42VL3,944314,2007-12-21,2016-08-16,SSS,LIFE STORAGE INC,COMMON
BBG000C42VL3,944314,2016-08-17,2023-07-19,LSI,LIFE STORAGE INC,COMMON
BBG000C42WS4,1227654,2008-01-29,,CMP,COMPASS MINERALS INTERNATIONAL INC,COMMON
BBG000C43744,921082,2008-01-14,,HIW,HIGHWOODS PROPERTIES REIT INC,COMMON
BBG000C43RR5,1065088,2007-12-21,,EBAY,EBAY INC,COMMON
BBG000C44LH8,201461,2008-01-11,2015-10-30,CYN,CITY NATIONAL CORP,COMMON
BBG000C45984,60086,2008-01-16,2008-06-23,LTR,LOEWS CORP,COMMON
BBG000C45984,60086,2008-06-24,,L,LOEWS CORP,COMMON
BBG000C46HM9,794367,2007-12-27,,M,MACYS INC,COMMON
BBG000C496P7,813828,2007-12-17,2019-12-08,CBS,PARAMOUNT GLOBAL CLASS B,CLASS B
BBG000C496P7,813828,2019-12-09,2022-02-17,VIAC,PARAMOUNT GLOBAL CLASS B,CLASS B
BBG000C496P7,813828,2022-02-18,2025-08-06,PARA,PARAMOUNT GLOBAL CLASS B,CLASS B
BBG000C4DPX1,1441634,2010-09-30,2016-01-29,AVGO,AVAGO TECHNOLOGIES LTD,COMMON
BBG000C4FB79,862510,2008-01-16,2012-03-05,TRH,TRANSATLANTIC HLDGS INC,COMMON
BBG000C4H302,864328,2008-01-07,2010-04-28,BJS,BJ SERVICES CO,COMMON
BBG000C4HKK2,1065837,2008-01-24,2025-09-11,SKX,SKECHERS USA INC CLASS A,CLASS A
BBG000C4LN67,1121788,2007-12-26,,GRMN,GARMIN LTD,COMMON
BBG000C4MWH4,1094831,2008-04-04,2023-06-30,BGCP,BGC PARTNERS INC CLASS A,CLASS A
BBG000C4PLF7,74260,2007-12-17,,ORI,OLD REPUBLIC INTERNATIONAL CORP,COMMON
BBG000C4SKT1,67215,2008-06-30,,DY,DYCOM INDUSTRIES INC,COMMON
BBG000C4VW39,866121,2008-01-16,2015-02-16,ATK,ORBITAL ATK INC,COMMON
BBG000C4VW39,866121,2015-02-17,2018-06-06,OA,ORBITAL ATK INC,COMMON
BBG000C4WJT9,352363,2014-02-26,2017-07-11,KATE,KATE SPADE,COMMON
BBG000C4XD11,848865,2007-12-18,2008-12-05,AW,ALLIED WASTE INDUSTRIES,COMMON
BBG000C4XG05,1335793,2008-01-16,2010-05-28,CXG,CNX GAS CORP,COMMON
BBG000C4Y9D6,1037949,2007-12-17,2011-03-31,Q,QWEST COMMUNICATIONS,COMMON
BBG000C4Z6C2,795403,2007-12-17,,WTS,WATTS WATER TECHNOLOGIES INC CLASS,CLASS A
BBG000C4ZFV1,1159297,2007-12-17,2015-07-01,MWV,MEADWESTVACO CORP,COMMON
BBG000C4ZNF2,874501,2007-12-17,2010-11-15,ABK,AMBAC FINANCIAL GRP INC,COMMON
BBG000C4ZNF2,874501,2010-11-16,2013-05-07,ABKFQ,AMBAC FINANCIAL GRP INC,COMMON
BBG000C4ZZ10,832988,2008-09-15,,SIG,SIGNET JEWELERS LTD,COMMON
BBG000C5HS04,320187,2007-12-17,,NKE,NIKE INC CLASS B,CLASS B
BBG000C5Z1S3,723125,2007-12-17,,MU,MICRON TECHNOLOGY INC,COMMON
BBG000C5Z443,1420800,2008-06-23,2022-04-07,CFX,ENOVIS CORP,COMMON
BBG000C5Z443,1420800,2022-04-08,,ENOV,ENOVIS CORP,COMMON
BBG000C60K98,225648,2008-01-16,2021-11-29,CVA,COVANTA HOLDING CORP.,COMMON
BBG000C6CFJ5,886982,2007-12-20,,GS,GOLDMAN SACHS GROUP INC,COMMON
BBG000C6F3T8,353944,2007-12-17,2015-04-06,IGT,INTERNATIONAL GAME TECHNOLOGY,COMMON
BBG000C6GN04,353569,2008-04-03,2022-06-06,QDEL,QUIDEL CORP,COMMON
BBG000C6W266,1066026,2008-01-10,2014-12-04,CNQR,CONCUR TECHNOLOGIES INC.,COMMON
BBG000C6W444,89439,2008-02-29,,MLI,MUELLER INDUSTRIES INC,COMMON
BBG000C734W3,872589,2008-01-23,,REGN,REGENERON PHARMACEUTICALS INC,COMMON
BBG000C75N77,28412,2007-12-17,2026-01-30,CMA,COMERICA INC,COMMON
BBG000C78J55,832428,2007-12-17,,SSP,SCRIPPS E W CO,CLASS A
BBG000C7B169,1319161,2007-12-21,2011-07-19,WMG,WARNER MUSIC GROUP CORP,COMMON
BBG000C7B436,97216,2007-12-19,,TEX,TEREX CORP,COMMON
BBG000C7LMS8,866787,2007-12-26,,AZO,AUTOZONE INC,COMMON
BBG000C7QK61,48287,2007-12-18,,HNI,HNI CORPORATION,COMMON
BBG000C7TF41,313143,2008-03-26,,HAE,HAEMONETICS CORP,COMMON
BBG000C7WZ16,874016,2008-01-07,2010-10-15,JNY,JONES APPAREL GROUP INC,COMMON
BBG000C89QJ1,1267130,2007-12-18,2017-09-25,CAB,CABELAS INC,COMMON
BBG000C8D8G9,46195,2008-01-16,,BOH,BANK OF HAWAII CORP,COMMON
BBG000C8FRK0,873364,2007-12-19,2011-10-13,CEPH,CEPHALON INC,COMMON
BBG000C8H633,101778,2007-12-17,2024-11-21,MRO,MARATHON OIL CORP,COMMON
BBG000C90DH9,51644,2007-12-18,2025-11-26,IPG,INTERPUBLIC GROUP OF COMPANIES INC,COMMON
BBG000C9F2F9,1520262,2011-09-20,,ALKS,ALKERMES,COMMON
BBG000C9N6Q9,874214,2007-12-17,2011-03-15,ANN,ANNTAYLOR STORES CORP,COMMON
BBG000C9W1Y1,875159,2007-12-19,2016-07-25,XL,XL GROUP PLC,COMMON
BBG000CB2ZY4,1047699,2007-12-17,2011-02-28,KG,KING PHARMACEUTICALS INC,COMMON
BBG000CB8Q50,352915,2008-01-16,,UHS,UNIVERSAL HEALTH SERVICES INC CLAS,CLASS B
BBG000CBMH27,876437,2007-12-17,,MTG,MGIC INVESTMENT CORP,COMMON
BBG000CC53X1,775158,2007-12-17,,OSK,OSHKOSH CORP,COMMON
BBG000CC7LQ7,877212,2008-01-16,,ZBRA,ZEBRA TECHNOLOGIES CORP CLASS A,CLASS A
BBG000CCFBC5,882235,2007-12-20,2012-08-10,LNCR,LINCARE HOLDINGS INC.,COMMON
BBG000CDZLV8,921738,2008-01-16,,PENN,PENN ENTERTAINMENT INC,COMMON
BBG000CF2GH6,884731,2007-12-17,2017-02-15,ARIA,ARIAD PHARMACEUTICALS INC.,COMMON
BBG000CFZ003,875357,2008-01-16,,BOKF,BOK FINANCIAL CORP,COMMON
BBG000CG0HP5,878736,2007-12-17,2007-12-21,HCR,MANOR CARE INC,COMMON
BBG000CGC1X8,804328,2007-12-18,,QCOM,QUALCOMM INC,COMMON
BBG000CGJMB9,920522,2008-01-16,,ESS,ESSEX PROPERTY TRUST REIT INC,COMMON
BBG000CGQ485,765258,2007-12-18,2008-12-04,IMCL,IMCLONE SYSTEMS INC,COMMON
BBG000CGQ4F7,1289419,2008-01-07,,MORN,MORNINGSTAR INC,COMMON
BBG000CGQ6M4,884905,2008-01-16,2018-10-30,PX,PRAXAIR INC,COMMON
BBG000CGT2S4,1022646,2007-12-20,2016-04-29,UPL,ULTRA PETROLEUM CORP,COMMON
BBG000CH11X8,106926,2008-01-03,2011-06-16,WTNY,WHITNEY HOLDING CORP,COMMON
BBG000CH5208,731766,2007-12-21,,UNH,UNITEDHEALTH GROUP INC,COMMON
BBG000CHSS88,878927,2008-01-24,,ODFL,OLD DOMINION FREIGHT LINE INC,COMMON
BBG000CHWP52,1320482,2007-12-17,2008-07-25,DISCA,DISCOVERY INC SERIES A,SERIES A
BBG000CHWP52,1437107,2008-07-26,2008-09-23,DISCA,DISCOVERY INC SERIES A,SERIES A
BBG000CHWP52,1437107,2008-09-24,2008-10-16,DISAD,DISCOVERY INC SERIES A,SERIES A
BBG000CHWP52,1437107,2008-10-17,2022-04-12,DISCA,DISCOVERY INC SERIES A,SERIES A
BBG000CJ2181,861884,2008-01-16,,RS,RELIANCE STEEL & ALUMINUM,COMMON
BBG000CKGBP2,882095,2007-12-20,,GILD,GILEAD SCIENCES INC,COMMON
BBG000CKGDS5,921825,2007-12-17,,FR,FIRST INDUSTRIAL REALTY TRUST INC,COMMON
BBG000CKJ0P3,1073431,2007-12-27,2008-11-24,IVGN,LIFE TECHNOLOGIES CORP,COMMON
BBG000CKJ0P3,1073431,2008-11-25,2014-02-03,LIFE,LIFE TECHNOLOGIES CORP,COMMON
BBG000CKRZF8,1097313,2007-12-21,2008-04-18,GRP,GRANT PRIDECO INC,COMMON
BBG000CKVSG8,1070412,2008-01-07,,CNX,CNX RESOURCES CORP,COMMON
BBG000CL1FG7,1109354,2008-02-05,,BRKR,BRUKER CORP,COMMON
BBG000CL1HL7,924901,2007-12-31,2021-12-10,CLI,MACK-CALI REALTY REIT CORP,COMMON
BBG000CL6RJ3,790816,2007-12-27,,BDN,BRANDYWINE REALTY TRUST REIT,COMMON
BBG000CL9JV4,1177394,2008-05-09,,SNX,TD SYNNEX CORP,COMMON
BBG000CL9VN6,1065280,2007-12-17,,NFLX,NETFLIX INC,COMMON
BBG000CLNSF6,1070154,2013-11-04,2022-01-31,STL,STERLING BANCORP,COMMON
BBG000CLP0Y4,751364,2007-12-17,,NNN,NNN REIT INC,COMMON
BBG000CLVM51,1279363,2008-01-14,2020-01-23,WCG,WELLCARE HEALTHCARE PLANS INC,COMMON
BBG000CN3S73,879101,2008-01-02,,KIM,KIMCO REALTY REIT CORP,COMMON
BBG000CN5CJ3,1286225,2010-08-18,2021-04-21,RP,REALPAGE INC,COMMON
BBG000CNFQW6,820096,2007-12-26,2013-08-27,PRGO,PERRIGO PLC,COMMON
BBG000CNFQW6,1585364,2013-08-28,,PRGO,PERRIGO PLC,COMMON
BBG000CNM3Q6,881464,2007-12-19,2012-08-08,AMLN,AMYLIN PHARMACEUTICALS INC.,COMMON
BBG000CNNMD7,855876,2008-01-16,2009-06-08,SKYF,SKY FINANCIAL GROUP INC,COMMON
BBG000CNWNL6,812074,2007-12-17,2019-12-27,OI,OWENS ILLINOIS INC,COMMON
BBG000CNZC55,800240,2007-12-26,2020-07-11,ODP,OFFICE DEPOT INC,COMMON
BBG000CP95B7,1064863,2008-02-14,2012-12-21,AGP,AMERIGROUP CORP.,COMMON
BBG000CPBCL8,73756,2007-12-24,,OII,OCEANEERING INTERNATIONAL INC,COMMON
BBG000CPHYL4,70318,2007-12-17,,THC,TENET HEALTHCARE CORP,COMMON
BBG000CPQZ77,865436,2007-12-18,2011-05-08,WFMI,WHOLE FOODS MARKET INC,COMMON
BBG000CPQZ77,865436,2011-05-09,2017-08-25,WFM,WHOLE FOODS MARKET INC,COMMON
BBG000CPZ0F5,882104,2007-12-27,2020-12-30,PDLI,PDL BIOPHARMA INC,COMMON
BBG000CQ0CD7,2065601,2012-11-13,2025-11-20,CBCY,CENTRAL BANCOMPANY INC CLASS A,CLASS A
BBG000CQ0CD7,2065601,2025-11-21,,CBC,CENTRAL BANCOMPANY INC CLASS A,CLASS A
BBG000CQB185,1273813,2007-12-18,,AGO,ASSURED GUARANTY LTD,COMMON
BBG000CQB684,1298341,2008-01-08,2011-12-01,NLC,NALCO HOLDING COMPANY,COMMON
BBG000CQV2N4,883984,2007-12-17,,ICUI,ICU MEDICAL INC,COMMON
BBG000CR20B1,1069157,2007-12-21,,EWBC,EAST WEST BANCORP INC,COMMON
BBG000CRTLP1,1096376,2007-12-17,2019-03-07,NTRI,NUTRI SYSTEM INC,COMMON
BBG000CS0D96,885550,2007-12-19,,CACC,CREDIT ACCEPTANCE CORP,COMMON
BBG000CS7CT9,885639,2007-12-17,,KSS,KOHLS CORP,COMMON
BBG000CS8TM8,887596,2007-12-17,,CAKE,CHEESECAKE FACTORY INC,COMMON
BBG000CSY9H9,886158,2008-01-04,2023-05-02,BBBY,BED BATH AND BEYOND INC,COMMON
BBG000CT56K1,792985,2007-12-17,2014-01-24,HMA,HEALTH MANAGEMENT ASSOCIATES INC C,COMMON
BBG000CTGXS2,887343,2008-01-29,,COLB,COLUMBIA BANKING SYSTEM INC,COMMON
BBG000CTM4J9,1060822,2007-12-28,,CRI,CARTERS INC,COMMON
BBG000CTQBF3,829224,2007-12-19,,SBUX,STARBUCKS CORP,COMMON
BBG000CTSZQ6,1060955,2013-02-07,,ICLR,ICON PLC,COMMON
BBG000CTV4N4,1101302,2008-01-17,,ENTG,ENTEGRIS INC,COMMON
BBG000CVRFS4,1468174,2009-12-23,,H,HYATT HOTELS CORP CLASS A,CLASS A
BBG000CVWGS6,718877,2008-01-03,2008-07-10,ATVI,ACTIVISION BLIZZARD INC,COMMON
BBG000CVWGS6,718877,2008-07-11,2008-07-20,ATVID,ACTIVISION BLIZZARD INC,COMMON
BBG000CVWGS6,718877,2008-07-21,2008-07-31,ATVI,ACTIVISION BLIZZARD INC,COMMON
BBG000CVWGS6,718877,2008-08-01,2008-08-07,ATVID,ACTIVISION BLIZZARD INC,COMMON
BBG000CVWGS6,718877,2008-08-08,2023-10-12,ATVI,ACTIVISION BLIZZARD INC,COMMON
BBG000CW9BM7,25232,2019-06-18,,CUZ,COUSINS PROPERTIES REIT INC,COMMON
BBG000CWL0F5,1124140,2008-03-07,2026-03-20,EXAS,EXACT SCIENCES CORP,COMMON
BBG000CX0P89,1123360,2007-12-18,,GPN,GLOBAL PAYMENTS INC,COMMON
BBG000CXD6X9,865752,2007-12-17,2012-01-08,HANS,MONSTER BEVERAGE CORP,COMMON
BBG000CXD6X9,865752,2012-01-09,2015-06-15,MNST,MONSTER BEVERAGE CORP,COMMON
BBG000CXLZ20,804269,2007-12-17,2010-09-30,ACF,AMERICREDIT CORP,COMMON
BBG000CXYSZ6,1048695,2007-12-21,,FFIV,F5 INC,COMMON
BBG000CYNBV7,916085,2007-12-24,2016-03-23,HNT,HEALTH NET INC.,COMMON
BBG000CZ8W54,1159036,2007-12-19,,HALO,HALOZYME THERAPEUTICS INC,COMMON
BBG000CZTB66,1302215,2015-08-17,,HLI,HOULIHAN LOKEY INC CLASS A,CLASS A
BBG000CZWZ05,1048477,2007-12-18,,BMRN,BIOMARIN PHARMACEUTICAL INC,COMMON
BBG000D0BMV9,1057758,2008-06-24,2014-10-31,TWTC,TW TELECOM INC CLASS A,CLASS A
BBG000D0FNV3,929008,2007-12-21,,WCC,WESCO INTERNATIONAL INC,COMMON
BBG000D13GN8,1617640,2015-02-19,2015-08-17,Z,ZILLOW GROUP INC CLASS A,CLASS A
BBG000D13GN8,1617640,2015-08-18,,ZG,ZILLOW GROUP INC CLASS A,CLASS A
BBG000D1QCF1,1135152,2008-01-11,2017-01-17,FTI,FMC TECHNOLOGIES INC,COMMON
BBG000D1Y3P1,1039399,2008-01-14,,FORM,FORMFACTOR INC,COMMON
BBG000D2H038,1324245,2008-01-09,2016-03-03,SLH,SOLERA HOLDINGS INC.,COMMON
BBG000D2JB50,899715,2007-12-17,,SKT,TANGER FACTORY OUTLET CENTERS REIT,COMMON
BBG000D2M0Z7,1034054,2007-12-17,,SBAC,SBA COMMUNICATIONS REIT CORP CLASS,CLASS A
BBG000D2M6H4,61986,2007-12-27,,MTW,MANITOWOC CO.,COMMON
BBG000D2ZTS8,1359841,2007-12-27,2025-11-28,HBI,HANESBRANDS INC,COMMON
BBG000D3JXM1,849395,2023-09-26,,CRH,CRH PUBLIC LIMITED PLC,COMMON
BBG000D3MB18,1270400,2007-12-17,2013-06-07,VMED,VIRGIN MEDIA INC,COMMON
BBG000D42FJ0,910638,2007-12-17,2011-05-26,TDSC,3D SYSTEMS CORP,COMMON
BBG000D42FJ0,910638,2011-05-27,,DDD,3D SYSTEMS CORP,COMMON
BBG000D4LWF6,1103982,2012-10-05,,MDLZ,MONDELEZ INTERNATIONAL INC CLASS A,CLASS A
BBG000D4YTR6,714310,2007-12-26,,VLY,VALLEY NATIONAL,COMMON
BBG000D52545,30697,2008-09-30,2008-09-30,WENZZZZ,WENDYS,COMMON
BBG000D52545,30697,2008-10-01,2011-07-10,WEN,WENDYS,COMMON
BBG000D52545,30697,2011-07-11,2011-07-11,WENZZZZ,WENDYS,COMMON
BBG000D52545,30697,2011-07-12,,WEN,WENDYS,COMMON
BBG000D5S4M0,931015,2007-12-17,,PII,POLARIS INC,COMMON
BBG000D6L294,1168054,2007-12-20,2021-09-30,XEC,CIMAREX ENERGY,COMMON
BBG000D6TC94,745308,2007-12-17,,JOE,ST JOE,COMMON
BBG000D6VW15,1158114,2013-10-01,,AAOI,APPLIED OPTOELECTRONICS INC,COMMON
BBG000D7DN13,1285551,2007-12-17,2008-11-18,CLWR,CLEARWIRE CORP CL A,CLASS A
BBG000D7DN13,1442505,2008-11-19,2008-12-01,CLWR,CLEARWIRE CORP CL A,CLASS A
BBG000D7DN13,1442505,2008-12-02,2008-12-30,CLWRD,CLEARWIRE CORP CL A,CLASS A
BBG000D7DN13,1442505,2008-12-31,2013-07-09,CLWR,CLEARWIRE CORP CL A,CLASS A
BBG000D7HF89,91767,2008-01-16,,SON,SONOCO PRODUCTS,COMMON
BBG000D7JKW9,1057352,2008-01-16,,CSGP,COSTAR GROUP INC,COMMON
BBG000D7RKJ5,827052,2008-01-03,,EIX,EDISON INTERNATIONAL,COMMON
BBG000D86F25,1486957,2010-08-05,2015-07-01,BWC,BWX TECHNOLOGIES INC,COMMON
BBG000D86F25,1486957,2015-07-02,2015-07-05,F102PS,BWX TECHNOLOGIES INC,COMMON
BBG000D86F25,1486957,2015-07-06,,BWXT,BWX TECHNOLOGIES INC,COMMON
BBG000D898T9,721371,2008-01-14,,CAH,CARDINAL HEALTH INC,COMMON
BBG000D8RG11,1013871,2007-12-27,,NRG,NRG ENERGY INC,COMMON
BBG000D9D830,1134538,2007-12-26,2009-08-31,ACN,ACCENTURE PLC CLASS A,CLASS A
BBG000D9D830,1467373,2009-09-01,,ACN,ACCENTURE PLC CLASS A,CLASS A
BBG000D9DMK0,920148,2008-01-16,2024-04-24,LH,LABORATORY CORPORATION OF AMERICA,COMMON
BBG000D9H9F1,899923,2008-01-10,,MYGN,MYRIAD GENETICS INC.,COMMON
BBG000D9KWL9,36270,2007-12-19,,MTB,M&T BANK CORP,COMMON
BBG000D9V7T4,706688,2008-09-17,2009-04-30,RNTA,AARONS INC.,COMMON
BBG000D9V7T4,706688,2009-05-01,2010-12-13,AANA,AARONS INC.,COMMON
BBG000D9V7T4,706688,2010-12-14,2020-10-16,AAN,AARONS INC.,COMMON
BBG000DB3KT1,1140536,2016-01-05,2022-01-11,WLTW,WILLIS TOWERS WATSON PLC,COMMON
BBG000DB3KT1,1140536,2022-01-12,,WTW,WILLIS TOWERS WATSON PLC,COMMON
BBG000DBKR53,88941,2008-01-18,,SMTC,SEMTECH CORP,COMMON
BBG000DBTPX7,1366684,2011-12-23,2015-12-14,AWAY,HOMEAWAY INC.,COMMON
BBG000DBVBY4,350797,2007-12-21,2021-02-26,EV,EATON VANCE COM NON VOTING CORP,COMMON
BBG000DCCZW2,880266,2007-12-17,2009-05-04,AG,AGCO CORP,COMMON
BBG000DCCZW2,880266,2009-05-05,,AGCO,AGCO CORP,COMMON
BBG000DCGRL8,1111928,2008-03-26,,IPGP,IPG PHOTONICS CORP,COMMON
BBG000DCNK80,110621,2007-12-20,,RPM,RPM INTERNATIONAL INC,COMMON
BBG000DD3510,922864,2007-12-21,,AIV,APARTMENT INVESTMENT AND MANAGEMEN,CLASS A
BBG000DDXVZ3,714603,2007-12-19,2018-04-16,DST,DST SYSTEMS INC,COMMON
BBG000DFMXT3,929940,2008-01-24,2022-05-17,AZPN,ASPEN TECHNOLOGY INC,COMMON
BBG000DGLTG5,1308547,2008-01-16,,DLB,DOLBY LABORATORIES INC CLASS A,CLASS A
BBG000DGM399,715096,2007-12-21,2008-03-28,CBH,COMMERCE BANCORP INC,COMMON
BBG000DGPR66,1144519,2007-12-21,2023-10-31,BG,BUNGE LTD,COMMON
BBG000DGZ1B6,1020416,2007-12-17,2008-11-11,MNST,MONSTER WORLDWIDE INC,COMMON
BBG000DGZ1B6,1020416,2008-11-12,2008-11-17,MWW,MONSTER WORLDWIDE INC,COMMON
BBG000DGZ1B6,1020416,2008-11-18,2008-11-18,MNST,MONSTER WORLDWIDE INC,COMMON
BBG000DGZ1B6,1020416,2008-11-19,2009-06-08,MWW,MONSTER WORLDWIDE INC,COMMON
BBG000DH7JK6,77476,2008-01-14,,PEP,PEPSICO INC,COMMON
BBG000DHM3H8,1339947,2008-05-07,2019-12-04,VIA,VIACOM INC CLASS A,CLASS A
BBG000DHNDK1,1468516,2009-12-11,2015-06-22,AOL,AOL INC,COMMON
BBG000DHPN63,726728,2007-12-17,,O,REALTY INCOME REIT CORP,COMMON
BBG000DHSPT0,1339947,2007-12-17,2019-12-04,VIA-B,VIACOM INC CLASS B,CLASS B
BBG000DJN7L9,105016,2007-12-19,,WSO,WATSCO INC,COMMON
BBG000DKCC19,100493,2008-01-08,,TSN,TYSON FOODS INC CLASS A,CLASS A
BBG000DM12W5,2491,2007-12-24,2014-11-21,BYI,BALLY TECHNOLOGIES INC.,COMMON
BBG000DMBXR2,1325347,2007-12-17,2009-03-19,JPM,JPMORGAN CHASE & CO,COMMON
BBG000DMBXR2,19617,2009-03-20,,JPM,JPMORGAN CHASE & CO,COMMON
BBG000DN4ZT1,1077428,2008-01-18,,TCBI,TEXAS CAPITAL BANCSHARES INC,COMMON
BBG000DN7P92,310764,2007-12-19,,SYK,STRYKER CORP,COMMON
BBG000DNTSP4,1373835,2008-01-08,2017-02-24,SE,SPECTRA ENERGY CORP,COMMON
BBG000DPKKK0,1042046,2008-01-16,,AFG,AMERICAN FINANCIAL GROUP INC,COMMON
BBG000DPRDJ1,107140,2008-01-02,2022-04-03,JW-A,JOHN WILEY AND SONS INC CLASS A,CLASS A
BBG000DPRDJ1,107140,2022-04-04,,WLY,JOHN WILEY AND SONS INC CLASS A,CLASS A
BBG000DQLV23,14272,2007-12-17,,BMY,BRISTOL MYERS SQUIBB,COMMON
BBG000DQN9R3,769520,2008-01-09,,MIDD,MIDDLEBY CORP,COMMON
BBG000DQTXY6,882184,2007-12-17,,DHI,D R HORTON INC,COMMON
BBG000DQV538,1179755,2008-01-14,2017-03-28,ENH,ENDURANCE SPECIALTY HOLDINGS LTD.,COMMON
BBG000DQV8M1,1010775,2007-12-17,2010-12-03,MIR,MIRANT CORP NEW,COMMON
BBG000DQX1D4,1135971,2008-01-16,2016-03-23,POM,PEPCO HOLDINGS INC,COMMON
BBG000DR5QP5,78890,2008-01-16,,BCO,BRINKS CO,COMMON
BBG000DR87M7,1692063,2017-04-11,,SNDR,SCHNEIDER NATIONAL INC CLASS B,CLASS B
BBG000DS5588,109177,2018-07-17,,SPB,SPECTRUM BRANDS HOLDINGS INC,COMMON
BBG000DSJYS8,1144879,2022-04-18,,APLD,APPLIED DIGITAL CORP,COMMON
BBG000DSMS70,1110803,2007-12-17,,ILMN,ILLUMINA INC,COMMON
BBG000DST2V3,1066107,2007-12-24,2012-05-24,EP,EL PASO CORP,COMMON
BBG000DTMH63,1458891,2009-03-27,2009-03-29,NEZZZZ,NOBLE CORP PLC,COMMON
BBG000DTMH63,1458891,2009-03-30,2013-11-19,NE,NOBLE CORP PLC,COMMON
BBG000DTMH63,1458891,2013-11-20,2013-11-20,NEZZZZ,NOBLE CORP PLC,COMMON
BBG000DTMH63,1458891,2013-11-21,2020-07-30,NE,NOBLE CORP PLC,COMMON
BBG000DTRKK5,28630,2008-01-16,2008-10-21,DRS,DRS TECHNOLOGIES INC,COMMON
BBG000DV7MX4,1097864,2007-12-18,2015-04-06,ONNN,ON SEMICONDUCTOR CORP.,COMMON
BBG000DV7MX4,1097864,2015-04-07,,ON,ON SEMICONDUCTOR CORP.,COMMON
BBG000DW4937,812900,2007-12-28,2013-11-04,SKS,SAKS INC,COMMON
BBG000DW4LB1,7431,2007-12-21,,AWI,ARMSTRONG WORLD INDUSTRIES INC,COMMON
BBG000DW4Q75,352541,2008-01-15,,LNT,ALLIANT ENERGY CORP,COMMON
BBG000DW76Y6,814547,2007-12-18,2009-08-18,FIC,FAIR ISAAC CORP,COMMON
BBG000DW76Y6,814547,2009-08-19,,FICO,FAIR ISAAC CORP,COMMON
BBG000DWG505,1067983,2010-01-22,,BRKB,BERKSHIRE HATHAWAY INC CLASS B,CLASS B
BBG000DWMRV6,1051741,2008-01-23,2016-07-29,FNFG,FIRST NIAGARA FINANCIAL GROUP INC.,COMMON
BBG000DX9JV7,933974,2007-12-17,2021-12-02,BRKS,AZENTA INC,COMMON
BBG000DX9JV7,933974,2021-12-03,,AZTA,AZENTA INC,COMMON
BBG000DXVB85,820237,2008-01-16,2012-07-31,GPRO,GEN-PROBE INC.,COMMON
BBG000DY28W5,12208,2008-01-14,,BIO,BIO RAD LABORATORIES INC CLASS A,CLASS A
BBG000DY6735,105319,2008-01-16,2012-06-28,WTW,WW INTERNATIONAL INC,COMMON
BBG000DY6735,105319,2012-06-29,2013-12-31,WW,WW INTERNATIONAL INC,COMMON
BBG000DY8ZS4,1603923,2014-06-19,2019-05-10,WFT,WEATHERFORD INTERNATIONAL PLC,COMMON
BBG000DYGNW7,927653,2008-01-16,,MCK,MCKESSON CORP,COMMON
BBG000DYXD23,15615,2007-12-19,,MTZ,MASTEC INC,COMMON
BBG000DZCFX4,1528129,2011-12-21,2020-06-02,LPI,LAREDO PETROLEUM INC,COMMON
BBG000DZJVH0,1142417,2007-12-18,,NXST,NEXSTAR MEDIA GROUP INC,COMMON
BBG000DZK6N6,935494,2008-01-16,2023-10-10,NATI,NATIONAL INSTRUMENTS CORP,COMMON
BBG000DZMH32,5187,2007-12-27,2009-10-15,WYE,WYETH,COMMON
BBG000F02T51,1632127,2015-07-06,,CABO,CABLE ONE INC,COMMON
BBG000F0CD91,46619,2008-06-16,,HEI-A,HEICO CORP CLASS A,CLASS A
BBG000F0PF65,1105705,2007-12-17,2018-06-14,TWX,TIME WARNER INC,COMMON
BBG000F0ZXG4,1091862,2007-12-19,2009-03-17,CEM,CHEMTURA CORP,COMMON
BBG000F15NW9,203077,2007-12-19,2017-01-04,STJ,ST JUDE MEDICAL INC,COMMON
BBG000F1C7F5,64996,2008-01-14,,MCY,MERCURY GENERAL CORP,COMMON
BBG000F1ZSN5,882835,2007-12-18,,ROP,ROPER TECHNOLOGIES INC,COMMON
BBG000F1ZSQ2,1141391,2007-12-17,,MA,MASTERCARD INC CLASS A,CLASS A
BBG000F2XXP2,912752,2007-12-27,2023-05-31,SBGI,SINCLAIR BROADCAST GROUP INC CLASS,CLASS A
BBG000F395V1,1024305,2013-06-17,,COTY,COTY INC CLASS A,CLASS A
BBG000F4VS53,1168335,2007-12-17,2009-02-26,EYE,ADVANCED MEDICAL OPTICS,COMMON
BBG000F4W0M4,701374,2010-05-13,2010-06-23,SXFL,SIX FLAGS ENTERTAINMENT CORP,COMMON
BBG000F4W0M4,701374,2010-06-24,2024-07-01,SIX,SIX FLAGS ENTERTAINMENT CORP,COMMON
BBG000F5VVB6,1120193,2007-12-17,,NDAQ,NASDAQ INC,COMMON
BBG000F5YH15,1091907,2008-02-28,2023-09-11,WWE,WORLD WRESTLING ENTERTAINMENT INC,CLASS A
BBG000F61RJ8,868857,2008-01-14,,ACM,AECOM,COMMON
BBG000F64MM2,1354513,2007-12-20,2016-05-18,CTCM,CTC MEDIA INC,COMMON
BBG000F6H8W8,909832,2007-12-17,,COST,COSTCO WHOLESALE CORP,COMMON
BBG000F6ZWH2,1089063,2007-12-24,,DKS,DICKS SPORTING INC,COMMON
BBG000F79GY5,945394,2019-09-25,,SVC,SERVICE PROPERTIES TRUST,COMMON
BBG000F7GST7,1381668,2008-01-15,,TFSL,TFS FINANCIAL CORP,COMMON
BBG000F7RCJ1,1158449,2007-12-18,,AAP,ADVANCE AUTO PARTS INC,COMMON
BBG000F80SZ5,945436,2007-12-17,2013-06-02,WFR,SUNEDISON INC.,COMMON
BBG000F80SZ5,945436,2013-06-03,2016-04-20,SUNE,SUNEDISON INC.,COMMON
BBG000F86GP6,1059556,2007-12-17,,MCO,MOODYS CORP,COMMON
BBG000F9KJN4,1107694,2008-08-15,2016-11-02,RAX,RACKSPACE HOSTING INC,COMMON
BBG000FBK808,945764,2007-12-18,2020-07-28,DNR,DENBURY RESOURCES INC,COMMON
BBG000FBR384,789073,2008-01-16,2011-10-06,FO,BEAM INC,COMMON
BBG000FBR384,789073,2011-10-07,2014-04-30,BEAM,BEAM INC,COMMON
BBG000FBRL11,1605607,2014-11-25,2025-12-18,PGRE,PARAMOUNT GROUP REIT INC,COMMON
BBG000FBWYH0,1127703,2007-12-28,2026-06-25,PRA,PROASSURANCE CORP,COMMON
BBG000FC7366,1096343,2008-01-16,,MKL,MARKEL GROUP INC,COMMON
BBG000FC9SM1,701853,2008-01-16,2017-10-31,BXS,BANCORPSOUTH INC,COMMON
BBG000FDBX90,1130310,2007-12-18,,CNP,CENTERPOINT ENERGY INC,COMMON
BBG000FF9HX6,1124827,2008-01-07,2016-01-21,UTIW,UTI WORLDWIDE INC,COMMON
BBG000FFC0B3,71691,2007-12-17,,NYT,NEW YORK TIMES CLASS A,CLASS A
BBG000FFDM15,36104,2007-12-20,,USB,US BANCORP,COMMON
BBG000FFFQR6,1288403,2007-12-20,,WTI,W&T OFFSHORE INC,COMMON
BBG000FFH4P5,30625,2007-12-19,,FLS,FLOWSERVE CORP,COMMON
BBG000FG3C43,1000180,2007-12-19,2016-05-11,SNDK,SANDISK CORP,COMMON
BBG000FGMKY1,1090425,2008-01-02,,LAMR,LAMAR ADVERTISING COMPANY CLAS,CLASS A
BBG000FH8PX5,1578845,2013-10-02,2015-06-15,ACT,ALLERGAN,COMMON
BBG000FH8PX5,1578845,2015-06-16,2020-05-08,AGN,ALLERGAN,COMMON
BBG000FHZ756,833081,2007-12-31,2011-05-31,PDE,PRIDE INTERNATIONAL INC,COMMON
BBG000FJH8W0,944695,2008-01-16,,THG,HANOVER INSURANCE GROUP INC,COMMON
BBG000FJJW82,77551,2008-01-07,2008-11-21,ABI,APPLERA CORP APPLIED,COMMON
BBG000FJLFX8,1122304,2007-12-18,2018-11-28,AET,AETNA INC,COMMON
BBG000FJP263,3673,2008-01-16,2011-02-25,AYE,ALLEGHENY ENERGY INC,COMMON
BBG000FJRZ68,949039,2007-12-19,2020-04-24,DO,DIAMOND OFFSHORE DRILLING INC,COMMON
BBG000FJWF20,1967649,2023-10-03,,VSTS,VESTIS CORP,COMMON
BBG000FKJRC5,1001250,2007-12-17,,EL,ESTEE LAUDER INC CLASS A,CLASS A
BBG000FKMP26,927003,2008-01-28,,AEIS,ADVANCED ENERGY INDUSTRIES INC,COMMON
BBG000FKYVH4,1001288,2007-12-17,2016-11-28,LXK,LEXMARK INTERNATIONAL INC.,CLASS A
BBG000FL1TC8,1465112,2009-11-20,2009-11-22,25490A,DIRECTV,COMMON
BBG000FL1TC8,1465112,2009-11-23,2012-08-27,DTV,DIRECTV,COMMON
BBG000FL1TC8,1465112,2012-08-28,2012-08-28,25490A,DIRECTV,COMMON
BBG000FL1TC8,1465112,2012-08-29,2015-07-24,DTV,DIRECTV,COMMON
BBG000FLF615,1214816,2007-12-31,,AXS,AXIS CAPITAL HOLDINGS LTD,COMMON
BBG000FLPRH1,723612,2008-01-04,,CAR,AVIS BUDGET GROUP INC,COMMON
BBG000FLZN98,851968,2007-12-17,,MHK,MOHAWK INDUSTRIES INC,COMMON
BBG000FNRZ69,1364479,2007-12-27,2016-06-27,HTZ,HERC HOLDINGS INC,COMMON
BBG000FNRZ69,1657853,2016-06-28,2016-06-30,HTZ,HERC HOLDINGS INC,COMMON
BBG000FNRZ69,1364479,2016-07-01,2016-07-04,HTZ,HERC HOLDINGS INC,COMMON
BBG000FNRZ69,1364479,2016-07-05,,HRI,HERC HOLDINGS INC,COMMON
BBG000FP1N32,1002047,2008-01-11,,NTAP,NETAPP INC,COMMON
BBG000FPNN38,1520697,2011-11-02,,ACHC,ACADIA HEALTHCARE COMPANY INC,COMMON
BBG000FQ6PY6,877890,2007-12-17,2022-09-29,CTXS,CITRIX SYSTEMS INC,COMMON
BBG000FQ7YR4,1335258,2007-12-17,,LYV,LIVE NATION ENTERTAINMENT INC,COMMON
BBG000FQRVM3,1000697,2007-12-18,,WAT,WATERS CORP,COMMON
BBG000FRBSS9,36995,2007-12-17,2008-12-05,WB,WACHOVIA CORP,COMMON
BBG000FRJVJ4,110430,2007-12-21,2011-06-30,FTO,FRONTIER OIL CORP,COMMON
BBG000FRVFM1,1003124,2007-12-18,2011-12-15,PPDI,PHARMACEUTICAL PROD,COMMON
BBG000FRVHB9,740260,2007-12-26,,VTR,VENTAS REIT INC,COMMON
BBG000FSMWC3,719955,2007-12-17,,WSM,WILLIAMS SONOMA INC,COMMON
BBG000FTLBV7,1425205,2017-06-28,,IOVA,IOVANCE BIOTHERAPEUTICS INC,COMMON
BBG000FV1Z23,1051470,2008-01-14,,CCI,CROWN CASTLE INC,COMMON
BBG000FV28W9,1434588,2008-12-05,,LOPE,GRAND CANYON EDUCATION INC,COMMON
BBG000FVQ185,867773,2011-11-17,2024-08-15,SPWR,SUNPOWER CORP.,COMMON
BBG000FVQ434,1316360,2007-12-28,2016-07-12,IHS,IHS INC CLASS A,CLASS A
BBG000FVXD63,315852,2007-12-26,,RRC,RANGE RESOURCES CORP,COMMON
BBG000FXW512,31791,2008-01-16,2023-05-18,PKI,REVVITY INC,COMMON
BBG000FXW512,31791,2023-05-19,,RVTY,REVVITY INC,COMMON
BBG000FXYZF9,933136,2007-12-17,2008-09-29,WM,WASHINGTON MUTUAL INC,COMMON
BBG000FY4S11,831001,2007-12-17,,C,CITIGROUP INC,COMMON
BBG000FYNMX8,872821,2008-01-16,2011-05-13,WL,WILMINGTON TRUST CORP,COMMON
BBG000G0PPW3,895930,2008-01-11,2016-12-01,AMSG,AMSURG CORP.,COMMON
BBG000G0Z878,874766,2008-01-16,,HIG,HARTFORD INSURANCE GROUP INC,COMMON
BBG000G30YX4,899866,2007-12-24,2021-07-20,ALXN,ALEXION PHARMACEUTICALS INC,COMMON
BBG000G3QLY3,820027,2008-01-16,,AMP,AMERIPRISE FINANCE INC,COMMON
BBG000G5H5S0,1004440,2007-12-20,2012-03-12,CEG,CONSTELLATION ENERGY GRP,COMMON
BBG000G6BN50,724606,2007-12-18,2017-07-17,PNRA,PANERA BREAD CLASS A,CLASS A
BBG000G6Y5W4,63754,2007-12-27,,MKC,MCCORMICK & CO NON-VOTING INC,COMMON
BBG000G7CDN9,1604028,2014-07-30,,WMS,ADVANCED DRAINAGE SYSTEMS INC,COMMON
BBG000G7PNS8,776867,2008-01-16,,WTM,WHITE MOUNTAINS INSURANCE GROUP LT,COMMON
BBG000G7QX50,1577916,2013-10-01,2025-11-24,PINC,PREMIER INC CLASS A,CLASS A
BBG000G8M3Q5,1011659,2007-12-19,2009-06-08,UB,UNIONBANCAL CORP,COMMON
BBG000G8N9C6,72333,2007-12-20,2025-05-20,JWN,NORDSTROM INC,COMMON
BBG000G9CGL0,1232524,2012-01-19,,JAZZ,JAZZ PHARMACEUTICALS PLC,COMMON
BBG000GC80B4,1385187,2011-03-22,2015-01-26,COV,COVIDIEN ORD,COMMON
BBG000GHZSZ6,36966,2007-12-17,,FHN,FIRST HORIZON CORP,COMMON
BBG000GJS7C1,914475,2007-12-17,,NBIX,NEUROCRINE BIOSCIENCES INC,COMMON
BBG000GLBN48,1012140,2008-01-07,2013-09-30,ONXX,ONYX PHARMACEUTICALS INC.,COMMON
BBG000GMDMK8,1012620,2008-06-02,2019-12-27,GWR,GENESEE & WYOMING INC CLASS A,CLASS A
BBG000GMGNB3,1324948,2008-03-03,2022-09-26,ROLL,RBC BEARINGS INC,COMMON
BBG000GMGNB3,1324948,2022-09-27,,RBC,RBC BEARINGS INC,COMMON
BBG000GPXKX9,1175454,2010-12-20,2024-03-26,FLT,CORPAY INC,COMMON
BBG000GPXKX9,1175454,2024-03-27,,CPAY,CORPAY INC,COMMON
BBG000GQ1G25,1008654,2007-12-31,2024-09-16,TUP,TUPPERWARE BRANDS CORP,COMMON
BBG000GQ7K93,1408075,2008-03-12,,GPK,GRAPHIC PACKAGING HOLDING,COMMON
BBG000GQGJT4,1320695,2008-01-18,2026-02-10,THS,TREEHOUSE FOODS INC,COMMON
BBG000GQJPZ0,1050446,2008-02-21,,MSTR,STRATEGY INC CLASS A,CLASS A
BBG000GTYWL7,1015820,2007-12-19,,QGEN,QIAGEN NV,COMMON
BBG000GVTP33,1369817,2008-01-16,2017-09-27,OB,ONEBEACON INSURANCE GRP,CLASS A
BBG000GX14P2,1368622,2008-01-22,,AVAV,AEROVIRONMENT INC,COMMON
BBG000GXZ4W7,1013462,2008-02-08,2025-07-16,ANSS,ANSYS INC,COMMON
BBG000GYLKX3,91388,2007-12-19,2013-09-26,SFD,SMITHFIELD FOODS INC.,COMMON
BBG000GZD660,912183,2007-12-27,2015-01-21,CBST,CUBIST PHARMACEUTICALS INC.,COMMON
BBG000GZQ728,34088,2007-12-18,2026-07-02,XOM,EXXON MOBIL CORP,COMMON
BBG000H01H92,1514991,2011-07-13,,AMCX,AMC NETWORKS CLASS A INC,CLASS A
BBG000H1RYG7,1013857,2008-06-09,,PEGA,PEGASYSTEMS INC,COMMON
BBG000H28X05,1084230,2008-01-16,2010-02-26,PAS,PEPSIAMERICAS INC,COMMON
BBG000H3FZM6,861878,2007-12-27,2024-11-01,SRCL,STERICYCLE INC,COMMON
BBG000H3GDJ8,860748,2008-01-16,2011-08-24,UTR,KEMPER CORP,COMMON
BBG000H3GDJ8,860748,2011-08-25,,KMPR,KEMPER CORP,COMMON
BBG000H3YXF8,723254,2007-12-27,,CTAS,CINTAS CORP,COMMON
BBG000H4NW15,1018003,2008-01-09,2016-12-05,IM,INGRAM MICRO INC. SHS -A-,CLASS A
BBG000H4YVR7,1011835,2007-12-18,2016-09-27,MDVN,MEDIVATION INC.,COMMON
BBG000H50PN8,1054833,2008-01-14,2013-05-06,CVH,COVENTRY HEALTH CARE INC,COMMON
BBG000H556T9,773840,2007-12-18,2026-07-13,HON,HONEYWELL INTERNATIONAL INC,COMMON
BBG000H556T9,773840,2026-07-14,2026-07-15,HONZZZZ,HONEYWELL INTERNATIONAL INC,COMMON
BBG000H556T9,773840,2026-07-16,,HON,HONEYWELL INTERNATIONAL INC,COMMON
BBG000H6HNW3,1418091,2013-11-12,2022-10-27,TWTR,TWITTER INC,COMMON
BBG000H6K1B0,1019849,2007-12-19,,PAG,PENSKE AUTOMOTIVE GROUP VOTING INC,COMMON
BBG000H89QJ6,1377013,2007-12-17,2016-05-17,TWC,TIME WARNER CABLE INC,COMMON
BBG000H8LGK2,893949,2007-12-26,2009-01-01,PDX,MEDNAX INC,COMMON
BBG000H8LGK2,893949,2009-01-02,2009-01-22,MD,MEDNAX INC,COMMON
BBG000H8LGK2,893949,2009-01-23,2009-01-25,PDX,MEDNAX INC,COMMON
BBG000H8LGK2,893949,2009-01-26,,MD,MEDNAX INC,COMMON
BBG000H8TVT2,27419,2007-12-18,,TGT,TARGET CORP,COMMON
BBG000H9G7X2,1018840,2007-12-26,,ANF,ABERCROMBIE & FITCH CO. CL A,CLASS A
BBG000HBFQP5,1408710,2010-06-30,,FN,FABRINET,COMMON
BBG000HCJMF9,1137774,2007-12-21,,PRU,PRUDENTIAL FINANCIAL INC,COMMON
BBG000HD3DW5,1015328,2007-12-28,,WTFC,WINTRUST FINANCIAL CORP,COMMON
BBG000HF28Q9,1298675,2011-09-19,,CUBE,CUBESMART REIT,COMMON
BBG000HG21Y3,1021561,2008-03-03,,NUS,NU SKIN ENTERPRISES INC CLASS A,CLASS A
BBG000HGYNZ9,1022671,2007-12-18,,STLD,STEEL DYNAMICS INC,COMMON
BBG000HHLBF9,797721,2008-03-18,,VSAT,VIASAT INC,COMMON
BBG000HNMMT6,51548,2008-01-16,2019-10-17,ISCA,INTERNATIONAL SPEEDWAY,CLASS A
BBG000HS77T5,732712,2007-12-17,,VZ,VERIZON COMMUNICATIONS INC,COMMON
BBG000HXNN20,947484,2007-12-19,,ACGL,ARCH CAPITAL GROUP LTD,COMMON
BBG000HZFZX3,794323,2007-12-17,2017-10-31,LVLT,LEVEL COMMUNICATIONS INC,COMMON
BBG000HZT3L2,1046861,2007-12-21,2008-09-16,EAS,ENERGY EAST CORP,COMMON
BBG000J094P3,1384905,2013-10-04,,RNG,RINGCENTRAL INC CLASS A,CLASS A
BBG000J0D904,768835,2007-12-18,2024-09-06,BIG,BIG LOTS INC.,COMMON
BBG000J1QLT0,16918,2008-01-10,,STZ,CONSTELLATION BRANDS INC CLASS A,CLASS A
BBG000J2XL74,1413329,2008-04-03,,PM,PHILIP MORRIS INTERNATIONAL INC,COMMON
BBG000J453J8,1334978,2008-01-16,2019-05-01,CCO,CLEAR CHANNEL OUTDOOR HOLDINGS INC,CLASS A
BBG000J4L211,1332349,2007-12-17,,BKD,BROOKDALE SENIOR LIVING INC,COMMON
BBG000J5Q6L2,1276520,2007-12-21,,GNW,GENWORTH FINANCIAL A INC,COMMON
BBG000J6XT05,1109357,2007-12-18,,EXC,EXELON CORP,COMMON
BBG000J7Q1L9,866829,2007-12-18,,HLX,HELIX ENERGY SOLUTIONS,COMMON
BBG000J8CD72,2135,2007-12-18,2010-02-05,ACS,AFFILIATED COMPUTER SVCS,COMMON
BBG000JB27Y9,1457543,2009-09-04,2015-03-16,CFN,CAREFUSION CORP,COMMON
BBG000JBN3X6,,2007-12-17,2013-12-06,LCC,U S AIRWAYS GROUP INC,COMMON
BBG000JBSJZ4,1331875,2007-12-26,2014-07-01,FNF,FIDELITY NATIONAL FINANCIAL INC CL,COMMON
BBG000JCPGZ1,1520006,2012-02-07,,MTDR,MATADOR RESOURCES,COMMON
BBG000JD6TN5,874238,2008-03-19,,STRL,STERLING INFRASTRUCTURE INC,COMMON
BBG000JDN9K3,1175609,2011-06-21,2018-07-05,CAVM,CAVIUM INC,COMMON
BBG000JG0547,8670,2007-12-17,,ADP,AUTOMATIC DATA PROCESSING INC,COMMON
BBG000JGQ3K6,37748,2007-12-17,2011-06-01,MEE,MASSEY ENERGY CORP,COMMON
BBG000JH6683,874015,2007-12-19,2015-12-23,ISIS,IONIS PHARMACEUTICALS INC,COMMON
BBG000JH6683,874015,2015-12-24,,IONS,IONIS PHARMACEUTICALS INC,COMMON
BBG000JHRSB8,916459,2008-01-16,2013-07-30,GDI,GARDNER DENVER INC.,COMMON
BBG000JKFQB8,1555365,2012-10-31,2017-04-11,WWAV,WHITEWAVE FOODS,COMMON
BBG000JLC8L8,920371,2007-12-17,,SSD,SIMPSON MANUFACTURING INC,COMMON
BBG000JN7HR4,831967,2007-12-18,2011-11-04,KCI,KINETIC CONCEPTS INC,COMMON
BBG000JN9BQ6,1037016,2008-01-11,2014-09-24,NIHD,NII HOLDINGS INC,COMMON
BBG000JVJ8N7,1042776,2010-02-18,,PDM,PIEDMONT OFFICE REALTY TRUST REIT,COMMON
BBG000JWD753,1300514,2007-12-17,,LVS,LAS VEGAS SANDS CORP,COMMON
BBG000JXRXK2,811830,2007-12-17,2009-06-08,SOV,SOVEREIGN BANCORP INC,COMMON
BBG000JYP7L8,1306830,2007-12-19,,CE,CELANESE CORP,COMMON
BBG000K008L5,1366868,2025-02-12,,GSAT,GLOBALSTAR VOTING INC,COMMON
BBG000K14Q84,801898,2007-12-27,2011-12-07,JOYG,JOY GLOBAL INC,COMMON
BBG000K14Q84,801898,2011-12-08,2017-04-05,JOY,JOY GLOBAL INC,COMMON
BBG000K14TT5,1207179,2007-12-17,,GLNG,GOLAR LNG LTD,COMMON
BBG000K1T0M8,929351,2016-12-12,2025-05-05,LGFA,LIONS GATE ENTERTAINMENT VOTING CO,COMMON
BBG000K1T9L0,1125376,2007-12-27,,ENSG,ENSIGN GROUP INC,COMMON
BBG000K1X873,919226,2008-01-14,2009-02-04,SSCC,SMURFIT-STONE CONTAINER,COMMON
BBG000K1X873,919226,2009-02-05,2009-06-08,SSCCQ,SMURFIT-STONE CONTAINER,COMMON
BBG000K3BC83,1023128,2007-12-20,,LAD,LITHIA MOTORS INC CLASS A,CLASS A
BBG000K3T8L8,1143068,2008-01-16,2018-06-04,GXP,GREAT PLAINS ENERGY INC,COMMON
BBG000K4ND22,93410,2007-12-17,,CVX,CHEVRON CORP,COMMON
BBG000K7PWX7,1080099,2008-01-11,2015-08-06,INFA,INFORMATICA CORP.,COMMON
BBG000K88H58,887936,2007-12-19,,FCN,FTI CONSULTING INC,COMMON
BBG000KBQZ88,1363851,2012-07-11,2015-08-02,CTRX,CATAMARAN CORP,COMMON
BBG000KCZPC3,1020569,2008-01-11,,IRM,IRON MOUNTAIN INC,COMMON
BBG000KHWT55,47217,2007-12-17,,HPQ,HP INC,COMMON
BBG000KJP3V7,19446,2008-04-18,2016-12-07,CMN,CANTEL MEDICAL CORP,COMMON
BBG000KJP3V7,19446,2016-12-08,2021-06-01,CMD,CANTEL MEDICAL CORP,COMMON
BBG000KKVD81,920760,2008-02-13,,LEN-B,LENNAR CORP CLASS B,CLASS B
BBG000KLB4Q1,4127,2008-01-09,,SWKS,SKYWORKS SOLUTIONS INC,COMMON
BBG000KQY8Y7,16058,2008-03-31,2009-05-05,CAI,CACI INTERNATIONAL INC CLASS A,CLASS A
BBG000KQY8Y7,16058,2009-05-06,,CACI,CACI INTERNATIONAL INC CLASS A,CLASS A
BBG000KZCJJ4,1362988,2008-01-16,2020-03-27,AYR,AIRCASTLE LTD,COMMON
BBG000L0R4R8,817366,2008-01-14,2017-09-11,WOOF,VCA INC,COMMON
BBG000L2Q7C4,1509991,2012-06-29,,KOS,KOSMOS ENERGY LTD,COMMON
BBG000L4M7F1,943819,2007-12-17,,RMD,RESMED INC,COMMON
BBG000L5CJF3,1166003,2011-09-06,,XPO,XPO INC,COMMON
BBG000L8CBX4,1260221,2007-12-21,,TDG,TRANSDIGM GROUP INC,COMMON
BBG000L8QT60,1130258,2008-01-25,2013-03-28,APKT,ACME PACKET INC.,COMMON
BBG000L9CV04,1090727,2007-12-21,,UPS,UNITED PARCEL SERVICE INC CLASS B,CLASS B
BBG000LC1FS4,1018963,2008-01-08,,ATI,ATI INC,COMMON
BBG000LD9JQ8,1174922,2008-01-02,,WYNN,WYNN RESORTS LTD,COMMON
BBG000LJQ3H1,1493594,2012-03-21,,MTSI,MACOM TECHNOLOGY SOLUTIONS INC,COMMON
BBG000LR8515,1368458,2007-12-17,,SBH,SALLY BEAUTY HOLDINGS INC,COMMON
BBG000LV0836,1381197,2008-01-11,,IBKR,INTERACTIVE BROKERS GROUP INC CLAS,CLASS A
BBG000M1J270,1465128,2009-08-18,,STWD,STARWOOD PROPERTY TRUST REIT INC,COMMON
BBG000M1R011,1373715,2012-07-09,,NOW,SERVICENOW INC,COMMON
BBG000M34GG1,1289790,2008-03-04,2022-07-20,MIC,MACQUARIE INFRASTRUCTURE CORP,COMMON
BBG000M44VW8,1370946,2007-12-17,,OC,OWENS CORNING,COMMON
BBG000M65M61,100517,2010-10-01,,UAL,UNITED AIRLINES HOLDINGS INC,COMMON
BBG000M6TR37,1288784,2008-02-05,2026-08-25,SBNY,SIGNATURE BANK,COMMON
BBG000M9KP89,1283630,2008-01-14,2022-08-09,ACC,AMERICAN CAMPUS COMMUNITIES REIT I,COMMON
BBG000MBDGM6,1101239,2007-12-21,,EQIX,EQUINIX REIT INC,COMMON
BBG000MBHNC8,1179929,2007-12-17,,MOH,MOLINA HEALTHCARE INC,COMMON
BBG000MBPVL1,1241199,2007-12-17,2014-04-07,CSE,CAPITALSOURCE INC,COMMON
BBG000MDCQC2,1140859,2007-12-24,2023-08-31,ABC,CENCORA INC,COMMON
BBG000MDCQC2,1140859,2023-09-01,,COR,CENCORA INC,COMMON
BBG000MG3Y65,1465740,2009-11-09,2022-11-02,TWO,TWO HARBORS INVESTMENT REIT CORP,COMMON
BBG000MHTV89,1352010,2012-02-13,,EPAM,EPAM SYSTEMS INC,COMMON
BBG000MJRJJ2,1498828,2010-11-12,2023-08-11,HHC,HOWARD HUGHES CORP,COMMON
BBG000MM2P62,1326801,2012-05-21,2022-06-12,FB,META PLATFORMS INC CLASS A,CLASS A
BBG000MM2P62,1326801,2022-06-13,,META,META PLATFORMS INC CLASS A,CLASS A
BBG000MM5VL9,1180262,2007-12-26,,HLF,HERBALIFE NUTRITION LTD,COMMON
BBG000MQ1SN9,927066,2008-01-10,,DVA,DAVITA INC,COMMON
BBG000MRMY60,1170650,2008-01-16,2012-03-30,MHS,MEDCO HEALTH SOLUTIONS,COMMON
BBG000MTPB18,925645,2007-12-24,2020-10-12,CETV,CENTRAL EUROPEAN MEDIA,CLASS A
BBG000MW0PF2,1171825,2007-12-17,2009-11-08,CIT,CIT GROUP INC,COMMON
BBG000MW0PF2,1171825,2009-11-09,2009-12-16,CITGQ,CIT GROUP INC,COMMON
BBG000MYZDJ3,1375365,2008-03-11,,SMCI,SUPER MICRO COMPUTER INC,COMMON
BBG000MZFMS2,1009356,2007-12-18,2015-03-31,SLXP,SALIX PHARMACEUTICALS LTD.,COMMON
BBG000N2HDY5,1596532,2014-06-12,,ANET,ARISTA NETWORKS INC,COMMON
BBG000N49069,944809,2007-12-17,,OPK,OPKO HEALTH INC,COMMON
BBG000N625H8,924805,2017-09-29,2017-10-03,BMBMD,FREEDOM HOLDING CORP,COMMON
BBG000N625H8,924805,2017-10-04,,FRHC,FREEDOM HOLDING CORP,COMMON
BBG000N746D6,1015780,2007-12-17,2010-06-01,ETFC,E TRADE FINANCIAL CORP,COMMON
BBG000N746D6,1015780,2010-06-02,2010-06-30,ETFCD,E TRADE FINANCIAL CORP,COMMON
BBG000N746D6,1015780,2010-07-01,2020-10-01,ETFC,E TRADE FINANCIAL CORP,COMMON
BBG000N7CH25,1323854,2009-08-24,2013-09-30,WCRX,WARNER CHILCOTT PLC CLASS A,CLASS A
BBG000N7KBZ3,1664703,2018-07-26,,BE,BLOOM ENERGY CLASS A CORP,CLASS A
BBG000N7KJX8,1261333,2018-05-01,,DOCU,DOCUSIGN INC,COMMON
BBG000N7MXL8,1370637,2015-04-21,,ETSY,ETSY INC,COMMON
BBG000N7MYP2,1383729,2011-09-23,2014-07-22,FIO,FUSION-IO INC,COMMON
BBG000N7MZ06,1404655,2014-10-15,,HUBS,HUBSPOT INC,COMMON
BBG000N7QR55,1321655,2020-10-02,,PLTR,PALANTIR TECHNOLOGIES INC CLASS A,CLASS A
BBG000N8Y8W6,1163348,2008-01-16,2017-07-27,AWH,ALLIED WORLD ASSURANCE COMPANY HOL,COMMON
BBG000N9MNX3,1318605,2010-07-08,,TSLA,TESLA INC,COMMON
BBG000NC8DB8,1350031,2008-01-16,2009-06-30,EQ,EMBARQ CORP,COMMON
BBG000NDV1D4,1283699,2007-12-17,2013-04-30,PCS,T MOBILE US INC,COMMON
BBG000NDV1D4,1283699,2013-05-01,,TMUS,T MOBILE US INC,COMMON
BBG000NDYB67,40730,2007-12-17,2009-06-04,GM,GENERAL MOTORS,COMMON
BBG000NDYB67,40730,2009-06-05,2009-06-07,GMGMQ,GENERAL MOTORS,COMMON
BBG000NDYB67,40730,2009-06-08,2009-06-08,GM,GENERAL MOTORS,COMMON
BBG000NDYB67,40730,2009-06-09,2010-11-22,GMGMQ,GENERAL MOTORS,COMMON
BBG000NDYB67,40730,2010-11-23,2012-06-28,GM,GENERAL MOTORS,COMMON
BBG000NDYB67,1467858,2012-06-29,,GM,GENERAL MOTORS,COMMON
BBG000NDZ417,891456,2007-12-17,2013-05-30,PXP,PLAINS EXPLORATION & PRODUCTION CO,COMMON
BBG000NQF3Z5,1181412,2026-06-15,,SPCX,SPACE EXPLORATION TECHNOLOGIES COR,CLASS A
BBG000NS03H7,1469372,2015-10-06,2021-07-08,MSGN,MSG NETWORKS INC,COMMON
BBG000NS26Q8,1307954,2007-12-20,,HUN,HUNTSMAN CORP,COMMON
BBG000NS3P30,1297989,2007-12-17,,EXLS,EXLSERVICE HOLDINGS INC,COMMON
BBG000NSCNT7,1126328,2007-12-19,,PFG,PRINCIPAL FINANCIAL GROUP INC,COMMON
BBG000NV1KK7,29534,2008-01-16,,DG,DOLLAR GENERAL CORP,COMMON
BBG000NVSBL7,1000694,2019-05-13,,NVAX,NOVAVAX INC,COMMON
BBG000NY37X4,1341766,2009-12-30,2010-01-25,CSUHD,CELSIUS HOLDINGS INC,COMMON
BBG000NY37X4,1341766,2010-01-26,2010-02-11,CSUH,CELSIUS HOLDINGS INC,COMMON
BBG000NY37X4,1341766,2010-02-12,,CELH,CELSIUS HOLDINGS INC,COMMON
BBG000P1F8Q7,1274057,2008-01-02,2015-09-02,HSP,HOSPIRA INC,COMMON
BBG000P1K2X6,892553,2008-05-28,2026-07-15,GTLS,CHART INDUSTRIES INC,COMMON
BBG000P28YZ6,1357615,2008-01-09,,KBR,KBR INC,COMMON
BBG000P2GPN9,1635327,2024-01-30,,FLUT,FLUTTER ENTERTAINMENT PLC,COMMON
BBG000P2TYL8,1397911,2012-06-21,,LPLA,LPL FINANCIAL HOLDINGS INC,COMMON
BBG000P458P3,1286681,2007-12-20,,DPZ,DOMINOS PIZZA INC,COMMON
BBG000P4BQM9,1487730,2010-06-18,2018-07-16,SPB,SPECTRUM BRANDS HOLDINGS INC,COMMON
BBG000P5LMQ0,1177702,2008-09-16,,SAIA,SAIA INC,COMMON
BBG000PB7F79,1316656,2007-12-21,2015-06-30,DRC,DRESSER-RAND GROUP INC.,COMMON
BBG000PCNTM2,1507934,2013-01-17,2016-12-08,STRZA,STARZ,COMMON
BBG000PCQQL6,1355096,2018-04-11,2025-02-21,QRTEA,QURATE RETAIL INC SERIES A,SERIES A
BBG000PD6X77,1287750,2008-02-04,,ARCC,ARES CAPITAL CORP,COMMON
BBG000PFLGY2,1409493,2007-12-26,,CIM,CHIMERA INVESTMENT CORP,COMMON
BBG000PHV438,1048268,2016-05-26,,IESC,IES INC,COMMON
BBG000PJ88D0,931148,2007-12-27,2015-08-14,GTI,GRAFTECH INTERNATIONAL LTD.,COMMON
BBG000PLXQQ3,1267097,2008-01-16,2015-05-14,TRW,TRW AUTOMOTIVE HOLDINGS CORP,COMMON
BBG000PN1SJ8,1364250,2007-12-19,,DEI,DOUGLAS EMMETT REIT INC,COMMON
BBG000PPFKQ7,1383312,2008-01-16,,BR,BROADRIDGE FINANCIAL SOLUTIONS INC,COMMON
BBG000PQ4W72,1474735,2010-02-17,,GNRC,GENERAC HOLDINGS INC,COMMON
BBG000PQ6YJ3,1310067,2007-12-17,2018-10-23,SHLD,SEARS HOLDINGS CORP,COMMON
BBG000PQPCM6,1504008,2011-02-04,,BKU,BANKUNITED INC,COMMON
BBG000PRJ2Z9,1364885,2008-01-11,2025-12-05,SPR,SPIRIT AEROSYSTEMS INC CLASS A,CLASS A
BBG000PRJCX9,1360604,2012-06-11,2022-07-28,HTA,HEALTHCARE REALTY TRUST INC CLASS,COMMON
BBG000PRJCX9,1360604,2022-07-29,,HR,HEALTHCARE REALTY TRUST INC CLASS,COMMON
BBG000PRTQ30,1289236,2007-12-17,2016-01-27,BMR,BIOMED REALTY TRUST REIT INC,COMMON
BBG000PSJMV7,1289460,2007-12-21,,TXRH,TEXAS ROADHOUSE INC,COMMON
BBG000PSKYX7,1403161,2008-03-25,,V,VISA INC CLASS A,CLASS A
BBG000PSSG77,1367396,2007-12-17,2008-11-27,IAR,IDEARC INC,COMMON
BBG000PSSG77,1367396,2008-11-28,2009-04-01,IDAR,IDEARC INC,COMMON
BBG000PSSG77,1367396,2009-04-02,2009-06-08,IDARQ,IDEARC INC,COMMON
BBG000PTLGZ1,842162,2009-11-24,,LEA,LEAR CORP,COMMON
BBG000PTXBV3,1419521,2008-04-30,2016-07-11,HTS,HATTERAS FINANCIAL CORP.,COMMON
BBG000PV27K3,1289490,2007-12-21,,EXR,EXTRA SPACE STORAGE REIT INC,COMMON
BBG000PV2L86,1361658,2007-12-17,2018-06-03,WYN,TRAVEL LEISURE,COMMON
BBG000PV2L86,1361658,2018-06-04,2021-02-18,WYND,TRAVEL LEISURE,COMMON
BBG000PV2L86,1361658,2021-02-19,,TNL,TRAVEL LEISURE,COMMON
BBG000PW5VX1,1433270,2013-10-15,,AR,ANTERO RESOURCES CORP,COMMON
BBG000PX3XC0,1255474,2017-11-10,2020-09-01,WLL,WHITING PETROLEUM CORP,COMMON
BBG000PXDL44,1065696,2007-12-20,2012-05-22,LKQX,LKQ CORP,COMMON
BBG000PXDL44,1065696,2012-05-23,,LKQ,LKQ CORP,COMMON
BBG000PXGT62,1206264,2007-12-18,2025-02-20,TPX,SOMNIGROUP INTERNATIONAL INC,COMMON
BBG000PXGT62,1206264,2025-02-21,,SGI,SOMNIGROUP INTERNATIONAL INC,COMMON
BBG000PXZFW2,1262823,2007-12-21,,WLK,WESTLAKE CORP,COMMON
BBG000PYLK81,1295557,2007-12-17,2010-03-11,BARE,BARE ESCENTUALS INC,COMMON
BBG000PYZSR8,1091667,2010-01-26,2010-09-15,CCMM,CHARTER COMMUNICATIONS INC CLASS A,CLASS A
BBG000PYZSR8,1091667,2010-09-16,2016-05-18,CHTR,CHARTER COMMUNICATIONS INC CLASS A,CLASS A
BBG000Q02P20,1273931,2007-12-17,2011-11-14,MGI,MONEYGRAM INTERNATIONAL,COMMON
BBG000Q0BPZ4,1171825,2009-12-15,2022-01-03,CIT,CIT GROUP INC,COMMON
BBG000Q0FH88,1265888,2007-12-18,2017-08-07,NSR,NEUSTAR INC CLASS A,CLASS A
BBG000Q0SZJ2,1420302,2009-07-07,2020-08-28,LOGM,LOGMEIN INC,COMMON
BBG000Q1GK24,1224608,2007-12-17,,CNO,CONSECO INC,COMMON
BBG000Q1KFH4,1212545,2007-12-17,,WAL,WESTERN ALLIANCE,COMMON
BBG000Q1R1Y9,1378992,2012-10-10,2025-04-29,BERY,BERRY GLOBAL GROUP INC,COMMON
BBG000Q2HM09,1345016,2012-03-07,,YELP,YELP INC,COMMON
BBG000Q3JN03,1281761,2007-12-17,,RF,REGIONS FINANCIAL CORP,COMMON
BBG000Q5C256,1297401,2008-01-16,2016-08-22,DWA,DREAMWORKS ANIMATION SKG INC. CL A,CLASS A
BBG000Q5RW63,1273801,2007-12-17,2014-07-01,NRF,NORTHSTAR REALTY FINANCE CORP.,COMMON
BBG000Q5ZRM7,1297996,2008-01-14,,DLR,DIGITAL REALTY TRUST REIT INC,COMMON
BBG000Q7D769,1170991,2014-11-19,2018-08-21,DCT,DCT INDUSTRIAL TRUST REIT INC TRUS,COMMON
BBG000Q814S3,1065049,2007-12-20,2014-03-13,LEAP,LEAP WIRELESS INTL INC,COMMON
BBG000Q9HH23,1271024,2011-05-24,2016-12-07,LNKD,LINKEDIN CORP CLASS A,CLASS A
BBG000QBR5J5,1393612,2007-12-17,2025-05-16,DFS,DISCOVER FINANCIAL SERVICES,COMMON
BBG000QBY9Q1,1365555,2007-12-24,2018-11-28,AFSI,AMTRUST FINANCIAL SERVICES INC.,COMMON
BBG000QC4T33,1482512,2010-07-06,,HPP,HUDSON PACIFIC PROPERTIES REIT INC,COMMON
BBG000QCCGH7,1252849,2013-10-16,2021-12-07,CXP,COLUMBIA PROPERTY REIT INC TRUST,COMMON
BBG000QCHWC2,1468642,2023-08-15,2025-07-17,ORAAF,AURA MINERALS INC,COMMON
BBG000QCHWC2,1468642,2025-07-18,,AUGO,AURA MINERALS INC,COMMON
BBG000QDBSK6,1117106,2007-12-26,2016-11-04,N,NETSUITE INC.,COMMON
BBG000QDST26,1317630,2008-08-07,2016-10-13,ITC,ITC HOLDINGS CORP.,COMMON
BBG000QDVR53,1385280,2007-12-18,,CNK,CINEMARK HOLDINGS INC,COMMON
BBG000QF05R6,1455863,2018-01-23,,COLD,AMERICOLD REALTY INC TRUST,COMMON
BBG000QF18M4,1043382,2008-03-05,2012-07-02,SOA,SOLUTIA INC.,COMMON
BBG000QFJ7H3,1486159,2010-06-22,2020-10-12,OAS,OASIS PETROLEUM INC.,COMMON
BBG000QFJ7H3,1486159,2020-10-13,2020-11-23,OASPQ,OASIS PETROLEUM INC.,COMMON
BBG000QFJJW0,1569650,2008-01-14,2018-07-17,OZRK,BANK OZK,COMMON
BBG000QFJJW0,1569650,2018-07-18,,OZK,BANK OZK,COMMON
BBG000QGWY50,1293971,2013-06-24,2025-05-30,BLUE,BLUEBIRD BIO INC,COMMON
BBG000QH56C1,1374310,2010-06-23,,CBOE,CBOE GLOBAL MARKETS INC,COMMON
BBG000QHV8S1,1376139,2007-12-26,,CVI,CVR ENERGY INC.,COMMON
BBG000QN4GY3,1355001,2012-10-12,2022-06-08,RLGY,REALOGY HOLDINGS CORP,COMMON
BBG000QQFVK6,1222840,2012-04-11,2021-10-21,RPAI,RETAIL PROPERTIES OF AMERICA REIT,COMMON
BBG000QRFNK2,1312073,2007-12-17,2018-08-17,PAY,VERIFONE SYSTEMS INC.,COMMON
BBG000QRKJ70,1490281,2011-11-07,,GRPN,GROUPON INC,COMMON
BBG000QS6NV8,1157601,2016-07-25,,MDGL,MADRIGAL PHARMACEUTICALS INC,COMMON
BBG000QS8XF2,1348259,2007-12-26,2018-07-17,VR,VALIDUS HOLDINGS LTD,COMMON
BBG000QTF8K1,1093557,2007-12-24,,DXCM,DEXCOM INC,COMMON
BBG000QW7VC1,860730,2011-03-14,,HCA,HCA HEALTHCARE INC,COMMON
BBG000QW8XR0,1326583,2007-12-18,2017-09-15,WBMD,WEBMD HEALTH CORP,COMMON
BBG000QX74T1,1058090,2007-12-17,,CMG,CHIPOTLE MEXICAN GRILL INC,COMMON
BBG000QY3XZ2,1324424,2007-12-20,,EXPE,EXPEDIA GROUP INC,COMMON
BBG000QY4ZD0,1439222,2013-07-29,,AGIO,AGIOS PHARMACEUTICALS INC,COMMON
BBG000R06BX2,1492633,2011-01-31,2015-08-28,NLSN,NIELSEN NV,COMMON
BBG000R0L5J4,816761,2007-12-17,,TDC,TERADATA CORP,COMMON
BBG000R23VW8,1160958,2010-11-16,2021-04-20,IPHI,INPHI CORP,COMMON
BBG000R2YFG7,1443646,2010-11-23,,BAH,BOOZ ALLEN HAMILTON HOLDING CORP C,COMMON
BBG000R33BD1,1358762,2016-05-27,2023-09-25,RETA,REATA PHARMACEUTICALS INC CLASS A,CLASS A
BBG000R33RF4,1463729,2013-05-23,2015-08-27,RCPT,RECEPTOS INC,COMMON
BBG000R3BYX0,1352801,2008-01-08,2010-11-15,BKC,BURGER KING HLDGS INC,COMMON
BBG000R3NPZ4,1487712,2011-04-26,2026-04-07,AL,AIR LEASE CORP CLASS A,CLASS A
BBG000R4R715,1491576,2012-07-06,2019-01-18,TSRO,TESARO INC,COMMON
BBG000R4Y9C1,1348036,2018-06-19,2022-10-18,AVLR,AVALARA INC,COMMON
BBG000R57L13,1357326,2007-12-17,2015-04-24,RVBD,RIVERBED TECHNOLOGY INC.,COMMON
BBG000R5HWZ1,1280600,2013-09-24,2021-11-19,XLRN,ACCELERON PHARMA INC,COMMON
BBG000R7RDB4,1358071,2007-12-19,2021-01-15,CXO,CONCHO RESOURCES INC,COMMON
BBG000R7SPX2,1428669,2009-05-26,2016-02-04,SWI,SOLARWINDS INC,COMMON
BBG000R7XX87,1145197,2008-01-25,,PODD,INSULET CORP,COMMON
BBG000R7Z112,27904,2007-12-27,,DAL,DELTA AIR LINES INC,COMMON
BBG000R8ZVD1,1397187,2007-12-17,,LULU,LULULEMON ATHLETICA INC,COMMON
BBG000RD8M04,2025410,2024-10-03,,SARO,STANDARDAERO,COMMON
BBG000RFD341,1058033,2007-12-17,2009-06-08,NWA,NORTHWEST AIRLS CORP,COMMON
BBG000RJ2J04,1402436,2010-04-14,,SSNC,SS AND C TECHNOLOGIES HOLDINGS INC,COMMON
BBG000RKR4R8,1349436,2007-12-17,2016-01-11,SD,SANDRIDGE ENERGY INC.,COMMON
BBG000RKR4R8,1349436,2016-01-12,2016-05-18,SDOC,SANDRIDGE ENERGY INC.,COMMON
BBG000RKR4R8,1349436,2016-05-19,,SDOCQ,SANDRIDGE ENERGY INC.,COMMON
BBG000RQ2GY7,1212458,2012-04-25,2021-08-30,PFPT,PROOFPOINT INC,COMMON
BBG000RQBFV2,1398659,2007-12-18,,G,GENPACT LTD,COMMON
BBG000RQW961,1430602,2008-07-07,2018-03-06,SNI,SCRIPPS NETWORKS INTERACTIVE INC C,CLASS A
BBG000RTDY25,1408198,2007-12-17,2010-07-06,MXB,MSCI INC,COMMON
BBG000RTDY25,1408198,2010-07-07,,MSCI,MSCI INC,COMMON
BBG000RVZC33,1407739,2007-12-27,2017-09-13,DFT,DUPONT FABROS TECHNOLOGY REIT INC,COMMON
BBG000T8ZF80,1475922,2010-04-06,,PRI,PRIMERICA INC,COMMON
BBG000TDCVT6,1411579,2013-12-23,,AMC,AMC ENTERTAINMENT HOLDINGS INC CLA,CLASS A
BBG000TGLV00,1415404,2008-01-08,2026-06-24,SATS,ECHOSTAR CORP CLASS A,CLASS A
BBG000TGLV00,1415404,2026-06-25,,ECHO,ECHOSTAR CORP CLASS A,CLASS A
BBG000TJ8XZ7,1423689,2008-06-26,,AGNC,AGNC INVESTMENT REIT CORP,COMMON
BBG000TJM7F0,1418135,2008-05-09,2018-07-15,DPS,KEURIG DR PEPPER INC,COMMON
BBG000TJM7F0,1418135,2018-07-16,,KDP,KEURIG DR PEPPER INC,COMMON
BBG000TRJ294,1410636,2008-04-28,,AWK,AMERICAN WATER WORKS INC,COMMON
BBG000TVRB50,1434621,2015-01-09,,TREE,LENDINGTREE INC,COMMON
BBG000TWC2V5,1452575,2009-02-20,2017-06-14,MJN,MEAD JOHNSON NUTRITION,COMMON
BBG000V1Y6Q3,1421461,2008-04-25,,IPI,INTREPID POTASH INC,COMMON
BBG000V31J96,916457,2008-02-11,2018-03-08,CPN,CALPINE CORP,COMMON
BBG000V78V75,36047,2007-12-26,2016-06-29,FAF,FIRST AMERICAN FINANCIAL CORP,COMMON
BBG000V78V75,1472787,2016-06-30,,FAF,FIRST AMERICAN FINANCIAL CORP,COMMON
BBG000VBZJB8,1429775,2008-07-09,2014-01-02,LPS,LENDER PROCESSING SERVICES INC.,COMMON
BBG000VC0FC1,1418819,2009-10-01,,IRDM,IRIDIUM COMMUNICATIONS INC,COMMON
BBG000VC0T95,1327811,2012-10-17,,WDAY,WORKDAY INC CLASS A,CLASS A
BBG000VCQPM0,1453814,2009-07-02,2019-10-28,MDSO,MEDIDATA SOLUTIONS INC,COMMON
BBG000VD6768,1439404,2011-12-21,2022-05-20,ZNGA,ZYNGA INC CLASS A,CLASS A
BBG000VMWHH5,1437107,2008-09-24,2022-04-08,DISCK,DISCOVERY INC SERIES C,CLASS C
BBG000VPGNR2,1091667,2016-05-19,,CHTR,CHARTER COMMUNICATIONS INC CLASS A,CLASS A
BBG000VZHLL9,1395942,2009-12-16,2026-01-07,KAR,KAR AUCTION SERVICES INC,COMMON
BBG000VZHLL9,1395942,2026-01-08,,OPLN,KAR AUCTION SERVICES INC,COMMON
BBG000W4G3B9,1477294,2010-04-26,2018-03-27,ST,SENSATA TECHNOLOGIES HOLDING NV,COMMON
BBG000WCFV84,1489393,2010-05-06,2010-10-14,LALLF,LYONDELLBASELL INDUSTRIES CLASS A,CLASS A
BBG000WCFV84,1489393,2010-10-15,,LYB,LYONDELLBASELL INDUSTRIES CLASS A,CLASS A
BBG000WCRGZ4,1489979,2010-11-10,2016-04-27,TFM,FRESH MARKET INC,COMMON
BBG0014FFY08,1492426,2019-05-10,2023-10-05,HZNP,HORIZON THERAPEUTICS PUBLIC PLC,COMMON
BBG0014GG205,1230276,2011-06-20,2019-01-31,P,PANDORA MEDIA INC,COMMON
BBG0014GJCT9,1327567,2012-07-26,,PANW,PALO ALTO NETWORKS INC,COMMON
BBG0014XR0N5,1364954,2013-11-15,,CHGG,CHEGG INC,COMMON
BBG0015XMW40,1389170,2010-12-14,,TRGP,TARGA RESOURCES CORP,COMMON
BBG001636CR2,1177609,2012-07-20,,FIVE,FIVE BELOW INC,COMMON
BBG0016T3GQ0,1111335,2010-10-05,2010-10-06,U206,VISTEON CORP,COMMON
BBG0016T3GQ0,1111335,2010-10-07,2011-01-10,VSTO,VISTEON CORP,COMMON
BBG0016T3GQ0,1111335,2011-01-11,,VC,VISTEON CORP,COMMON
BBG0016WLQ18,1502034,2011-04-06,2020-06-29,GNC,GNC HOLDINGS INC. CL A,CLASS A
BBG0017T9998,858339,2012-02-13,2020-07-30,CZR,CAESARS ENTERTAINMENT CORP,COMMON
BBG0018SLC07,1512673,2015-11-24,2025-01-21,SQ,BLOCK INC CLASS A,CLASS A
BBG0018SLC07,1512673,2025-01-22,,XYZ,BLOCK INC CLASS A,CLASS A
BBG0018SLDN0,1467623,2018-03-27,,DBX,DROPBOX INC CLASS A,CLASS A
BBG0018YXYX7,1401667,2012-04-25,,PBYI,PUMA BIOTECHNOLOGY INC,COMMON
BBG0019JZ882,1506307,2011-02-16,,KMI,KINDER MORGAN INC,COMMON
BBG0019LSQ49,1132979,2010-12-14,2023-05-03,FRC,FIRST REPUBLIC BANK,COMMON
BBG0019LSQ49,1132979,2023-05-04,2026-08-10,FRCB,FIRST REPUBLIC BANK,COMMON
BBG0019T5SG0,1477449,2015-07-08,,TDOC,TELADOC HEALTH INC,COMMON
BBG0019V9M65,1438133,2017-10-12,,TNDM,TANDEM DIABETES CARE INC,COMMON
BBG001B17MV2,1616707,2014-10-07,,W,WAYFAIR INC CLASS A,CLASS A
BBG001B4BV87,1519751,2011-10-07,2022-12-15,FBHS,FORTUNE BRANDS INNOVATIONS INC,COMMON
BBG001B4BV87,1519751,2022-12-16,,FBIN,FORTUNE BRANDS INNOVATIONS INC,COMMON
BBG001BP92V1,1321732,2015-09-23,,PEN,PENUMBRA INC,COMMON
BBG001BP9474,1544229,2012-07-23,2015-02-27,EGL,ENGILITY HOLDINGS INC.,COMMON
BBG001BPFT54,1408356,2013-01-16,2016-11-18,SCTY,SOLARCITY CORP,COMMON
BBG001BPKGT0,1540184,2019-07-19,2021-10-28,MDLA,MEDALLIA INC,COMMON
BBG001BWP4C5,1286139,2021-07-02,,LZ,LEGALZOOM COM INC,COMMON
BBG001C7PM75,1528396,2012-01-30,,GWRE,GUIDEWIRE SOFTWARE INC,COMMON
BBG001C7TST4,1353283,2012-06-25,2024-03-15,SPLK,SPLUNK INC,COMMON
BBG001CGB489,1393052,2013-10-21,,VEEV,VEEVA SYSTEMS INC CLASS A,CLASS A
BBG001D0HB36,1611647,2014-11-12,,FRPT,FRESHPET INC,COMMON
BBG001D8R5D0,1524472,2011-11-02,,XYL,XYLEM INC,COMMON
BBG001D8R8J8,1524471,2011-11-03,2015-05-28,XLS,EXELIS INC.,COMMON
BBG001D9S707,1379895,2007-12-18,2010-05-25,DYN,DYNEGY INC,COMMON
BBG001DCCGR8,1510295,2011-07-06,,MPC,MARATHON PETROLEUM CORP,COMMON
BBG001HRFJG4,1463172,2014-05-20,2022-11-21,ZEN,ZENDESK INC,COMMON
BBG001J1BQ86,1604821,2015-07-09,,NTRA,NATERA INC,COMMON
BBG001J1C1L5,1392522,2011-06-02,2015-12-07,FSL,FREESCALE SEMICONDUCTOR LTD,COMMON
BBG001J1QN87,1270073,2012-10-16,2023-11-07,ICPT,INTERCEPT PHARMACEUTICALS INC,COMMON
BBG001J2PFF5,1478320,2019-07-01,,ADPT,ADAPTIVE BIOTECHNOLOGIES CORP,COMMON
BBG001J2R5H3,1524358,2011-11-23,,VAC,MARRIOTT VACATIONS WORLDWIDE CORP,COMMON
BBG001J4BCN4,1385867,2016-10-12,2023-02-27,COUP,COUPA SOFTWARE INC,COMMON
BBG001J4J8T9,1507385,2011-09-12,2015-08-02,ARCP,VEREIT INC,COMMON
BBG001J4J8T9,1507385,2015-08-03,2021-10-29,VER,VEREIT INC,COMMON
BBG001KFKQM7,1575515,2013-08-07,,SFM,SPROUTS FARMERS MARKET INC,COMMON
BBG001KHJM17,1288847,2014-04-11,,FIVN,FIVE9 INC,COMMON
BBG001KJ2HM9,1501585,2011-04-05,,HII,HUNTINGTON INGALLS INDUSTRIES INC,COMMON
BBG001KS9450,,2014-05-15,2024-06-12,TWOU,2U INC,COMMON
BBG001KWG293,1594109,2014-04-09,2021-06-15,GRUB,GRUBHUB INC,COMMON
BBG001KY3845,1411207,2012-03-20,,ALSN,ALLISON TRANSMISSION HOLDINGS INC,COMMON
BBG001KY4N87,1584509,2013-12-16,,ARMK,ARAMARK,COMMON
BBG001LFLZZ1,1581068,2013-11-04,,BRX,BRIXMOR PROPERTY GROUP REIT INC,COMMON
BBG001LRKS55,1411494,2019-09-09,2021-12-31,APO,APOLLO GLOBAL MANAGEMENT INC CLASS,COMMON
BBG001LWHLJ8,1500435,2014-07-01,,GPRO,GOPRO INC CLASS A,CLASS A
BBG001M6CZY1,1517302,2013-03-12,,APAM,ARTISAN PARTNERS ASSET MANAGEMENT,CLASS A
BBG001M8HHB7,1526520,2011-12-21,,TRIP,TRIPADVISOR INC,COMMON
BBG001NDW1Z7,1618732,2016-10-05,,NTNX,NUTANIX INC CLASS A,CLASS A
BBG001NFKJ68,1448056,2014-12-17,2023-11-07,NEWR,NEW RELIC INC,COMMON
BBG001NY45K9,1518832,2012-01-05,2021-01-06,WPX,WPX ENERGY INC,COMMON
BBG001P3K000,1357204,2011-07-28,2020-12-14,DNKN,DUNKIN BRANDS GROUP INC,COMMON
BBG001P63B80,1402057,2013-07-09,,CDW,CDW CORP,COMMON
BBG001PJFKH9,1520566,2012-03-19,2018-07-30,NSM,NATIONSTAR MORTGAGE HOLDINGS INC,COMMON
BBG001QD41M9,1521332,2011-11-22,2017-12-05,DLPH,APTIV PLC,COMMON
BBG001QD41M9,1521332,2017-12-06,2024-12-18,APTV,APTIV PLC,COMMON
BBG001R1GCT0,1315098,2021-03-12,,RBLX,ROBLOX CORP CLASS A,CLASS A
BBG001R3MNY9,1463101,2012-06-14,,ENPH,ENPHASE ENERGY INC,COMMON
BBG001R72SR9,1511737,2012-01-26,2019-08-21,UBNT,UBIQUITI INC,COMMON
BBG001R72SR9,1511737,2019-08-22,,UI,UBIQUITI INC,COMMON
BBG001RWPDW6,1515673,2014-02-05,,RARE,ULTRAGENYX PHARMACEUTICAL INC,COMMON
BBG001V4SF46,1820721,2020-10-19,,ARRY,ARRAY TECHNOLOGIES INC,COMMON
BBG001WMKHH5,1477333,2019-09-17,,NET,CLOUDFLARE INC CLASS A,CLASS A
BBG001WTBC36,1530950,2012-02-09,,POST,POST HOLDINGS INC,COMMON
BBG001Y2XS07,1559720,2020-12-11,,ABNB,AIRBNB INC CLASS A,CLASS A
BBG001YKDND6,1409970,2014-12-15,,LC,LENDINGCLUB CORP,COMMON
BBG001YMS0B8,1545158,2012-10-04,2015-07-02,KRFT,KRAFT FOODS GROUP INC,COMMON
BBG001YV1SM4,1660134,2017-04-12,,OKTA,OKTA INC CLASS A,CLASS A
BBG001Z0Q6T5,1573516,2013-09-05,,MUSA,MURPHY USA INC,COMMON
BBG001Z7M393,1478484,2013-11-20,2015-09-30,ZU,ZULILY INC CLASS A,CLASS A
BBG001ZZPQJ6,1428439,2017-09-29,,ROKU,ROKU INC CLASS A,CLASS A
BBG00209SZJ7,1609550,2018-05-07,,INSP,INSPIRE MEDICAL SYSTEMS INC,COMMON
BBG0020B4JG7,1370880,2013-09-25,2021-10-06,FEYE,MANDIANT INC,COMMON
BBG0020B4JG7,1370880,2021-10-07,2022-09-09,MNDT,MANDIANT INC,COMMON
BBG00212PVZ5,1474432,2015-10-13,2026-04-22,PSTG,EVERPURE INC CLASS A,CLASS A
BBG00212PVZ5,1474432,2026-04-23,,P,EVERPURE INC CLASS A,CLASS A
BBG002293PJ4,1528849,2017-01-04,,RH,RH,COMMON
BBG0022FDRY8,1441816,2017-10-23,,MDB,MONGODB INC CLASS A,CLASS A
BBG0022FMPD5,1437352,2016-09-21,2024-07-01,EVBG,EVERBRIDGE INC,COMMON
BBG00255V2N4,2019410,2025-06-20,,CAI,CARIS LIFE SCIENCES INC,COMMON
BBG002583CV8,1506293,2019-04-23,,PINS,PINTEREST INC CLASS A,CLASS A
BBG0025X16Y5,1597553,2014-07-23,2025-07-30,SAGE,SAGE THERAPEUTICS INC,COMMON
BBG0025XVR85,1469367,2015-08-10,,RUN,SUNRUN INC,COMMON
BBG0025Y4RY4,1551152,2013-01-02,,ABBV,ABBVIE INC,COMMON
BBG0025YWQ66,1447599,2015-06-23,2021-01-13,FIT,FITBIT INC CLASS A,CLASS A
BBG00265T6Q4,1538990,2014-11-24,2023-02-02,STOR,STORE CAPITAL CORP,COMMON
BBG0026ZFZC4,1567514,2014-02-03,2025-04-01,ITCI,INTRA CELLULAR THERAPIES INC,COMMON
BBG0026ZJ304,1611052,2021-05-21,,PCOR,PROCORE TECHNOLOGIES INC,COMMON
BBG0026ZJQX7,1516513,2021-06-28,,DOCS,DOXIMITY INC CLASS A,CLASS A
BBG0027Y18M0,1533932,2012-03-27,2018-01-17,VNTV,WORLDPAY INC CLASS A,CLASS A
BBG0027Y18M0,1533932,2018-01-18,2019-07-30,WP,WORLDPAY INC CLASS A,CLASS A
BBG0027Z6X10,1308606,2013-07-19,2024-01-22,SRC,SPIRIT REALTY CAPITAL REIT INC,COMMON
BBG002832GV8,1534504,2012-12-18,,PBF,PBF ENERGY INC CLASS A,CLASS A
BBG00286S4N9,1534701,2012-05-02,,PSX,PHILLIPS 66,COMMON
BBG0028ZMP45,1877322,2022-04-07,,ESAB,ESAB CORP,COMMON
BBG0029BK2G7,1303652,2013-05-22,2019-07-31,DATA,TABLEAU SOFTWARE INC CLASS A,CLASS A
BBG0029SNR63,1530721,2011-12-22,2018-12-30,KORS,CAPRI HOLDINGS LTD,COMMON
BBG0029SNR63,1530721,2018-12-31,,CPRI,CAPRI HOLDINGS LTD,COMMON
BBG0029ZX840,1447669,2016-06-28,,TWLO,TWILIO INC CLASS A,CLASS A
BBG002B04MT8,1543151,2019-05-13,,UBER,UBER TECHNOLOGIES INC,COMMON
BBG002B67HB2,1620280,2017-02-27,2025-08-04,UNIT,UNITI GROUP INC,COMMON
BBG002BHBHM1,1567892,2013-07-05,2020-10-12,MNK,MALLINCKRODT,COMMON
BBG002DZS299,1540755,2018-10-16,2022-06-21,PLAN,ANAPLAN INC,COMMON
BBG002N8HMW0,1541401,2013-10-04,,ESRT,EMPIRE STATE REALTY REIT INC TRUST,CLASS A
BBG002PHSYX9,1539838,2012-10-17,,FANG,DIAMONDBACK ENERGY INC,COMMON
BBG002PQMF02,1548309,2012-10-15,2019-10-23,SHOS,SEARS HOMETOWN AND OUTLET STORES I,COMMON
BBG002Q7J5Z1,1552033,2015-06-29,,TRU,TRANSUNION,COMMON
BBG002R1CW27,1160497,2007-12-17,2009-06-30,IR,INGERSOLL RAND INC,COMMON
BBG002R1CW27,1466258,2009-07-01,2020-02-26,IR,INGERSOLL RAND INC,COMMON
BBG002R1CW27,1699150,2020-02-27,,IR,INGERSOLL RAND INC,COMMON
BBG002R1JYY1,1393584,2020-09-21,,AMWL,AMERICAN WELL CORP CLASS A,CLASS A
BBG002S5ZRF9,1517396,2012-12-04,,SSYS,STRATASYS LTD,COMMON
BBG002V098F7,933136,2018-10-11,2025-09-30,COOP,MR COOPER GROUP INC,COMMON
BBG002V87SD0,1237831,2012-08-08,,GMED,GLOBUS MEDICAL INC CLASS A,CLASS A
BBG002W96FT9,1288776,2014-04-04,2015-10-05,GOOG,GOOGLE INC CLASS C,CLASS C
BBG002WMH2F2,1428875,2014-07-01,2020-10-07,SERV,TERMINIX GLOBAL HOLDINGS INC,COMMON
BBG002WMH2F2,1428875,2020-10-08,2022-10-11,TMX,TERMINIX GLOBAL HOLDINGS INC,COMMON
BBG002ZM63J5,1608249,2014-10-22,2020-03-06,ZAYO,ZAYO GROUP HOLDINGS INC,COMMON
BBG0033377Y3,1573097,2013-07-05,2020-12-23,HDS,HD SUPPLY HOLDINGS INC,COMMON
BBG003338H34,1713683,2018-03-20,,ZS,ZSCALER INC,COMMON
BBG00333FYS2,1478242,2013-05-14,2017-11-20,Q,IQVIA HOLDINGS INC,COMMON
BBG00333FYS2,1478242,2017-11-21,,IQV,IQVIA HOLDINGS INC,COMMON
BBG00341H6M0,1629137,2015-08-17,2022-10-04,GBT,GLOBAL BLOOD THERAPEUTICS INC,COMMON
BBG003444577,1547282,2012-06-25,2014-12-12,BKW,BURGER KING WORLDWIDE INC,COMMON
BBG0035LY913,1564708,2013-07-03,,NWSA,NEWS CORP CLASS A,CLASS A
BBG0035M2ZB7,1564708,2013-07-05,,NWS,NEWS CORP CLASS B,CLASS B
BBG003641015,1546640,2012-09-26,2016-04-29,ADT,ADT CORPORATION,COMMON
BBG0038K9G41,1355096,2012-08-21,2018-03-09,LVNTA,LIBERTY INTERACTIVE VENTURE CORP S,SERIES A
BBG0038V5TX1,1553023,2013-01-25,2022-03-24,CONE,CYRUSONE REIT INC,COMMON
BBG0039320N9,1555280,2013-02-06,,ZTS,ZOETIS INC CLASS A,CLASS A
BBG003BW05K6,1571123,2013-10-02,,SAIC,SCIENCE APPLICATIONS INTERNATIONAL,COMMON
BBG003CVJP50,1655210,2019-05-03,,BYND,BEYOND MEAT INC,COMMON
BBG003CVMLQ2,1679273,2016-11-14,,LW,LAMB WESTON HOLDINGS INC,COMMON
BBG003D4V951,1562088,2021-07-29,,DUOL,DUOLINGO INC CLASS A,CLASS A
BBG003DNHV56,1674910,2016-09-28,,VVV,VALVOLINE INC,COMMON
BBG003FHPBQ9,1578318,2013-08-21,2016-12-01,EVHC,ENVISION HEALTHCARE HOLDINGS INC,COMMON
BBG003LFWP05,1437578,2013-01-30,,BFAM,BRIGHT HORIZONS FAMILY SOLUTIONS I,COMMON
BBG003MSMCS6,1575965,2013-11-06,,GLPI,GAMING AND LEISURE PROPERTIES REIT,COMMON
BBG003NJHZT9,1561550,2019-09-23,,DDOG,DATADOG INC CLASS A,CLASS A
BBG003NXJNH6,1562401,2013-08-06,,AMH,AMERICAN HOMES RENT REIT CLASS A,CLASS A
BBG003P9ZSL3,1560385,2013-01-17,2013-01-22,LMCAD,LIBERTY MEDIA CORP SERIES A,SERIES A
BBG003P9ZSL3,1560385,2013-01-23,2016-04-18,LMCA,LIBERTY MEDIA CORP SERIES A,SERIES A
BBG003PGJHP5,1562476,2013-04-15,2026-07-23,TMHC,TAYLOR MORRISON HOME CORP. CL A,CLASS A
BBG003PHHZT1,1682852,2018-12-10,,MRNA,MODERNA INC,COMMON
BBG003PS7JV1,1579241,2013-12-04,,ALLE,ALLEGION PLC,COMMON
BBG003QPR8Z4,1564822,2013-04-12,2018-10-25,PF,PINNACLE FOODS INC,COMMON
BBG003RY97K2,1564902,2013-04-24,2024-02-14,SEAS,SEAWORLD ENTERTAINMENT INC,COMMON
BBG003RY97K2,1564902,2024-02-15,,PRKS,SEAWORLD ENTERTAINMENT INC,COMMON
BBG003S44SC5,726513,2013-01-09,2014-12-07,TRBAA,TRIBUNE MEDIA COMPANY CLASS A,CLASS A
BBG003S44SC5,726513,2014-12-08,2019-09-18,TRCO,TRIBUNE MEDIA COMPANY CLASS A,CLASS A
BBG003T1GM03,1556593,2014-10-21,2022-08-04,NRZ,RITHM CAPITAL CORP,COMMON
BBG003T1GM03,1556593,2022-08-05,,RITM,RITHM CAPITAL CORP,COMMON
BBG003T4VFC2,1639920,2018-04-05,,SPOT,SPOTIFY TECHNOLOGY SA,COMMON
BBG0042V6JM8,1585521,2019-04-23,,ZM,ZOOM COMMUNICATIONS INC CLASS A,CLASS A
BBG0043BYPB8,1568100,2019-04-15,,PD,PAGERDUTY INC,COMMON
BBG0046LJYT2,36377,2016-08-09,,FHB,FIRST HAWAIIAN INC,COMMON
BBG004DF9V32,1574648,2013-08-08,2014-11-12,ATHL,ATHLON ENERGY INC,COMMON
BBG004F0HL81,1562039,2013-05-03,2017-06-27,CST,CST BRANDS INC.,COMMON
BBG004KGNV81,1670061,2025-07-08,2025-07-14,ALMTD,ALMONTY INDUSTRIES INC,COMMON
BBG004KGNV81,1670061,2025-07-15,,ALM,ALMONTY INDUSTRIES INC,COMMON
BBG004LTL7L2,1517228,2013-10-30,2026-01-19,COMM,COMMSCOPE HOLDING INC,COMMON
BBG004LTL7L2,1517228,2026-01-20,,VISN,COMMSCOPE HOLDING INC,COMMON
BBG004M25Z09,1532930,2014-07-03,2016-05-16,SSE,SEVENTY SEVEN ENERGY INC,COMMON
BBG004M8M6J1,1587523,2014-03-04,,KN,KNOWLES CORP,COMMON
BBG004M9ZHX5,1759509,2019-04-02,,LYFT,LYFT INC CLASS A,CLASS A
BBG004MB82R0,1571283,2013-07-25,,REXR,REXFORD INDUSTRIAL REALTY REIT INC,COMMON
BBG004MN1R41,1593538,2014-05-05,,NAVI,NAVIENT CORP,COMMON
BBG004NLQHL0,1517413,2019-05-21,,FSLY,FASTLY INC CLASS A,CLASS A
BBG004P33PN3,1567683,2018-09-17,2026-04-30,CWENA,CLEARWAY ENERGY INC CLASS A,CLASS A
BBG004S5X3Y9,101830,2013-07-12,2020-03-31,S,SPRINT CORP,COMMON
BBG004S641N5,1579298,2013-10-07,,BURL,BURLINGTON STORES INC,COMMON
BBG004S69ZX4,1579877,2014-11-21,,OUT,OUTFRONT MEDIA INC,COMMON
BBG004SK5VL9,1846576,2021-06-01,,FIGS,FIGS INC CLASS A,CLASS A
BBG004T0YC41,1580608,2014-01-28,2022-01-28,SC,SANTANDER CONSUMER USA HOLDINGS IN,COMMON
BBG004TPGBP5,1576263,2013-07-17,2024-01-22,MRTX,MIRATI THERAPEUTICS INC,COMMON
BBG004YZ9G29,1745201,2024-05-03,,VIK,VIKING HOLDINGS,COMMON
BBG005485Y51,1793294,2020-02-10,2021-12-07,PPD,PPD INC,COMMON
BBG005497GZ3,1584207,2013-10-21,2015-11-30,LEAF,ONEMAIN HOLDINGS INC,COMMON
BBG005497GZ3,1584207,2015-12-01,,OMF,ONEMAIN HOLDINGS INC,COMMON
BBG0055XMF02,1581164,2013-11-21,2021-06-15,STAY,EXTENDED STAY AMERICA UNITS INC,COMMON
BBG00564Y443,1557860,2014-07-24,,GLOB,GLOBANT SA,COMMON
BBG0056JW5G6,1810806,2020-09-22,,U,UNITY SOFTWARE INC,COMMON
BBG0057K5Y79,1584952,2014-12-31,2019-05-28,EPE,EP ENERGY CORP CLASS A,CLASS A
BBG0057K5Y79,1584952,2019-05-29,2019-10-07,EPEG,EP ENERGY CORP CLASS A,CLASS A
BBG0057K5Y79,1584952,2019-10-08,2020-10-05,EPEGQ,EP ENERGY CORP CLASS A,CLASS A
BBG0057SF1Z2,1598428,2014-07-02,2024-02-28,TMST,TIMKENSTEEL CORP,COMMON
BBG0057SF1Z2,1598428,2024-02-29,,MTUS,TIMKENSTEEL CORP,COMMON
BBG0058KMH30,1585689,2013-12-17,2016-12-22,HLT,HILTON WORLDWIDE HOLDINGS INC,COMMON
BBG0058KMH30,1585689,2016-12-23,2016-12-27,HLTZZZZ,HILTON WORLDWIDE HOLDINGS INC,COMMON
BBG0058KMH30,1585689,2016-12-28,2016-12-28,HLT,HILTON WORLDWIDE HOLDINGS INC,COMMON
BBG0058KMH30,1585689,2016-12-29,2016-12-29,HLTZZZZ,HILTON WORLDWIDE HOLDINGS INC,COMMON
BBG0058KMH30,1585689,2016-12-30,2017-01-03,HLT,HILTON WORLDWIDE HOLDINGS INC,COMMON
BBG0058KMH30,1585689,2017-01-04,2017-01-04,HLTZZZZ,HILTON WORLDWIDE HOLDINGS INC,COMMON
BBG0058KMH30,1585689,2017-01-05,,HLT,HILTON WORLDWIDE HOLDINGS INC,COMMON
BBG0059FN811,1601046,2014-11-05,,KEYS,KEYSIGHT TECHNOLOGIES INC,COMMON
BBG0059JSF49,1567094,2013-09-30,2024-05-20,CNHI,CNH INDUSTRIAL N.V. NV,COMMON
BBG0059JSF49,1567094,2024-05-21,,CNH,CNH INDUSTRIAL N.V. NV,COMMON
BBG0059KNH10,1756497,2019-07-01,2022-09-30,CHNG,CHANGE HEALTHCARE INC,COMMON
BBG005BLN209,1599617,2014-06-03,,DNOW,NOW INC,COMMON
BBG005C4XHR3,1590714,2014-01-28,2019-02-04,PAH,ELEMENT SOLUTIONS INC,COMMON
BBG005C4XHR3,1590714,2019-02-05,,ESI,ELEMENT SOLUTIONS INC,COMMON
BBG005CM7J89,1576789,2013-11-12,,WIX,WIX.COM LTD,COMMON
BBG005CPNTQ2,1637459,2015-07-06,,KHC,KRAFT HEINZ,COMMON
BBG005CPNTS0,1593936,2014-07-02,2021-04-14,MIK,MICHAELS COMPANIES INC,COMMON
BBG005D7PF34,1725057,2018-04-30,2024-02-01,CDAY,DAYFORCE INC,COMMON
BBG005D7PF34,1725057,2024-02-02,2026-02-03,DAY,DAYFORCE INC,COMMON
BBG005D7QCJ3,1792789,2020-12-11,,DASH,DOORDASH INC CLASS A,CLASS A
BBG005DKMJ67,1606745,2014-08-29,2025-04-30,LTRPA,LIBERTY TRIPADVISOR HOLDINGS INC S,CLASS A
BBG005DX1RC7,2088896,2026-04-27,,XE,X-ENERGY INC CLASS A,CLASS A
BBG005H82GB2,1627223,2015-07-06,,CC,CHEMOURS,COMMON
BBG005K1D4S0,1713445,2024-03-25,,RDDT,REDDIT INC CLASS A,CLASS A
BBG005KSWVW5,1588216,2014-01-23,2018-07-18,RSPP,RSP PERMIAN INC,COMMON
BBG005NTYL78,1594864,2014-12-24,2018-03-05,JUNO,JUNO THERAPEUTICS INC,COMMON
BBG005P7Q881,6201,2013-12-09,,AAL,AMERICAN AIRLINES GROUP INC,COMMON
BBG005PCN2G7,1597503,2014-07-02,2017-01-10,NSAM,NORTHSTAR ASSET MANAGEMENT INC,COMMON
BBG005PG80K4,1601548,2014-10-01,2022-07-10,VEC,VECTRUS INC,COMMON
BBG005PG80K4,1601548,2022-07-11,,VVX,VECTRUS INC,COMMON
BBG005PWSVQ3,1594686,2014-05-30,2016-08-31,WPG,WP GLIMCHER INC,COMMON
BBG005Q2KYS8,1588238,2014-01-30,2017-11-10,RICE,RICE ENERGY INC,COMMON
BBG005SSN7D1,1595262,2014-04-08,2016-09-30,IMS,IMS HEALTH HOLDINGS INC,COMMON
BBG005SW6TK5,1560385,2014-07-28,2016-04-18,LMCK,LIBERTY MEDIA CORP SERIES C,SERIES C
BBG005WQVVH4,1597033,2014-04-23,,SABR,SABRE CORP,COMMON
BBG005XR47P5,1596783,2014-08-05,2024-12-17,CTLT,CATALENT INC,COMMON
BBG005XVML66,1597672,2014-06-30,,RYAM,RAYONIER ADVANCED MATERIALS INC,COMMON
BBG005XVXML5,1642545,2019-03-11,2024-05-30,SWAV,SHOCKWAVE MEDICAL INC,COMMON
BBG005XZHR97,1599489,2014-07-07,2023-11-29,VRTV,VERITIV CORP,COMMON
BBG0060CPLJ5,1616862,2014-11-18,,AXTA,AXALTA COATING SYSTEMS LTD,COMMON
BBG0060HN0R3,1580732,2014-04-02,2016-02-22,KING,KING DIGITAL ENTERTAINMENT PLC,COMMON
BBG00629NGT2,1671933,2016-09-26,,TTD,TRADE DESK INC CLASS A,CLASS A
BBG006473QX9,1418121,2015-05-21,,APLE,APPLE HOSPITALITY REIT INC,COMMON
BBG0064N0ZZ5,1590955,2014-04-16,,PAYC,PAYCOM SOFTWARE INC,COMMON
BBG0064N2T78,1592386,2015-04-21,,VIRT,VIRTU FINANCIAL INC CLASS A,CLASS A
BBG00658F3P3,1601712,2014-08-05,,SYF,SYNCHRONY FINANCIAL,COMMON
BBG006598YS8,1591698,2014-03-24,,PCTY,PAYLOCITY HOLDING CORP,COMMON
BBG0065B7K59,1668397,2016-08-16,,MEDP,MEDPACE HOLDINGS INC,COMMON
BBG00688QWF5,1620546,2015-07-02,2016-06-02,BXLT,BAXALTA INC,COMMON
BBG0068KVV91,1176948,2018-11-27,,ARES,ARES MANAGEMENT CORP CLASS A,CLASS A
BBG0069FL5L5,1599222,2014-06-18,2016-09-15,MRD,MEMORIAL RESOURCE DEVELOPMENT CORP,COMMON
BBG006B6PVN9,1609702,2014-10-03,2022-07-05,CDK,CDK GLOBAL INC,COMMON
BBG006BFYZP8,1594466,2014-05-28,2021-01-12,PE,PARSLEY ENERGY INC CLASS A,CLASS A
BBG006D97VY9,1576280,2018-10-09,,GH,GUARDANT HEALTH INC,COMMON
BBG006F8QZK4,1616318,2015-02-13,2024-11-26,VSTO,VISTA OUTDOOR INC,COMMON
BBG006FCB019,1096752,2007-12-17,2015-06-30,ENR,ENERGIZER HOLDINGS INC,COMMON
BBG006FCB019,1632790,2015-07-01,,ENR,ENERGIZER HOLDINGS INC,COMMON
BBG006G063F9,1598014,2016-07-13,2022-02-25,INFO,IHS MARKIT LTD,COMMON
BBG006G57XG0,1602065,2023-11-14,2025-08-19,VNOM,VIPER ENERGY INC CLASS A,CLASS A
BBG006GNRZ83,1611983,2014-11-07,2026-08-19,LBRDA,LIBERTY BROADBAND CORP SERIES A,CLASS A
BBG006GNSZW5,1611983,2014-11-07,2026-08-19,LBRDK,LIBERTY BROADBAND CORP SERIES C,CLASS C
BBG006HFPX77,1751008,2021-04-19,,APP,APPLOVIN CORP CLASS A,CLASS A
BBG006KY8KV2,1599947,2014-07-23,2017-10-17,TERP,TERRAFORM POWER INC CLASS A,CLASS A
BBG006LGV869,1607678,2015-05-05,,VKTX,VIKING THERAPEUTICS INC,COMMON
BBG006LYGNL7,1689662,2017-03-20,2021-10-16,ARD,ARDAGH GROUP SA CLASS A,CLASS A
BBG006MDLY05,1609711,2015-04-07,,GDDY,GODADDY INC CLASS A,CLASS A
BBG006MG2D41,1617898,2014-12-18,2018-10-08,KLXI,KLX INC,COMMON
BBG006N7RYV7,,2014-07-01,2017-11-21,FNFV,FNFV GROUP INC,COMMON
BBG006N7S6K9,1331875,2014-07-02,,FNF,FIDELITY NATIONAL FINANCIAL INC,COMMON
BBG006PWZX16,1800667,2020-09-18,,FROG,JFROG LTD,COMMON
BBG006Q0HY77,759944,2014-09-29,,CFG,CITIZENS FINANCIAL GROUP INC,COMMON
BBG006Q53H50,1412232,2014-10-07,2017-11-21,VWR,VWR CORP CORP,COMMON
BBG006QRCDZ8,1273801,2014-07-02,2017-01-10,NRF,NORTHSTAR REALTY FINANCE REIT CORP,COMMON
BBG006XVD9G0,1635718,2015-07-01,2019-11-19,GCI,GANNETT INC,COMMON
BBG007387YL8,1613859,2014-11-18,2021-06-30,PRAH,PRA HEALTH SCIENCES INC,COMMON
BBG0073F9RT7,1633978,2015-08-05,,LITE,LUMENTUM HOLDINGS INC,COMMON
BBG0073X4TB8,1639225,2019-07-29,2020-10-29,LVGO,LIVONGO HEALTH INC,COMMON
BBG00741Y1N2,1874178,2021-11-12,,RIVN,RIVIAN AUTOMOTIVE INC CLASS A,CLASS A
BBG0074B4RJ1,1655020,2016-10-17,2020-06-24,XOG,EXTRACTION OIL GAS INC,COMMON
BBG0074Q3NK6,1590895,2020-07-22,,CZR,CAESARS ENTERTAINMENT INC,COMMON
BBG0076WG2V1,,2014-12-17,,QSR,RESTAURANTS BRANDS INTERNATIONAL I,COMMON
BBG0077VNXV6,1633917,2015-07-20,,PYPL,PAYPAL HOLDINGS INC,COMMON
BBG0077VS2C0,1633931,2015-07-02,2026-06-30,BLD,TOPBUILD CORP,COMMON
BBG0077WYXF0,1629995,2015-07-06,2016-06-30,CPGX,COLUMBIA PIPELINE GROUP INC,COMMON
BBG0078W3NQ3,1645590,2015-11-04,,HPE,HEWLETT PACKARD ENTERPRISE,COMMON
BBG0078Y1D92,1610950,2018-01-08,2023-09-27,SYNH,SYNEOS HEALTH INC CLASS A,CLASS A
BBG007DHGNJ4,1640147,2020-09-21,,SNOW,SNOWFLAKE INC,COMMON
BBG007FG0C23,1636519,2015-10-05,2020-04-20,MSG,MADISON SQUARE GARDEN SPORTS CORP,CLASS A
BBG007FG0C23,1636519,2020-04-21,,MSGS,MADISON SQUARE GARDEN SPORTS CORP,CLASS A
BBG007FH8JX4,1592057,2022-01-04,2024-10-03,EVA,ENVIVA INC,COMMON
BBG007FL7ZD2,1641991,2015-09-29,2022-04-04,FLOW,SPX FLOW INC,COMMON
BBG007G7V505,1764925,2019-06-24,2021-07-20,WORK,SLACK TECHNOLOGIES CLASS A INC,CLASS A
BBG007GJ2F81,1507079,2017-05-02,,FND,FLOOR DECOR HOLDINGS INC CLASS A,CLASS A
BBG007H0TDK3,1630805,2015-07-06,,BW,BABCOCK AND WILCOX ENTERPRISES INC,COMMON
BBG007HWGYQ5,1699838,2021-06-25,2026-03-16,CFLT,CONFLUENT INC CLASS A,CLASS A
BBG007KGRPY4,1492422,2017-11-13,2026-05-13,APLS,APELLIS PHARMACEUTICALS INC,COMMON
BBG007N72M93,1901440,2024-04-15,,ULS,UL SOLUTIONS INC CLASS A,CLASS A
BBG007PZ2T21,1720671,2021-12-13,2025-02-26,HCP,HASHICORP INC CLASS A,CLASS A
BBG007R7VNC1,1612042,2026-04-21,,ASND,ASCENDIS PHARMA,COMMON
BBG007STW2B8,1635088,2021-10-01,,ROIV,ROIVANT SCIENCES LTD,COMMON
BBG007SV7NV3,1627014,2015-05-27,2017-09-29,BKFS,BLACK KNIGHT FINANCIAL SERVICES IN,CLASS A
BBG007TJF1N7,1604778,2015-01-02,,QRVO,QORVO INC,COMMON
BBG007TJX8V3,1619954,2015-02-18,2021-11-23,INOV,INOVALON HOLDINGS INC CLASS A,CLASS A
BBG007WX14X0,1770787,2019-09-16,,TXG,10X GENOMICS INC CLASS A,CLASS A
BBG0081JXTR0,1650962,2016-03-07,2017-03-09,MFS,WELBILT INC,COMMON
BBG0081JXTR0,1650962,2017-03-10,2022-07-28,WBT,WELBILT INC,COMMON
BBG0081VHTP3,1619762,2015-04-08,2025-07-08,IGT,INTERNATIONAL GAME TECHNOLOGY PLC,COMMON
BBG0081VHTP3,1619762,2025-07-09,,BRSL,INTERNATIONAL GAME TECHNOLOGY PLC,COMMON
BBG00829F4P8,1628171,2020-02-18,,RVMD,REVOLUTION MEDICINES INC,COMMON
BBG00835TPZ2,1852131,2023-02-13,,NXT,NEXTPOWER INC CLASS A,CLASS A
BBG008417VN4,1618563,2015-04-28,2026-07-21,NSA,NATIONAL STORAGE AFFILIATES TRUST,COMMON
BBG0084BBZY6,1419612,2015-04-01,,SEDG,SOLAREDGE TECHNOLOGIES INC,COMMON
BBG00873RM91,1646587,2015-11-03,2019-09-27,NRE,NORTHSTAR REALTY EUROPE CORP,COMMON
BBG0088CYPX8,1492633,2015-09-03,2022-10-11,NLSN,NIELSEN HOLDINGS PLC,COMMON
BBG008D32605,1943896,2024-04-29,,RBRK,RUBRIK INC CLASS A,CLASS A
BBG008FCJZ83,1624899,2015-11-04,2019-03-27,STE,STERIS,COMMON
BBG008G5SGL4,1639947,2015-08-20,2017-08-16,CCP,CARE CAPITAL PROPERTIES INC,COMMON
BBG008GC8CP6,1433195,2015-06-30,,APPF,APPFOLIO INC CLASS A,CLASS A
BBG008LJ4TF3,1567683,2018-09-17,,CWEN,CLEARWAY ENERGY INC CLASS C,CLASS C
BBG008LZG0Z5,1822479,2020-11-23,,SHC,SOTERA HEALTH COMPANY,COMMON
BBG008N298Y8,1636222,2015-06-17,,WING,WINGSTOP INC,COMMON
BBG008NMBXN8,1783879,2021-07-30,,HOOD,ROBINHOOD MARKETS INC CLASS A,CLASS A
BBG008NVB1C0,865752,2015-06-16,,MNST,MONSTER BEVERAGE CORP,COMMON
BBG008NXC572,1636023,2015-07-02,2024-07-09,WRK,WESTROCK,COMMON
BBG008S3V4G5,1646383,2015-12-01,2018-04-03,CSRA,CSRA INC,COMMON
BBG00928YVY7,1645494,2016-01-06,2019-04-03,ARRS,ARRIS INTERNATIONAL PLC,COMMON
BBG0098VVDT9,1639300,2015-07-21,,OLLI,OLLIES BARGAIN OUTLET HOLDINGS INC,COMMON
BBG0099PW5P1,1642896,2021-12-17,,IOT,SAMSARA INC CLASS A,CLASS A
BBG009CKXW23,1400431,2016-07-26,2017-10-10,PTHN,PATHEON NV,COMMON
BBG009CWL262,1609989,2015-07-27,2018-04-24,BUFF,BLUE BUFFALO PET PRODUCTS INC,COMMON
BBG009DTD8H2,1336917,2016-04-12,2016-12-07,UAC,UNDER ARMOUR INC CLASS C,CLASS C
BBG009DTD8H2,1336917,2016-12-08,,UA,UNDER ARMOUR INC CLASS C,CLASS C
BBG009H04M17,1637207,2015-08-11,,PLNT,PLANET FITNESS INC CLASS A,CLASS A
BBG009H33QM0,1650132,2015-11-12,,FCPT,FOUR CORNERS PROPERTY INC TRUST,COMMON
BBG009KG1750,1646972,2020-06-29,,ACI,ALBERTSONS COMPANY INC CLASS A,CLASS A
BBG009NGKQ45,1580864,2020-06-11,2024-02-13,VRM,VROOM INC,COMMON
BBG009NMJJJ4,883980,2008-01-16,2019-07-26,FDC,FIRST DATA CORP CLASS A,CLASS A
BBG009NRSWJ4,1617640,2015-08-18,,Z,ZILLOW GROUP INC CLASS C,CLASS C
BBG009PN0C87,1670541,2016-11-01,,ADNT,ADIENT PLC,COMMON
BBG009R0CT58,1669811,2016-10-05,,DFIN,DONNELLEY FINANCIAL SOLUTIONS INC,COMMON
BBG009R0CVG1,1669812,2016-10-05,2020-04-09,LKSD,LSC COMMUNICATIONS INC,COMMON
BBG009S39JX6,1652044,2015-10-06,,GOOGL,ALPHABET INC CLASS A,CLASS A
BBG009S3NB30,1652044,2015-10-06,,GOOG,ALPHABET INC CLASS C,CLASS C
BBG009T22D49,1650729,2016-05-17,,SITE,SITEONE LANDSCAPE SUPPLY INC,COMMON
BBG009WMBWP6,1647509,2016-01-05,2018-12-07,FCEA,FOREST CITY REALTY REIT INC TRUST,COMMON
BBG009WR3FL5,1835830,2023-09-22,,KVYO,KLAVIYO INC SERIES A,CLASS A
BBG009XV39D8,1649338,2016-02-01,2018-04-14,AVGO,BROADCOM LTD,COMMON
BBG009XW2WB8,1618673,2015-10-06,,PFGC,PERFORMANCE FOOD GROUP,COMMON
BBG009XW8PY2,1645113,2015-10-08,,NVCR,NOVOCURE LTD,COMMON
BBG00B0FS947,1647088,2020-07-06,,WSC,WILLSCOT HOLDINGS CORP CLASS A,CLASS A
BBG00B3T3HD3,4281,2007-12-19,2016-06-30,AA,ALCOA CORP,COMMON
BBG00B3T3HD3,1675149,2016-07-01,,AA,ALCOA CORP,COMMON
BBG00B4Z2YX0,912766,2008-01-16,,LAUR,LAUREATE EDUCATION INC,COMMON
BBG00B5C2HR4,1566895,2020-07-16,2022-01-07,NCNO,NCINO INC,COMMON
BBG00B6F2F09,1583708,2021-07-02,,S,SENTINELONE INC CLASS A,CLASS A
BBG00B6G7GL7,1579428,2015-11-25,,AXSM,AXSOME THERAPEUTICS INC,COMMON
BBG00B6WH9G3,1575189,2015-11-24,2020-07-01,MTCH,MATCH GROUP INC,COMMON
BBG00B8N0HG1,1673358,2016-11-03,,YUMC,YUM CHINA HOLDINGS INC,COMMON
BBG00B8NWRF5,1634997,2015-12-17,2024-12-20,AGR,AVANGRID INC,COMMON
BBG00BBHBMF8,1660690,2016-10-05,2019-10-04,VSM,VERSUM MATERIALS INC,COMMON
BBG00BDQ1H13,1650372,2015-12-15,2022-10-03,TEAM,ATLASSIAN PLC CLASS A,CLASS A
BBG00BFHD827,1560385,2016-04-18,2023-08-04,LSXMA,LIBERTY MEDIA LIBERTY SIRIUSXM COR,COMMON
BBG00BFHD9S7,1560385,2016-04-18,2023-08-04,LSXMK,LIBERTY MEDIA LIBERTY SIRIUSXM COR,COMMON
BBG00BFHDCV6,1560385,2016-04-19,2017-01-25,LMCA,LIBERTY MEDIA FORMULA ONE CORP SER,CLASS A
BBG00BFHDCV6,1560385,2017-01-26,2023-08-04,FWONA,LIBERTY MEDIA FORMULA ONE CORP SER,CLASS A
BBG00BFHDFR4,1560385,2016-04-19,2017-01-25,LMCK,LIBERTY MEDIA FORMULA ONE CORP SER,CLASS C
BBG00BFHDFR4,1560385,2017-01-26,2023-08-04,FWONK,LIBERTY MEDIA FORMULA ONE CORP SER,CLASS C
BBG00BFHKT14,1665658,2016-07-26,2018-05-18,CHUBA,COMMERCEHUB SERIES A INC,SERIES A
BBG00BFHL5F0,1669600,2016-11-10,2019-07-26,LEXEA,LIBERTY EXPEDIA HOLDINGS INC SERIE,CLASS A
BBG00BLVZ228,1659166,2016-07-05,,FTV,FORTIVE CORP,COMMON
BBG00BLYKS03,1535527,2019-06-14,,CRWD,CROWDSTRIKE HOLDINGS INC CLASS A,CLASS A
BBG00BLZ2CD1,1579878,2025-08-01,,FIG,FIGMA INC CLASS A,CLASS A
BBG00BM5YC05,1691421,2020-07-07,,LMND,LEMONADE INC,COMMON
BBG00BN961G4,1666700,2017-09-01,2019-06-06,DWDP,DUPONT DE NEMOURS INC,COMMON
BBG00BN961G4,1666700,2019-06-07,,DD,DUPONT DE NEMOURS INC,COMMON
BBG00BN96922,1751788,2019-04-03,,DOW,DOW INC,COMMON
BBG00BN969C1,1755672,2019-06-05,,CTVA,CORTEVA INC,COMMON
BBG00BTJVK94,1650164,2021-09-24,,TOST,TOAST INC CLASS A,CLASS A
BBG00C1BZMT9,1677703,2017-01-05,,CNDT,CONDUENT INC,COMMON
BBG00C6H6D40,1665918,2016-05-31,,USFD,US FOODS HOLDING CORP,COMMON
BBG00CBYY6M1,1674168,2017-01-05,,HGV,HILTON GRAND VACATIONS INC,COMMON
BBG00CNYBQ76,1658566,2016-10-13,2022-09-07,CDEV,PERMIAN RESOURCES CORP CLASS A,CLASS A
BBG00CNYBQ76,1658566,2022-09-08,,PR,PERMIAN RESOURCES CORP CLASS A,CLASS A
BBG00CTY3QD2,1681689,2017-02-06,2018-03-08,BIVV,BIOVERATIV INC,COMMON
BBG00CVQZQ96,216228,2016-05-18,,ITT,ITT INC,COMMON
BBG00CW127X1,1677203,2016-11-03,2018-07-26,QCP,QUALITY CARE PROPERTIES INC,COMMON
BBG00CW2JCN1,1527469,2016-12-14,2021-12-31,ATH,ATHENE HOLDING LTD CLASS A,CLASS A
BBG00CWTTQ41,1673985,2016-10-04,,ASIX,ADVANSIX INC,COMMON
BBG00D0Y81M1,1674862,2016-09-21,,ASH,ASHLAND INC,COMMON
BBG00D1WHZD9,1657853,2016-07-05,2020-10-29,HTZ,HERTZ GLOBAL HOLDINGS INC,COMMON
BBG00D30HGP6,1679688,2017-01-12,2018-06-26,CLNS,COLONY CAPITAL INC CLASS A,CLASS A
BBG00D30HGP6,1679688,2018-06-27,2021-06-23,CLNY,COLONY CAPITAL INC CLASS A,CLASS A
BBG00D3CHRC0,1678531,2016-12-05,2018-10-10,EVHC,ENVISION HEALTHCARE CORP,COMMON
BBG00D7BRGD0,1665658,2016-07-27,2018-05-18,CHUBK,COMMERCEHUB SERIES C INC,SERIES C
BBG00D8JC882,1670592,2018-10-29,,YETI,YETI HOLDINGS INC,COMMON
BBG00D8JD9Z9,1669162,2016-07-29,,KNSL,KINSALE CAPITAL GROUP INC,COMMON
BBG00DBBG1M0,875159,2016-07-26,2018-09-11,XL,XL GROUP LTD,COMMON
BBG00DHTYPH8,1653482,2021-10-18,,GTLB,GITLAB INC CLASS A,CLASS A
BBG00DJ2LJF5,1571996,2016-09-07,2018-12-27,DVMT,DELL TECHNOLOGIES CLASS V INC,CLASS V
BBG00DL8NMV2,1681459,2017-01-18,,FTI,TECHNIPFMC PLC,COMMON
BBG00DQ6VYP3,1600033,2016-09-27,,ELF,ELF BEAUTY INC,COMMON
BBG00DW3SZS1,1571996,2018-12-31,,DELL,DELL TECHNOLOGIES INC CLASS C,CLASS C
BBG00DXDL6Q1,1692819,2016-11-14,2017-05-16,VSTE,VISTRA CORP,COMMON
BBG00DXDL6Q1,1692819,2017-05-17,,VST,VISTRA CORP,COMMON
BBG00DYNJGH9,4281,2016-11-04,2020-04-01,ARNC,HOWMET AEROSPACE INC,COMMON
BBG00DYNJGH9,4281,2020-04-02,,HWM,HOWMET AEROSPACE INC,COMMON
BBG00DYPZ4T0,1685040,2017-08-08,,BHF,BRIGHTHOUSE FINANCIAL INC,COMMON
BBG00F5FNKJ7,1689796,2017-07-19,,JBGS,JBG SMITH PROPERTIES,COMMON
BBG00FFJY867,929351,2016-12-12,2025-05-06,LGFB,LIONS GATE ENTERTAINMENT NON VOTIN,CLASS B
BBG00FGXCJX5,1617406,2017-01-06,,PK,PARK HOTELS RESORTS INC,COMMON
BBG00FN64XT9,1688568,2017-04-03,,DXC,DXC TECHNOLOGY,COMMON
BBG00FQ8T4G3,1531152,2018-07-02,,BJ,BJS WHOLESALE CLUB HOLDINGS INC,COMMON
BBG00FQH6BS9,1687229,2017-02-06,,INVH,INVITATION HOMES INC,COMMON
BBG00FWQ4VD6,1403568,2007-12-27,,ULTA,ULTA BEAUTY INC,COMMON
BBG00FX58Q66,1433642,2017-03-06,,HLNE,HAMILTON LANE INC CLASS A,CLASS A
BBG00G2HHYD7,1722482,2019-05-21,,AVTR,AVANTOR INC,COMMON
BBG00GBNZ4M0,1623925,2019-03-14,,AM,ANTERO MIDSTREAM CORP,COMMON
BBG00GBR8753,1639438,2023-06-20,,CAVA,CAVA GROUP INC,COMMON
BBG00GBV88T6,1064728,2007-12-17,,BTU,PEABODY ENERGY CORP,COMMON
BBG00GBVBK51,1701605,2017-06-30,2019-10-23,BHGE,BAKER HUGHES CLASS A,CLASS A
BBG00GBVBK51,1701605,2019-10-24,,BKR,BAKER HUGHES CLASS A,CLASS A
BBG00GCTWDJ3,1690820,2017-05-03,,CVNA,CARVANA CLASS A,CLASS A
BBG00GFMPRK0,1702780,2017-06-27,2025-11-19,ATUS,ALTICE USA INC CLASS A,CLASS A
BBG00GFMPRK0,1702780,2025-11-20,,OPTU,ALTICE USA INC CLASS A,CLASS A
BBG00GKS1G03,1734722,2021-04-23,,PATH,UIPATH INC CLASS A,CLASS A
BBG00GLNJ018,1509589,2021-11-02,2026-01-29,CIVI,CIVITAS RESOURCES INC,COMMON
BBG00GNT7999,1720635,2018-05-02,,NVT,NVENT ELECTRIC PLC,COMMON
BBG00GQK3WB5,1366561,2018-05-01,2025-01-21,SMAR,SMARTSHEET INC CLASS A,CLASS A
BBG00GSNPM07,1274173,2017-05-30,2026-06-30,JHG,JANUS HENDERSON GROUP PLC,COMMON
BBG00GTWPCQ0,1707092,2017-12-07,2020-10-01,DLPH,DELPHI TECHNOLOGIES PLC,COMMON
BBG00GVR8YQ9,1707925,2018-10-31,2023-03-02,LIN,LINDE PLC,COMMON
BBG00GX77LW3,1627014,2017-10-02,2023-09-01,BKI,BLACK KNIGHT INC,COMMON
BBG00H433CR2,1711269,2018-06-05,,EVRG,EVERGY INC,COMMON
BBG00H5S8391,866291,2020-11-03,,ALGM,ALLEGRO MICROSYSTEMS INC,COMMON
BBG00H9MNDZ2,1727263,2018-10-02,,FTDR,FRONTDOOR INC,COMMON
BBG00HCY3Q67,1722684,2018-06-04,,WH,WYNDHAM HOTELS RESORTS INC,COMMON
BBG00HCYVQQ4,1831097,2021-04-19,,AGL,AGILON HEALTH,COMMON
BBG00HJ8K617,1689657,2020-07-21,2023-03-22,BLI,BERKELEY LIGHTS INC,COMMON
BBG00HJ8K617,1689657,2023-03-23,2023-09-29,CELL,BERKELEY LIGHTS INC,COMMON
BBG00HPDM5Z2,1710583,2017-10-11,2022-12-05,SWCH,SWITCH INC CLASS A,CLASS A
BBG00HS2GVL8,3453,2008-01-16,2008-10-01,ALEX,ALEXANDER & BALDWIN INC,COMMON
BBG00HS2GVL8,3453,2008-10-02,2009-05-06,AXB,ALEXANDER & BALDWIN INC,COMMON
BBG00HS2GVL8,3453,2009-05-07,2012-06-28,ALEX,ALEXANDER & BALDWIN INC,COMMON
BBG00HS2GVL8,1541927,2012-06-29,2012-06-29,ALEX,ALEXANDER & BALDWIN INC,COMMON
BBG00HS2GVL8,1545654,2012-06-30,2026-03-12,ALEX,ALEXANDER & BALDWIN INC,COMMON
BBG00HTN2CQ3,1706946,2019-10-28,,SPCE,VIRGIN GALACTIC HOLDINGS INC SHS C,COMMON
BBG00HVVB499,,2017-10-23,2017-11-05,VCCP,VICI PPTYS INC,COMMON
BBG00HVVB499,,2017-11-06,,VICI,VICI PPTYS INC,COMMON
BBG00HXKRGY9,1796209,2020-04-29,,APG,API GROUP CORP,COMMON
BBG00HY28K89,1740332,2018-10-29,,REZI,RESIDEO TECHNOLOGIES INC,COMMON
BBG00HY28P97,1735707,2018-10-02,2020-09-23,GTX,GARRETT MOTION INC,COMMON
BBG00HY28P97,1735707,2020-09-24,2021-05-03,GTXMQ,GARRETT MOTION INC,COMMON
BBG00HY28P97,1735707,2021-05-04,,GTX,GARRETT MOTION INC,COMMON
BBG00J7CBVW8,1333986,2018-05-14,,EQH,EQUITABLE HOLDINGS INC,COMMON
BBG00JG0FFZ2,1639825,2019-09-30,,PTON,PELOTON INTERACTIVE CLASS A INC,CLASS A
BBG00JGMWFM9,1739445,2018-11-02,,ACA,ARCOSA INC,COMMON
BBG00JHNJW99,1308161,2013-07-03,2018-12-31,FOXA,FOX CORP CLASS A,CLASS A
BBG00JHNJW99,1754301,2019-01-01,,FOXA,FOX CORP CLASS A,CLASS A
BBG00JHNKJY8,1308161,2013-07-05,2018-12-31,FOX,FOX CORP CLASS B,CLASS B
BBG00JHNKJY8,1754301,2019-01-01,,FOX,FOX CORP CLASS B,CLASS B
BBG00JM9V731,1718512,2018-01-30,2026-07-17,GTES,GATES INDUSTRIAL PLC,COMMON
BBG00JPGYW43,1477294,2018-03-28,,ST,SENSATA TECHNOLOGIES HOLDING PLC,COMMON
BBG00JR5MM31,750004,2008-01-16,2022-05-01,SGMS,LIGHT WONDER INC,COMMON
BBG00JR5MM31,750004,2022-05-02,2025-11-13,LNW,LIGHT WONDER INC,COMMON
BBG00JR5MM31,750004,2025-11-14,2026-08-31,LNWO,LIGHT WONDER INC,COMMON
BBG00K53L394,1747009,2018-11-15,2024-07-19,ETRN,EQUITRANS MIDSTREAM CORP,COMMON
BBG00K7K2XZ0,808461,2018-03-12,2020-12-18,GLIBA,GCI LIBERTY INC CLASS A,CLASS A
BBG00K7ZQ662,1745041,2019-06-30,2023-03-20,IAA,IAA INC,COMMON
BBG00KDYT8C4,931148,2018-04-23,,EAF,GRAFTECH INTERNATIONAL LTD,COMMON
BBG00KG5VJF4,1579091,2023-09-21,,CART,MAPLEBEAR INC,COMMON
BBG00KHY5S69,1730168,2018-04-06,,AVGO,BROADCOM INC,COMMON
BBG00KMYC574,1725579,2018-05-21,2021-04-05,PS,PLURALSIGHT INC CLASS A,CLASS A
BBG00KR691K8,1752836,2019-02-12,2022-10-12,CVET,COVETRUS INC,COMMON
BBG00KXRCDP0,1739940,2018-12-24,,CI,CIGNA,COMMON
BBG00L2B8KW8,1674101,2020-06-30,,VRT,VERTIV HOLDINGS CLASS A,CLASS A
BBG00L2SFJT0,2057463,2025-07-16,,GLIBA,GCI LIBERTY INC SERIES A,SERIES A
BBG00L31HTW0,1735184,2018-06-30,2022-04-10,RVI,RETAIL VALUE INC,COMMON
BBG00L31HTW0,1735184,2022-04-11,2023-04-06,RVIC,RETAIL VALUE INC,COMMON
BBG00L9HLWV8,1795250,2020-04-21,2023-04-24,MSGE,MADISON SQUARE GARDEN ENTERTAINMEN,COMMON
BBG00L9HLWV8,1795250,2023-04-25,,SPHR,MADISON SQUARE GARDEN ENTERTAINMEN,COMMON
BBG00LJYS1P8,1739104,2018-09-24,,ELAN,ELANCO ANIMAL HEALTH INC,COMMON
BBG00LN4B5N0,1757073,2019-09-20,,NVST,ENVISTA HOLDINGS CORP,COMMON
BBG00LNJRQ09,1748790,2019-06-11,,AMCR,AMCOR PLC,COMMON
BBG00LQK89F6,1858985,2021-09-17,,ONON,ON HOLDING AG CLASS A,CLASS A
BBG00LT2PDY4,1496048,2018-08-30,2020-06-29,BPR,BROOKFIELD PROPERTY REIT INC CLASS,COMMON
BBG00LT2PDY4,1496048,2020-06-30,2021-07-26,BPYU,BROOKFIELD PROPERTY REIT INC CLASS,COMMON
BBG00LWZDYB9,1707753,2018-10-11,,ESTC,ELASTIC NV,COMMON
BBG00M1CKSK7,1739942,2018-10-23,2025-04-15,SWI,SOLARWINDS CORP,COMMON
BBG00M4ZQDK0,1745431,2018-10-29,,STNE,STONECO LTD CLASS A,CLASS A
BBG00MJH9LC4,1749723,2019-02-05,,NFE,NEW FORTRESS ENERGY INC CLASS A,CLASS A
BBG00MMDJG84,1768267,2019-10-04,,CRNC,CERENCE INC,COMMON
BBG00MRHG523,1757898,2019-03-28,,STE,STERIS,COMMON
BBG00NK8H8T2,1758730,2019-04-08,,TW,TRADEWEB MARKETS INC CLASS A,CLASS A
BBG00NN875G0,1771917,2019-07-02,2024-03-15,KRTX,KARUNA THERAPEUTICS INC,COMMON
BBG00NNG2ZJ8,1770450,2019-08-02,,XRX,XEROX HOLDINGS CORP,COMMON
BBG00P1919G5,1764046,2019-05-15,2021-02-01,CCC,CLARIVATE PLC,COMMON
BBG00P1919G5,1764046,2021-02-02,,CLVT,CLARIVATE PLC,COMMON
BBG00P19DKZ6,1766502,2019-06-18,,CHWY,CHEWY INC CLASS A,CLASS A
BBG00P4R3079,1771515,2019-06-24,,GO,GROCERY OUTLET HOLDING CORP,COMMON
BBG00P5M4V07,1832433,2021-03-11,2024-07-31,FERG,FERGUSON PLC,COMMON
BBG00P9KDZK6,1743881,2019-07-01,,BBIO,BRIDGEBIO PHARMA INC,COMMON
BBG00PKCBY53,1647639,2020-12-18,,UPST,UPSTART HOLDINGS INC,COMMON
BBG00PNN7C40,1773383,2019-08-05,,DT,DYNATRACE INC,COMMON
BBG00PPWYWJ8,1160951,2020-08-18,2023-03-29,DCT,DUCK CREEK TECH INC,COMMON
BBG00PQS00S3,1780232,2020-03-05,,GFL,GFL ENVIRONMENTAL SUBORDINATE VOTI,COMMON
BBG00Q402TR2,1780312,2021-04-07,,ASTS,AST SPACEMOBILE INC CLASS A,CLASS A
BBG00Q741Z16,1777393,2021-03-01,,CHPT,CHARGEPOINT HOLDINGS INC CLASS A,CLASS A
BBG00QK4M9M3,1795586,2025-06-13,,CHYM,CHIME FINANCIAL INC CLASS A,CLASS A
BBG00QNSY1H7,1451809,2019-11-25,,SITM,SITIME CORP,COMMON
BBG00QQ8C789,1828016,2021-01-20,,PLTK,PLAYTIKA HOLDING CORP,COMMON
BBG00QVJV6V4,1786352,2019-12-16,,BILL,BILL HOLDINGS INC,COMMON
BBG00QVJVYB5,1786431,2020-02-04,,REYN,REYNOLDS CONSUMER PRODUCTS INC,COMMON
BBG00QVJYGM9,1787425,2019-12-16,,XP,XP CLASS A INC,CLASS A
BBG00R24YP60,1783398,2021-01-22,,UWMC,UWM HOLDINGS CORP CLASS A,CLASS A
BBG00R2JZG39,812074,2019-12-30,,OI,O I GLASS INC,COMMON
BBG00R2NHQ65,1792580,2020-01-27,,OVV,OVINTIV INC,COMMON
BBG00R4SQJ13,1603923,2019-12-16,2019-12-19,3118REORGPAY,WEATHERFORD INTERNATIONAL PLC,COMMON
BBG00R4SQJ13,1603923,2019-12-20,2021-06-13,WFTLF,WEATHERFORD INTERNATIONAL PLC,COMMON
BBG00R4SQJ13,1603923,2021-06-14,,WFRD,WEATHERFORD INTERNATIONAL PLC,COMMON
BBG00RCNQMX3,1803599,2020-12-03,,CNXC,CONCENTRIX CORP,COMMON
BBG00RP5HYS8,1783180,2020-04-06,,CARR,CARRIER GLOBAL CORP,COMMON
BBG00RP60KV0,1781335,2020-04-06,,OTIS,OTIS WORLDWIDE CORP,COMMON
BBG00RPJPN67,1782754,2020-06-16,2025-06-30,AZEK,AZEK COMPANY INC CLASS A,CLASS A
BBG00RQ70GQ2,1801075,2020-07-06,2022-05-24,ANAT,AMERICAN NATIONAL GROUP INC,COMMON
BBG00RQ732B6,1801661,2020-12-17,,SKLZ,SKILLZ INC CLASS A,CLASS A
BBG00RRGSJR4,1786842,2020-10-13,,VNT,VONTIER CORP,COMMON
BBG00RRH0RM9,1699150,2017-05-17,2020-02-28,GDI,GARDNER DENVER HOLDINGS INC,COMMON
BBG00S1HJ3M8,1794515,2020-06-05,2025-05-13,ZI,ZOOMINFO TECHNOLOGIES INC,COMMON
BBG00S1HJ3M8,1794515,2025-05-14,,GTM,ZOOMINFO TECHNOLOGIES INC,COMMON
BBG00S1LR2C3,1800227,2020-07-02,2026-06-09,IAC,PEOPLE,COMMON
BBG00S1LR2C3,1800227,2026-06-10,,PPLI,PEOPLE,COMMON
BBG00SHY8ZQ1,1801169,2020-12-21,,OPEN,OPENDOOR TECHNOLOGIES INC,COMMON
BBG00SSQFPK6,315293,2020-04-01,,AON,AON PLC CLASS A,CLASS A
BBG00T68J2G0,1807794,2022-01-31,,CRDO,CREDO TECHNOLOGY GROUP HOLDING LTD,COMMON
BBG00TCBG714,1772757,2020-04-27,2022-05-05,DKNG,DRAFTKINGS INC CLASS A,CLASS A
BBG00TDKHW99,1736297,2024-03-21,,ALAB,ASTERA LABS INC,COMMON
BBG00TJGL0F0,1801368,2020-11-18,,MP,MP MATERIALS CORP CLASS A,CLASS A
BBG00TX393L4,1794669,2020-06-08,,FOUR,SHIFT4 PAYMENTS INC CLASS A,CLASS A
BBG00V1L5YZ5,1802768,2020-06-18,,RPRX,ROYALTY PHARMA PLC CLASS A,CLASS A
BBG00VCYVLH4,1805387,2020-11-02,2024-07-31,CERE,CEREVEL THERAPEUTICS HOLDINGS INC,COMMON
BBG00VCZX9Z6,1799208,2020-07-06,2025-08-25,DNB,DUN BRADST HLDG INC,COMMON
BBG00VJ17DS2,1811414,2020-11-27,,QS,QUANTUMSCAPE CORP CLASS A,CLASS A
BBG00VNLZL95,1283699,2020-06-26,2020-08-06,TMUSR,T MOBILE US SUBSCRIPTION RIGHTS IN,COMMON
BBG00VSYYVB8,1721947,2020-07-24,2026-01-29,JAMF,JAMF HOLDING CORP,COMMON
BBG00VT0KNC3,891103,2020-07-02,,MTCH,MATCH GROUP INC,COMMON
BBG00VY1MYW7,1805284,2020-08-07,,RKT,ROCKET COMPANIES INC CLASS A,CLASS A
BBG00W0L8GW3,1564406,2020-08-10,2023-05-01,OSH,OAK STREET HEALTH INC,COMMON
BBG00W1PSSJ0,1626450,2020-08-07,2025-08-03,BIGC,BIGCOMMERCE HOLDINGS SERIES,COMMON
BBG00W1PSSJ0,1626450,2025-08-04,,CMRC,BIGCOMMERCE HOLDINGS SERIES,COMMON
BBG00W5FS571,1791863,2020-08-03,2024-12-27,BEPC,BROOKFIELD RENEWABLE SUBORDINATE V,CLASS A
BBG00W7F99V5,1811210,2021-07-26,,LCID,LUCID GROUP INC,COMMON
BBG00W7FH7G7,1813756,2021-10-21,2023-11-03,WE,WEWORK INC CLASS A,CLASS A
BBG00W9LXXJ4,1809122,2020-08-18,2026-01-05,CVAC,CUREVAC NV,COMMON
BBG00WNSJM49,1818201,2021-08-02,2025-11-02,CCCS,CCC INTELLIGENT SOLUTIONS HOLDINGS,COMMON
BBG00WNSJM49,1818201,2025-11-03,,CCC,CCC INTELLIGENT SOLUTIONS HOLDINGS,COMMON
BBG00WYYC600,1255474,2008-01-23,2017-11-09,WLL,WHITING PETROLEUM CORP,COMMON
BBG00X3GQL76,1599298,2020-09-23,,SMMT,SUMMIT THERAPEUTICS INC,COMMON
BBG00XK3WVD0,1820877,2020-12-17,2024-06-27,AIRC,APARTMENT INCOME REIT CORP,COMMON
BBG00XMJRPQ8,1834584,2021-03-15,,CPNG,COUPANG INC CLASS A,CLASS A
BBG00XNR7VZ8,1783317,2020-10-26,2022-02-28,MCFE,MCAFEE CORP CLASS A,CLASS A
BBG00XP8FYQ3,1724570,2020-10-23,2022-06-22,MSP,DATTO HOLDING CORP,COMMON
BBG00XS6TTT7,1821806,2020-11-02,,LESL,LESLIES INC,COMMON
BBG00XV417R8,1823945,2021-05-20,,OWL,BLUE OWL CAPITAL INC CLASS A,CLASS A
BBG00XZP0LB4,1824920,2021-10-01,,IONQ,IONQ INC,COMMON
BBG00Y04KP80,1609253,2014-12-02,,CRC,CALIFORNIA RESOURCES CORP,COMMON
BBG00Y1DFV91,1823239,2020-11-24,,MRVI,MARAVAI LIFESCIENCES HOLDINGS INC,CLASS A
BBG00Y4RQNH4,1792044,2020-11-17,,VTRS,VIATRIS INC,COMMON
BBG00Y6G6X31,1577526,2020-12-11,,AI,C3 AI INC CLASS A,CLASS A
BBG00Y7BLHL9,1486159,2020-11-20,2022-07-05,OAS,CHORD ENERGY CORP,COMMON
BBG00Y7BLHL9,1486159,2022-07-06,,CHRD,CHORD ENERGY CORP,COMMON
BBG00Y7BP8Y1,1820953,2021-01-15,,AFRM,AFFIRM HOLDINGS INC CLASS A,CLASS A
BBG00Y7BR4K3,1827090,2020-12-15,,CERT,CERTARA INC,COMMON
BBG00YB1ZD58,1818874,2021-06-01,,SOFI,SOFI TECHNOLOGIES INC,COMMON
BBG00YDGX945,1852244,2021-08-04,,GXO,GXO LOGISTICS INC,COMMON
BBG00YFGTVN8,1826470,2021-01-19,,WOOF,PETCO HEALTH AND WELLNESS COMPANY,COMMON
BBG00YJKWXD8,1834488,2021-07-22,,NABL,N ABLE INC,COMMON
BBG00YN8NCD6,1804745,2021-01-20,,DRVN,DRIVEN BRANDS HOLDINGS INC,COMMON
BBG00YPS1KY3,1830214,2021-09-17,,DNA,GINKGO BIOWORKS HOLDINGS INC CLASS,COMMON
BBG00YQ82275,1831651,2021-01-29,,SHLS,SHOALS TECHNOLOGIES GROUP INC CLAS,CLASS A
BBG00YRJXKB1,1811074,2021-01-12,,TPL,TEXAS PACIFIC LAND CORP,COMMON
BBG00YT50779,1833835,2021-03-31,,PSFE,PAYSAFE LTD,COMMON
BBG00YTS96G2,1841666,2021-03-02,,APA,APA CORP,COMMON
BBG00YZ6J994,1828182,2021-02-16,2023-03-28,SGFY,SIGNIFY HEALTH INC CLASS A,CLASS A
BBG00Z6DX554,895126,2007-12-17,2024-10-02,CHK,EXPAND ENERGY CORP,COMMON
BBG00Z6DX554,895126,2024-10-03,,EXE,EXPAND ENERGY CORP,COMMON
BBG00Z92Y6X1,1828108,2021-11-04,,AUR,AURORA INNOVATION INC CLASS A,CLASS A
BBG00Z9CCRH5,1834622,2021-03-16,,HAYW,HAYWARD HOLDINGS INC,COMMON
BBG00ZCV3P74,1836833,2021-12-08,,PL,PLANET LABS CLASS A,CLASS A
BBG00ZF0FGT2,1845097,2021-08-05,,AMBP,ARDAGH METAL PACKAGING SA,COMMON
BBG00ZGF6SS3,1582961,2021-03-26,,DOCN,DIGITALOCEAN HOLDINGS INC,COMMON
BBG00ZGF7771,1679788,2021-04-16,,COIN,COINBASE GLOBAL INC CLASS A,CLASS A
BBG00ZHCT050,1831617,2021-03-30,2023-07-15,DSEY,DIVERSEY HOLDINGS LTD,COMMON
BBG00ZNLTFK3,1858681,2022-01-04,,APO,APOLLO GLOBAL MANAGEMENT INC,COMMON
BBG00ZNRRJM2,1819928,2021-04-23,,DV,DOUBLEVERIFY HOLDINGS INC,COMMON
BBG00ZNSSKP3,1837686,2021-05-25,2025-11-21,VMEO,VIMEO INC,COMMON
BBG00ZQRGW24,1821825,2021-06-03,,OGN,ORGANON,COMMON
BBG00ZSB4TS9,1833756,2022-11-30,,DRS,LEONARDO DRS INC,COMMON
BBG00ZSDS6T8,1823593,2021-04-19,2024-02-06,TSP,TUSIMPLE HOLDINGS INC CLASS A,CLASS A
BBG00ZXBJ153,1835632,2021-04-22,,MRVL,MARVELL TECHNOLOGY INC,COMMON
BBG010FNXMC3,1839439,2021-07-22,2025-04-11,PYCR,PAYCOR HCM INC,COMMON
BBG010J28KQ2,1878848,2021-11-19,,IREN,IREN LTD,COMMON
BBG010MVVVW7,20520,2021-05-06,2026-01-16,FYBR,FRONTIER COMMUNICATIONS PARENT INC,COMMON
BBG01103B471,1856437,2021-08-03,2026-06-02,VSCO,VICTORIA S SECRET,COMMON
BBG01103B471,1856437,2026-06-03,,VSXY,VICTORIA S SECRET,COMMON
BBG0112CBLW3,1849056,2021-07-12,2024-05-12,ALCC,OKLO INC CLASS A,CLASS A
BBG0112CBLW3,1849056,2024-05-13,,OKLO,OKLO INC CLASS A,CLASS A
BBG0112Z58J3,1842022,2021-06-30,,DTM,DT MIDSTREAM INC,COMMON
BBG011386VF4,1437107,2022-04-11,,WBD,WARNER BROS. DISCOVERY INC SERIES,COMMON
BBG01163K2X0,1856525,2021-07-27,,CNM,CORE & MAIN INC CLASS A,CLASS A
BBG011744HH0,1849635,2021-10-04,2024-03-26,DWAC,TRUMP MEDIA TECHNOLOGY GROUP CORP,COMMON
BBG011744HH0,1849635,2024-03-27,,DJT,TRUMP MEDIA TECHNOLOGY GROUP CORP,COMMON
BBG0118JXCD9,1873923,2021-11-16,,ONL,ORION OFFICE REIT INC,COMMON
BBG011FS2K38,1853513,2021-06-29,2026-05-18,MCW,MISTER CAR WASH INC,COMMON
BBG011K4W134,1849253,2021-07-23,,RYAN,RYAN SPECIALTY HOLDINGS INC CLASS,COMMON
BBG011N57109,1657853,2021-07-06,2021-11-09,HTZZ,HERTZ GLOBAL HLDGS INC,COMMON
BBG011N57109,1657853,2021-11-10,,HTZ,HERTZ GLOBAL HLDGS INC,COMMON
BBG011ZTRJ21,1769628,2025-03-31,,CRWV,COREWEAVE INC CLASS A,CLASS A
BBG0120SWLS0,1859392,2025-05-19,,GLXY,GALAXY DIGITAL INC CLASS A,CLASS A
BBG0122M8031,1856485,2021-10-04,,SLVM,SYLVAMO CORP,COMMON
BBG0122MC900,1083301,2021-12-16,,WULF,TERAWULF INC,COMMON
BBG01282Z1Y3,1866550,2021-09-17,2024-11-12,TWKS,THOUGHTWORKS HOLDING INC,COMMON
BBG01282ZHB3,1866581,2021-09-17,,BROS,DUTCH BROS INC CLASS A,CLASS A
BBG01282ZJM7,1861795,2021-09-17,,DH,DEFINITIVE HEALTHCARE CORP CLASS A,CLASS A
BBG012BV9SK0,1868726,2021-10-04,2026-07-06,OLPX,OLAPLEX HOLDINGS INC,COMMON
BBG012QSDSK6,1868941,2021-11-01,,FLNC,FLUENCE ENERGY INC CLASS A,CLASS A
BBG012QVD574,1870997,2021-11-09,2023-03-20,LYLT,LOYALTY VENTURES INC,COMMON
BBG012THM3Q6,1868778,2021-10-28,2025-11-17,INFA,INFORMATICA INC CLASS A,CLASS A
BBG012W99DN6,1867072,2021-11-04,,KD,KYNDRYL HOLDINGS INC,COMMON
BBG0134WCM78,1883685,2022-05-06,,DKNG,DRAFTKINGS INC CLASS A,CLASS A
BBG0135B2214,1915657,2022-03-16,,DINO,HF SINCLAIR CORP,COMMON
BBG0136WM1M4,1691493,2021-12-13,,NU,NU HOLDINGS CLASS A,CLASS A
BBG013G17W31,1996810,2024-04-02,,GEV,GE VERNOVA INC,COMMON
BBG013QNJHP8,1772016,2022-03-14,,BRBR,BELLRING BRANDS INC,COMMON
BBG0145FSNR1,1880661,2022-01-18,,TPG,TPG INC CLASS A,CLASS A
BBG014GJ8XH2,1902733,2022-01-11,,NCNO,NCINO INC,COMMON
BBG014KFRNP7,1868275,2022-02-03,,CEG,CONSTELLATION ENERGY CORP,COMMON
BBG014QJ5BV6,1803737,2022-07-06,2026-05-14,EHAB,ENHABIT INC,COMMON
BBG016G0L0Q5,1944013,2023-04-05,,CR,CRANE,COMMON
BBG016HJ8729,1889539,2022-09-19,,CRBG,COREBRIDGE FINANCIAL INC,COMMON
BBG017BXPZ85,25445,2022-05-18,2023-04-04,CR,CRANE NXT,COMMON
BBG017BXPZ85,25445,2023-04-05,,CXT,CRANE NXT,COMMON
BBG017J18W74,1897982,2022-05-18,2025-03-11,AZPN,ASPEN TECHNOLOGY INC,COMMON
BBG017TGV7M2,1906324,2022-05-31,,QDEL,QUIDELORTHO CORP,COMMON
BBG018CYVVW5,1959348,2023-10-03,2025-09-25,KLG,WK KELLOGG,COMMON
BBG018CZLZ09,1910851,2022-06-24,2024-11-18,RCM,R1 RCM INC,COMMON
BBG018YZH6T3,1964738,2024-04-02,,SOLV,SOLVENTUM CORP,COMMON
BBG019C1BQR4,52988,2022-08-30,,J,JACOBS SOLUTIONS INC,COMMON
BBG019M62R45,1590364,2022-11-15,,FTAI,FTAI AVIATION LTD,COMMON
BBG019Q32XJ9,1967680,2023-10-02,,VLTO,VERALTO CORP,COMMON
BBG019Y0WP19,1974138,2023-10-18,,NATL,NCR ATLEOS CORP,COMMON
BBG01B6SGB59,4457,2022-11-14,,UHAL-B,U HAUL NON VOTING SERIES N,SERIES N
BBG01B9G42Y3,1941365,2022-12-16,,MBC,MASTERBRAND INC,COMMON
BBG01BFR8YV1,1932393,2023-01-05,,GEHC,GE HEALTHCARE TECHNOLOGIES INC,COMMON
BBG01BGVGG87,1934850,2022-12-01,,FG,F&G ANNUITIES AND LIFE INC,COMMON
BBG01BGWHFR5,1650372,2022-10-04,,TEAM,ATLASSIAN CORP CLASS A,CLASS A
BBG01BPHNXZ3,1937926,2022-12-14,,BAM,BROOKFIELD ASSET MANAGEMENT VOTING,CLASS A
BBG01C79X561,1944048,2023-05-08,,KVUE,KENVUE INC,COMMON
BBG01F6N6NM7,1968915,2023-07-06,,PHIN,PHINIA INC,COMMON
BBG01FND0CC1,1707925,2023-03-03,,LIN,LINDE PLC,COMMON
BBG01G9JKWV5,1973266,2023-09-14,,TKO,TKO GROUP HOLDINGS INC CLASS A,CLASS A
BBG01GWQVVD3,1622536,2023-06-08,2024-07-22,TLNE,TALEN ENERGY CORP,COMMON
BBG01GWQVVD3,1622536,2024-07-23,,TLN,TALEN ENERGY CORP,COMMON
BBG01GZF9VY6,1965040,2023-06-30,,FTRE,FORTREA HOLDINGS INC,COMMON
BBG01HGVLP51,1973832,2023-09-26,,AU,ANGLOGOLD ASHANTI PLC,COMMON
BBG01HLM8W28,1560385,2023-08-07,2024-09-09,LSXMA,LIBERTY MEDIA LIBERTY SIRIUSXM COR,CLASS A
BBG01HLMB6H5,1560385,2023-08-07,2024-09-11,LSXMK,LIBERTY MEDIA LIBERTY SIRIUSXM COR,COMMON
BBG01HLMB809,1560385,2023-08-07,,FWONA,LIBERTY MEDIA FORMULA ONE SERIES A,CLASS A
BBG01HLMBCG3,1560385,2023-08-07,,FWONK,LIBERTY MEDIA FORMULA ONE SERIES C,CLASS C
BBG01HMFL081,1560385,2023-08-04,2025-12-16,LLYVA,LIBERTY MEDIA LIBERTY LIVE CORP SE,CLASS A
BBG01HMFLTN1,1560385,2023-08-04,2025-12-16,LLYVK,LIBERTY MEDIA LIBERTY LIVE CORP SE,CLASS C
BBG01HN2K357,1957132,2023-08-02,,SN,SHARKNINJA INC,COMMON
BBG01HTMDZ54,1981792,2023-08-14,,HHH,HOWARD HUGHES HOLDINGS INC,COMMON
BBG01J9M42H2,1977102,2023-10-13,,BIRK,BIRKENSTOCK HOLDING PLC,COMMON
BBG01JKVZQZ2,1952976,2023-11-03,,NLOP,NET LEASE OFFICE PROPERTIES,COMMON
BBG01JNDL2R6,2009684,2024-08-02,,SEG,SEAPORT ENTERTAINMENT GROUP INC,COMMON
BBG01JZ8VL91,1996862,2023-11-02,,BG,BUNGE GLOBAL SA,COMMON
BBG01K9HZH92,1316631,2008-01-16,2013-03-06,LBTYA,LIBERTY GLOBAL LTD CLASS A,CLASS A
BBG01K9HZH92,1570585,2013-03-07,,LBTYA,LIBERTY GLOBAL LTD CLASS A,CLASS A
BBG01K9KJ3B1,1570585,2023-11-27,,LBTYK,LIBERTY GLOBAL LTD CLASS C,CLASS C
BBG01KJQM3Y8,908937,2024-09-11,,SIRI,SIRIUSXM HOLDINGS INC,COMMON
BBG01KWR26Q5,1988894,2024-02-05,,AS,AMER SPORTS INC,COMMON
BBG01L820CZ4,1632970,2024-02-09,,AHR,AMERICAN HEALTHCARE REIT INC,COMMON
BBG01M600X00,2015845,2024-11-04,,ECG,EVERUS CONSTRUCTION GROUP INC,COMMON
BBG01M86F4Y6,2000178,2024-04-29,,LOAR,LOAR HOLDINGS INC,COMMON
BBG01MMT6PL7,920148,2024-05-22,,LH,LABCORP HOLDINGS INC,COMMON
BBG01MZQYJF9,1717115,2024-06-17,,TEM,TEMPUS AI INC CLASS A,CLASS A
BBG01N6CGW43,1699031,2024-06-17,,GRAL,GRAIL INC,COMMON
BBG01NGH78G1,2064124,2025-09-12,,FIGR,FIGURE TECHNOLOGY SOLUTIONS INC CL,CLASS A
BBG01NJDR0W4,1868159,2024-07-26,,LINE,LINEAGE INC,COMMON
BBG01NK9ZXT4,2005951,2024-07-08,,SW,SMURFIT WESTROCK PLC,COMMON
BBG01NMRD768,2011641,2024-08-02,,FERG,FERGUSON ENTERPRISES INC,COMMON
BBG01NY7B734,2011286,2024-10-01,,AMTM,AMENTUM HOLDINGS INC,COMMON
BBG01PSW2WN4,2012383,2024-10-03,,BLK,BLACKROCK INC,COMMON
BBG01Q381K59,1897762,2024-10-25,,INGM,INGRAM MICRO HOLDING CORP,COMMON
BBG01QNB0RS1,2042694,2024-11-12,,PRMB,PRIMO BRANDS CLASS A CORP,CLASS A
BBG01R388JG1,2023554,2025-02-19,,SNDK,SANDISK CORP,COMMON
BBG01R914LT5,1521332,2024-12-19,,APTV,APTIV PLC,COMMON
BBG01RJ2V7B2,1791863,2024-12-31,,BEPC,BROOKFIELD RENEWABLE SUBORDINATE V,COMMON
BBG01RMP2W97,91388,2025-01-29,,SFD,SMITHFIELD FOODS INC,COMMON
BBG01RQYH2X7,2017206,2025-02-07,,MRP,MILLROSE PROPERTIES INC CLASS A,CLASS A
BBG01RW30Q09,2030781,2025-02-14,,SAIL,SAILPOINT INC,COMMON
BBG01RXK1PK9,2040127,2025-02-14,,KRMN,KARMAN HOLDINGS INC,COMMON
BBG01T61V2V3,1876042,2025-06-06,,CRCL,CIRCLE INTERNET GROUP INC CLASS A,CLASS A
BBG01TRL73S5,2058873,2025-11-03,,Q,QNITY ELECTRONICS INC,COMMON
BBG01V30BCK5,1791942,2025-06-13,,JBS,JBS N V NV CLASS A,CLASS A
BBG01V4YRP24,2041385,2025-06-30,,RAL,RALLIANT CORP,COMMON
BBG01V7JN3F3,1819994,2025-05-28,,RKLB,ROCKET LAB CORP,COMMON
BBG01VV3KTK1,2054696,2025-07-24,,NIQ,NIQ GLOBAL INTELLIGENCE PLC,COMMON
BBG01VV3SMG3,2057463,2025-07-16,,GLIBK,GCI LIBERTY INC SERIES C,CLASS C
BBG01VXTFCN2,2074176,2025-08-20,,VNOM,VIPER ENERGY INC CLASS A,CLASS A
BBG01W8QW0N1,1872195,2025-08-14,,BLSH,BULLISH,COMMON
BBG01X4QY3R1,2071778,2025-10-02,,FRMI,FERMI INC,COMMON
BBG01X5744P5,2064953,2025-10-24,,SOLS,SOLSTICE ADVANCED MATERIALS INC,COMMON
BBG01Y0M8K11,2067876,2026-01-05,,VSNT,VERSANT MEDIA GROUP INC,COMMON
BBG01Y6778L4,2046386,2025-12-18,,MDLN,MEDLINE INC CLASS A,CLASS A
BBG01YY256K1,2078416,2025-12-17,,LLYVA,LIBERTY LIVE HOLDINGS INC SERIES A,CLASS A
BBG01YYX1Z14,2078416,2025-12-17,,LLYVK,LIBERTY LIVE HOLDINGS INC SERIES C,CLASS C
BBG01Z7V4LL1,2082866,2026-01-05,,PNFP,PINNACLE FINANCIAL PARTNERS INC,COMMON
BBG01ZJ9DR98,2080126,2026-02-06,,FPS,FORGENT POWER SOLUTIONS INC CLASS,CLASS A
BBG01ZPB91C4,2082247,2026-06-02,,FDXF,FEDEX FREIGHT HOLDING COMPANY INC,COMMON
BBG01ZPFR6N2,2065636,2026-02-13,,MWH,SOLV ENERGY CLASS A INC,CLASS A
BBG01ZZ7RBW8,2083785,2026-03-03,,SUNB,SUNBELT RENTALS HOLDINGS INC,COMMON
BBG020PSLYJ0,2100805,2026-03-23,,JAN,JANUS LIVING INC CLASS A,CLASS A
BBG020QYV152,2089271,2026-06-16,,HONA,HONEYWELL AEROSPACE INC,COMMON
CIK100517-COMMON,100517,2007-12-17,2010-10-15,UAUA,UAL CORP,COMMON
CIK1011006-COMMON,1011006,2007-12-17,2017-06-16,YHOO,ALTABA INC,COMMON
CIK1018005-COMMON,1018005,2007-12-24,2012-10-01,CWTR,COLDWATER CREEK INC,COMMON
CIK1019849-COMMON,1019849,2008-01-16,2009-06-08,UAG,UNITED AUTO GROUP INC,COMMON
CIK1037676-COMMON,1037676,2007-12-17,2016-01-08,ACI,ARCH COAL INC,COMMON
CIK104207-COMMON,104207,2007-12-26,2014-12-30,WAG,WALGREEN,COMMON
CIK1042893-COMMON,1042893,2007-12-17,2024-09-06,DRQ,DRIL QUIP INC,COMMON
CIK1046568-COMMON,1046568,2007-12-24,2019-12-31,CECO,CAREER EDUCATION CORP,COMMON
CIK104889-COMMON,104889,2007-12-26,2013-11-27,WPO,WASHINGTON POST CO,COMMON
CIK1056087-COMMON,1056087,2007-12-17,2016-05-25,MNI,MCCLATCHY CO,COMMON
CIK1066104-COMMON,1066104,2008-01-07,2012-08-10,EXBD,CORPORATE EXECUTIVE,COMMON
CIK1075415-COMMON,1075415,2007-12-17,2020-01-07,SNH,SENIOR HOUSING PROPERTIES TRUST RE,COMMON
CIK1080014-COMMON,1080014,2007-12-27,2016-01-08,THRX,THERAVANCE INC.,COMMON
CIK1095651-COMMON,1095651,2007-12-18,2013-12-19,SFI,ISTAR FINANCIAL INC,COMMON
CIK1100962-COMMON,1100962,2008-01-16,2014-02-28,ENDP,ENDO INTERNATIONAL INC,COMMON
CIK1103982-COMMON,1103982,2007-12-26,2012-10-01,KFT,KRAFT FOODS INC A,COMMON
CIK1115836-COMMON,1115836,2008-01-16,2014-07-01,OEH,ORIENT-EXPRESS HOTELS,COMMON
CIK1126294-COMMON,1126294,2008-01-10,2009-06-07,RRI,RELIANT ENERGY INC,COMMON
CIK1126294-COMMON,1031625,2009-06-08,2010-12-03,RRI,RELIANT ENERGY INC,COMMON
CIK1137789-COMMON,1137789,2007-12-17,,STX,SEAGATE TECHNOLOGY,COMMON
CIK1138118-COMMON,1138118,2007-12-17,2011-10-04,CBG,CB RICHARD ELLIS GROUP,COMMON
CIK1141399-COMMON,1141399,2008-01-16,2008-09-20,ABBI,ABRAXIS BIOSCIENCE INC,COMMON
CIK1166126-COMMON,1166126,2007-12-19,2020-05-18,JCP,JC PENNEY INC,COMMON
CIK1169055-COMMON,1169055,2007-12-27,2009-03-26,NE,NOBLE CORPORATION,COMMON
CIK1170565-COMMON,1170565,2007-12-18,2014-06-18,WFT,WEATHERFORD INTL,COMMON
CIK1174746-COMMON,1174746,2008-01-16,2013-11-12,ICE,INTERCONTINENTALEXCHANGE INC.,COMMON
CIK1282266-COMMON,1282266,2007-12-18,2015-04-27,WIN,WINDSTREAM HOLDINGS INC,COMMON
CIK1308161-CLASS-A,1308161,2012-06-29,2013-06-28,NCRA,NEWS CORP. CL A,CLASS A
CIK1308161-COMMON,1308161,2007-12-19,2013-07-01,NWS-A,NEWS CORP,COMMON
CIK1319947-CLASS-A,1319947,2007-12-17,2019-04-01,DSW,DSW INC. CL A,CLASS A
CIK1323854-COMMON,1323854,2007-12-17,2009-08-21,WCRX,WARNER CHILCOTT LIMITED,COMMON
CIK1334814-CLASS-A,1334814,2011-07-25,2015-02-18,Z,ZILLOW INC CLASS A,CLASS A
CIK1336917-CLASS-C,1336917,2016-06-30,2016-06-30,UAC-C,UNDER ARMOUR INC CLASS C,CLASS C
CIK1355096-COMMON,1355096,2007-12-17,2008-01-30,LINTA,LIBERTY INTERACTIVE VENTURE CORP S,COMMON
CIK1355096-COMMON,1355096,2008-01-31,2008-02-03,LCAPA,LIBERTY INTERACTIVE VENTURE CORP S,COMMON
CIK1355096-COMMON,1355096,2008-02-04,2008-03-30,LINTA,LIBERTY INTERACTIVE VENTURE CORP S,COMMON
CIK1355096-COMMON,1355096,2008-03-31,2008-03-31,LCAPA,LIBERTY INTERACTIVE VENTURE CORP S,COMMON
CIK1355096-COMMON,1355096,2008-04-01,2008-04-16,LINTA,LIBERTY INTERACTIVE VENTURE CORP S,COMMON
CIK1355096-COMMON,1355096,2008-04-17,2008-05-14,LCAPA,LIBERTY INTERACTIVE VENTURE CORP S,COMMON
CIK1355096-COMMON,1355096,2008-05-15,2008-06-15,LINTA,LIBERTY INTERACTIVE VENTURE CORP S,COMMON
CIK1355096-COMMON,1355096,2008-06-16,2008-06-16,LCAPA,LIBERTY INTERACTIVE VENTURE CORP S,COMMON
CIK1355096-COMMON,1355096,2008-06-17,2008-06-26,LINTA,LIBERTY INTERACTIVE VENTURE CORP S,COMMON
CIK1355096-COMMON,1355096,2008-06-27,2008-07-06,LCAPA,LIBERTY INTERACTIVE VENTURE CORP S,COMMON
CIK1355096-COMMON,1355096,2008-07-07,2008-07-10,LINTA,LIBERTY INTERACTIVE VENTURE CORP S,COMMON
CIK1355096-COMMON,1355096,2008-07-11,2008-07-14,LCAPA,LIBERTY INTERACTIVE VENTURE CORP S,COMMON
CIK1355096-COMMON,1355096,2008-07-15,2008-08-24,LINTA,LIBERTY INTERACTIVE VENTURE CORP S,COMMON
CIK1355096-COMMON,1355096,2008-08-25,2008-09-07,LCAPA,LIBERTY INTERACTIVE VENTURE CORP S,COMMON
CIK1355096-COMMON,1355096,2008-09-08,2008-09-22,LINTA,LIBERTY INTERACTIVE VENTURE CORP S,COMMON
CIK1355096-COMMON,1355096,2008-09-23,2008-10-09,LCAPA,LIBERTY INTERACTIVE VENTURE CORP S,COMMON
CIK1355096-COMMON,1355096,2008-10-10,2008-10-13,LINTA,LIBERTY INTERACTIVE VENTURE CORP S,COMMON
CIK1355096-COMMON,1355096,2008-10-14,2008-10-14,LCAPA,LIBERTY INTERACTIVE VENTURE CORP S,COMMON
CIK1355096-COMMON,1355096,2008-10-15,2008-10-15,LINTA,LIBERTY INTERACTIVE VENTURE CORP S,COMMON
CIK1355096-COMMON,1355096,2008-10-16,2008-11-05,LCAPA,LIBERTY INTERACTIVE VENTURE CORP S,COMMON
CIK1355096-COMMON,1355096,2008-11-06,2008-11-09,LINTA,LIBERTY INTERACTIVE VENTURE CORP S,COMMON
CIK1355096-COMMON,1355096,2008-11-10,2008-11-11,LCAPA,LIBERTY INTERACTIVE VENTURE CORP S,COMMON
CIK1355096-COMMON,1355096,2008-11-12,2008-11-13,LINTA,LIBERTY INTERACTIVE VENTURE CORP S,COMMON
CIK1355096-COMMON,1355096,2008-11-14,2008-11-16,LCAPA,LIBERTY INTERACTIVE VENTURE CORP S,COMMON
CIK1355096-COMMON,1355096,2008-11-17,2008-11-18,LINTA,LIBERTY INTERACTIVE VENTURE CORP S,COMMON
CIK1355096-COMMON,1355096,2008-11-19,2008-12-17,LCAPA,LIBERTY INTERACTIVE VENTURE CORP S,COMMON
CIK1355096-COMMON,1355096,2008-12-18,2008-12-30,LINTA,LIBERTY INTERACTIVE VENTURE CORP S,COMMON
CIK1355096-COMMON,1355096,2008-12-31,2009-01-12,LCAPA,LIBERTY INTERACTIVE VENTURE CORP S,COMMON
CIK1355096-COMMON,1355096,2009-01-13,2009-01-20,LINTA,LIBERTY INTERACTIVE VENTURE CORP S,COMMON
CIK1355096-COMMON,1355096,2009-01-21,2009-01-27,LCAPA,LIBERTY INTERACTIVE VENTURE CORP S,COMMON
CIK1355096-COMMON,1355096,2009-01-28,2009-02-08,LINTA,LIBERTY INTERACTIVE VENTURE CORP S,COMMON
CIK1355096-COMMON,1355096,2009-02-09,2009-02-11,LCAPA,LIBERTY INTERACTIVE VENTURE CORP S,COMMON
CIK1355096-COMMON,1355096,2009-02-12,2009-02-25,LINTA,LIBERTY INTERACTIVE VENTURE CORP S,COMMON
CIK1355096-COMMON,1355096,2009-02-26,2009-03-03,LCAPA,LIBERTY INTERACTIVE VENTURE CORP S,COMMON
CIK1355096-COMMON,1355096,2009-03-04,2009-03-11,LINTA,LIBERTY INTERACTIVE VENTURE CORP S,COMMON
CIK1355096-COMMON,1355096,2009-03-12,2009-03-15,LCAPA,LIBERTY INTERACTIVE VENTURE CORP S,COMMON
CIK1355096-COMMON,1355096,2009-03-16,2009-03-26,LINTA,LIBERTY INTERACTIVE VENTURE CORP S,COMMON
CIK1355096-COMMON,1355096,2009-03-27,2009-03-31,LCAPA,LIBERTY INTERACTIVE VENTURE CORP S,COMMON
CIK1355096-COMMON,1355096,2009-04-01,2009-04-05,LINTA,LIBERTY INTERACTIVE VENTURE CORP S,COMMON
CIK1355096-COMMON,1355096,2009-04-06,2009-04-14,LCAPA,LIBERTY INTERACTIVE VENTURE CORP S,COMMON
CIK1355096-COMMON,1355096,2009-04-15,2009-05-27,LINTA,LIBERTY INTERACTIVE VENTURE CORP S,COMMON
CIK1355096-COMMON,1355096,2009-05-28,2009-05-28,LCAPA,LIBERTY INTERACTIVE VENTURE CORP S,COMMON
CIK1355096-COMMON,1355096,2009-05-29,2009-06-09,LINTA,LIBERTY INTERACTIVE VENTURE CORP S,COMMON
CIK1355096-COMMON,1355096,2009-06-10,2009-06-10,LCAPA,LIBERTY INTERACTIVE VENTURE CORP S,COMMON
CIK1355096-COMMON,1355096,2009-06-11,2009-07-20,LINTA,LIBERTY INTERACTIVE VENTURE CORP S,COMMON
CIK1355096-COMMON,1355096,2009-07-21,2009-07-22,LCAPA,LIBERTY INTERACTIVE VENTURE CORP S,COMMON
CIK1355096-COMMON,1355096,2009-07-23,2009-07-29,LINTA,LIBERTY INTERACTIVE VENTURE CORP S,COMMON
CIK1355096-COMMON,1355096,2009-07-30,2009-07-30,LCAPA,LIBERTY INTERACTIVE VENTURE CORP S,COMMON
CIK1355096-COMMON,1355096,2009-07-31,2009-08-04,LINTA,LIBERTY INTERACTIVE VENTURE CORP S,COMMON
CIK1355096-COMMON,1355096,2009-08-05,2009-08-05,LCAPA,LIBERTY INTERACTIVE VENTURE CORP S,COMMON
CIK1355096-COMMON,1355096,2009-08-06,2009-08-11,LINTA,LIBERTY INTERACTIVE VENTURE CORP S,COMMON
CIK1355096-COMMON,1355096,2009-08-12,2009-08-13,LCAPA,LIBERTY INTERACTIVE VENTURE CORP S,COMMON
CIK1355096-COMMON,1355096,2009-08-14,2009-08-26,LINTA,LIBERTY INTERACTIVE VENTURE CORP S,COMMON
CIK1355096-COMMON,1355096,2009-08-27,2009-09-02,LCAPA,LIBERTY INTERACTIVE VENTURE CORP S,COMMON
CIK1355096-COMMON,1355096,2009-09-03,2009-09-14,LINTA,LIBERTY INTERACTIVE VENTURE CORP S,COMMON
CIK1355096-COMMON,1355096,2009-09-15,2009-09-17,LCAPA,LIBERTY INTERACTIVE VENTURE CORP S,COMMON
CIK1355096-COMMON,1355096,2009-09-18,2009-09-20,LINTA,LIBERTY INTERACTIVE VENTURE CORP S,COMMON
CIK1355096-COMMON,1355096,2009-09-21,2009-09-23,LCAPA,LIBERTY INTERACTIVE VENTURE CORP S,COMMON
CIK1355096-COMMON,1355096,2009-09-24,2009-09-29,LINTA,LIBERTY INTERACTIVE VENTURE CORP S,COMMON
CIK1355096-COMMON,1355096,2009-09-30,2009-10-05,LCAPA,LIBERTY INTERACTIVE VENTURE CORP S,COMMON
CIK1355096-COMMON,1355096,2009-10-06,2009-11-02,LINTA,LIBERTY INTERACTIVE VENTURE CORP S,COMMON
CIK1355096-COMMON,1355096,2009-11-03,2009-11-11,LCAPA,LIBERTY INTERACTIVE VENTURE CORP S,COMMON
CIK1355096-COMMON,1355096,2009-11-12,2009-11-16,LINTA,LIBERTY INTERACTIVE VENTURE CORP S,COMMON
CIK1355096-COMMON,1355096,2009-11-17,2009-11-18,LCAPA,LIBERTY INTERACTIVE VENTURE CORP S,COMMON
CIK1355096-COMMON,1355096,2009-11-19,2009-11-19,LINTA,LIBERTY INTERACTIVE VENTURE CORP S,COMMON
CIK1355096-COMMON,1355096,2009-11-20,2009-11-22,LCAPA,LIBERTY INTERACTIVE VENTURE CORP S,COMMON
CIK1355096-COMMON,1355096,2009-11-23,2009-11-23,LINTA,LIBERTY INTERACTIVE VENTURE CORP S,COMMON
CIK1355096-COMMON,1355096,2009-11-24,2009-12-01,LCAPA,LIBERTY INTERACTIVE VENTURE CORP S,COMMON
CIK1355096-COMMON,1355096,2009-12-02,2009-12-10,LINTA,LIBERTY INTERACTIVE VENTURE CORP S,COMMON
CIK1355096-COMMON,1355096,2009-12-11,2009-12-15,LCAPA,LIBERTY INTERACTIVE VENTURE CORP S,COMMON
CIK1355096-COMMON,1355096,2009-12-16,2009-12-17,LINTA,LIBERTY INTERACTIVE VENTURE CORP S,COMMON
CIK1355096-COMMON,1355096,2009-12-18,2009-12-21,LCAPA,LIBERTY INTERACTIVE VENTURE CORP S,COMMON
CIK1355096-COMMON,1355096,2009-12-22,2009-12-28,LINTA,LIBERTY INTERACTIVE VENTURE CORP S,COMMON
CIK1355096-COMMON,1355096,2009-12-29,2009-12-29,LCAPA,LIBERTY INTERACTIVE VENTURE CORP S,COMMON
CIK1355096-COMMON,1355096,2009-12-30,2010-01-24,LINTA,LIBERTY INTERACTIVE VENTURE CORP S,COMMON
CIK1355096-COMMON,1355096,2010-01-25,2010-02-01,LCAPA,LIBERTY INTERACTIVE VENTURE CORP S,COMMON
CIK1355096-COMMON,1355096,2010-02-02,2010-02-09,LINTA,LIBERTY INTERACTIVE VENTURE CORP S,COMMON
CIK1355096-COMMON,1355096,2010-02-10,2010-02-15,LCAPA,LIBERTY INTERACTIVE VENTURE CORP S,COMMON
CIK1355096-COMMON,1355096,2010-02-16,2010-03-08,LINTA,LIBERTY INTERACTIVE VENTURE CORP S,COMMON
CIK1355096-COMMON,1355096,2010-03-09,2010-03-14,LCAPA,LIBERTY INTERACTIVE VENTURE CORP S,COMMON
CIK1355096-COMMON,1355096,2010-03-15,2010-03-21,LINTA,LIBERTY INTERACTIVE VENTURE CORP S,COMMON
CIK1355096-COMMON,1355096,2010-03-22,2010-03-22,LCAPA,LIBERTY INTERACTIVE VENTURE CORP S,COMMON
CIK1355096-COMMON,1355096,2010-03-23,2010-03-24,LINTA,LIBERTY INTERACTIVE VENTURE CORP S,COMMON
CIK1355096-COMMON,1355096,2010-03-25,2010-03-29,LCAPA,LIBERTY INTERACTIVE VENTURE CORP S,COMMON
CIK1355096-COMMON,1355096,2010-03-30,2010-04-25,LINTA,LIBERTY INTERACTIVE VENTURE CORP S,COMMON
CIK1355096-COMMON,1355096,2010-04-26,2010-04-27,LCAPA,LIBERTY INTERACTIVE VENTURE CORP S,COMMON
CIK1355096-COMMON,1355096,2010-04-28,2010-05-02,LINTA,LIBERTY INTERACTIVE VENTURE CORP S,COMMON
CIK1355096-COMMON,1355096,2010-05-03,2010-05-03,LCAPA,LIBERTY INTERACTIVE VENTURE CORP S,COMMON
CIK1355096-COMMON,1355096,2010-05-04,2010-05-05,LINTA,LIBERTY INTERACTIVE VENTURE CORP S,COMMON
CIK1355096-COMMON,1355096,2010-05-06,2010-05-09,LCAPA,LIBERTY INTERACTIVE VENTURE CORP S,COMMON
CIK1355096-COMMON,1355096,2010-05-10,2010-05-10,LINTA,LIBERTY INTERACTIVE VENTURE CORP S,COMMON
CIK1355096-COMMON,1355096,2010-05-11,2010-05-17,LCAPA,LIBERTY INTERACTIVE VENTURE CORP S,COMMON
CIK1355096-COMMON,1355096,2010-05-18,2010-06-03,LINTA,LIBERTY INTERACTIVE VENTURE CORP S,COMMON
CIK1355096-COMMON,1355096,2010-06-04,2010-06-07,LCAPA,LIBERTY INTERACTIVE VENTURE CORP S,COMMON
CIK1355096-COMMON,1355096,2010-06-08,2010-06-20,LINTA,LIBERTY INTERACTIVE VENTURE CORP S,COMMON
CIK1355096-COMMON,1355096,2010-06-21,2010-06-23,LCAPA,LIBERTY INTERACTIVE VENTURE CORP S,COMMON
CIK1355096-COMMON,1355096,2010-06-24,2010-06-27,LINTA,LIBERTY INTERACTIVE VENTURE CORP S,COMMON
CIK1355096-COMMON,1355096,2010-06-28,2010-06-30,LCAPA,LIBERTY INTERACTIVE VENTURE CORP S,COMMON
CIK1355096-COMMON,1355096,2010-07-01,2010-07-05,LINTA,LIBERTY INTERACTIVE VENTURE CORP S,COMMON
CIK1355096-COMMON,1355096,2010-07-06,2010-07-08,LCAPA,LIBERTY INTERACTIVE VENTURE CORP S,COMMON
CIK1355096-COMMON,1355096,2010-07-09,2010-08-01,LINTA,LIBERTY INTERACTIVE VENTURE CORP S,COMMON
CIK1355096-COMMON,1355096,2010-08-02,2010-08-04,LCAPA,LIBERTY INTERACTIVE VENTURE CORP S,COMMON
CIK1355096-COMMON,1355096,2010-08-05,2010-08-08,LINTA,LIBERTY INTERACTIVE VENTURE CORP S,COMMON
CIK1355096-COMMON,1355096,2010-08-09,2010-08-09,LCAPA,LIBERTY INTERACTIVE VENTURE CORP S,COMMON
CIK1355096-COMMON,1355096,2010-08-10,2010-08-23,LINTA,LIBERTY INTERACTIVE VENTURE CORP S,COMMON
CIK1355096-COMMON,1355096,2010-08-24,2010-08-30,LCAPA,LIBERTY INTERACTIVE VENTURE CORP S,COMMON
CIK1355096-COMMON,1355096,2010-08-31,2010-10-24,LINTA,LIBERTY INTERACTIVE VENTURE CORP S,COMMON
CIK1355096-COMMON,1355096,2010-10-25,2010-11-02,LCAPA,LIBERTY INTERACTIVE VENTURE CORP S,COMMON
CIK1355096-COMMON,1355096,2010-11-03,2010-12-22,LINTA,LIBERTY INTERACTIVE VENTURE CORP S,COMMON
CIK1355096-COMMON,1355096,2010-12-23,2010-12-28,LCAPA,LIBERTY INTERACTIVE VENTURE CORP S,COMMON
CIK1355096-COMMON,1355096,2010-12-29,2011-01-02,LINTA,LIBERTY INTERACTIVE VENTURE CORP S,COMMON
CIK1355096-COMMON,1355096,2011-01-03,2011-01-04,LCAPA,LIBERTY INTERACTIVE VENTURE CORP S,COMMON
CIK1355096-COMMON,1355096,2011-01-05,2011-01-19,LINTA,LIBERTY INTERACTIVE VENTURE CORP S,COMMON
CIK1355096-COMMON,1355096,2011-01-20,2011-01-20,LCAPA,LIBERTY INTERACTIVE VENTURE CORP S,COMMON
CIK1355096-COMMON,1355096,2011-01-21,2011-01-23,LINTA,LIBERTY INTERACTIVE VENTURE CORP S,COMMON
CIK1355096-COMMON,1355096,2011-01-24,2011-01-24,LCAPA,LIBERTY INTERACTIVE VENTURE CORP S,COMMON
CIK1355096-COMMON,1355096,2011-01-25,2011-02-13,LINTA,LIBERTY INTERACTIVE VENTURE CORP S,COMMON
CIK1355096-COMMON,1355096,2011-02-14,2011-02-17,LCAPA,LIBERTY INTERACTIVE VENTURE CORP S,COMMON
CIK1355096-COMMON,1355096,2011-02-18,2011-02-27,LINTA,LIBERTY INTERACTIVE VENTURE CORP S,COMMON
CIK1355096-COMMON,1355096,2011-02-28,2011-03-01,LCAPA,LIBERTY INTERACTIVE VENTURE CORP S,COMMON
CIK1355096-COMMON,1355096,2011-03-02,2011-04-04,LINTA,LIBERTY INTERACTIVE VENTURE CORP S,COMMON
CIK1355096-COMMON,1355096,2011-04-05,2011-04-06,LCAPA,LIBERTY INTERACTIVE VENTURE CORP S,COMMON
CIK1355096-COMMON,1355096,2011-04-07,2011-04-26,LINTA,LIBERTY INTERACTIVE VENTURE CORP S,COMMON
CIK1355096-COMMON,1355096,2011-04-27,2011-04-27,LCAPA,LIBERTY INTERACTIVE VENTURE CORP S,COMMON
CIK1355096-COMMON,1355096,2011-04-28,2011-05-01,LINTA,LIBERTY INTERACTIVE VENTURE CORP S,COMMON
CIK1355096-COMMON,1355096,2011-05-02,2011-05-11,LCAPA,LIBERTY INTERACTIVE VENTURE CORP S,COMMON
CIK1355096-COMMON,1355096,2011-05-12,2011-05-16,LINTA,LIBERTY INTERACTIVE VENTURE CORP S,COMMON
CIK1355096-COMMON,1355096,2011-05-17,2011-05-17,LCAPA,LIBERTY INTERACTIVE VENTURE CORP S,COMMON
CIK1355096-COMMON,1355096,2011-05-18,2011-05-18,LINTA,LIBERTY INTERACTIVE VENTURE CORP S,COMMON
CIK1355096-COMMON,1355096,2011-05-19,2011-06-02,LCAPA,LIBERTY INTERACTIVE VENTURE CORP S,COMMON
CIK1355096-COMMON,1355096,2011-06-03,2011-06-08,LINTA,LIBERTY INTERACTIVE VENTURE CORP S,COMMON
CIK1355096-COMMON,1355096,2011-06-09,2011-06-12,LCAPA,LIBERTY INTERACTIVE VENTURE CORP S,COMMON
CIK1355096-COMMON,1355096,2011-06-13,2011-06-14,LINTA,LIBERTY INTERACTIVE VENTURE CORP S,COMMON
CIK1355096-COMMON,1355096,2011-06-15,2011-06-16,LCAPA,LIBERTY INTERACTIVE VENTURE CORP S,COMMON
CIK1355096-COMMON,1355096,2011-06-17,2011-06-27,LINTA,LIBERTY INTERACTIVE VENTURE CORP S,COMMON
CIK1355096-COMMON,1355096,2011-06-28,2011-07-05,LCAPA,LIBERTY INTERACTIVE VENTURE CORP S,COMMON
CIK1355096-COMMON,1355096,2011-07-06,2011-07-10,LINTA,LIBERTY INTERACTIVE VENTURE CORP S,COMMON
CIK1355096-COMMON,1355096,2011-07-11,2011-07-19,LCAPA,LIBERTY INTERACTIVE VENTURE CORP S,COMMON
CIK1355096-COMMON,1355096,2011-07-20,2012-08-21,LINTA,LIBERTY INTERACTIVE VENTURE CORP S,COMMON
CIK1355096-COMMON,1355096,2012-08-22,2012-08-23,LVNTA,LIBERTY INTERACTIVE VENTURE CORP S,COMMON
CIK1355096-COMMON,1355096,2012-08-24,2012-08-27,LINTA,LIBERTY INTERACTIVE VENTURE CORP S,COMMON
CIK1355096-COMMON,1355096,2012-08-28,2012-08-28,LVNTA,LIBERTY INTERACTIVE VENTURE CORP S,COMMON
CIK1355096-COMMON,1355096,2012-08-29,2012-08-29,LINTA,LIBERTY INTERACTIVE VENTURE CORP S,COMMON
CIK1355096-COMMON,1355096,2012-08-30,2012-08-30,LVNTA,LIBERTY INTERACTIVE VENTURE CORP S,COMMON
CIK1355096-COMMON,1355096,2012-08-31,2012-09-03,LINTA,LIBERTY INTERACTIVE VENTURE CORP S,COMMON
CIK1355096-COMMON,1355096,2012-09-04,2012-09-05,LVNTA,LIBERTY INTERACTIVE VENTURE CORP S,COMMON
CIK1355096-COMMON,1355096,2012-09-06,2012-09-09,LINTA,LIBERTY INTERACTIVE VENTURE CORP S,COMMON
CIK1355096-COMMON,1355096,2012-09-10,2012-09-10,LVNTA,LIBERTY INTERACTIVE VENTURE CORP S,COMMON
CIK1355096-COMMON,1355096,2012-09-11,2012-09-13,LINTA,LIBERTY INTERACTIVE VENTURE CORP S,COMMON
CIK1355096-COMMON,1355096,2012-09-14,2012-09-16,LVNTA,LIBERTY INTERACTIVE VENTURE CORP S,COMMON
CIK1355096-COMMON,1355096,2012-09-17,2012-09-19,LINTA,LIBERTY INTERACTIVE VENTURE CORP S,COMMON
CIK1355096-COMMON,1355096,2012-09-20,2012-09-20,LVNTA,LIBERTY INTERACTIVE VENTURE CORP S,COMMON
CIK1355096-COMMON,1355096,2012-09-21,2012-09-23,LINTA,LIBERTY INTERACTIVE VENTURE CORP S,COMMON
CIK1355096-COMMON,1355096,2012-09-24,2012-09-24,LVNTA,LIBERTY INTERACTIVE VENTURE CORP S,COMMON
CIK1355096-COMMON,1355096,2012-09-25,2012-10-09,LINTA,LIBERTY INTERACTIVE VENTURE CORP S,COMMON
CIK1355096-COMMON,1355096,2012-10-10,2012-10-10,LVNTA,LIBERTY INTERACTIVE VENTURE CORP S,COMMON
CIK1355096-COMMON,1355096,2012-10-11,2012-10-16,LINTA,LIBERTY INTERACTIVE VENTURE CORP S,COMMON
CIK1355096-COMMON,1355096,2012-10-17,2012-10-17,LVNTA,LIBERTY INTERACTIVE VENTURE CORP S,COMMON
CIK1355096-COMMON,1355096,2012-10-18,2013-01-21,LINTA,LIBERTY INTERACTIVE VENTURE CORP S,COMMON
CIK1355096-COMMON,1355096,2013-01-22,2013-01-24,LVNTA,LIBERTY INTERACTIVE VENTURE CORP S,COMMON
CIK1355096-COMMON,1355096,2013-01-25,2013-02-19,LINTA,LIBERTY INTERACTIVE VENTURE CORP S,COMMON
CIK1355096-COMMON,1355096,2013-02-20,2013-02-20,LVNTA,LIBERTY INTERACTIVE VENTURE CORP S,COMMON
CIK1355096-COMMON,1355096,2013-02-21,2013-02-21,LINTA,LIBERTY INTERACTIVE VENTURE CORP S,COMMON
CIK1355096-COMMON,1355096,2013-02-22,2013-02-24,LVNTA,LIBERTY INTERACTIVE VENTURE CORP S,COMMON
CIK1355096-COMMON,1355096,2013-02-25,2013-03-24,LINTA,LIBERTY INTERACTIVE VENTURE CORP S,COMMON
CIK1355096-COMMON,1355096,2013-03-25,2013-03-25,LVNTA,LIBERTY INTERACTIVE VENTURE CORP S,COMMON
CIK1355096-COMMON,1355096,2013-03-26,2013-05-12,LINTA,LIBERTY INTERACTIVE VENTURE CORP S,COMMON
CIK1355096-COMMON,1355096,2013-05-13,2013-05-13,LVNTA,LIBERTY INTERACTIVE VENTURE CORP S,COMMON
CIK1355096-COMMON,1355096,2013-05-14,2013-05-16,LINTA,LIBERTY INTERACTIVE VENTURE CORP S,COMMON
CIK1355096-COMMON,1355096,2013-05-17,2013-05-23,LVNTA,LIBERTY INTERACTIVE VENTURE CORP S,COMMON
CIK1355096-COMMON,1355096,2013-05-24,2013-05-30,LINTA,LIBERTY INTERACTIVE VENTURE CORP S,COMMON
CIK1355096-COMMON,1355096,2013-05-31,2013-06-03,LVNTA,LIBERTY INTERACTIVE VENTURE CORP S,COMMON
CIK1355096-COMMON,1355096,2013-06-04,2013-06-11,LINTA,LIBERTY INTERACTIVE VENTURE CORP S,COMMON
CIK1355096-COMMON,1355096,2013-06-12,2013-06-12,LVNTA,LIBERTY INTERACTIVE VENTURE CORP S,COMMON
CIK1355096-COMMON,1355096,2013-06-13,2013-06-23,LINTA,LIBERTY INTERACTIVE VENTURE CORP S,COMMON
CIK1355096-COMMON,1355096,2013-06-24,2013-06-24,LVNTA,LIBERTY INTERACTIVE VENTURE CORP S,COMMON
CIK1355096-COMMON,1355096,2013-06-25,2013-06-30,LINTA,LIBERTY INTERACTIVE VENTURE CORP S,COMMON
CIK1355096-COMMON,1355096,2013-07-01,2013-07-07,LVNTA,LIBERTY INTERACTIVE VENTURE CORP S,COMMON
CIK1355096-COMMON,1355096,2013-07-08,2013-09-02,LINTA,LIBERTY INTERACTIVE VENTURE CORP S,COMMON
CIK1355096-COMMON,1355096,2013-09-03,2013-09-04,LVNTA,LIBERTY INTERACTIVE VENTURE CORP S,COMMON
CIK1355096-COMMON,1355096,2013-09-05,2013-09-16,LINTA,LIBERTY INTERACTIVE VENTURE CORP S,COMMON
CIK1355096-COMMON,1355096,2013-09-17,2013-09-18,LVNTA,LIBERTY INTERACTIVE VENTURE CORP S,COMMON
CIK1355096-COMMON,1355096,2013-09-19,2013-10-10,LINTA,LIBERTY INTERACTIVE VENTURE CORP S,COMMON
CIK1355096-COMMON,1355096,2013-10-11,2013-10-14,LVNTA,LIBERTY INTERACTIVE VENTURE CORP S,COMMON
CIK1355096-COMMON,1355096,2013-10-15,2013-12-01,LINTA,LIBERTY INTERACTIVE VENTURE CORP S,COMMON
CIK1355096-COMMON,1355096,2013-12-02,2013-12-02,LVNTA,LIBERTY INTERACTIVE VENTURE CORP S,COMMON
CIK1355096-COMMON,1355096,2013-12-03,2013-12-15,LINTA,LIBERTY INTERACTIVE VENTURE CORP S,COMMON
CIK1355096-COMMON,1355096,2013-12-16,2013-12-16,LVNTA,LIBERTY INTERACTIVE VENTURE CORP S,COMMON
CIK1355096-COMMON,1355096,2013-12-17,2014-01-30,LINTA,LIBERTY INTERACTIVE VENTURE CORP S,COMMON
CIK1355096-COMMON,1355096,2014-01-31,2014-02-02,LVNTA,LIBERTY INTERACTIVE VENTURE CORP S,COMMON
CIK1355096-COMMON,1355096,2014-02-03,2014-02-12,LINTA,LIBERTY INTERACTIVE VENTURE CORP S,COMMON
CIK1355096-COMMON,1355096,2014-02-13,2014-02-13,LVNTA,LIBERTY INTERACTIVE VENTURE CORP S,COMMON
CIK1355096-COMMON,1355096,2014-02-14,2014-03-12,LINTA,LIBERTY INTERACTIVE VENTURE CORP S,COMMON
CIK1355096-COMMON,1355096,2014-03-13,2014-03-13,LVNTA,LIBERTY INTERACTIVE VENTURE CORP S,COMMON
CIK1355096-COMMON,1355096,2014-03-14,2014-03-18,LINTA,LIBERTY INTERACTIVE VENTURE CORP S,COMMON
CIK1355096-COMMON,1355096,2014-03-19,2014-03-19,LVNTA,LIBERTY INTERACTIVE VENTURE CORP S,COMMON
CIK1355096-COMMON,1355096,2014-03-20,2014-03-23,LINTA,LIBERTY INTERACTIVE VENTURE CORP S,COMMON
CIK1355096-COMMON,1355096,2014-03-24,2014-03-26,LVNTA,LIBERTY INTERACTIVE VENTURE CORP S,COMMON
CIK1355096-COMMON,1355096,2014-03-27,2014-05-04,LINTA,LIBERTY INTERACTIVE VENTURE CORP S,COMMON
CIK1355096-COMMON,1355096,2014-05-05,2014-05-06,LVNTA,LIBERTY INTERACTIVE VENTURE CORP S,COMMON
CIK1355096-COMMON,1355096,2014-05-07,2014-06-23,LINTA,LIBERTY INTERACTIVE VENTURE CORP S,COMMON
CIK1355096-COMMON,1355096,2014-06-24,2014-06-24,LVNTA,LIBERTY INTERACTIVE VENTURE CORP S,COMMON
CIK1355096-COMMON,1355096,2014-06-25,2014-07-31,LINTA,LIBERTY INTERACTIVE VENTURE CORP S,COMMON
CIK1355096-COMMON,1355096,2014-08-01,2014-08-04,LVNTA,LIBERTY INTERACTIVE VENTURE CORP S,COMMON
CIK1355096-COMMON,1355096,2014-08-05,2014-08-26,LINTA,LIBERTY INTERACTIVE VENTURE CORP S,COMMON
CIK1355096-COMMON,1355096,2014-08-27,2014-08-27,LVNTA,LIBERTY INTERACTIVE VENTURE CORP S,COMMON
CIK1355096-COMMON,1355096,2014-08-28,2014-09-02,LINTA,LIBERTY INTERACTIVE VENTURE CORP S,COMMON
CIK1355096-COMMON,1355096,2014-09-03,2014-09-03,LVNTA,LIBERTY INTERACTIVE VENTURE CORP S,COMMON
CIK1355096-COMMON,1355096,2014-09-04,2014-09-10,LINTA,LIBERTY INTERACTIVE VENTURE CORP S,COMMON
CIK1355096-COMMON,1355096,2014-09-11,2014-09-11,LVNTA,LIBERTY INTERACTIVE VENTURE CORP S,COMMON
CIK1355096-COMMON,1355096,2014-09-12,2014-09-16,LINTA,LIBERTY INTERACTIVE VENTURE CORP S,COMMON
CIK1355096-COMMON,1355096,2014-09-17,2014-09-17,LVNTA,LIBERTY INTERACTIVE VENTURE CORP S,COMMON
CIK1355096-COMMON,1355096,2014-09-18,2014-10-01,LINTA,LIBERTY INTERACTIVE VENTURE CORP S,COMMON
CIK1355096-COMMON,1355096,2014-10-02,2014-10-05,LVNTA,LIBERTY INTERACTIVE VENTURE CORP S,COMMON
CIK1355096-COMMON,1355096,2014-10-06,2014-10-08,LINTA,LIBERTY INTERACTIVE VENTURE CORP S,COMMON
CIK1355096-COMMON,1355096,2014-10-09,2014-10-15,QVCA,LIBERTY INTERACTIVE VENTURE CORP S,COMMON
CIK1355096-COMMON,1355096,2014-10-16,2014-10-19,LVNTA,LIBERTY INTERACTIVE VENTURE CORP S,COMMON
CIK1355096-COMMON,1355096,2014-10-20,2014-10-22,QVCA,LIBERTY INTERACTIVE VENTURE CORP S,COMMON
CIK1355096-COMMON,1355096,2014-10-23,2014-10-23,LVNTA,LIBERTY INTERACTIVE VENTURE CORP S,COMMON
CIK1355096-COMMON,1355096,2014-10-24,2014-10-28,QVCA,LIBERTY INTERACTIVE VENTURE CORP S,COMMON
CIK1355096-COMMON,1355096,2014-10-29,2014-10-30,LVNTA,LIBERTY INTERACTIVE VENTURE CORP S,COMMON
CIK1355096-COMMON,1355096,2014-10-31,2014-11-04,QVCA,LIBERTY INTERACTIVE VENTURE CORP S,COMMON
CIK1355096-COMMON,1355096,2014-11-05,2014-11-05,LVNTA,LIBERTY INTERACTIVE VENTURE CORP S,COMMON
CIK1355096-COMMON,1355096,2014-11-06,2014-11-12,QVCA,LIBERTY INTERACTIVE VENTURE CORP S,COMMON
CIK1355096-COMMON,1355096,2014-11-13,2014-11-13,LVNTA,LIBERTY INTERACTIVE VENTURE CORP S,COMMON
CIK1355096-COMMON,1355096,2014-11-14,2014-11-24,QVCA,LIBERTY INTERACTIVE VENTURE CORP S,COMMON
CIK1355096-COMMON,1355096,2014-11-25,2014-11-25,LVNTA,LIBERTY INTERACTIVE VENTURE CORP S,COMMON
CIK1355096-COMMON,1355096,2014-11-26,2014-12-03,QVCA,LIBERTY INTERACTIVE VENTURE CORP S,COMMON
CIK1355096-COMMON,1355096,2014-12-04,2014-12-04,LVNTA,LIBERTY INTERACTIVE VENTURE CORP S,COMMON
CIK1355096-COMMON,1355096,2014-12-05,2014-12-10,QVCA,LIBERTY INTERACTIVE VENTURE CORP S,COMMON
CIK1355096-COMMON,1355096,2014-12-11,2014-12-11,LVNTA,LIBERTY INTERACTIVE VENTURE CORP S,COMMON
CIK1355096-COMMON,1355096,2014-12-12,2014-12-21,QVCA,LIBERTY INTERACTIVE VENTURE CORP S,COMMON
CIK1355096-COMMON,1355096,2014-12-22,2014-12-22,LVNTA,LIBERTY INTERACTIVE VENTURE CORP S,COMMON
CIK1355096-COMMON,1355096,2014-12-23,2015-01-07,QVCA,LIBERTY INTERACTIVE VENTURE CORP S,COMMON
CIK1355096-COMMON,1355096,2015-01-08,2015-01-08,LVNTA,LIBERTY INTERACTIVE VENTURE CORP S,COMMON
CIK1355096-COMMON,1355096,2015-01-09,2015-01-19,QVCA,LIBERTY INTERACTIVE VENTURE CORP S,COMMON
CIK1355096-COMMON,1355096,2015-01-20,2015-01-21,LVNTA,LIBERTY INTERACTIVE VENTURE CORP S,COMMON
CIK1355096-COMMON,1355096,2015-01-22,2015-01-28,QVCA,LIBERTY INTERACTIVE VENTURE CORP S,COMMON
CIK1355096-COMMON,1355096,2015-01-29,2015-02-03,LVNTA,LIBERTY INTERACTIVE VENTURE CORP S,COMMON
CIK1355096-COMMON,1355096,2015-02-04,2015-02-04,QVCA,LIBERTY INTERACTIVE VENTURE CORP S,COMMON
CIK1355096-COMMON,1355096,2015-02-05,2015-02-05,LVNTA,LIBERTY INTERACTIVE VENTURE CORP S,COMMON
CIK1355096-COMMON,1355096,2015-02-06,2015-02-22,QVCA,LIBERTY INTERACTIVE VENTURE CORP S,COMMON
CIK1355096-COMMON,1355096,2015-02-23,2015-02-23,LVNTA,LIBERTY INTERACTIVE VENTURE CORP S,COMMON
CIK1355096-COMMON,1355096,2015-02-24,2015-03-01,QVCA,LIBERTY INTERACTIVE VENTURE CORP S,COMMON
CIK1355096-COMMON,1355096,2015-03-02,2015-03-02,LVNTA,LIBERTY INTERACTIVE VENTURE CORP S,COMMON
CIK1355096-COMMON,1355096,2015-03-03,2015-03-03,QVCA,LIBERTY INTERACTIVE VENTURE CORP S,COMMON
CIK1355096-COMMON,1355096,2015-03-04,2015-03-04,LVNTA,LIBERTY INTERACTIVE VENTURE CORP S,COMMON
CIK1355096-COMMON,1355096,2015-03-05,2015-03-09,QVCA,LIBERTY INTERACTIVE VENTURE CORP S,COMMON
CIK1355096-COMMON,1355096,2015-03-10,2015-03-10,LVNTA,LIBERTY INTERACTIVE VENTURE CORP S,COMMON
CIK1355096-COMMON,1355096,2015-03-11,2015-04-30,QVCA,LIBERTY INTERACTIVE VENTURE CORP S,COMMON
CIK1355096-COMMON,1355096,2015-05-01,2015-05-04,LVNTA,LIBERTY INTERACTIVE VENTURE CORP S,COMMON
CIK1355096-COMMON,1355096,2015-05-05,2015-05-05,QVCA,LIBERTY INTERACTIVE VENTURE CORP S,COMMON
CIK1355096-COMMON,1355096,2015-05-06,2015-05-06,LVNTA,LIBERTY INTERACTIVE VENTURE CORP S,COMMON
CIK1355096-COMMON,1355096,2015-05-07,2015-05-12,QVCA,LIBERTY INTERACTIVE VENTURE CORP S,COMMON
CIK1355096-COMMON,1355096,2015-05-13,2015-05-13,LVNTA,LIBERTY INTERACTIVE VENTURE CORP S,COMMON
CIK1355096-COMMON,1355096,2015-05-14,2015-05-14,QVCA,LIBERTY INTERACTIVE VENTURE CORP S,COMMON
CIK1355096-COMMON,1355096,2015-05-15,2015-05-17,LVNTA,LIBERTY INTERACTIVE VENTURE CORP S,COMMON
CIK1355096-COMMON,1355096,2015-05-18,2015-05-21,QVCA,LIBERTY INTERACTIVE VENTURE CORP S,COMMON
CIK1355096-COMMON,1355096,2015-05-22,2015-05-25,LVNTA,LIBERTY INTERACTIVE VENTURE CORP S,COMMON
CIK1355096-COMMON,1355096,2015-05-26,2015-05-27,QVCA,LIBERTY INTERACTIVE VENTURE CORP S,COMMON
CIK1355096-COMMON,1355096,2015-05-28,2015-05-28,LVNTA,LIBERTY INTERACTIVE VENTURE CORP S,COMMON
CIK1355096-COMMON,1355096,2015-05-29,2015-06-10,QVCA,LIBERTY INTERACTIVE VENTURE CORP S,COMMON
CIK1355096-COMMON,1355096,2015-06-11,2015-06-11,LVNTA,LIBERTY INTERACTIVE VENTURE CORP S,COMMON
CIK1355096-COMMON,1355096,2015-06-12,2015-06-17,QVCA,LIBERTY INTERACTIVE VENTURE CORP S,COMMON
CIK1355096-COMMON,1355096,2015-06-18,2015-06-18,LVNTA,LIBERTY INTERACTIVE VENTURE CORP S,COMMON
CIK1355096-COMMON,1355096,2015-06-19,2015-07-09,QVCA,LIBERTY INTERACTIVE VENTURE CORP S,COMMON
CIK1355096-COMMON,1355096,2015-07-10,2015-07-12,LVNTA,LIBERTY INTERACTIVE VENTURE CORP S,COMMON
CIK1355096-COMMON,1355096,2015-07-13,2015-07-26,QVCA,LIBERTY INTERACTIVE VENTURE CORP S,COMMON
CIK1355096-COMMON,1355096,2015-07-27,2015-07-27,LVNTA,LIBERTY INTERACTIVE VENTURE CORP S,COMMON
CIK1355096-COMMON,1355096,2015-07-28,2015-08-10,QVCA,LIBERTY INTERACTIVE VENTURE CORP S,COMMON
CIK1355096-COMMON,1355096,2015-08-11,2015-08-11,LVNTA,LIBERTY INTERACTIVE VENTURE CORP S,COMMON
CIK1355096-COMMON,1355096,2015-08-12,2015-08-17,QVCA,LIBERTY INTERACTIVE VENTURE CORP S,COMMON
CIK1355096-COMMON,1355096,2015-08-18,2015-08-18,LVNTA,LIBERTY INTERACTIVE VENTURE CORP S,COMMON
CIK1355096-COMMON,1355096,2015-08-19,2015-09-16,QVCA,LIBERTY INTERACTIVE VENTURE CORP S,COMMON
CIK1355096-COMMON,1355096,2015-09-17,2015-09-17,LVNTA,LIBERTY INTERACTIVE VENTURE CORP S,COMMON
CIK1355096-COMMON,1355096,2015-09-18,2015-09-21,QVCA,LIBERTY INTERACTIVE VENTURE CORP S,COMMON
CIK1355096-COMMON,1355096,2015-09-22,2015-09-23,LVNTA,LIBERTY INTERACTIVE VENTURE CORP S,COMMON
CIK1355096-COMMON,1355096,2015-09-24,2015-11-19,QVCA,LIBERTY INTERACTIVE VENTURE CORP S,COMMON
CIK1355096-COMMON,1355096,2015-11-20,2015-11-22,LVNTA,LIBERTY INTERACTIVE VENTURE CORP S,COMMON
CIK1355096-COMMON,1355096,2015-11-23,2015-11-23,QVCA,LIBERTY INTERACTIVE VENTURE CORP S,COMMON
CIK1355096-COMMON,1355096,2015-11-24,2015-11-26,LVNTA,LIBERTY INTERACTIVE VENTURE CORP S,COMMON
CIK1355096-COMMON,1355096,2015-11-27,2015-12-09,QVCA,LIBERTY INTERACTIVE VENTURE CORP S,COMMON
CIK1355096-COMMON,1355096,2015-12-10,2015-12-10,LVNTA,LIBERTY INTERACTIVE VENTURE CORP S,COMMON
CIK1355096-COMMON,1355096,2015-12-11,2015-12-20,QVCA,LIBERTY INTERACTIVE VENTURE CORP S,COMMON
CIK1355096-COMMON,1355096,2015-12-21,2015-12-21,LVNTA,LIBERTY INTERACTIVE VENTURE CORP S,COMMON
CIK1355096-COMMON,1355096,2015-12-22,2015-12-22,QVCA,LIBERTY INTERACTIVE VENTURE CORP S,COMMON
CIK1355096-COMMON,1355096,2015-12-23,2015-12-23,LVNTA,LIBERTY INTERACTIVE VENTURE CORP S,COMMON
CIK1355096-COMMON,1355096,2015-12-24,2016-02-01,QVCA,LIBERTY INTERACTIVE VENTURE CORP S,COMMON
CIK1355096-COMMON,1355096,2016-02-02,2016-02-02,LVNTA,LIBERTY INTERACTIVE VENTURE CORP S,COMMON
CIK1355096-COMMON,1355096,2016-02-03,2016-02-09,QVCA,LIBERTY INTERACTIVE VENTURE CORP S,COMMON
CIK1355096-COMMON,1355096,2016-02-10,2016-02-10,LVNTA,LIBERTY INTERACTIVE VENTURE CORP S,COMMON
CIK1355096-COMMON,1355096,2016-02-11,2016-02-15,QVCA,LIBERTY INTERACTIVE VENTURE CORP S,COMMON
CIK1355096-COMMON,1355096,2016-02-16,2016-02-17,LVNTA,LIBERTY INTERACTIVE VENTURE CORP S,COMMON
CIK1355096-COMMON,1355096,2016-02-18,2016-03-03,QVCA,LIBERTY INTERACTIVE VENTURE CORP S,COMMON
CIK1355096-COMMON,1355096,2016-03-04,2016-03-06,LVNTA,LIBERTY INTERACTIVE VENTURE CORP S,COMMON
CIK1355096-COMMON,1355096,2016-03-07,2016-03-20,QVCA,LIBERTY INTERACTIVE VENTURE CORP S,COMMON
CIK1355096-COMMON,1355096,2016-03-21,2016-03-21,LVNTA,LIBERTY INTERACTIVE VENTURE CORP S,COMMON
CIK1355096-COMMON,1355096,2016-03-22,2016-03-23,QVCA,LIBERTY INTERACTIVE VENTURE CORP S,COMMON
CIK1355096-COMMON,1355096,2016-03-24,2016-03-29,LVNTA,LIBERTY INTERACTIVE VENTURE CORP S,COMMON
CIK1355096-COMMON,1355096,2016-03-30,2016-03-30,QVCA,LIBERTY INTERACTIVE VENTURE CORP S,COMMON
CIK1355096-COMMON,1355096,2016-03-31,2016-03-31,LVNTA,LIBERTY INTERACTIVE VENTURE CORP S,COMMON
CIK1355096-COMMON,1355096,2016-04-01,2016-04-10,QVCA,LIBERTY INTERACTIVE VENTURE CORP S,COMMON
CIK1355096-COMMON,1355096,2016-04-11,2016-04-20,LVNTA,LIBERTY INTERACTIVE VENTURE CORP S,COMMON
CIK1355096-COMMON,1355096,2016-04-21,2016-04-25,QVCA,LIBERTY INTERACTIVE VENTURE CORP S,COMMON
CIK1355096-COMMON,1355096,2016-04-26,2016-04-26,LVNTA,LIBERTY INTERACTIVE VENTURE CORP S,COMMON
CIK1355096-COMMON,1355096,2016-04-27,2016-04-27,QVCA,LIBERTY INTERACTIVE VENTURE CORP S,COMMON
CIK1355096-COMMON,1355096,2016-04-28,2016-05-01,LVNTA,LIBERTY INTERACTIVE VENTURE CORP S,COMMON
CIK1355096-COMMON,1355096,2016-05-02,2016-05-04,QVCA,LIBERTY INTERACTIVE VENTURE CORP S,COMMON
CIK1355096-COMMON,1355096,2016-05-05,2016-05-05,LVNTA,LIBERTY INTERACTIVE VENTURE CORP S,COMMON
CIK1355096-COMMON,1355096,2016-05-06,2016-05-09,QVCA,LIBERTY INTERACTIVE VENTURE CORP S,COMMON
CIK1355096-COMMON,1355096,2016-05-10,2016-05-10,LVNTA,LIBERTY INTERACTIVE VENTURE CORP S,COMMON
CIK1355096-COMMON,1355096,2016-05-11,2016-05-15,QVCA,LIBERTY INTERACTIVE VENTURE CORP S,COMMON
CIK1355096-COMMON,1355096,2016-05-16,2016-05-16,LVNTA,LIBERTY INTERACTIVE VENTURE CORP S,COMMON
CIK1355096-COMMON,1355096,2016-05-17,2016-05-17,QVCA,LIBERTY INTERACTIVE VENTURE CORP S,COMMON
CIK1355096-COMMON,1355096,2016-05-18,2016-05-19,LVNTA,LIBERTY INTERACTIVE VENTURE CORP S,COMMON
CIK1355096-COMMON,1355096,2016-05-20,2016-06-28,QVCA,LIBERTY INTERACTIVE VENTURE CORP S,COMMON
CIK1355096-COMMON,1355096,2016-06-29,2016-06-29,LVNTA,LIBERTY INTERACTIVE VENTURE CORP S,COMMON
CIK1355096-COMMON,1355096,2016-06-30,2016-07-14,QVCA,LIBERTY INTERACTIVE VENTURE CORP S,COMMON
CIK1355096-COMMON,1355096,2016-07-15,2016-07-17,LVNTA,LIBERTY INTERACTIVE VENTURE CORP S,COMMON
CIK1355096-COMMON,1355096,2016-07-18,2016-08-11,QVCA,LIBERTY INTERACTIVE VENTURE CORP S,COMMON
CIK1355096-COMMON,1355096,2016-08-12,2016-08-14,LVNTA,LIBERTY INTERACTIVE VENTURE CORP S,COMMON
CIK1355096-COMMON,1355096,2016-08-15,2016-08-18,QVCA,LIBERTY INTERACTIVE VENTURE CORP S,COMMON
CIK1355096-COMMON,1355096,2016-08-19,2016-08-25,LVNTA,LIBERTY INTERACTIVE VENTURE CORP S,COMMON
CIK1355096-COMMON,1355096,2016-08-26,2016-08-29,QVCA,LIBERTY INTERACTIVE VENTURE CORP S,COMMON
CIK1355096-COMMON,1355096,2016-08-30,2016-08-30,LVNTA,LIBERTY INTERACTIVE VENTURE CORP S,COMMON
CIK1355096-COMMON,1355096,2016-08-31,2016-09-07,QVCA,LIBERTY INTERACTIVE VENTURE CORP S,COMMON
CIK1355096-COMMON,1355096,2016-09-08,2016-09-14,LVNTA,LIBERTY INTERACTIVE VENTURE CORP S,COMMON
CIK1355096-COMMON,1355096,2016-09-15,2016-10-11,QVCA,LIBERTY INTERACTIVE VENTURE CORP S,COMMON
CIK1355096-COMMON,1355096,2016-10-12,2016-10-12,LVNTA,LIBERTY INTERACTIVE VENTURE CORP S,COMMON
CIK1355096-COMMON,1355096,2016-10-13,2016-10-16,QVCA,LIBERTY INTERACTIVE VENTURE CORP S,COMMON
CIK1355096-COMMON,1355096,2016-10-17,2016-10-20,LVNTA,LIBERTY INTERACTIVE VENTURE CORP S,COMMON
CIK1355096-COMMON,1355096,2016-10-21,2016-10-23,QVCA,LIBERTY INTERACTIVE VENTURE CORP S,COMMON
CIK1355096-COMMON,1355096,2016-10-24,2016-10-24,LVNTA,LIBERTY INTERACTIVE VENTURE CORP S,COMMON
CIK1355096-COMMON,1355096,2016-10-25,2016-10-27,QVCA,LIBERTY INTERACTIVE VENTURE CORP S,COMMON
CIK1355096-COMMON,1355096,2016-10-28,2016-11-01,LVNTA,LIBERTY INTERACTIVE VENTURE CORP S,COMMON
CIK1355096-COMMON,1355096,2016-11-02,2018-03-12,QVCA,LIBERTY INTERACTIVE VENTURE CORP S,COMMON
CIK1355096-COMMON,1355096,2018-03-13,2018-04-10,QRTEA,LIBERTY INTERACTIVE VENTURE CORP S,COMMON
CIK1356090-COMMON,1356090,2013-08-13,2020-01-31,XON,INTREXON CORP,COMMON
CIK1363851-COMMON,1363851,2008-03-07,2012-07-10,SXCI,SXC HEALTH SOLUTIONS CORP.,COMMON
CIK1469372-CLASS-A,1469372,2010-02-16,2015-10-02,MSG,MADISON SQUARE GARDEN ORD CLASS A,CLASS A
CIK1471261-COMMON,1471261,2009-12-23,2017-12-13,CIE,COBALT INTERNATIONAL ENERGY INC,COMMON
CIK1498301-COMMON,1498301,2011-01-04,2020-08-03,ASNA,ASCENA RETAIL GROUP INC.,COMMON
CIK1507934-CLASS-A,1507934,2011-09-26,2011-10-04,LCPAD,LIBERTY MEDIA CORP CLASS A,CLASS A
CIK1507934-CLASS-A,1507934,2011-10-05,2011-11-29,LCAPA,LIBERTY MEDIA CORP CLASS A,CLASS A
CIK1507934-CLASS-A,1507934,2011-11-30,2013-01-16,LMCA,LIBERTY MEDIA CORP CLASS A,CLASS A
CIK1575828-COMMON,1575828,2013-08-19,2021-10-01,FI,FRANK S INTERNATIONAL NV,COMMON
CIK1579877-COMMON,1579877,2014-04-02,2014-11-19,CBSO,CBS OUTDOOR AMERICAS INC,COMMON
CIK1606498-COMMON,1606498,2014-11-05,2018-06-29,HYH,HALYARD HEALTH INC,COMMON
CIK1611983-COMMON,1611983,2014-12-31,2014-12-31,LBKRV,LIBERTY BROADBAND SUBSCRIPTION RIG,COMMON
CIK1620280-COMMON,1620280,2015-04-29,2017-02-28,CSAL,COMMUNICATIONS SALES AND LEASING I,COMMON
CIK1710366-COMMON,1710366,2017-11-30,2025-01-14,CEIX,CONSOL ENERGY INC,COMMON
CIK1723089-COMMON,1723089,2018-05-10,2021-01-10,APY,APERGY CORP,COMMON
CIK1803737-COMMON,1803737,2022-06-30,2022-06-30,EHAB-WI,ENHABIT INC WHEN ISSUED,COMMON
CIK1808220-CLASS-A,1808220,2020-07-17,2022-11-17,GOCO,GOHEALTH INC CLASS A,CLASS A
CIK1929561-COMMON,1929561,2022-12-31,2022-12-31,RXO-WI,RXO INC,COMMON
CIK20520-COMMON,20520,2007-12-21,2008-07-31,CZN,FRONTIER COMMUNICATIONS CORP,COMMON
CIK20520-COMMON,20520,2008-08-01,2017-07-10,FTR,FRONTIER COMMUNICATIONS CORP,COMMON
CIK23666-COMMON,23666,2008-01-07,2012-06-28,SLE,SARA LEE CORP,COMMON
CIK314808-CLASS-A,314808,2012-05-23,2019-04-11,ESV,ENSCO PLC CLASS A,CLASS A
CIK314808-COMMON,314808,2008-01-10,2009-12-22,ESV,ENSCO INTERNATIONAL INC,COMMON
CIK315293-COMMON,315293,2007-12-21,2009-12-01,AOC,AON CORP,COMMON
CIK315293-COMMON,315293,2009-12-02,2012-03-30,AON,AON CORP,COMMON
CIK316300-COMMON,316300,2007-12-20,2017-12-22,XCO,EXCO RESOURCES INC,COMMON
CIK352363-COMMON,352363,2007-12-18,2012-05-14,LIZ,LIZ CLAIBORNE INC,COMMON
CIK38079-COMMON,38079,2008-01-16,2014-12-15,FST,FOREST OIL CORP,COMMON
CIK48898-CLASS-B,48898,2008-01-16,2015-12-23,HUB-B,HUBBELL INC. CL B,CLASS B
CIK708819-COMMON,708819,2008-01-02,2018-05-08,MDR,MCDERMOTT INTERNATIONAL INC,COMMON
CIK709519-COMMON,709519,2008-01-16,2010-02-05,SUNW,SUN MICROSYSTEMS INC,COMMON
CIK716006-COMMON,716006,2007-12-17,2010-10-04,YRCW,YRC WORLDWIDE INC,COMMON
CIK730464-COMMON,730464,2007-12-18,2017-05-23,DV,DEVRY EDUCATION GROUP INC,COMMON
CIK733269-COMMON,733269,2007-12-17,2018-10-01,ACXM,ACXIOM CORP,COMMON
CIK73887-COMMON,73887,2013-06-28,2013-06-28,ERA,BRISTOW GROUP INC,COMMON
CIK739708-COMMON,739708,2008-11-18,2009-06-08,CCU,CLEAR CHANNEL COMM INC,COMMON
CIK777001-COMMON,777001,2008-11-18,2009-06-08,BSC,BEAR STEARNS COS INC,COMMON
CIK804055-COMMON,804055,2007-12-20,2010-10-01,CCE,COCA COLA ENTERPRISE,COMMON
CIK836102-COMMON,836102,2008-01-16,2008-06-05,ASD,AMERICAN STD COS INC,COMMON
CIK867773-COMMON,867773,2007-12-17,2008-09-30,SPWR,SUNPOWER CORP,COMMON
CIK867773-COMMON,867773,2008-10-01,2009-06-08,SPWRA,SUNPOWER CORP,COMMON
CIK88205-COMMON,88205,2008-01-16,2015-09-25,SPW,SPX CORP,COMMON
CIK884629-COMMON,884629,2007-12-27,2013-01-24,WPI,ACTAVIS INC.,COMMON
CIK884629-COMMON,884629,2013-01-25,2013-09-30,ACT,ACTAVIS INC.,COMMON
CIK886835-COMMON,886835,2008-01-16,2019-09-30,SPN,SUPERIOR ENERGY SERVICES INC.,COMMON
CIK886835-COMMON,886835,2019-10-01,2020-09-17,SPNV,SUPERIOR ENERGY SERVICES INC.,COMMON
CIK891103-COMMON,891103,2008-01-07,2012-06-28,IACI,IAC INTERACTIVE,COMMON
CIK891103-COMMON,891103,2012-06-29,2014-06-30,IAC,IAC INTERACTIVE,COMMON
CIK895648-COMMON,895648,2007-12-19,2009-04-21,GGP,GENERAL GROWTH PPTYS INC,COMMON
CIK895648-COMMON,895648,2009-04-22,2010-03-07,GGWPQ,GENERAL GROWTH PPTYS INC,COMMON
CIK895648-COMMON,895648,2010-03-08,2010-11-10,GGP,GENERAL GROWTH PPTYS INC,COMMON
CIK898660-COMMON,898660,2008-01-16,2009-06-08,STN,STATION CASINOS INC,COMMON
CIK910073-COMMON,910073,2007-12-24,2012-11-14,NYB,NEW YORK COMMUNITY BANCORP INC,COMMON
CIK910073-COMMON,910073,2012-11-15,2024-07-12,NYCB,NEW YORK COMMUNITY BANCORP INC,COMMON
CIK929351-COMMON,929351,2008-01-08,2016-12-12,LGF,LIONS GATE ENTERTAINMENT CORP,COMMON
CIK931336-COMMON,931336,2007-12-17,2013-08-26,DF,DEAN FOODS CO.,COMMON
CIK944868-COMMON,944868,2007-12-21,2009-11-29,DTV,DIRECTV GROUP INC,COMMON
CIK945394-COMMON,945394,2007-12-20,2019-09-26,HPT,HOSPITALITY PROPERTIES TRUST REIT,COMMON
CIK96289-COMMON,96289,2007-12-17,2015-02-02,RSH,RADIOSHACK CORP,COMMON
