case_id,sec_id,ticker,report,event_type,consideration,confidence,exit_kind,drop_reason,continuation,successor_ticker,last_trade_date,value_rule,cash_per_share,cash_currency,stock_ratio,price_ticker,price_date,value_formula,status_exit_kind,status_last_trade_date,status_successor,status_value_rule,status_terms,status_issuer,status_ticker_history,confidence_reasons,library_wrong,cause,cause_group,golden_worthy,sec_evidence,web_evidence,open_checks,verdict,verification,verification_refuted
BBG000B9YSK6_2020-11-04,BBG000B9YSK6,CBL,reports/BBG000B9YSK6_2020-11-04.md,bankruptcy,none,inferred,dropped,bankruptcy,False,,2020-10-30,otc_print,,,,CBLAQ,,"price(CBLAQ, first OTC session within 10 trading days) / last_close - 1",wrong,unknown,agree,wrong,wrong,agree,unknown,last_trade_date: worked out from the 8-K 3.01 suspension notice by the suspension rule; no filing or exchange print states the last day | terms: price_date worked out as the session after the unconfirmed last exchange trade,True,resolver_no_bankruptcy_branch,resolver_no_bankruptcy_branch,True,5,0,whether NYSE traded the common on 2020-11-02 (last trade 2020-10-30 vs 2020-11-02) | first CBLAQ OTC session date,"Chapter 11 on 2020-11-01 and NYSE suspension on 2020-11-02 then OTC as CBLAQ: a bankruptcy drop valued at the first OTC print, not a continued-filings exchange transfer.",upheld,
BBG000BB2N27_2014-12-25,BBG000BB2N27,THI,reports/BBG000BB2N27_2014-12-25.md,merger,cash_and_stock,verified,merger,,False,QSR,2014-12-12,cash_plus_stock,65.5,CAD,0.8025,QSR,2014-12-15,"(65.50 CAD + 0.8025 x price(QSR, 2014-12-15)) / last_close - 1",agree,agree,agree,agree,missing,agree,agree,,False,currency_missing,currency_missing,True,4,0,cash leg in CAD; no fails close for QSR on 2014-12-15 | QSR ticker_history starts 2014-12-17; the filing says 2014-12-15,Real cash-and-stock merger (C$65.50 + 0.8025 QSR per share); only the CAD currency is missing from the library's terms.,,
BBG000BB5HV5_2010-12-19,BBG000BB5HV5,ADCT,reports/BBG000BB5HV5_2010-12-19.md,acquisition,cash,inferred,merger,,False,,2010-12-09,cash,12.75,USD,,,,12.75 USD / last_close - 1,agree,missing,agree,agree,agree,agree,wrong,last_trade_date: worked out from the 8-K saying the merger was effected 2010-12-09 and the Form 25-NSE effective 2010-12-09; no filing states the last trading day and there is no exchange print,False,no_last_trade_print,no_last_trade_print,False,3,0,Confirm Nasdaq's last session: 2010-12-08 or 2010-12-09 (merger effected 12-09; Form 25-NSE effective 12-09 states no suspension date),"Real cash tender offer and short-form merger by Tyco Electronics at 12.75 USD per share; the library's kind, rule and terms are right, only the last trade date (about 2010-12-09) is missing.",,
BBG000BBB3K1_2017-08-04,BBG000BBB3K1,RAI,reports/BBG000BBB3K1_2017-08-04.md,acquisition,cash_and_stock,verified,merger,,False,BTI,2017-07-24,cash_plus_stock,29.44,USD,0.526,BTI,2017-07-25,"(29.44 USD + 0.5260 x price(BTI, 2017-07-25)) / last_close - 1",agree,agree,agree,agree,wrong,agree,agree,,True,terms_misread,terms_misread,True,4,0,price_sec_id for BTI in the run not checked,"Real cash-plus-stock merger into BAT; library's kind, date and cash are right but stock_ratio is 1.0 instead of 0.5260 and currency is blank.",upheld,
BBG000BBBP59_2016-03-28,BBG000BBBP59,PRE,reports/BBG000BBBP59_2016-03-28.md,merger,cash,inferred,merger,,False,,2016-03-17,cash,137.5,USD,,,,137.50 USD / last_close - 1,agree,agree,agree,agree,missing,agree,agree,last_trade_date: worked out from the 8-K closing date 2016-03-18 and the fails rows (last row 2016-03-18 priced at the 03-17 close); no filing states the last trading day,False,library_right_but_uncertain,library_right_but_uncertain,True,3,0,notice does not state the last trading day; 2016-03-17 inferred from close date and fails row | whether listed preferreds explain the continued filings,"Real EXOR cash merger at $137.50 per common share closed 2016-03-18; library row is right but uncertain via the continued-filings path, and the USD currency is blank.",,
BBG000BBG3P1_2009-01-25,BBG000BBG3P1,TMA,reports/BBG000BBG3P1_2009-01-25.md,exchange_delisting,none,inferred,dropped,price,False,,2008-12-04,otc_print,,,,THMR,2008-12-05,"otc_print(THMR, from 2008-12-05) / last_close - 1",agree,wrong,agree,agree,wrong,agree,wrong,successor: fails rows (same CUSIP 885218800 kept trading as THMR/THMRQ) | value_rule: worked out from fails rows (same CUSIP trades OTC after the suspension); no filing states a payout | terms: THMR from fails rows (first seen 2008-12-11); price_date 2008-12-05 worked out as the session after the last exchange trade,True,wrong_exit_kind,wrong_exit_kind,True,4,0,why a 2012 SEC revocation reason (573) attached to this 2009 row | first THMR print date (fails rows show it from 2008-12-11),"NYSE suspended TMA on 2008-12-05 for a sub-$1 price, trading moved OTC as THMR on the same CUSIP; library has the right kind but the wrong drop reason (sec_order vs price), last trade (2008-12-01 vs 2008-12-04) and OTC ticker (TMA vs THMR).",upheld,
BBG000BC2C10_2021-03-14,BBG000BC2C10,APA,reports/BBG000BC2C10_2021-03-14.md,reorganization,stock,inferred,exchange,,True,APA,2021-03-01,continuation,,,1.0,,,"n/a (continuation; one APA Corp share per Apache share, no return)",agree,missing,agree,agree,agree,unknown,wrong,"last_trade_date: worked out from the Nasdaq Form 25-NSE's 3/2/2021 reorganization date (trading day before, 2021-03-01), with APA Corp fails rows starting 2021-03-02; no filing states the last trading day",False,no_last_trade_print,no_last_trade_print,True,4,0,why the old security's issuer_ids include CIK 1841666 | exact last Apache print date (2021-03-01 inferred from the Nasdaq notice's 3/2/2021 date),"A 1:1 holdco reorganization (Apache to APA Corp, 2021-03-01); the library's continuation and successor are right, only the last trade date is missing and the old range overruns it.",,
BBG000BCKC47_2016-07-11,BBG000BCKC47,GAS,reports/BBG000BCKC47_2016-07-11.md,merger,cash,verified,merger,,False,,2016-06-30,cash,66.0,USD,,,,66.00 USD / last_close - 1,agree,agree,agree,agree,missing,agree,agree,,False,library_right_but_uncertain,library_right_but_uncertain,True,2,0,,"Real $66 cash merger into Southern Company effective 2016-07-01; library row right except the blank USD currency, uncertain only from the resolver path.",,
BBG000BCNYT9_2020-01-16,BBG000BCNYT9,AVP,reports/BBG000BCNYT9_2020-01-16.md,merger,stock,verified,merger,,False,NTCO,2020-01-03,stock,,,0.3,NTCO,2020-01-06,"0.3 x price(NTCO, 2020-01-06) / last_close - 1",agree,agree,agree,agree,agree,agree,agree,,False,library_right_but_uncertain,library_right_but_uncertain,True,4,0,"why terms_gate fail_sanity fired (price series used for NTCO, per ADS vs per share)","Real stock merger into Natura &Co (0.300 ADS per share, last trade 2020-01-03); library's classification and terms are right, only its price gate failed so it filled assumed par.",,
BBG000BCTL84_2012-01-08,BBG000BCTL84,PMI,reports/BBG000BCTL84_2012-01-08.md,bankruptcy,none,inferred,dropped,bankruptcy,False,,2011-10-21,otc_print,,,,PPMIQ,2011-11-29,"otc_print(PPMIQ, from 2011-11-29) / last_close(2011-10-21) - 1",agree,wrong,agree,agree,wrong,agree,wrong,"successor: worked out from the cited filings naming none; no successor search done | payout rule: fails rows (PPMIQ from 2011-11-30) and decision 11, no filing states it | terms: worked out from fails rows and the suspension date; price date 2011-11-29 is not an observed print",True,other:ex99_notice_date_is_bankruptcy_not_halt,last_trade_date_misread,True,4,0,first PPMIQ OTC session (about 2011-11-29; fails rows start 2011-11-30),"Real bankruptcy drop with the right kind and rule, but the last trade is 2011-10-21 (NYSE halt, stated in the 8-K), not 2011-11-23.",upheld,
BBG000BD4VG8_2017-07-15,BBG000BD4VG8,BHI,reports/BBG000BD4VG8_2017-07-15.md,reorganization,stock (one for one; $17.50 special dividend declared by the successor on the new shares),verified,exchange,,True,BHGE,2017-07-03,continuation,,,1.0,BHGE,,"same holders, one BHGE Class A share per BHI share; return 0 on exit",agree,agree,missing,wrong,agree,agree,agree,,True,holdco_not_linked,holdco_not_linked,True,4,0,BHGE ticker_history starts 2017-06-30 but it first traded 2017-07-05,BHI became BHGE one for one on 2017-07-03 (holdco reorganization); the library's exchange kind and date are right but the continuation and successor BBG00GBVBK51 are not linked.,upheld,
BBG000BDHNB7_2019-06-21,BBG000BDHNB7,BMS,reports/BBG000BDHNB7_2019-06-21.md,merger,stock,verified,merger,,False,AMCR,2019-06-10,stock,,,5.1,AMCR,2019-06-11,"5.1 x price(AMCR, 2019-06-11) / last_close - 1",agree,agree,agree,agree,agree,agree,agree,,False,library_right_but_uncertain,library_right_but_uncertain,True,2,0,,"All-stock merger, 5.1 Amcor shares per Bemis share effective 2019-06-11; the library's classification and terms are right, only the failed price gate left assumed par.",,
BBG000BDKN87_2010-02-26,BBG000BDKN87,BNI,reports/BBG000BDKN87_2010-02-26.md,merger,cash_or_stock_election ($100 cash or $100 of BRK.A; about 60% cash / 40% stock overall),verified,merger,,False,,2010-02-12,cash,100.0,USD,,,,100.00 / last_close - 1,agree,agree,agree,agree,agree,agree,agree,,False,library_right_but_uncertain,library_right_but_uncertain,True,3,0,cash_currency is blank in the library; should be USD | delisting date uses the Form 15 date 2010-02-26 rather than the Form 25 date 2010-02-16,"Real cash-or-stock election merger with Berkshire ($100 per share, last trade 2010-02-12); the library's row is right and uncertain only via the continued-filings path.",,
BBG000BDLLR9_2007-11-05,BBG000BDLLR9,BOL,reports/BBG000BDLLR9_2007-11-05.md,merger,cash,verified,merger,,False,,2007-10-26,cash,65.0,USD,,,,65.00 USD / last_close - 1,agree,agree,agree,agree,agree,agree,agree,,False,library_right_but_uncertain,library_right_but_uncertain,True,3,0,,Bausch & Lomb was taken private by Warburg Pincus for $65.00 cash with last trade 2007-10-26; the library is right and only uncertain because the caller observed BOL after the delisting.,,
BBG000BDN878_2019-03-04,BBG000BDN878,TAHO,reports/BBG000BDN878_2019-03-04.md,merger,cash_or_stock_election,verified,merger,,False,PAAS,2019-02-21,cash_plus_stock,0.67,USD,0.1929,PAAS,2019-02-22,"(0.67 USD + 0.1929 * price(PAAS, 2019-02-22)) / last_close - 1  [CVR 0.0497 PAAS contingent, not included]",wrong,agree,agree,wrong,missing,agree,agree,,True,wrong_exit_kind,wrong_exit_kind,True,4,0,"CVR (0.0497 PAAS, contingent on Escobal restart) not in payout rule; decide whether to ignore | 0.67/0.1929 is the share-elector proration; cash electors got US$3.40",Real Pan American Silver cash-and-stock merger (US$0.67 + 0.1929 PAAS per share plus CVR); library left exit kind blank and gave no terms.,upheld,
BBG000BDXVW8_2010-10-14,BBG000BDXVW8,CAL,reports/BBG000BDXVW8_2010-10-14.md,merger,stock,verified,merger,,False,UAL,2010-09-30,stock,,,1.05,UAL,2010-10-01,"1.05 × price(UAL, 2010-10-01) / last_close − 1",agree,agree,agree,agree,wrong,agree,agree,,True,other:acquirer_price_security_null (stale acquirer ticker UAUA; the acquirer traded as UAL on the price date),price_security_wrong,True,5,0,skeptic pass on the terms finding | resolved_from_continued_filings keeps CAL uncertain after the price fix,"Stock-for-stock merger, 1.05 UAL shares per CAL share, effective 2010-10-01; kind, date and ratio right, but the stock leg is priced under UAUA, which stopped trading on 2010-09-30, instead of UAL (BBG000M65M61), so the gate failed and the row took assumed par.",,
BBG000BF2JS9_2009-09-18,BBG000BF2JS9,CNB,reports/BBG000BF2JS9_2009-09-18.md,bankruptcy,none,inferred,dropped,bankruptcy,False,,2009-08-17,otc_print,,,,,2009-08-18,price(first OTC print within 10 trading days after 2009-08-17) / last_close - 1,wrong,agree,agree,agree,unknown,agree,agree,"last_trade_date: worked out from the Form 25 notice (suspension announced at close of 2009-08-17), no filing states the last trade | value_rule: worked out (decision 11 OTC print for a debtor's equity) | terms: OTC symbol not confirmed",True,wrong_exit_kind,wrong_exit_kind,True,5,1,confirm OTC symbol and first OTC print date,"NYSE suspended CNB on 2009-08-17 after the bank's FDIC closure and Chapter 11 followed; drop reason sec_order is wrong, should be bankruptcy.",upheld,
BBG000BF5RY1_2016-06-10,BBG000BF5RY1,CCE,reports/BBG000BF5RY1_2016-06-10.md,merger,cash_and_stock,inferred,merger,,False,CCE,2016-05-27,cash_plus_stock,14.5,USD,1.0,CCE,2016-05-31,"(14.50 USD + 1.0 × price(CCE[CCEP], 2016-05-31)) / last_close − 1",agree,wrong,agree,agree,wrong,agree,wrong,"last_trade_date: worked out from the 8-K Item 3.01 suspension date (2016-05-31 open) and the NYSE calendar, agreeing with fails rows | terms price ticker/date for the CCEP leg: fails rows (CUSIP G25839104 under CCE from 2016-06-01 carrying the 05-31 close); no filing states the first trading day",True,other:midas_date_from_reused_ticker_and_acquirer_ticker_missing,reused_ticker_data,True,4,0,CCEP first NYSE trading day from a filing or exchange notice (web search unavailable),Real merger ($14.50 cash + 1 CCEP share); library's last trade date 2016-05-31 is wrong (should be 2016-05-27) and the stock leg lacks its price ticker CCE.,upheld,
BBG000BF8BH2_2008-08-10,BBG000BF8BH2,CCU,reports/BBG000BF8BH2_2008-08-10.md,merger,cash_or_stock_election,inferred,merger,,False,,2008-07-30,cash,36.0,USD,,,,36.00 USD / last_close - 1,agree,agree,agree,agree,agree,agree,agree,last_trade_date: worked out from the Form 25 notice (conversion on 2008-07-30) and fails rows (last row dated 2008-07-31); no filing states the last trading day | terms: election proration and the CC Media stock leg not read from a filing,False,library_right_but_uncertain,library_right_but_uncertain,True,4,0,exchange print or filing stating the last trading day | publish cash_currency=USD | why Form 25 path did not own this ending (resolved_from_continued_filings),"Real LBO merger at $36.00 cash (or one CC Media share by election), last trade 2008-07-30; the library row is right, uncertain only for lack of a printed last-trade date and the continued-filings route.",,
BBG000BFTJ91_2015-12-21,BBG000BFTJ91,CMCSK,reports/BBG000BFTJ91_2015-12-21.md,reorganization,stock,verified,exchange,,True,CMCSA,2015-12-11,continuation,,,1.0,,,no exit: holder keeps one CMCSA share per CMCSK share,agree,agree,missing,wrong,missing,agree,agree,,True,holdco_not_linked,holdco_not_linked,True,3,0,,"Comcast reclassified each Class A Special share (CMCSK) into one Class A share (CMCSA) on 2015-12-11, a 1:1 same-issuer continuation; the library left it a successor-less transfer.",upheld,
BBG000BFVKZ6_2019-02-25,BBG000BFVKZ6,AHL,reports/BBG000BFVKZ6_2019-02-25.md,merger,cash,verified,merger,,False,,2019-02-14,cash,42.75,USD,,,,42.75 USD / last_close - 1,agree,agree,agree,agree,agree,agree,agree,,False,library_right_but_uncertain,library_right_but_uncertain,True,3,0,,"Cash merger into Apollo Funds' Highlands Merger Sub, USD 42.75 per share, closed 2019-02-15; the library's row is right.",,
BBG000BG09F5_2021-02-12,BBG000BG09F5,GPOR,reports/BBG000BG09F5_2021-02-12.md,bankruptcy,none,verified,dropped,bankruptcy,False,,2020-11-25,otc_print,,,,GPORQ,2020-11-27,"otc_print(GPORQ, first print within 10 trading days after 2020-11-25) / last_close - 1",agree,agree,agree,agree,wrong,agree,agree,,True,terms_misread,terms_misread,True,5,0,price_ticker should be GPORQ not GPOR (symbol from fails rows),"Chapter 11 drop from Nasdaq, OTC as GPORQ, equity cancelled; library right except the price symbol GPOR.",upheld,
BBG000BG14P4_2025-10-09,BBG000BG14P4,WOLF,reports/BBG000BG14P4_2025-10-09.md,bankruptcy,stock,inferred,dropped,bankruptcy,False,WOLF,2025-09-26,stock,,,0.008352,WOLF,2025-09-30,"(0.008352 × price(WOLF new CUSIP 97785W106, 2025-09-30)) / last_close(old CUSIP 977852102) − 1",agree,agree,agree,wrong,wrong,agree,agree,"price_date 2025-09-30 rests on fails rows (first row of new CUSIP 97785W106), not a filing | stock_ratio worked out from 1,306,896 new shares / 156,479,390 old shares, both stated in the 8-K of 2025-09-30",True,other:new_equity_valued_as_otc_print_not_stock,price_security_wrong,True,5,0,"first exchange session of the new common stock | contingent 871,287 extra shares to old holders if regulatory approvals arrive | library last_close 22.10 comes from the new CUSIP, old CUSIP closed near 1.85","Real bankruptcy ending (old equity cancelled for about 0.00835 new WOLF shares each); kind, reason and last trade date are right but the otc_print rule and empty terms are wrong, it is a stock rule.",upheld,
BBG000BGFLL5_2013-11-23,BBG000BGFLL5,NYX,reports/BBG000BGFLL5_2013-11-23.md,merger,cash_and_stock,verified,merger,,False,ICE,2013-11-12,cash_plus_stock,11.27,USD,0.1703,ICE,2013-11-13,"(11.27 USD + 0.1703 x price(ICE, 2013-11-13)) / last_close - 1",agree,agree,agree,agree,missing,agree,agree,,False,currency_missing,currency_missing,True,2,0,,"A real cash-and-stock merger into ICE Group; the library's kind, date and terms are right, only the cash currency is blank and assumed par was filled after a failed gate.",,
BBG000BGMX22_2010-10-14,BBG000BGMX22,HEW,reports/BBG000BGMX22_2010-10-14.md,merger,cash_or_stock_election (default Mixed: 25.61 USD + 0.6362 AON),verified,merger,,False,AON,2010-10-01,cash_plus_stock,25.61,USD,0.6362,AON,2010-10-04,"(25.61 USD + 0.6362 x price(AON, 2010-10-04)) / last_close - 1",agree,agree,agree,agree,missing,agree,agree,,False,library_right_but_uncertain,library_right_but_uncertain,True,3,0,,"Real Aon cash+stock merger effective 2010-10-01; library kind, date and terms are right, value is assumed par only because the stale-close gate failed.",,
BBG000BGYDX9_2023-06-30,BBG000BGYDX9,DBD,reports/BBG000BGYDX9_2023-06-30.md,bankruptcy,none,inferred,dropped,bankruptcy,False,,2023-06-01,otc_print,,,,DBDQQ,2023-06-05,"otc_print(DBDQQ, first print from 2023-06-05) / last_close - 1",agree,wrong,agree,agree,wrong,agree,wrong,"last_trade_date: worked out from the 8-K saying NYSE suspended trading on 2023-06-02 (last trade 2023-06-01); MIDAS says 2023-05-26; no exchange print or filing states the last day | terms: OTC symbol DBDQQ and start 2023-06-05 are from the 8-K, the first print is not read",True,no_last_trade_print,no_last_trade_print,True,6,0,confirm the last NYSE trading day (2023-06-01 vs MIDAS 2023-05-26) | price request should use DBDQQ from 2023-06-05,"Real bankruptcy drop valued by OTC print; kind and rule are right, but the last trade date and the OTC symbol/date terms are wrong.",upheld,
BBG000BH2T94_2011-12-11,BBG000BH2T94,GLBL,reports/BBG000BH2T94_2011-12-11.md,acquisition,cash,verified,merger,,False,,2011-12-01,cash,8.0,USD,,,,8.00 USD / last_close - 1,agree,missing,agree,agree,missing,agree,unknown,,True,no_last_trade_print,no_last_trade_print,True,3,0,,"Cash merger into Technip at $8.00 per share completed 2011-12-01; library kind and rule right, last trade date (2011-12-01, 8-K item 3.01) and currency missing.",upheld,
BBG000BH5K72_2007-12-28,BBG000BH5K72,DJ,reports/BBG000BH5K72_2007-12-28.md,merger,cash,inferred,merger,,False,,2007-12-13,cash,60.0,USD,,,,60.00 USD / last_close - 1,agree,agree,agree,agree,missing,agree,agree,last_trade_date: worked out from the merger effective date in the Form 25 notice; no filing states the last trading day,False,library_right_but_uncertain,library_right_but_uncertain,True,3,0,confirm last trading day from an exchange source | publish cash_currency=USD,"News Corp cash merger at $60.00 per share effective 2007-12-13; library row is right, uncertain only from stale post-delisting seeds and a blank currency.",,
BBG000BHBGN6_2022-12-03,BBG000BHBGN6,CLR,reports/BBG000BHBGN6_2022-12-03.md,going_private,cash,verified,merger,,False,,2022-11-22,cash,74.28,USD,,,,74.28 USD / last_close - 1,agree,agree,agree,agree,agree,agree,agree,,False,library_right_but_uncertain,library_right_but_uncertain,True,4,0,,Real $74.28 cash take-private closing 2022-11-22; the library's row is right and uncertain only via the continued-filings relabel.,,
BBG000BHBK84_2017-09-11,BBG000BHBK84,DOW,reports/BBG000BHBK84_2017-09-11.md,merger,stock,verified,merger,,False,DWDP,2017-08-31,stock,,,1.0,DWDP,2017-09-01,"1 x price(DWDP, 2017-09-01) / last_close - 1",agree,agree,agree,agree,agree,agree,agree,,False,library_right_but_uncertain,library_right_but_uncertain,True,2,0,,Dow merged into DowDuPont 2017-08-31 at 1 DWDP per share; the library's row is right but flagged uncertain.,,
BBG000BHCDF1_2011-12-08,BBG000BHCDF1,DPL,reports/BBG000BHCDF1_2011-12-08.md,merger,cash,verified,merger,,False,,2011-11-25,cash,30.0,USD,,,,30.00 USD / last_close - 1,agree,agree,agree,agree,missing,agree,agree,,False,library_right_but_uncertain,library_right_but_uncertain,True,3,0,,"AES acquired DPL for $30 cash on 2011-11-28; the library's merger row is right, only the currency is blank and the evidence was weak.",,
BBG000BHD665_2007-10-22,BBG000BHD665,CDWC,reports/BBG000BHD665_2007-10-22.md,merger,cash,inferred,merger,,False,,2007-10-12,cash,87.75,USD,,,,87.75 USD / last_close - 1,agree,missing,agree,agree,missing,agree,wrong,"last_trade_date: rests on the 8-K closing date 2007-10-12, the same-day Form 25 and fails rows ending 2007-10-15 at 87.72; no filing states the last trading day",True,no_last_trade_print,no_last_trade_print,True,3,0,a source stating the last trading day (2007-10-12 expected),"Real cash merger at $87.75 closed 2007-10-12; the library's kind and cash are right but it lacks the last trade date and the USD currency, and its history ends at the Form 25 effective date.",upheld,
BBG000BHFHP8_2021-12-10,BBG000BHFHP8,UFS,reports/BBG000BHFHP8_2021-12-10.md,merger,cash,verified,merger,,False,,2021-11-29,cash,55.5,USD,,,,55.50 USD / last_close - 1,agree,agree,agree,agree,missing,agree,agree,,False,currency_missing,currency_missing,True,3,0,,All-cash $55.50 merger with Karta Halten closed 2021-11-30; library correct except blank cash currency.,,
BBG000BHSKN9_2015-10-12,BBG000BHSKN9,GOOGL,reports/BBG000BHSKN9_2015-10-12.md,reorganization,stock,verified,exchange,,True,GOOGL,2015-10-02,continuation,,,1,,,none (continuation; not an exit),agree,agree,agree,agree,agree,agree,wrong,,False,library_right_but_uncertain,library_right_but_uncertain,True,5,0,Successor GOOGL ticker_history starts 2015-10-06; Alphabet traded from 2015-10-05 | Reason text says last traded 2015-10-05; filing says suspended after close 2015-10-02,Alphabet 2015 1:1 holdco reorganization is a continuation to BBG009S39JX6; the library's row is right and only its evidence flags are weak.,,
BBG000BJ27C4_2012-07-15,BBG000BJ27C4,PGN,reports/BBG000BJ27C4_2012-07-15.md,merger,stock,inferred,merger,,False,,2012-07-02,stock,,,0.87083,DUK,2012-07-03,"0.87083 x price(DUK, 2012-07-03) / last_close - 1",agree,agree,agree,agree,agree,agree,agree,last_trade_date: no filing states the last trading day; rests on MIDAS and the merger effective date 2012-07-02,False,library_right_but_uncertain,library_right_but_uncertain,True,3,0,a filing or exchange print naming PGN's last trading day (expected 2012-07-02),Duke Energy acquired Progress Energy 2012-07-02 for 0.87083 DUK per share; the library's row is right and uncertain only by its resolution path and MIDAS-only date.,,
BBG000BJ3QD0_2007-11-16,BBG000BJ3QD0,DADE,reports/BBG000BJ3QD0_2007-11-16.md,acquisition,cash,inferred,merger,,False,,2007-11-05,cash,77.0,USD,,,,77.00 USD / last_close - 1,agree,missing,agree,agree,missing,agree,unknown,"last_trade_date: no filing states it; worked out from the expected 2007-11-06 merger completion and the Form 15/Form 25 dates of 2007-11-06 | terms currency USD implied by the US tender offer, not stated as a field",False,no_last_trade_print,no_last_trade_print,True,6,1,confirm final Nasdaq session (2007-11-05 or 2007-11-06) from an exchange record | 2008 seeds are stale snapshots after the end,"Cash merger with Siemens at $77.00 per share; the library's kind and rule are right, only the last-trade date and currency are missing.",,
BBG000BJ9D07_2016-09-08,BBG000BJ9D07,ROVI,reports/BBG000BJ9D07_2016-09-08.md,reorganization,stock,inferred,exchange,,True,TIVO,2016-09-07,continuation,,,1.0,,,none (continuation; one TiVo Corporation share per Rovi share),wrong,unknown,wrong,wrong,agree,agree,agree,"last_trade_date: rests on MIDAS and fails rows, no filing states the last ROVI session | successor: TiVo Corp line (CUSIP 88870P106) seen only in fails rows, its FIGI and CIK not found",True,holdco_not_linked,holdco_not_linked,True,4,0,exchange print of the last ROVI session | TiVo Corporation CIK and FIGI in the run,"Rovi holders got one TiVo Corporation holdco share each with no cash, a continuation, not a stock merger.",upheld,
BBG000BJCFP1_2013-03-11,BBG000BJCFP1,JEF,reports/BBG000BJCFP1_2013-03-11.md,merger,stock,inferred,merger,,False,LUK,2013-02-28,stock,,,0.81,LUK,2013-03-01,"0.81 x price(LUK, 2013-03-01) / last_close - 1",agree,agree,agree,agree,agree,agree,agree,"last_trade_date: filings give the 2013-03-01 closing and Form 25 effectiveness, not the last print; 2013-02-28 rests on the library's MIDAS print and the working-out of the day before closing | terms price_date 2013-03-01 worked out from the closing date",False,library_right_but_uncertain,library_right_but_uncertain,True,3,0,exchange print or filing stating the last NYSE trading day of JEF,Real stock-for-stock merger into Leucadia at 0.81 LUK per share closed 2013-03-01; the library's row is right and uncertain only via the continued-filings path.,,
BBG000BJV732_2007-12-01,BBG000BJV732,FRK,reports/BBG000BJV732_2007-12-01.md,merger,cash_or_stock_election (prorated 70% cash $67 / 30% 0.63 VMC),inferred,merger,,False,VMC,,cash_plus_stock,46.9,USD,0.189,VMC,,"(46.90 USD + 0.189 x price(VMC, price_date)) / last_close - 1",agree,unknown,agree,agree,wrong,agree,unknown,last_trade_date: no filing states it; worked out as 2007-11-15 or 2007-11-16 from closing 2007-11-16 and election deadline 2007-11-14 | terms: 46.90 and 0.189 are worked out from the filing's 67 / 0.63 and 70/30 proration,True,terms_misread,terms_misread,True,5,0,confirm FRK last NYSE trading day (2007-11-15 or 2007-11-16) | decide aggregate vs election representation of the terms,Real Vulcan merger closed 2007-11-16 with a prorated 70% $67 cash / 30% 0.63 VMC election; library kind is right but it sums both legs and its 2007-11-14 last trade is unconfirmed.,upheld,"last_trade_date (report said unknown): Form 25-NSE notice 0000876661-07-000905 says suspended from trading 2007-11-19, so last trade 2007-11-16; library 2007-11-14 is wrong and 2007-11-15 is excluded"
BBG000BJVZF7_2014-07-12,BBG000BJVZF7,FRX,reports/BBG000BJVZF7_2014-07-12.md,merger,cash_and_stock,verified,merger,,False,ACT,2014-06-30,cash_plus_stock,26.04,USD,0.3306,ACT,2014-07-01,"(26.04 USD + 0.3306 x price(ACT, 2014-07-01)) / last_close - 1",agree,agree,agree,agree,missing,agree,agree,,False,library_right_but_uncertain,library_right_but_uncertain,True,4,0,Publish cash_currency=USD | Terms gate failed on a stale fails close (ftd_close_prior:8); reconcile against the MIDAS close,"Real cash-and-stock merger into Actavis; library kind, date and terms are right, only currency is blank and the par fill follows a failed gate.",,
BBG000BJXKD0_2018-06-16,BBG000BJXKD0,WR,reports/BBG000BJXKD0_2018-06-16.md,merger,stock,verified,merger,,False,EVRG,2018-06-04,stock,,,1.0,EVRG,2018-06-05,"1.0 × price(EVRG, 2018-06-05) / last_close − 1",agree,agree,agree,agree,missing,agree,agree,,True,terms_not_extracted,terms_not_extracted,True,4,0,resolved_from_continued_filings keeps WR uncertain after the price fix,"Real 1:1 stock merger into Evergy on 2018-06-04; library kind, date and ratio right but acquirer ticker missing so value is assumed par.",upheld,
BBG000BJXXX0_2007-07-12,BBG000BJXXX0,IFIN,reports/BBG000BJXXX0_2007-07-12.md,merger,stock,inferred,merger,,False,STT,2007-06-29,stock,,,0.906,STT,2007-07-02,"0.906 x price(STT, 2007-07-02) / last_close - 1",agree,missing,agree,agree,missing,agree,unknown,"last_trade_date: worked out from closing and Form 25 effectiveness on 2007-07-02; no filing, print or halt states the last IFIN session",False,no_last_trade_print,no_last_trade_print,True,5,0,confirm last IFIN session 2007-06-29 from an exchange print or notice | explain the 2008-01-16 IFIN observation,Real all-stock merger into State Street at 0.906 STT per share; library's kind and ratio are right but the last trade date and price date are missing.,,
BBG000BK1FD3_2014-12-04,BBG000BK1FD3,FWLT,reports/BBG000BK1FD3_2014-12-04.md,acquisition,cash_or_stock_election,inferred,merger,,False,AMFW,,cash_plus_stock,16.0,USD,0.8998,AMFW,,"(16.00 USD + 0.8998 x price(AMFW, day after last FWLT trade)) / last_close - 1",agree,missing,agree,wrong,wrong,agree,unknown,last_trade_date: no filing states it; between 2014-11-13 and 2014-12-04 | price_ticker AMFW rests on web (AMEC renamed 2014-11-14) | default package after proration inferred from the offer terms and the $1.6B aggregate cash,True,terms_misread,terms_misread,True,5,1,last FWLT exchange trade date | confirm default package after proration,Real cash-and-stock merger (AMEC); library published only the $32 all-cash election and no last trade date.,upheld,
BBG000BK5DP1_2026-03-30,BBG000BK5DP1,TGNA,reports/BBG000BK5DP1_2026-03-30.md,merger,cash,verified,merger,,False,,2026-03-19,cash,22.0,USD,,,,22.00 USD / last_close - 1,agree,agree,agree,agree,missing,agree,agree,,False,library_right_but_uncertain,library_right_but_uncertain,True,4,0,ticker_overlap:GCI on the 2007-2015 line not examined | cash_currency blank in the library,"Nexstar paid $22.00 cash per TEGNA share on 2026-03-19; the library's merger row is right, only the currency is missing.",,
BBG000BK7SL0_2011-04-18,BBG000BK7SL0,GENZ,reports/BBG000BK7SL0_2011-04-18.md,acquisition,cash (plus one CVR per share),inferred,merger,,False,,2011-04-08,cash,74.0,USD,,,,(74.00 USD + CVR) / last_close - 1,agree,unknown,agree,agree,missing,agree,unknown,"last_trade_date: no filing states the final trading day; 2011-04-08 is the Form 25 effectiveness date (upper bound), fails rows end 2011-04-01",False,no_last_trade_print,no_last_trade_print,False,3,0,final Nasdaq trading day (2011-04-07 or 2011-04-08) | publish USD currency and the CVR leg,"Real cash-plus-CVR merger with sanofi-aventis effective 2011-04-08; library kind and cash are right, only the last trade date, currency and CVR leg are missing.",,
BBG000BKKXG0_2008-12-11,BBG000BKKXG0,PHLY,reports/BBG000BKKXG0_2008-12-11.md,acquisition,cash,inferred,merger,,False,,2008-11-28,cash,61.5,USD,,,,61.50 USD / last_close - 1,agree,missing,agree,agree,missing,agree,wrong,"last_trade_date: no filing states the final trading day; worked out from the last fails row (dated 2008-12-01, close 61.45) and Form 25-NSE effectiveness 2008-12-01; 2008-12-01 is the alternative",False,no_last_trade_print,no_last_trade_print,True,4,0,"confirm final Nasdaq trading day (2008-11-28 vs 2008-12-01) | internal delist_date should be 2008-12-01 (Form 25 effectiveness), not 2008-12-11","Cash merger into Tokio Marine at $61.50 per share closed 2008-12-01; library kind and terms right, last trade date missing and currency blank.",,
BBG000BKQ3V3_2018-07-13,BBG000BKQ3V3,SDRL,reports/BBG000BKQ3V3_2018-07-13.md,bankruptcy,stock,inferred,dropped,bankruptcy,False,SDRL,2018-07-02,stock,,,0.0037345,SDRL,,"0.0037345 x price(SDRL new, first session after 2018-07-02) / last_close - 1",wrong,agree,agree,wrong,missing,agree,agree,"price_ticker and price_date: worked out, the first trading day of the new shares is not read from a filing | value_rule stock vs otc_print: chosen from the spec's post-bankruptcy-equity decision, not stated by a filing",True,resolver_no_bankruptcy_branch,resolver_no_bankruptcy_branch,True,4,0,first trading day of New Seadrill common | whether a plan exchange is valued by the stock rule or an OTC print | add New Seadrill as a security of the run,"Chapter 11 emergence on 2018-07-02: old shares exchanged for 0.0037345 new shares, so dropped/bankruptcy with a stock value; the library's blank kind and assumed par are wrong, its date is right.",upheld,
BBG000BL9439_2013-07-28,BBG000BL9439,HNZ,reports/BBG000BL9439_2013-07-28.md,merger,cash,verified,merger,,False,,2013-06-07,cash,72.5,USD,,,,72.50 USD / last_close - 1,agree,agree,agree,agree,missing,agree,agree,,False,library_right_but_uncertain,library_right_but_uncertain,True,4,0,publish cash_currency=USD | tie the ending to the original 2013-06-12 Form 25-NSE rather than the 2013-07-18 re-filing,"A real $72.50 cash merger with last trade 2013-06-07; the library's row is right but uncertain (late 25-NSE/A, continued-filings resolution, blank currency).",,
BBG000BLBGS2_2025-12-20,BBG000BLBGS2,SCS,reports/BBG000BLBGS2_2025-12-20.md,merger,cash_or_stock_election,inferred,merger,,False,HNI,2025-12-09,cash_plus_stock,7.2,USD,0.2192,HNI,2025-12-10,"(7.20 USD + 0.2192 x price(HNI, 2025-12-10)) / last_close - 1",agree,agree,agree,agree,missing,agree,agree,last_trade_date: worked out from merger effective 2025-12-10 plus MIDAS and fails rows; no filing states the last trading day,True,currency_missing,currency_missing,True,4,0,exchange notice stating SCS last trading day 2025-12-09,"Real cash-and-stock merger into HNI closed 2025-12-10; library kind, date and terms are right but cash currency is blank and value is assumed par.",upheld,
BBG000BLH3P8_2023-06-20,BBG000BLH3P8,HSC,reports/BBG000BLH3P8_2023-06-20.md,ticker_change,none,verified,,,False,NVRI,2023-06-16,continuation,,,,,,"none (rename, not an exit)",wrong,agree,wrong,agree,agree,agree,missing,,True,rename_not_followed,rename_not_followed,True,3,0,Add NVRI sightings to BBG000BLH3P8's ticker_history,Harsco renamed to Enviri and moved from HSC to NVRI on the same CUSIP on 2023-06-19; no ending occurred.,upheld,
BBG000BLPBL5_2026-08-27,BBG000BLPBL5,AVB,reports/BBG000BLPBL5_2026-08-27.md,merger,stock,inferred,merger,,False,VMRK,2026-08-14,stock,,USD,2.793,VMRK,2026-08-18,"2.793 x price(VMRK, 2026-08-18) / last_close - 1",agree,agree,agree,agree,wrong,agree,agree,"last_trade_date: no filing states AVB's last session; worked out as the day before the 2026-08-17 effective date, consistent with fails rows ending at the 2026-08-14 close",True,terms_misread,terms_misread,True,4,0,a filing or exchange print stating AVB's last trading day | confirm VMRK first trade 2026-08-18 from an exchange source,"Stock-for-stock merger into Equity Residential (now Vivmark, VMRK) at 2.793 shares; library right except price_date should be 2026-08-18.",refuted,"terms: price_date 2026-08-17 matches the rule (session after last trade 2026-08-14); the acquirer line (same CUSIP, same sec_id) traded 2026-08-17 under EQR, only the ticker string VMRK began 2026-08-18"
BBG000BLY636_2008-08-17,BBG000BLY636,IMB,reports/BBG000BLY636_2008-08-17.md,bankruptcy,none,inferred,dropped,bankruptcy,False,,2008-07-11,otc_print,,,,IDMC,2008-07-14,"otc_print(IDMC, first print from 2008-07-14) / last_close - 1",agree,wrong,agree,agree,wrong,agree,wrong,"last_trade_date: worked out from the 8-K/Form 25 (suspended immediately 2008-07-14, last close 07-11); no filing states the last trading day | value_rule/terms: first OTC symbol and date rest on fails rows (IMB to 07-17, IDMC from 07-18), not a filing",True,wrong_exit_kind,wrong_exit_kind,True,4,0,Confirm whether IMB traded on NYSE on 2008-07-14 | Confirm first IDMC print date,IndyMac was suspended by the NYSE on 2008-07-14 after the bank's seizure and filed Chapter 7 on 07-31; the library's dropped/otc_print is right but its sec_order reason and 07-14 last trade date are wrong.,refuted,
BBG000BM1RP0_2009-08-14,BBG000BM1RP0,FCL,reports/BBG000BM1RP0_2009-08-14.md,merger,stock,inferred,merger,,False,ANR,2009-07-31,stock,,USD,1.084,ANR,2009-08-03,"1.0840 x price(ANR, 2009-08-03) / last_close - 1",agree,wrong,agree,agree,agree,agree,wrong,last_trade_date: worked out from the 2009-07-31 merger effective time (8-K item 2.01); no filing states FCL's last trading day and no Form 25 exists | price_date 2009-08-03: next trading day after the worked-out last trade,True,no_last_trade_print,no_last_trade_print,True,4,0,confirm FCL's last NYSE trading day (expected 2009-07-31) from an exchange source | clip ticker_history and cusip_history at the corrected date,"Real 1.084-for-1 stock merger into ANR effective 2009-07-31; library's kind, rule and ratio are right but its 2009-08-14 ending date is a fails-row guess and the last trade date is blank.",upheld,
BBG000BMB7R1_2016-05-17,BBG000BMB7R1,ITT,reports/BBG000BMB7R1_2016-05-17.md,reorganization,none,inferred,exchange,,True,ITT,,continuation,,,1.0,,,none (not an exit; 1 ITT Inc share per ITT Corp share),agree,unknown,agree,agree,agree,unknown,agree,"last_trade_date: the 8-K12B states only the 2016-05-16 effective date; fails rows show settlement dates, no exchange print or Form 25 found",False,library_right_but_uncertain,library_right_but_uncertain,True,2,0,last exchange trade day (2016-05-13 or 2016-05-16) | issuer CIK of the successor interval (216228 vs 1666700),"1:1 Indiana holdco reorganization on 2016-05-16 into ITT Inc.; the library's continuation to BBG00CVQZQ96 is right, only its evidence (no Form 25, unconfirmed date) is weak.",,
BBG000BMDV41_2016-09-16,BBG000BMDV41,JCI,reports/BBG000BMDV41_2016-09-16.md,merger,cash_or_stock_election (default package 5.7293 USD + 0.8357 JCI plc shares),verified,merger,,False,JCI,2016-09-02,cash_plus_stock,5.7293,USD,0.8357,JCI,2016-09-06,"(5.7293 USD + 0.8357 x price(JCI new, 2016-09-06)) / last_close(2016-09-02) - 1",agree,wrong,agree,agree,missing,agree,wrong,,True,other:midas_ticker_reuse_last_trade,reused_ticker_data,True,2,0,,"Real merger into Tyco (cash 5.7293 + 0.8357 shares); library kind and terms right but last trade date should be 2016-09-02, not the MIDAS 2016-09-06 from the successor reusing the JCI ticker.",upheld,
BBG000BMZ7P7_2021-12-24,BBG000BMZ7P7,KSU,reports/BBG000BMZ7P7_2021-12-24.md,acquisition,cash_and_stock,verified,merger,,False,CP,2021-12-13,cash_plus_stock,90.0,USD,2.884,CP,2021-12-14,"(90.00 USD + 2.884 x price(CP, 2021-12-14)) / last_close - 1",agree,agree,agree,agree,agree,agree,agree,,False,library_right_but_uncertain,library_right_but_uncertain,True,3,0,publish cash_currency USD | confirm CP price_sec_id in the run,Canadian Pacific paid USD 90.00 plus 2.884 CP shares per KSU share on 2021-12-14; the library's merger row is right and only its evidence label is weak.,,
BBG000BMZLP6_2007-08-20,BBG000BMZLP6,AQNT,reports/BBG000BMZLP6_2007-08-20.md,merger,cash,inferred,merger,,False,,2007-08-10,cash,66.5,USD,,,,66.50 USD / last_close - 1,agree,missing,agree,agree,missing,agree,wrong,"last_trade_date: worked out from the 8-K closing date, the same-day Form 25-NSE and fails rows under a deleted symbol from 2007-08-10; no filing states the last trading day",True,no_last_trade_print,no_last_trade_print,True,4,0,a source stating the last Nasdaq trading day (expected 2007-08-10) | ticker_history end should be 2007-08-10 not 2007-08-20,Real Microsoft cash merger at $66.50 closed 2007-08-10; library kind and terms are right but it lacks the last trade date (2007-08-10) and the cash currency.,upheld,
BBG000BN53G7_2026-09-06,BBG000BN53G7,LEG,reports/BBG000BN53G7_2026-09-06.md,merger,stock,inferred,merger,,False,SGI,2026-08-26,stock,,,0.1455,SGI,2026-08-27,"0.1455 x price(SGI, 2026-08-27) / last_close - 1",agree,agree,agree,agree,missing,agree,agree,last_trade_date 2026-08-26: rests on fails rows (row dated 08-27 priced at the 08-26 close) and the filed closing date; no filing states the last exchange day,False,terms_not_extracted,terms_not_extracted,True,5,0,confirm last exchange day 2026-08-26 from an exchange print or MIDAS,"Real stock merger into Somnigroup at 0.1455 SGI per LEG share; library has kind and ratio right but no price ticker (SGI), so it filled assumed par.",,
BBG000BN6349_2013-12-02,BBG000BN6349,FMD,reports/BBG000BN6349_2013-12-02.md,merger,cash,verified,merger,,False,,2016-08-22,cash,5.05,USD,,,,5.05 USD / last_close - 1,wrong,wrong,agree,wrong,missing,agree,wrong,,True,continued_filings_guess,continued_filings_guess,True,5,0,,"The 2013-12-02 row is a 1-for-10 reverse split (CUSIP change, same FMD security, no ending); the real ending is the 2016-08-22 cash merger at $5.05 per share.",upheld,
BBG000BNTTY4_2024-04-29,BBG000BNTTY4,MDC,reports/BBG000BNTTY4_2024-04-29.md,merger,cash,verified,merger,,False,,2024-04-18,cash,63.0,USD,,,,63.00 USD / last_close - 1,agree,agree,agree,agree,missing,agree,agree,,True,currency_missing,currency_missing,True,4,0,what the June 2024 Form 25 / 15-12G cover (not needed for this ending),"Real USD 63.00 all-cash merger with a Sekisui House affiliate, last trade 2024-04-18; library right except the blank cash currency.",upheld,
BBG000BNVNY4_2021-12-12,BBG000BNVNY4,MDP,reports/BBG000BNVNY4_2021-12-12.md,merger,cash,verified,merger,,False,,2021-12-01,cash,59.17,USD,,,,(16.99 + 42.18) / last_close - 1,agree,agree,agree,agree,wrong,agree,agree,,True,terms_misread,terms_misread,True,3,0,,"A real cash merger (spin-off share cashed out for $42.18 plus $16.99 Gray cash, $59.17 total); the library publishes only the $16.99 leg.",upheld,
BBG000BNXLK1_2007-07-12,BBG000BNXLK1,MEL,reports/BBG000BNXLK1_2007-07-12.md,merger,stock,inferred,merger,,False,BK,2007-06-29,stock,,,1.0,BK,2007-07-02,"1 x price(BK, 2007-07-02) / last_close - 1",agree,agree,agree,agree,agree,agree,agree,"last_trade_date: worked out from the Sunday 2007-07-01 effective date, not stated in a filing | price_date: BK first session 2007-07-02 from fails rows, not a filing",False,library_right_but_uncertain,library_right_but_uncertain,True,3,0,a source stating 2007-06-29 as the last trading day,"Real all-stock merger (1 MEL = 1 BK, effective 2007-07-01); library row is right, uncertain only from stale post-merger MEL seeds and a worked-out last trade date.",,
BBG000BP0KQ8_2026-08-14,BBG000BP0KQ8,EA,reports/BBG000BP0KQ8_2026-08-14.md,merger,cash,verified,merger,,False,,2026-08-04,cash,210.0,USD,,,,210.00 USD / last_close - 1,agree,agree,agree,agree,missing,agree,agree,,False,library_right_but_uncertain,library_right_but_uncertain,True,3,0,"Form 25 effective date: EDGAR header says 2026-08-04, library delist_date 2026-08-14","All-cash $210 take-private closed 2026-08-04; library row right, uncertain only from issuer provenance and blank currency.",,
BBG000BPQD31_2020-11-26,BBG000BPQD31,MYL,reports/BBG000BPQD31_2020-11-26.md,reorganization,stock,inferred,exchange,,True,VTRS,2020-11-16,continuation,,,1.0,,,none (continuation; holder keeps the claim as VTRS),wrong,missing,missing,wrong,agree,agree,wrong,"last_trade_date 2020-11-16 not stated by a filing: worked out from the 8-K closing/Nasdaq suspension request date, Form 25-NSE effectiveness 2020-11-16 and VTRS ticker_history starting 2020-11-17",True,holdco_not_linked,holdco_not_linked,True,3,0,exchange print or Nasdaq notice naming 2020-11-16 as the last Mylan session,"Mylan holders got 1 Viatris share each with no cash, so this is a continuation into VTRS (BBG00Y4RQNH4) ending 2020-11-16, not a merger ending 2020-11-26.",upheld,
BBG000BPQVR5_2015-07-12,BBG000BPQVR5,RKT,reports/BBG000BPQVR5_2015-07-12.md,merger,cash_or_stock_election,inferred,merger,,False,WRK,2015-07-01,stock,,USD,1.0,WRK,2015-07-02,"(1.0 x price(WRK, 2015-07-02)) / last_close - 1",agree,agree,agree,wrong,wrong,agree,agree,"last_trade_date: worked out from the 8-K (effective 2015-07-01, WRK first traded 2015-07-02) and the library's MIDAS date; no filing states the last trade day | value_rule/terms: default package chosen under the election-deal rule (stock electors and non-electors get 1 WRK); cash-elector package is 51.7514 USD + 0.1856 WRK",True,terms_misread,terms_misread,True,3,0,confirm RKT last exchange print on 2015-07-01 | confirm WRK sec_id in the run,Real merger into WestRock; library kind and date right but it published the prorated cash-elector package instead of the default 1 WRK per share.,upheld,
BBG000BPTDN6_2010-10-11,BBG000BPTDN6,NTY,reports/BBG000BPTDN6_2010-10-11.md,going_private,cash,verified,merger,,False,,2010-09-30,cash,55.0,USD,,,,55.00 USD / last_close - 1,wrong,agree,agree,wrong,missing,agree,agree,,True,continued_filings_guess,continued_filings_guess,True,4,0,,"NBTY was acquired by a Carlyle affiliate for $55.00 cash, effective before the open on 2010-10-01; the library's exchange-transfer label and 0.0 fill are wrong, its last trade date 2010-09-30 is right.",upheld,
BBG000BQ3F39_2011-05-07,BBG000BQ3F39,NOVL,reports/BBG000BQ3F39_2011-05-07.md,acquisition,cash,verified,merger,,False,,2011-04-27,cash,6.1,USD,,,,6.10 USD / last_close - 1,agree,missing,agree,agree,missing,agree,wrong,,False,no_last_trade_print,no_last_trade_print,True,4,0,,"Attachmate cash merger at $6.10, last Nasdaq trade 2011-04-27 per 8-K item 3.01; library row right except missing last trade date (and USD currency).",,
BBG000BQHGR6_2026-09-28,BBG000BQHGR6,OKE,reports/BBG000BQHGR6_2026-09-28.md,reorganization,none,inferred,exchange,,True,OKE,2026-09-09,continuation,,,,,,"not an exit (1:1 conversion into new ONEOK, Inc. shares, return 0)",wrong,agree,missing,wrong,agree,agree,unknown,"last_trade_date: worked out from the 8-K12B effective date 2026-09-10 (last Legacy trading day before it), no filing states the last day | successor: filing names the new line (CUSIP 30609A109) but its sec_id is not in the run",True,holdco_not_linked,holdco_not_linked,True,3,0,new line's FIGI and whether OpenFIGI keeps BBG000BQHGR6 | a filing or print stating Legacy ONEOK's last trading day,"A 1:1 holdco reorganization effective 2026-09-10 (OKE continues on NYSE, new CUSIP 30609A109), a continuation, not an unknown ending.",upheld,
BBG000BRF689_2016-10-14,BBG000BRF689,PNY,reports/BBG000BRF689_2016-10-14.md,merger,cash,verified,merger,,False,,2016-10-03,cash,60.0,USD,,,,60.00 USD / last_close - 1,agree,agree,agree,agree,agree,agree,agree,,False,library_right_but_uncertain,library_right_but_uncertain,True,2,0,,Real $60.00 cash merger into Duke Energy effective 2016-10-03; the library's row is right and uncertain only via the resolved_from_continued_filings path.,,
BBG000BRF6B5_2009-05-29,BBG000BRF6B5,RHDC,reports/BBG000BRF6B5_2009-05-29.md,exchange_delisting,none (moved to Pink Sheets; later cancelled for nothing),verified,dropped,guidelines,False,,2008-12-31,otc_print,,,,RHDC,2009-01-02,"first_otc_print(RHDC, from 2009-01-02) / last_close − 1",agree,missing,agree,wrong,wrong,agree,wrong,,True,other:form25_not_matched_bankruptcy_fallback,form25_matching,True,6,0,why the 2009-01-16 Form 25-NSE (class 'Common Stock (New)') was not matched | whether the contract wants the 2008-12-31 OTC move or the 2010-01-29 cancellation as the ending,"RHD was removed from the NYSE for market cap (last day 2008-12-31, Form 25-NSE 2009-01-16) and traded OTC as RHDC; the library wrongly dates the ending to the 2009-05-29 bankruptcy with no print date.",refuted,"value_rule: Library rule is otc_print, identical to the evidence; only price_ticker/price_date (terms) and the ending date are wrong."
BBG000BRWGG9_2019-04-22,BBG000BRWGG9,RAD,reports/BBG000BRWGG9_2019-04-22.md,bankruptcy,none,inferred,dropped,bankruptcy,False,,2023-10-16,otc_print,,,,RADCQ,2023-10-17,"price(RADCQ, first OTC print within 10 trading days after 2023-10-16) / last_close - 1",wrong,wrong,agree,wrong,missing,agree,wrong,"last_trade_date: rests on fails rows (RAD to 20231017, RADCQ from 20231018), not an exchange print or a filing stating the last day | value_rule: worked out from decision 11 (OTC trading after the delisting); no filing states a post-delisting print",True,continued_filings_guess,continued_filings_guess,True,3,0,exchange print or NYSE notice stating the last RAD trading day (2023-10-16 vs 2023-10-13) | first RADCQ OTC print (qlib_practice),"The 2019-04-22 ending is a 1-for-20 reverse split with a CUSIP change; the real ending is the 2023-10-16 bankruptcy suspension and NYSE Form 25-NSE of 2023-10-31, valued at the first RADCQ OTC print.",upheld,
BBG000BS3FD4_2008-03-27,BBG000BS3FD4,RESP,reports/BBG000BS3FD4_2008-03-27.md,merger,cash,inferred,merger,,False,,2008-03-14,cash,66.0,USD,,,,66.00 USD / last_close - 1,agree,missing,agree,agree,missing,agree,wrong,last_trade_date: worked out from the 2008-03-14 merger effective date in the 8-K 3.01; no filing or exchange print states the last session,True,no_last_trade_print,no_last_trade_print,True,3,0,confirm last exchange session 2008-03-14 from a Nasdaq notice or press release | publish cash_currency=USD,Real $66.00 cash merger into Philips closed 2008-03-14; library kind and terms are right but it has no last trade date (probably 2008-03-14) and no currency.,upheld,
BBG000BSD7C2_2020-04-13,BBG000BSD7C2,RTN,reports/BBG000BSD7C2_2020-04-13.md,merger,stock,verified,merger,,False,RTX,2020-04-02,stock,,,2.3348,RTX,2020-04-03,"2.3348 x price(RTX, 2020-04-03) / last_close - 1",agree,agree,agree,agree,wrong,agree,agree,,True,terms_misread,terms_misread,True,5,0,ticker_history starts RTX on 2020-04-09; the filing says 2020-04-03,"Real stock-for-stock merger at 2.3348 UTC (now RTX) shares per RTN share; library's kind, date, rule and ratio are right but it prices the retired ticker UTX.",upheld,
BBG000BSGQN5_2015-10-11,BBG000BSGQN5,RYL,reports/BBG000BSGQN5_2015-10-11.md,merger,stock,verified,merger,,False,CAA,2015-09-30,stock,,USD,1.0191,CAA,2015-10-01,"1.0191 x price(CAA, 2015-10-01) / last_close - 1",agree,agree,agree,agree,wrong,agree,agree,,True,terms_misread,terms_misread,True,4,0,acquirer ticker must follow Standard Pacific's rename to CAA and its 1-for-5 reverse split on 2015-10-01,Real stock merger at 1.0191 CalAtlantic (CAA) shares; the library priced the stock leg on pre-split SPF so the gate failed and it assumed par.,upheld,
BBG000BSVZM9_2009-11-04,BBG000BSVZM9,SGP,reports/BBG000BSVZM9_2009-11-04.md,merger,cash_and_stock,inferred,merger,,False,MRK,2009-11-03,cash_plus_stock,10.5,USD,0.5767,MRK,2009-11-04,"(10.50 USD + 0.5767 × price(MRK, 2009-11-04)) / last_close − 1",agree,missing,agree,agree,missing,agree,unknown,"last_trade_date: worked out from the 2009-11-03 closing date and fails rows, no exchange print or filing states it | price_date: worked out as the first New Merck session",False,no_last_trade_print,no_last_trade_print,True,3,0,confirm SGP last session 2009-11-03 from an exchange notice | confirm price_sec_id BBG000BPD168 is the New Merck line,"A real cash-plus-stock merger for SGP holders (10.50 USD + 0.5767 New Merck); library kind and terms are right, only the last trade date and currency are missing.",,
BBG000BT0093_2024-09-10,BBG000BT0093,SIRI,reports/BBG000BT0093_2024-09-10.md,reorganization,stock,inferred,exchange,,True,SIRI,2024-09-09,continuation,,,0.1,,,none (not an exit),agree,missing,agree,agree,agree,agree,agree,"last_trade_date: worked out from the 8-K12B (merger effective 6pm 2024-09-09, new shares trade 2024-09-10), no exchange print or stated last day",False,library_right_but_uncertain,library_right_but_uncertain,True,3,0,exchange print or notice for the last trade day 2024-09-09 | ticker_history one-day offset at the successor start,"Old Sirius shares became 0.1 New Sirius share (cash only for fractions) under the same CIK and SIRI ticker: a continuation, which the library has right but cannot date.",,
BBG000BTMDX4_2012-04-06,BBG000BTMDX4,SUG,reports/BBG000BTMDX4_2012-04-06.md,merger,cash_or_stock_election,inferred,merger,,False,ETE,2012-03-26,cash,44.25,USD,,,,"44.25 / last_close - 1 (alternative: 1.00 x price(ETE, 2012-03-27) / last_close - 1)",agree,agree,agree,agree,missing,agree,agree,"value_rule: worked out; election deal with two equal alternatives (54% chose cash, 46% units), no single package fixed | terms: unit alternative (1.00 ETE) and currency absent from the library's row",False,library_right_but_uncertain,library_right_but_uncertain,True,3,0,decide how an election deal with two alternatives is published | publish cash_currency=USD,"Real cash-or-ETE-unit election merger effective 2012-03-26; library's kind, date and successor are right, its terms omit the unit alternative and currency.",,
BBG000BTN971_2012-10-20,BBG000BTN971,SUN,reports/BBG000BTN971_2012-10-20.md,merger,cash_and_stock,inferred,merger,,False,,2012-10-04,cash_plus_stock,25.0,USD,0.5245,ETP,2012-10-05,"(25.00 USD + 0.5245 x price(ETP, 2012-10-05)) / last_close - 1",agree,agree,agree,agree,missing,agree,agree,last_trade_date 2012-10-04: from the library's MIDAS print and one day before the 2012-10-05 effective time; no filing states the last trading day,False,currency_missing,currency_missing,True,3,0,confirm last trading day 2012-10-04 from an exchange print or notice,"Real cash-and-stock merger into ETP ($25.00 + 0.5245 ETP units); library rule and terms right, only currency missing and return left at assumed par after a failed gate.",,
BBG000BTQ9G8_2017-08-02,BBG000BTQ9G8,SVU,reports/BBG000BTQ9G8_2017-08-02.md,merger,cash,verified,merger,,False,,2018-10-19,cash,32.5,USD,,,,32.50 USD / last_close - 1,wrong,wrong,agree,wrong,missing,agree,wrong,,True,continued_filings_guess,continued_filings_guess,True,3,0,why the finder missed the 2018-10-22 Form 25-NSE (observations stop 2017-08-02; reverse-split CUSIP 868536301 absent from cusip_history),"Supervalu was acquired by UNFI for USD 32.50 cash, last trade 2018-10-19; the library's 2017-08-02 exchange-transfer row is a continued-filings guess.",upheld,
BBG000BV18Z1_2017-05-18,BBG000BV18Z1,TDW,reports/BBG000BV18Z1_2017-05-18.md,bankruptcy,other,inferred,dropped,bankruptcy,False,,2017-07-31,unknown,,USD,,,,warrants per old share (plan) x warrant price; not computed,agree,wrong,agree,wrong,missing,agree,agree,"last_trade_date: rests on fails rows of old CUSIP 886423102 (last row 2017-07-31), no filing or exchange print states the last day | value_rule/terms: old common cancelled for Series A/B equity warrants per 8-K 2017-07-31; per-share warrant ratio not read",True,other:bankruptcy_ending_dated_at_filing_not_effective_date,last_trade_date_misread,False,7,0,exchange print for last trading day of old TDW (CUSIP 886423102) | per-share Series A/B warrant allocation from the plan / disclosure statement,"Prepackaged Chapter 11 filed 2017-05-17 but old TDW stayed on the NYSE until the 2017-07-31 effective date, when it was cancelled for equity warrants and a new-CUSIP common began; library ends it at the filing with an OTC-print rule.",upheld,
BBG000BV3594_2007-12-06,BBG000BV3594,TEK,reports/BBG000BV3594_2007-12-06.md,acquisition,cash,verified,merger,,False,,2007-11-21,cash,38.0,USD,,,,38.00 USD / last_close - 1,agree,agree,agree,agree,agree,agree,agree,,False,library_right_but_uncertain,library_right_but_uncertain,True,4,0,caller's stale TEK observations after 2008-01-16 should be dropped,"Danaher tender offer and merger paid $38.00 cash, closed 2007-11-21; the library row is right and uncertain only because of stale post-delisting observations.",,
BBG000BV52H0_2007-09-07,BBG000BV52H0,KSE,reports/BBG000BV52H0_2007-09-07.md,acquisition,cash,verified,merger,,False,,2007-08-24,cash,42.0,USD,,,,42.00 USD / last_close - 1,agree,agree,agree,agree,agree,agree,agree,,False,library_right_but_uncertain,library_right_but_uncertain,True,3,0,,Real $42.00 cash merger into National Grid closed 2007-08-24; the library is right and uncertain only because the caller's observations show KSE after 2008-01-16.,,
BBG000BVW841_2009-06-08,BBG000BVW841,TXU,reports/BBG000BVW841_2009-06-08.md,merger,cash,inferred,merger,,False,,2007-10-10,cash,69.25,USD,,,,69.25 USD / last_close - 1,wrong,wrong,agree,wrong,wrong,agree,wrong,last_trade_date: worked out from the 8-K saying shares converted on 2007-10-10 and fails rows ending 2007-10-11; no filing states the last trading day,True,continued_filings_guess,continued_filings_guess,True,3,0,exact last NYSE trading day from an exchange print or NYSE Form 25,TXU Corp was bought for $69.25 cash on 2007-10-10; the library's 2009 exchange-transfer ending is a continued-filings guess.,upheld,
BBG000BWMX63_2026-08-30,BBG000BWMX63,WBS,reports/BBG000BWMX63_2026-08-30.md,merger,cash_and_stock,verified,merger,,False,SAN,2026-08-19,cash_plus_stock,48.75,USD,2.0548,SAN,2026-08-20,"(48.75 USD + 2.0548 x price(SAN, 2026-08-20)) / last_close - 1",agree,agree,agree,agree,missing,agree,agree,,False,library_right_but_uncertain,library_right_but_uncertain,True,4,0,,"Real merger into Banco Santander for 2.0548 SAN ADSs plus USD 48.75; library right except blank currency, uncertain only from the issuer-from-todays-ticker-map flag.",,
BBG000BWPN99_2008-10-11,BBG000BWPN99,WEN,reports/BBG000BWPN99_2008-10-11.md,merger,stock,verified,merger,,False,WEN,2008-09-29,stock,,USD,4.25,WEN,2008-09-30,"4.25 x price(WEN [acquirer, CUSIP 950587105], 2008-09-30) / last_close(Wendy's, CUSIP 950590109, 2008-09-29) - 1",agree,agree,agree,agree,agree,agree,agree,,False,other:last_close_from_reused_symbol,reused_ticker_data,True,3,0,"publish price_sec_id for the acquirer line CUSIP 950587105 if in the run | take last close by Wendy's own CUSIP 950590109, not symbol WEN","Real stock-for-stock merger (4.25 Triarc shares per Wendy's share, last trade 2008-09-29); library classification and terms are right, only its last close came from the acquirer reusing symbol WEN.",,
BBG000BX67G5_2008-05-24,BBG000BX67G5,MLNM,reports/BBG000BX67G5_2008-05-24.md,acquisition,cash,inferred,merger,,False,,2008-05-14,cash,25.0,USD,,,,25.00 USD / last_close - 1,agree,missing,agree,agree,agree,agree,wrong,"last_trade_date: no filing states the final trading day; worked out from the 2008-05-14 merger effectiveness and Form 25 filing date; an exchange print, halt record or press release would make it verified",True,no_last_trade_print,no_last_trade_print,True,4,0,"source the last exchange trading day (2008-05-13 or 2008-05-14) | publish cash_currency=USD | end ticker_history at the last trade, not the Form 25 effective date","Real $25.00 cash Takeda merger effective 2008-05-14; library kind and terms are right, only the exchange-print last trade date is missing.",upheld,
BBG000BYD720_2017-06-09,BBG000BYD720,JNS,reports/BBG000BYD720_2017-06-09.md,merger,stock,inferred,merger,,False,JHG,2017-05-26,stock,,,0.4719,JHG,2017-05-30,"0.4719 × price(JHG, 2017-05-30) / last_close − 1",agree,agree,agree,agree,agree,agree,agree,"last_trade_date worked out from effective date 2017-05-30 and Memorial Day 2017-05-29, not stated in a filing | price_date 2017-05-30 (JHG first trading day) not read from SEC text",False,library_right_but_uncertain,library_right_but_uncertain,True,2,0,JHG first NYSE trading day | a filing stating last NYSE trading day of JNS,"Real stock merger, 0.4719 JHG per JNS share effective 2017-05-30; library row is right, uncertain only from a failed payout gate.",,
BBG000C070N2_2009-06-08,BBG000C070N2,XMSR,reports/BBG000C070N2_2009-06-08.md,merger,stock,inferred,merger,,False,SIRI,2008-07-28,stock,,,4.6,SIRI,2008-07-29,"4.6 x price(SIRI, 2008-07-29) / last_close - 1",wrong,wrong,agree,wrong,missing,agree,wrong,"last_trade_date: worked out from the merger completion date in the 8-K and the last fails row (2008-07-29, priced at the 07-28 close), not an exchange print or a filing stating it | price_date: worked out as the session after the last trade",True,continued_filings_guess,continued_filings_guess,True,4,0,Read the Form 25 EX-99.25 text or find a filing stating XMSR's last trading day | XMSR observations after 2008-07-28 look like a stale snapshot; ticker_history should end 2008-07-28,XM merged into a Sirius subsidiary 2008-07-28 at 4.6 SIRI per share (Form 25-NSE 2008-07-29); the library's continued-filings transfer dated 2009-06-08 is wrong.,upheld,
BBG000C0BGS7_2009-10-30,BBG000C0BGS7,SEPR,reports/BBG000C0BGS7_2009-10-30.md,merger,cash,verified,merger,,False,,2009-10-20,cash,23.0,USD,,,,23.00 USD / last_close - 1,agree,missing,agree,agree,missing,agree,wrong,,False,no_last_trade_print,no_last_trade_print,True,3,0,"why the 8-K Item 3.01 text reader missed 'ceased effective as of the close of trading on October 20, 2009' | ticker_history end should be 2009-10-20, not 2009-10-30",Real $23.00 cash merger into Dainippon Sumitomo Pharma; last trade 2009-10-20 stated by the 8-K but the library has no last trade date.,,
BBG000C0NY96_2019-08-11,BBG000C0NY96,TCF,reports/BBG000C0NY96_2019-08-11.md,merger,stock,verified,merger,,False,TCF,2019-07-31,stock,,,0.5081,TCF,2019-08-01,"0.5081 x price(TCF [BBG000BFK8Y6], 2019-08-01) / last_close - 1",agree,agree,agree,agree,wrong,agree,agree,,True,terms_misread,terms_misread,True,3,0,,"Real 0.5081 stock merger into Chemical Financial (renamed TCF); library's kind, date, rule and ratio are right but the price leg names the stale symbol CHFC instead of TCF/BBG000BFK8Y6.",upheld,
BBG000C11MQ5_2015-06-05,BBG000C11MQ5,PCYC,reports/BBG000C11MQ5_2015-06-05.md,acquisition,cash_or_stock_election,inferred,merger,,False,ABBV,2015-05-22,cash_plus_stock,152.25,USD,,ABBV,2015-05-26,"(152.25 USD + (109.00 / AbbVie_Trading_Price) × price(ABBV, 2015-05-26)) / last_close − 1",agree,agree,agree,wrong,wrong,agree,agree,"last_trade_date: worked out from offer expiry 5pm 2015-05-22, the 2015-05-25 holiday and Form 25-NSE effective 2015-05-26; no filing states the last day | terms: stock leg is a floating ratio 109.00 / AbbVie Trading Price (10-day ABBV VWAP); numeric ratio not in the filings read",True,terms_not_extracted,terms_not_extracted,True,6,0,confirm last trading day 2015-05-22 from Form 25 notice or exchange print | contract needs a way to carry a dollar-denominated stock leg (109.00 / VWAP) instead of a fixed stock_ratio,"Real AbbVie cash-plus-stock merger closed 2015-05-26; kind and date right, but the library published only the $152.25 cash leg and assumed par instead of cash_plus_stock with the ABBV leg.",upheld,
BBG000C1R174_2009-11-02,BBG000C1R174,HLTH,reports/BBG000C1R174_2009-11-02.md,merger,stock,inferred,merger,,False,WBMD,2009-10-23,stock,,USD,0.4444,WBMD,2009-10-26,"0.4444 x price(WBMD, 2009-10-26) / last_close - 1",agree,missing,agree,agree,missing,agree,wrong,"last_trade_date: worked out from the Form 25 effectiveness date 2009-10-23, the 8-K closing date and fails rows ending 2009-10-26; no filing states the last trading day | price_date: worked out as the next session after the last trade",False,no_last_trade_print,no_last_trade_print,True,4,0,confirm last trading day of HLTH from an exchange print or notice,"Real merger of HLTH into WebMD at 0.4444 WBMD per share; library's kind and terms are right, only last trade date and price date are missing.",,
BBG000C2YHG9_2024-01-08,BBG000C2YHG9,DISH,reports/BBG000C2YHG9_2024-01-08.md,merger,stock,inferred,merger,,False,SATS,2023-12-29,stock,,,0.350877,SATS,2024-01-02,"0.350877 x price(SATS, 2024-01-02) / last_close - 1",agree,agree,agree,agree,agree,agree,agree,"last_trade_date: no filing states the last day; worked out from merger effective date 2023-12-31 (Sunday) and Form 25-NSE effective 2023-12-29, matching the library's MIDAS print | terms price_date: SATS first fails row 2024-01-02 (fails rows)",False,library_right_but_uncertain,library_right_but_uncertain,True,3,0,explicit statement of last trading day | finder should match the 2023-12-29 25-NSE (library delist_date is 2024-01-08),"Real stock-for-stock merger into EchoStar at 0.350877 SATS per share; the library's classification and terms are right, only its fallback path leaves it uncertain.",,
BBG000C3HNW5_2014-10-30,BBG000C3HNW5,URS,reports/BBG000C3HNW5_2014-10-30.md,merger,cash_and_stock,verified,merger,,False,ACM,2014-10-16,cash_plus_stock,33.0,USD,0.734,ACM,2014-10-17,"(33.00 USD + 0.734 × price(ACM, 2014-10-17)) / last_close − 1",agree,agree,agree,agree,agree,agree,agree,,False,library_right_but_uncertain,library_right_but_uncertain,True,3,0,why the library's payout gate failed (assumed par applied); currency USD is blank in the library,"Real merger (URS into AECOM, $33.00 + 0.734 ACM, effective 2014-10-17); the library's classification and terms are right, only the payout gate failed and left assumed par.",,
BBG000C3JJC4_2015-02-12,BBG000C3JJC4,PL,reports/BBG000C3JJC4_2015-02-12.md,merger,cash,verified,merger,,False,,2015-01-30,cash,70.0,USD,,,,70.00 USD / last_close - 1,agree,agree,agree,agree,missing,agree,agree,,False,library_right_but_uncertain,library_right_but_uncertain,True,2,0,,Real $70.00 USD cash merger into Dai-ichi Life closed 2015-02-01 with last trade 2015-01-30; the library's row is right and uncertain only via the continued-filings resolver branch (currency blank).,,
BBG000C3W281_2026-06-20,BBG000C3W281,MASI,reports/BBG000C3W281_2026-06-20.md,merger,cash,verified,merger,,False,,2026-06-09,cash,180.0,USD,,,,180.00 USD / last_close - 1,agree,agree,agree,agree,missing,agree,agree,,False,currency_missing,currency_missing,True,4,0,publish cash_currency=USD | issuer_from_todays_ticker_map flag is weak evidence only; CIK 937556 is correct,"Danaher's all-cash $180.00 merger closed 2026-06-10, last trade 2026-06-09; the library's row is right except for the blank currency.",,
BBG000C496P7_2025-08-17,BBG000C496P7,PARA,reports/BBG000C496P7_2025-08-17.md,merger,cash_or_stock_election,inferred,merger,,False,PSKY,2025-08-06,stock,,USD,1.0,PSKY,2025-08-07,"(1.0 x price(PSKY, 2025-08-07)) / last_close - 1",agree,agree,agree,wrong,wrong,agree,agree,"last_trade_date: worked out from Form 25-NSE effectiveness 2025-08-07 (day before), not read from a filing | terms: election deal with proration; default package is one PSKY share, per-holder mix not fixed; PSKY first-trade date assumed 2025-08-07 (fails rows show 2025-08-08)",True,terms_misread,terms_misread,True,3,0,confirm PSKY first trading day | convention for valuing prorated election deals,"Real merger; library used Class A terms (23.00 + 1.5333) instead of Class B (default 1 PSKY share, or 15.00 cash election prorated).",upheld,
BBG000C4MWH4_2023-07-05,BBG000C4MWH4,BGCP,reports/BBG000C4MWH4_2023-07-05.md,reorganization,stock,inferred,exchange,,True,BGC,2023-06-30,continuation,,,1.0,,,"none (continuation; 1 BGC Group Class A per BGCP share, no cash)",agree,agree,missing,wrong,agree,agree,agree,last_trade_date: worked out from the 8-K12B saying BGC begins trading 2023-07-03 and the Form 25 filed 2023-06-30; no filing states the last BGCP trading day (MIDAS agrees),True,successor_not_in_run,successor_not_in_run,True,1,0,BGC Group Class A FIGI and issuer CIK (8-K12B filed under CIK 1094831) | filing or notice stating the last BGCP trading day,"BGC Partners Class A became BGC Group Class A one for one on 2023-06-30, a continuation the library left without a successor.",upheld,
BBG000C4Y9D6_2011-04-11,BBG000C4Y9D6,Q,reports/BBG000C4Y9D6_2011-04-11.md,merger,stock,verified,merger,,False,CTL,2011-03-31,stock,,,0.1664,CTL,2011-04-01,"0.1664 x price(CTL, 2011-04-01) / last_close - 1",agree,agree,agree,agree,agree,agree,agree,,False,library_right_but_uncertain,library_right_but_uncertain,True,3,0,,"Qwest became 0.1664 CenturyLink shares on 2011-04-01 (merger, last trade 2011-03-31); the library's row is right and only uncertain from the continued-filings relabel.",,
BBG000C7B169_2011-07-31,BBG000C7B169,WMG,reports/BBG000C7B169_2011-07-31.md,acquisition,cash,verified,merger,,False,,2011-07-19,cash,8.25,USD,,,,8.25 USD / last_close - 1,agree,agree,agree,agree,agree,agree,agree,,False,library_right_but_uncertain,library_right_but_uncertain,True,2,0,publish cash_currency=USD | why the Nasdaq halt feed is the date source for an NYSE security,Real $8.25 cash take-private by Access Industries closed 2011-07-20; the library's row is right and uncertain only from weak-evidence flags.,,
BBG000C7WZ16_2010-10-15,BBG000C7WZ16,JNY,reports/BBG000C7WZ16_2010-10-15.md,merger,cash,verified,merger,,False,,2014-04-08,cash,15.0,USD,,,,15.00 USD / last_close - 1,wrong,wrong,agree,wrong,missing,agree,wrong,,True,rename_not_followed,rename_not_followed,True,3,0,confirm an exchange print for 2014-04-08 (MIDAS),"The 2010-10-15 'ending' is a rename with a CUSIP change (JNY kept); the real ending is the 2014-04-09 Sycamore $15.00 cash merger, last trade 2014-04-08.",upheld,
BBG000C9N6Q9_2011-03-15,BBG000C9N6Q9,ANN,reports/BBG000C9N6Q9_2011-03-15.md,name_change,none,verified,,,False,ANN,,continuation,,,,,,n/a (not an exit; real 2015 ending is $37.34 + 0.68 ASNA),wrong,wrong,agree,wrong,missing,agree,wrong,,True,rename_not_followed,rename_not_followed,True,4,0,confirm the last exchange trade day of the 2015 Ascena merger (likely 2015-08-21) | confirm Ascena ticker ASNA,"ANN is a 2011-03-15 name change (AnnTaylor Stores to ANN INC., new CUSIP, same ticker), not an exchange transfer; the library's row is invented and clips history 4 years early.",upheld,
BBG000CB2ZY4_2011-02-28,BBG000CB2ZY4,KG,reports/BBG000CB2ZY4_2011-02-28.md,acquisition,cash,verified,merger,,False,,2011-02-28,cash,14.25,USD,,,,14.25 USD / last_close - 1,agree,missing,agree,agree,agree,agree,agree,,True,no_last_trade_print,no_last_trade_print,True,3,0,back-end merger closing date stated only as on or about 2011-02-28 | no exchange print for 2011-02-28,"Pfizer cash buyout at 14.25 USD; library row right except the blank last trade date, which the 8-K item 3.01 states as 2011-02-28.",upheld,
BBG000CG0HP5_2008-01-05,BBG000CG0HP5,HCR,reports/BBG000CG0HP5_2008-01-05.md,merger,cash,verified,merger,,False,,2007-12-21,cash,67.0,USD,,,,67.00 USD / last_close - 1,agree,agree,agree,agree,agree,agree,agree,,False,library_right_but_uncertain,library_right_but_uncertain,True,4,0,stale HCR seeds from 2008-01-16 are the caller's observations after the ending,"Real $67.00 cash merger closed 2007-12-21; library row is right, uncertain only because of seeds after the ending.",,
BBG000CGQ485_2008-12-04,BBG000CGQ485,IMCL,reports/BBG000CGQ485_2008-12-04.md,acquisition,cash,inferred,merger,,False,,2008-11-21,cash,70.0,USD,,,,70.00 USD / last_close - 1,agree,missing,agree,agree,missing,agree,wrong,last_trade_date: worked out from the 8-K's stated 8:28 AM 2008-11-24 effective time (before the open) as the prior trading day 2008-11-21; no filing or exchange print states it,False,no_last_trade_print,no_last_trade_print,True,4,0,confirm 2008-11-21 as the last Nasdaq session from an exchange print or notice,"Real $70.00 cash Lilly acquisition (tender offer plus short-form merger effective 2008-11-24); library kind and payout right, last trade date (2008-11-21) and currency missing.",,
BBG000CGQ6M4_2018-11-10,BBG000CGQ6M4,PX,reports/BBG000CGQ6M4_2018-11-10.md,merger,stock,verified,merger,,False,LIN,2018-10-30,stock,,,1.0,LIN,2018-10-31,"(1.0 x price(LIN, 2018-10-31)) / last_close - 1",agree,agree,agree,agree,agree,agree,agree,,False,library_right_but_uncertain,library_right_but_uncertain,True,3,0,"confirm the operator treats a 1:1 merger-of-equals holdco (Linde plc) as a merger, not a continuation",Praxair became 1 Linde plc share per share on 2018-10-31 (stock merger); the library's row is right and uncertain only because its payout gate failed.,,
BBG000CL1HL7_2021-12-10,BBG000CL1HL7,CLI,reports/BBG000CL1HL7_2021-12-10.md,ticker_change,none,verified,,,False,VRE,,continuation,,,,,,"none: rename, same security continues as VRE",wrong,wrong,agree,wrong,agree,agree,wrong,,True,rename_not_followed,rename_not_followed,True,2,0,exact last session under CLI (2021-12-09 vs 2021-12-10) for the ticker range boundary,Mack-Cali renamed itself Veris Residential (CLI to VRE) effective 2021-12-10 on the same CUSIP; the library's exchange-transfer ending is a false ending.,upheld,
BBG000CNZC55_2020-07-11,BBG000CNZC55,ODP,reports/BBG000CNZC55_2020-07-11.md,reorganization,none,inferred,exchange,,True,ODP,2020-06-30,continuation,,,1,,,not an exit: 1 ODI share = 1 ODP Corporation share; no return,agree,missing,missing,wrong,agree,agree,unknown,"last_trade_date: worked out from the 8-K12B effective time (8pm ET 2020-06-30), Form 25-NSE effective 2020-07-01 and fails rows; no filing or print states the last day | successor: filing names The ODP Corporation (CUSIP 88337F105 from fails rows) but its FIGI/sec_id is not in the run",True,successor_not_in_run,successor_not_in_run,True,3,0,exchange print for last ODI trade day | successor FIGI via OpenFIGI,ODI to ODP Corporation 1:1 holdco reorganization on 2020-06-30 is a continuation; the library left continuation false with no successor.,upheld,
BBG000CS7CB8_2007-11-25,BBG000CS7CB8,JNC,reports/BBG000CS7CB8_2007-11-25.md,merger,cash,verified,merger,,False,,2007-11-13,cash,65.0,USD,,,,65.00 USD / last_close - 1,agree,agree,agree,agree,agree,agree,agree,,False,library_right_but_uncertain,library_right_but_uncertain,True,4,0,,"Cash merger at $65.00 per share (Madison Dearborn LBO), last trade 2007-11-13; the library's row is right but flagged uncertain by continued filings and stale 2008 sightings.",,
BBG000CXLZ20_2010-10-11,BBG000CXLZ20,ACF,reports/BBG000CXLZ20_2010-10-11.md,merger,cash,verified,merger,,False,,2010-09-30,cash,24.5,USD,,,,24.50 USD / last_close - 1,agree,agree,agree,agree,agree,agree,agree,,False,library_right_but_uncertain,library_right_but_uncertain,True,2,0,,"Real $24.50 cash merger into GM Holdings effective 2010-10-01; library row is right, uncertain only via the continued-filings resolver branch.",,
BBG000DBVBY4_2021-03-11,BBG000DBVBY4,EV,reports/BBG000DBVBY4_2021-03-11.md,merger,cash_or_stock_election (default mixed: 28.25 USD + 0.5833 MS),verified,merger,,False,MS,2021-02-26,cash_plus_stock,28.25,USD,0.5833,MS,2021-03-01,"(28.25 USD + 0.5833 x price(MS, 2021-03-01)) / last_close - 1",agree,agree,agree,agree,missing,agree,agree,,True,currency_missing,currency_missing,True,4,0,,"Real merger into Morgan Stanley (28.25 USD + 0.5833 MS per share, closed 2021-03-01); library is right except the missing USD currency and an assumed-par fill after a stale-close gate failure.",upheld,
BBG000DGZ1B6_2009-06-08,BBG000DGZ1B6,MWW,reports/BBG000DGZ1B6_2009-06-08.md,merger,cash,verified,merger,,False,,2016-10-31,cash,3.4,USD,,,,3.40 USD / last_close - 1,wrong,wrong,agree,wrong,missing,agree,wrong,,True,continued_filings_guess,continued_filings_guess,True,2,0,why the finder never saw the 2016-11-01 Form 25-NSE; ticker_history stops at 2009-06-08,Monster kept trading as MWW until Randstad's $3.40 cash merger closed 2016-11-01 (last trade 2016-10-31); the 2009 exchange-transfer ending is a continued-filings guess.,upheld,
BBG000DQV8M1_2010-12-17,BBG000DQV8M1,MIR,reports/BBG000DQV8M1_2010-12-17.md,merger,stock,verified,merger,,False,GEN,2010-12-03,stock,,,2.835,GEN,2010-12-06,"2.835 x price(GEN, 2010-12-06) / last_close - 1",agree,agree,agree,agree,wrong,agree,agree,,True,terms_misread,terms_misread,True,4,0,no GenOn line in the run for 2010-12-06; GEN in the run is Gen Digital (2022),"Real stock merger at 2.835 RRI Energy (renamed GenOn, GEN) shares per MIR share; library has the wrong price ticker (RRI), causing failed gate and assumed par.",upheld,
BBG000DQX1D4_2016-04-03,BBG000DQX1D4,POM,reports/BBG000DQX1D4_2016-04-03.md,merger,cash,verified,merger,,False,,2016-03-23,cash,27.25,USD,,,,27.25 USD / last_close - 1,agree,agree,agree,agree,agree,agree,agree,,False,library_right_but_uncertain,library_right_but_uncertain,True,2,0,,"Real all-cash merger into Exelon at $27.25 per share; the library's row is right, only its evidence label and blank currency leave it uncertain.",,
BBG000DST2V3_2012-06-04,BBG000DST2V3,EP,reports/BBG000DST2V3_2012-06-04.md,merger,cash_or_stock_election,inferred,merger,,False,KMI,2012-05-24,cash_plus_stock,14.65,USD,0.4187,KMI,2012-05-25,"(14.65 USD + 0.4187 x price(KMI, 2012-05-25) [+ 0.640 x KMI warrant, not priced]) / last_close - 1",agree,agree,agree,agree,wrong,agree,agree,"terms: the final prorated package actually paid is not stated in any filing read; the library's 14.53 / 0.4231 is not found in the filings, and the 0.640 KMI warrant has no field",True,terms_misread,terms_misread,True,3,0,"find a filing stating the final prorated package, or the source of 14.53 / 0.4231 | decide how to carry the 0.640 KMI warrant leg","Real KMI acquisition of El Paso effective 2012-05-25 (last trade 2012-05-24); kind, date and rule are right but the published terms differ from the filing's mixed package of USD 14.65 + 0.4187 KMI + 0.640 warrant.",refuted,"terms: 14.53 cash + 0.4231 KMI is the final prorated stock-election package stated in the 8-K of 2012-05-30 (0001193125-12-253764), elected by 76.4% of shares; 14.65 / 0.4187 is the mixed / no-election package. Not a misread. Only the blank currency (USD) and the missing 0.640 warrant leg remain."
BBG000DY6735_2013-12-31,BBG000DY6735,WW,reports/BBG000DY6735_2013-12-31.md,bankruptcy,other,inferred,dropped,bankruptcy,False,,2025-05-15,otc_print,,,,WGHTQ,2025-05-16,"first_otc_print(WGHTQ, from 2025-05-16, within 10 trading days) / last_close - 1; plan also gave 900,000 of 10,000,000 new shares to old holders (about 0.0112 per old share)",wrong,wrong,agree,wrong,missing,agree,wrong,"last_trade_date rests on a planned suspension date in the 8-K Item 3.01 (2025-05-16 at open), no exchange print | value_rule is worked out from decision 11 (bankruptcy then OTC); OTC symbol WGHTQ from the 8-K cover; no print looked up | per-share new-share ratio worked out from 900,000 / 80,280,308 shares outstanding on 2025-04-29, not the effective-date count",True,continued_filings_guess,continued_filings_guess,False,8,0,last Nasdaq trading day print | first WGHTQ OTC print date | per-share distribution of new shares at the effective date | WW ticker rename date and exchange in ticker_history,"The 2013-12-31 transfer is an artifact of the observation window ending; the real ending is the 2025 chapter 11 Nasdaq delisting (last trade 2025-05-15), so the library row is wrong.",upheld,
BBG000DY8ZS4_2019-05-15,BBG000DY8ZS4,WFT,reports/BBG000DY8ZS4_2019-05-15.md,exchange_delisting,none (OTC trading; plan gave new shares and warrants),verified,dropped,price,False,,2019-05-10,otc_print,,,,WFTIF,2019-05-14,"price(WFTIF, first OTC print from 2019-05-14) / last_close - 1",agree,agree,agree,agree,wrong,agree,agree,,True,late_form25,late_form25,True,5,0,drop_reason should be price not guidelines | delist_date should anchor to Form 25 filed 2020-04-17,NYSE suspended WFT for abnormally low price effective 2019-05-13 and it traded OTC as WFTIF from 2019-05-14; library's dropped/2019-05-10 is right but OTC symbol/date and drop reason are wrong.,upheld,
BBG000DZCFX4_2020-06-02,BBG000DZCFX4,LPI,reports/BBG000DZCFX4_2020-06-02.md,reverse_split,none,verified,,,False,LPI,,unknown,,,,,,"no exit; 1-for-20 reverse split, same security continues",wrong,wrong,wrong,wrong,agree,agree,wrong,,True,other:reverse_split_cusip_change_read_as_ending,reverse_split_read_as_ending,True,2,0,later rename and end of the LPI line not checked,Not a delisting: a 1-for-20 reverse split changed the CUSIP on 2020-06-01 while LPI kept trading on the NYSE.,upheld,
BBG000F2XXP2_2023-05-31,BBG000F2XXP2,SBGI,reports/BBG000F2XXP2_2023-05-31.md,reorganization,none,inferred,exchange,,True,SBGI,2023-05-31,continuation,,,,,,"none (not an exit; same shares, 1:1)",wrong,unknown,missing,wrong,wrong,agree,wrong,last_trade_date: worked out from the 8-K's share exchange effective time of 12:00 am 2023-06-01; no filing states the last day,True,holdco_not_linked,holdco_not_linked,True,2,0,"Nasdaq Form 25 notice date not found | successor ticker_history should start 2023-06-01, not 2023-06-05",SBG-to-New-Sinclair 1:1 holdco reorganization (continuation into BBG01GJ3NY88); library's merger/stock row is wrong.,upheld,
BBG000FBWYH0_2026-07-06,BBG000FBWYH0,PRA,reports/BBG000FBWYH0_2026-07-06.md,merger,cash,verified,merger,,False,,2026-06-25,cash,25.0,USD,,,,25.00 USD / last_close - 1,agree,agree,agree,agree,agree,agree,agree,,False,library_right_but_uncertain,library_right_but_uncertain,True,3,0,"publish cash_currency=USD | confirm issuer CIK 1127703 from the Form 25 instead of today's ticker map | ending delist_date is the Form 15 date 2026-07-06, Form 25 was 2026-06-26",Real USD 25.00 cash merger into The Doctors Company effective 2026-06-26; the library's row is right and uncertain only because the issuer came from today's ticker map.,,
BBG000FHN2M1_2007-12-14,BBG000FHN2M1,CKFR,reports/BBG000FHN2M1_2007-12-14.md,merger,cash,inferred,merger,,False,,2007-12-03,cash,48.0,USD,,,,48.00 USD / last_close - 1,agree,missing,agree,agree,missing,agree,wrong,"last_trade_date worked out from 8-K (merger closed evening of 2007-12-03) and Form 25 effective 2007-12-04, not stated by a filing",True,no_last_trade_print,no_last_trade_print,True,5,0,Form 25 notice suspension date | seed 2008-01-16 outside history,"Real $48 cash Fiserv merger; kind and terms right, but last trade date (2007-12-03) missing and ending misdated 2007-12-14 from the Form 15.",upheld,
BBG000FJJW82_2008-12-06,BBG000FJJW82,ABI,reports/BBG000FJJW82_2008-12-06.md,merger,cash_or_stock_election (default 17.10 USD + 0.4543 Invitrogen shares),inferred,merger,,False,IVGN,2008-11-21,cash_plus_stock,17.1,USD,0.4543,IVGN,2008-11-24,"(17.10 USD + 0.4543 x price(Invitrogen/Life Technologies, 2008-11-24)) / last_close - 1",agree,agree,agree,agree,missing,agree,agree,last_trade_date: worked out from the Form 25-NSE notice's merger-effective date; no filing states the last session | price_ticker/price_date: acquirer renamed Life Technologies at closing; first trading day and symbol not sourced from a filing,False,currency_missing,currency_missing,True,4,0,confirm last NYSE session 2008-11-21 as an exchange print | confirm combined company's first trading day and symbol (IVGN retired by name change) | examine seeds_outside_history from 2009-06-08,"Real Invitrogen cash-and-stock merger effective 2008-11-21; library's kind, date and terms are right, only the USD currency (and a stale IVGN price symbol) is missing.",,
BBG000FL1TC8_2015-08-03,BBG000FL1TC8,DTV,reports/BBG000FL1TC8_2015-08-03.md,merger,cash_and_stock,inferred,merger,,False,T,2015-07-24,cash_plus_stock,28.5,USD,1.892,T,2015-07-27,"(28.50 USD + 1.892 x price(T, 2015-07-27)) / last_close - 1",agree,agree,agree,agree,missing,agree,unknown,"last_trade_date rests on MIDAS and fails rows; the 8-K and Form 25 give the 2015-07-24 closing date but no last trading day | cash currency USD implied by the US filing, not stated",False,library_right_but_uncertain,library_right_but_uncertain,True,3,0,publish cash_currency=USD | resolve ticker_overlap:DTV with old DIRECTV Group CIK 944868 (observations to 2009-11-29) | exchange print or filing stating the last trading day,Real AT&T merger (1.892 T + $28.50); library row is right apart from missing currency; uncertainty comes from a 6-day DTV ticker overlap in 2009.,,
BBG000FRVFM1_2011-12-15,BBG000FRVFM1,PPDI,reports/BBG000FRVFM1_2011-12-15.md,merger,cash,verified,merger,,False,,2011-12-05,cash,33.25,USD,,,,33.25 USD / last_close - 1,agree,missing,agree,agree,missing,agree,wrong,,False,no_last_trade_print,no_last_trade_print,True,2,0,why the 8-K item 3.01 suspension text was not parsed for the last trade date | member_name_mismatch flag; CUSIP 717124101 looks consistent,"Cash merger at $33.25 per share closed 2011-12-05; library kind and cash are right but last trade date (2011-12-05) is blank, history ends 10 days late and currency is missing.",,
BBG000FVQ434_2016-07-23,BBG000FVQ434,IHS,reports/BBG000FVQ434_2016-07-23.md,merger,stock,verified,merger,,False,INFO,2016-07-12,stock,,,3.5566,INFO,2016-07-13,"3.5566 x price(INFO, 2016-07-13) / last_close - 1",agree,agree,agree,agree,agree,agree,agree,,False,library_right_but_uncertain,library_right_but_uncertain,True,3,0,,"All-stock merger into Markit (INFO) at 3.5566 shares, last trade 2016-07-12; library classification and terms are right, only the dlret is an assumed-par fill after a failed gate.",,
BBG000FXYZF9_2008-11-10,BBG000FXYZF9,WM,reports/BBG000FXYZF9_2008-11-10.md,bankruptcy,none,inferred,dropped,bankruptcy,False,,2008-09-26,otc_print,,,,WAMUQ,2008-09-29,"otc_print(WAMUQ, first print from 2008-09-29, within 10 trading days) / last_close - 1",agree,unknown,agree,agree,wrong,agree,unknown,last_trade_date: worked out from the 8-K's NYSE halt at the open on 2008-09-26 and suspension effective 2008-09-29; no filing states the last print | terms: price ticker WAMUQ and price date rest on fails rows (CUSIP 939322103 under WAMUQ from 2008-10-03) and the worked-out last trade date,True,no_last_trade_print,no_last_trade_print,False,4,0,"Whether WM printed on the NYSE on 2008-09-26 after the halt, or last on 2008-09-25 | First WAMUQ pink-sheet print date","A real bankruptcy drop (chapter 11 on 2008-09-26, NYSE suspension); kind and otc_print rule are right, but the 2008-09-29 last trade is the suspension date, not a print, and the price ticker should be WAMUQ.",upheld,
BBG000G0PPW3_2016-12-11,BBG000G0PPW3,AMSG,reports/BBG000G0PPW3_2016-12-11.md,merger,stock,verified,merger,,False,EVHC,2016-12-01,stock,,,0.334,EVHC,2016-12-02,"0.334 × price(EVHC, 2016-12-02) / last_close − 1",agree,agree,agree,agree,wrong,agree,agree,,True,terms_misread,terms_misread,True,4,0,confirm EVHC price_sec_id in the run,Stock merger into Envision at 0.334 EVHC per share; library stock_ratio 1.0 is wrong.,refuted,terms: 8-K 2016-12-07 (0000895930-16-000327) Items 2.01/3.03: AmSurg (the Company) common converted 1:1 into Envision common; 0.334 applies only to Holdings (old Envision) common. Library stock_ratio 1.0 is consistent with the filing.
BBG000G61VB6_2007-07-23,BBG000G61VB6,BOT,reports/BBG000G61VB6_2007-07-23.md,merger,stock,verified,merger,,False,CME,2007-07-12,stock,,,0.375,CME,2007-07-13,"0.375 x price(CME, 2007-07-13) / last_close - 1",agree,agree,agree,agree,wrong,agree,agree,,True,terms_misread,terms_misread,True,2,0,BOT observations from 2008-01-16 fall after the end (security_uncertain seeds_outside_history); not examined,CBOT merged into CME on 2007-07-12 for 0.375 CME shares per share; the library has the right kind and date but the pre-amendment ratio 0.35.,upheld,
BBG000G6BN50_2017-07-28,BBG000G6BN50,PNRA,reports/BBG000G6BN50_2017-07-28.md,merger,cash,inferred,merger,,False,,2017-07-17,cash,315.0,USD,,,,315.00 USD / last_close - 1,agree,agree,agree,agree,missing,agree,agree,last_trade_date rests on the library's MIDAS print and the 2017-07-18 closing date; no filing states the last trading day,False,library_right_but_uncertain,library_right_but_uncertain,True,4,0,source stating last exchange day 2017-07-17,"Real $315.00 cash merger with JAB closed 2017-07-18; library kind, rule and cash are right, only currency is blank and the gate failed on a stale close.",,
BBG000GTYWL7_2026-01-18,BBG000GTYWL7,QGEN,reports/BBG000GTYWL7_2026-01-18.md,reverse_split_cusip_change,none,inferred,,,True,QGEN,,continuation,,,,,,not an exit; no return,wrong,wrong,wrong,wrong,agree,agree,agree,successor: worked out from fails rows (QGEN continues under new CUSIP N72482156 from 2026-01-09) | why NYSE filed the Form 25-NSE for the old line is not explained by any filing read,True,other:reverse_split_cusip_change_after_form25_read_as_delisting,reverse_split_read_as_ending,True,5,0,read the Dec 2025 6-K press release exhibit to confirm the NYSE line handling,"QIAGEN's Form 25-NSE came with a synthetic-repurchase reverse split; QGEN stays NYSE-listed under a new CUSIP, so there is no ending.",upheld,
BBG000GYLKX3_2013-10-07,BBG000GYLKX3,SFD,reports/BBG000GYLKX3_2013-10-07.md,merger,cash,verified,merger,,False,,2013-09-26,cash,34.0,USD,,,,34.00 USD / last_close - 1,agree,agree,agree,agree,agree,agree,agree,,False,library_right_but_uncertain,library_right_but_uncertain,True,3,0,,Cash merger at $34.00 per share closed 2013-09-26 (Shuanghui); the library's row is right and only its evidence path is weak.,,
BBG000H89QJ6_2016-05-28,BBG000H89QJ6,TWC,reports/BBG000H89QJ6_2016-05-28.md,merger,cash_or_stock_election (default $100 + 0.48908178 New Charter),verified,merger,,False,CHTR,2016-05-17,cash_plus_stock,100.0,USD,0.48908178,CHTR,2016-05-18,"(100.00 USD + 0.48908178 x price(CHTR, 2016-05-18)) / last_close - 1",agree,agree,agree,agree,wrong,agree,agree,,True,terms_misread,terms_misread,True,4,0,library last close is a fails row 5 days early; qlib_practice supplies the real close,"Real cash-plus-stock merger into Charter; library has kind, date and rule right but uses the 0.5409 old-Charter equivalent instead of the 0.48908178 New Charter shares issued, and no currency.",upheld,
BBG000HZFZX3_2017-11-11,BBG000HZFZX3,LVLT,reports/BBG000HZFZX3_2017-11-11.md,merger,cash_and_stock,verified,merger,,False,CTL,2017-10-31,cash_plus_stock,26.5,USD,1.4286,CTL,2017-11-01,"(26.50 USD + 1.4286 x price(CTL, 2017-11-01)) / last_close - 1",agree,agree,agree,agree,missing,agree,agree,,False,library_right_but_uncertain,library_right_but_uncertain,True,3,0,,"Real cash+stock merger into CenturyLink ($26.50 + 1.4286 CTL); library right except blank currency, uncertain only from the continued-filings resolver path.",,
BBG000J453J8_2019-05-12,BBG000J453J8,CCO,reports/BBG000J453J8_2019-05-12.md,reorganization,stock,verified,exchange,,True,CCO,2019-05-01,continuation,,,1.0,CCO,,none: not an exit (0 return on a continuation),agree,agree,missing,wrong,agree,agree,wrong,,True,holdco_not_linked,holdco_not_linked,True,2,0,confirm whether new CUSIP 18453H106 carries composite FIGI BBG000J453J8,"1:1 holdco merger of Old CCOH into its parent on 2019-05-01; CCO continues, so the row should be a continuation with ticker_history extended.",upheld,
BBG000JBSJZ4_2014-07-01,BBG000JBSJZ4,FNF,reports/BBG000JBSJZ4_2014-07-01.md,reorganization,none,inferred,exchange,,True,FNF,2014-06-30,continuation,,,,,,not an exit: each old share = 1 FNF Group share + 0.3333 FNFV Group share,agree,missing,agree,agree,agree,agree,unknown,"last_trade_date: worked out from fails rows (old CUSIP's last row 2014-07-01 is priced at the 2014-06-30 close; new CUSIP regular rows start 2014-07-02), no filing states it | successor: filing shows same registrant/CIK; the new CUSIP line comes from fails rows",False,library_right_but_uncertain,library_right_but_uncertain,True,3,0,confirm last day of old FNF trading from an NYSE notice or print | record the 0.3333 FNFV Group distribution on the successor,"A 2014-06-30 tracking-stock recapitalization (1 FNF Group + 0.3333 FNFV per share, same issuer and ticker) is a continuation, as the library says; only its evidence is weak and the last trade day is 2014-06-30.",,
BBG000JXRXK2_2009-06-08,BBG000JXRXK2,SOV,reports/BBG000JXRXK2_2009-06-08.md,acquisition,stock,verified,merger,,False,STD,2009-01-29,stock,,,0.3206,STD,2009-01-30,"0.3206 x price(STD, 2009-01-30) / last_close - 1",wrong,wrong,agree,wrong,missing,agree,wrong,,True,continued_filings_guess,continued_filings_guess,True,4,0,why the 2009-02-02 Form 25-NSE was not matched | confirm STD is the Santander ADS symbol,Santander acquired Sovereign on 2009-01-30 for 0.3206 Santander ADSs per share; the library missed the Form 25-NSE and guessed an exchange transfer.,upheld,
BBG000K3T8L8_2018-06-16,BBG000K3T8L8,GXP,reports/BBG000K3T8L8_2018-06-16.md,merger,stock,inferred,merger,,False,EVRG,2018-06-04,stock,,,0.5981,EVRG,2018-06-05,"0.5981 x price(EVRG, 2018-06-05) / last_close - 1",agree,agree,agree,agree,missing,agree,agree,"last_trade_date: worked out from the 8-K (merger effective 2018-06-04, EVRG trades from 2018-06-05) and the MIDAS date; no filing states the last trading day",False,terms_not_extracted,terms_not_extracted,True,2,0,Confirm GXP's last exchange print on 2018-06-04 (MIDAS or NYSE notice) | Whether Evergy is a security of the run (price_sec_id),"Real stock merger into Evergy at 0.5981 per share; kind, date and ratio are right, but the library publishes no EVRG price ticker so the value is assumed par.",,
BBG000KBQZ88_2015-08-02,BBG000KBQZ88,CTRX,reports/BBG000KBQZ88_2015-08-02.md,merger,cash,verified,merger,,False,,2015-07-23,cash,61.5,USD,,,,61.50 USD / last_close − 1,agree,missing,agree,agree,missing,agree,wrong,,False,no_last_trade_print,no_last_trade_print,True,3,0,Form 25 EX-99.25 suspension date not read,"Cash merger into UnitedHealth at US$61.50, last trade 2015-07-23; library right on kind and terms but lacks the last trade date and currency.",,
BBG000KZCJJ4_2020-04-09,BBG000KZCJJ4,AYR,reports/BBG000KZCJJ4_2020-04-09.md,merger,cash,verified,merger,,False,,2020-03-27,cash,32.0,USD,,,,32.00 USD / last_close - 1,agree,agree,agree,agree,missing,agree,agree,,False,library_right_but_uncertain,library_right_but_uncertain,True,3,0,publish cash_currency=USD | drop uncertainty from issuer_from_todays_ticker_map and resolved_from_continued_filings since a Form 25-NSE exists,Real USD 32.00 cash merger (Marubeni/Mizuho) with last trade 2020-03-27; library right except the blank currency.,,
BBG000L93Q69_2007-07-22,BBG000L93Q69,THE,reports/BBG000L93Q69_2007-07-22.md,merger,cash_and_stock,inferred,merger,,False,HERO,2007-07-11,cash_plus_stock,16.0,USD,0.979,HERO,2007-07-12,"(16.00 USD + 0.979 x price(HERO, 2007-07-12)) / last_close - 1",agree,agree,agree,agree,missing,agree,agree,"last_trade_date: worked out from the merger effective date 2007-07-11 in the Form 25-NSE notice, not a stated last trading day",False,currency_missing,currency_missing,True,3,0,confirm TODCO last trading day from an exchange print or press release,"Real cash-plus-stock merger into Hercules Offshore (USD 16.00 + 0.979 HERO); library kind, date and terms right, only currency missing.",,
BBG000M34GG1_2022-07-31,BBG000M34GG1,MIC,reports/BBG000M34GG1_2022-07-31.md,acquisition,cash,verified,merger,,False,,2022-07-20,cash,4.11,USD,,,,4.11 / last_close - 1,agree,agree,agree,agree,wrong,wrong,agree,,True,terms_misread,terms_misread,True,6,0,issuer after 2021-09-22 should be CIK 1845290 in security_history,Cash merger with an Argo affiliate at $4.11 per unit closed 2022-07-21; library has the right kind and date but read $41.18 (total two-sale proceeds from the proxy) as the cash term.,upheld,
BBG000MJRJJ2_2023-08-24,BBG000MJRJJ2,HHC,reports/BBG000MJRJJ2_2023-08-24.md,reorganization,none,verified,exchange,,True,HHH,2023-08-11,continuation,,,1,,,not an exit: holder keeps the same claim in HHH (BBG01HTMDZ54),agree,agree,missing,wrong,agree,agree,agree,,True,holdco_not_linked,holdco_not_linked,True,3,0,why delist_date is 2023-08-24 while the Form 25 was effective 2023-08-14,"1:1 holdco reorganization into Howard Hughes Holdings (HHH, BBG01HTMDZ54); a continuation, but the library gave no successor and continuation=false.",upheld,
BBG000N8Y8W6_2017-07-27,BBG000N8Y8W6,AWH,reports/BBG000N8Y8W6_2017-07-27.md,acquisition,cash_and_stock,inferred,merger,,False,FFH,,cash_plus_stock,23.0,USD,0.057937,FFH,,"(23.00 USD + 0.057937 x price(FFH, day after last trade)) / last_close - 1; $5.00 special dividend separate",agree,missing,agree,wrong,wrong,agree,agree,last_trade_date: no filing states it; Form 25 effective 2017-07-27 is only an upper bound and fails rows are not exchange prints,True,terms_not_extracted,terms_not_extracted,True,6,0,exchange print or NYSE notice for the last AWH trade day | confirm squeeze-out merger pays the same package | treatment of the $5.00 special dividend,"Real cash-plus-stock merger with Fairfax ($23.00 + 0.057937 FFH, plus a $5.00 special dividend); the library published only the cash leg and no last trade date.",upheld,
BBG000P1K2X6_2026-07-26,BBG000P1K2X6,GTLS,reports/BBG000P1K2X6_2026-07-26.md,merger,cash,verified,merger,,False,,2026-07-15,cash,210.0,USD,,,,210.00 USD / last_close - 1,agree,agree,agree,agree,missing,agree,agree,,False,library_right_but_uncertain,library_right_but_uncertain,True,4,0,,"Baker Hughes cash merger at $210.00 per share closed 2026-07-16; the library's row is right, uncertain only from the ticker-map issuer flag and a blank currency.",,
BBG000P4BQM9_2018-07-16,BBG000P4BQM9,SPB,reports/BBG000P4BQM9_2018-07-16.md,merger,stock,verified,merger,,False,SPB,2018-07-13,stock,,USD,1.0,SPB,2018-07-16,"(1.0 x price(SPB/BBG000DS5588, 2018-07-16)) / last_close - 1",wrong,wrong,wrong,wrong,missing,agree,wrong,,True,wrong_exit_kind,wrong_exit_kind,True,5,0,"operator to confirm a parent absorbing its majority-owned subsidiary at 1:1 stock is a merger, not a decision-9 continuation | match the 25-NSE under CIK 1487730 | start BBG000DS5588 SPB range at 2018-07-16","Old SPB merged into parent HRG on 2018-07-13 at one HRG share per share (HRG then trades as SPB from 2018-07-16); the library's continuation, 2018-07-16 last trade and missing terms are wrong.",upheld,
BBG000PJ88D0_2015-08-27,BBG000PJ88D0,GTI,reports/BBG000PJ88D0_2015-08-27.md,acquisition,cash,verified,merger,,False,,2015-08-14,cash,5.05,USD,,,,5.05 USD / last_close - 1,agree,agree,agree,agree,missing,agree,agree,,False,library_right_but_uncertain,library_right_but_uncertain,True,3,0,,Real $5.05 cash tender offer and merger by Brookfield effective 2015-08-17; the library's row is right except for the blank currency.,,
BBG000PSSG77_2009-03-31,BBG000PSSG77,IDARQ,reports/BBG000PSSG77_2009-03-31.md,exchange_delisting,none,verified,dropped,price,False,,2008-11-20,otc_print,,,,IDAR,2008-11-21,"first_otc_print(IDAR, from 2008-11-21, within 10 trading days) / last_close(2008-11-20) - 1",agree,missing,agree,agree,wrong,agree,wrong,,True,other:form25_missed_bankruptcy_8k_used,form25_matching,True,5,0,why the finder reported no_form25 despite the NYSE 25-NSE of 2008-12-22 under CIK 1367396,"Real ending is the NYSE price delisting (suspended 2008-11-21, last trade 2008-11-20, OTC as IDAR); the library dated it at the 2009-03-31 bankruptcy 8-K and labelled it bankruptcy.",upheld,
BBG000PTXBV3_2016-07-22,BBG000PTXBV3,HTS,reports/BBG000PTXBV3_2016-07-22.md,merger,cash_or_stock_election,verified,merger,,False,NLY,2016-07-11,cash_plus_stock,5.55,USD,0.9894,NLY,2016-07-12,"(5.55 USD + 0.9894 x price(NLY, 2016-07-12)) / last_close - 1",agree,agree,agree,agree,missing,agree,agree,,False,library_right_but_uncertain,library_right_but_uncertain,True,3,0,why the payout gate failed on the lagged fails close | publish cash_currency=USD,"Real merger into Annaly for $5.55 cash plus 0.9894 NLY (mixed default); library kind, date and terms are right, only the currency is blank and assumed par was filled after a failed gate.",,
BBG000PYZSR8_2016-05-18,BBG000PYZSR8,CHTR,reports/BBG000PYZSR8_2016-05-18.md,merger,stock,inferred,merger,,False,CHTR,2016-05-17,stock,,,0.9042,CHTR,2016-05-18,"0.9042 x price(CHTR new, 2016-05-18) / last_close - 1",wrong,missing,agree,wrong,missing,agree,wrong,"last_trade_date: worked out from press release (new CHTR trades morning of 2016-05-18) and fails rows; no filing states the last day | exit_kind: rule judgement that a 0.9042 non-1:1 ratio is a merger, not a continuation",True,wrong_exit_kind,wrong_exit_kind,True,4,0,exchange print or notice for last legacy trade day | operator ruling on technical non-1:1 parent-merger ratio,"Legacy Charter shares became 0.9042 New Charter shares, not one for one, so a stock merger rather than the library's continuation.",upheld,
BBG000Q02P20_2011-11-14,BBG000Q02P20,MGI,reports/BBG000Q02P20_2011-11-14.md,reverse_split,none,inferred,,,False,MGI,,continuation,,,,,,"none (no exit; 1-for-8 reverse split, same ticker, CUSIP 60935Y109 to 60935Y208)",wrong,wrong,agree,wrong,agree,agree,wrong,"exit kind (no ending): 8-K 2011-11-14 shows a reverse split, but that the stock stayed listed rests on fails rows (CUSIP 60935Y208 under MGI 2011-11-16..2012-04-30) and the absence of Form 25/15, not on a filing stating the exchange | last trade date: none applies; no ending",True,continued_filings_guess,continued_filings_guess,True,2,0,confirm the NYSE listing continued via the FY2011 10-K cover page,No delisting: a 1-for-8 reverse split on 2011-11-14 changed the CUSIP only; MGI kept trading and the library's exchange-transfer ending is invented.,upheld,
BBG000Q5RW63_2014-07-01,BBG000Q5RW63,NRF,reports/BBG000Q5RW63_2014-07-01.md,reorganization,stock,verified,exchange,,True,NRF,,continuation,,,1.0,,,n/a (not an exit; successor line follows the same holders),agree,agree,agree,agree,agree,agree,agree,,False,library_right_but_uncertain,library_right_but_uncertain,True,1,0,effective date 2014-06-30 vs library delist_date 2014-07-01,"1:1 holdco reorganization (8-K12B 2014-07-01) into new NorthStar Realty Finance, trading uninterrupted as NRF; continuation to BBG006QRCDZ8, library row right but weakly evidenced.",,
BBG000QDST26_2016-10-24,BBG000QDST26,ITC,reports/BBG000QDST26_2016-10-24.md,merger,cash_and_stock,verified,merger,,False,,2016-10-13,cash_plus_stock,22.57,USD,0.752,FTS,2016-10-14,"(22.57 USD + 0.7520 x price(FTS, 2016-10-14)) / last_close - 1",agree,agree,agree,agree,missing,agree,agree,,False,library_right_but_uncertain,library_right_but_uncertain,True,2,0,,"Real merger into Fortis ($22.57 cash + 0.7520 FTS, last trade 2016-10-13); library right except blank cash currency (USD).",,
BBG000QGWY50_2025-06-12,BBG000QGWY50,BLUE,reports/BBG000QGWY50_2025-06-12.md,acquisition,cash_or_stock_election,inferred,merger,,False,,2025-05-30,cash,5.0,USD,,,,5.00 USD / last_close - 1 (alternative: 3.00 USD + 1 CVR of up to 6.84 USD contingent),agree,agree,agree,agree,wrong,agree,agree,"terms: filing states two alternatives (USD 5.00 cash, or USD 3.00 + CVR) with no default; choosing 5.00 is worked out, not read; election split not found",True,terms_misread,terms_misread,True,4,0,final election tally between all-cash and cash+CVR | CVR milestone and expected value,Real cash tender-offer merger with last trade 2025-05-30; library kind and date right but its USD 3.00 cash ignores the USD 5.00 all-cash election and the CVR.,upheld,
BBG000V31J96_2018-03-24,BBG000V31J96,CPN,reports/BBG000V31J96_2018-03-24.md,merger,cash,verified,merger,,False,,2018-03-08,cash,15.25,USD,,,,15.25 USD / last_close - 1,agree,agree,agree,agree,missing,agree,agree,,False,library_right_but_uncertain,library_right_but_uncertain,True,3,0,,"Cash merger at $15.25 per share closed 2018-03-08; the library's row is right, uncertain only because it came from the continued-filings resolver, and the currency is blank.",,
BBG000VMWHH5_2022-04-18,BBG000VMWHH5,DISCK,reports/BBG000VMWHH5_2022-04-18.md,reorganization,stock,verified,exchange,,True,WBD,2022-04-08,continuation,,,1.0,,,"none (continuation; 1:1 reclassification into WBD common, no cash)",wrong,agree,missing,wrong,wrong,agree,agree,,True,holdco_not_linked,holdco_not_linked,True,3,0,,"Discovery was renamed Warner Bros. Discovery and each Series C share was reclassified 1:1 into WBD common with no cash, so this is a continuation into WBD (BBG011386VF4), not a merger.",upheld,
BBG0017T9998_2020-07-30,BBG0017T9998,CZR,reports/BBG0017T9998_2020-07-30.md,merger,cash_or_stock_election,inferred,merger,,False,CZR,2020-07-20,cash_plus_stock,8.93,USD,0.0915,CZR,2020-07-21,"(8.93 USD + 0.0915 x price(CZR, 2020-07-21)) / last_close - 1",agree,missing,agree,agree,wrong,agree,wrong,"last_trade_date: worked out from the 8-K (suspension on the 2020-07-20 closing date, new CZR from 2020-07-21), no filing states the last day | terms: election amounts (12.41 cash or 0.3085 ERI) are from the 8-K; the aggregate per-share package (8.93 + 0.0915) is worked out from the 8-K's cash and stock totals",True,terms_misread,terms_misread,True,4,0,confirm last trading day 2020-07-20 from a print or the Form 25 notice | confirm the aggregate per-share package from the 424B3/S-4 proration | confirm ERI's FIGI equals BBG0074Q3NK6,Real cash/stock election merger into Eldorado (renamed CZR) closed 2020-07-20; the library double counts the two election legs and has no last trade date.,upheld,
BBG001BP9474_2015-02-27,BBG001BP9474,EGL,reports/BBG001BP9474_2015-02-27.md,reorganization,stock,inferred,exchange,,True,EGL,2015-02-26,continuation,,,1.0,,,none (continuation: not an exit; $11.434 special dividend recorded as a distribution),agree,missing,missing,wrong,agree,agree,wrong,"last_trade_date: worked out from the 2015-02-26 closing date and fails rows (old CUSIP last dated 2015-02-27, priced at the 02-26 close), not stated by a filing | successor: New Engility line (CUSIP 29286C107) known from the 8-K12B and fails rows, but its sec_id is not in the run | payout rule: continuation rests on the operator's BHI ruling; the $11.434 special dividend on the old shares is judged a distribution, not consideration",True,successor_not_in_run,successor_not_in_run,True,5,0,exchange source for the last old-share trading day | confirm the BHI ruling covers an $11.434 special dividend paid on the old shares | sec_id of the New Engility line,"A 1:1 holdco reorganization (old EGL to New Engility, same ticker, new CUSIP 29286C107): a continuation with a successor, not an exchange transfer with none.",refuted,"ticker_history: The library's EGL range ends 2015-02-27, where the old CUSIP 29285W104 stopped trading under EGL (fails rows). The new CUSIP 29286C107 starts 2015-03-04 and is the successor's own line; a continuation does not extend the old security's history. The defect is the missing successor line, already covered by successor=missing. Whether OpenFIGI gives the new line the same composite FIGI was not checkable."
BBG001D9S707_2010-05-25,BBG001D9S707,DYN,reports/BBG001D9S707_2010-05-25.md,bankruptcy,other,inferred,dropped,bankruptcy,False,,2012-07-05,otc_print,,,,DYNIQ,2012-07-06,first OTC print of DYNIQ within 10 trading days / last_close - 1,wrong,wrong,agree,wrong,missing,agree,wrong,"last_trade_date: worked out from 8-K 'suspended immediately on July 6, 2012' and the July 4 holiday, not read | terms: DYNIQ symbol and OTC dates come from fails rows; first OTC print date not confirmed | value_rule: OTC rule follows decision 11; no filing states the first OTC session",True,continued_filings_guess,continued_filings_guess,True,6,0,exact last NYSE print date 2012-07-05 vs 2012-07-06 | first DYNIQ OTC session | follow reverse-split CUSIP change 26817G102 to 26817G300,"The 2010-05-25 end is a 1-for-5 reverse split with a CUSIP change, not an ending; the real ending is the July 2012 bankruptcy drop to OTC (DYNIQ).",upheld,
BBG001KWG293_2021-06-25,BBG001KWG293,GRUB,reports/BBG001KWG293_2021-06-25.md,acquisition,stock,inferred,merger,,False,,2021-06-15,stock,,,3.355,JET ADS CUSIP 48214T305 (OTC symbol unconfirmed),2021-06-16,"3.355 × price(JET ADS 48214T305, 2021-06-16) / last_close − 1",agree,unknown,agree,agree,missing,agree,agree,"last_trade_date: MIDAS and fails rows; the 8-K says only suspended on June 15 2021, so 06-14 vs 06-15 is unsettled | terms price security: JET ADS symbol rests on fails rows (GRUB/JETKD), not a filing",False,"other:acquirer_price_security_null (JET ADSs are OTC; no ticker or sec_id found, gate failed, assumed par)",price_security_wrong,False,6,0,confirm last trading day 06-14 vs 06-15 from an exchange source | confirm JET ADS OTC symbol and publish price security for CUSIP 48214T305,A real stock merger into 3.355 Just Eat Takeaway.com ADSs; the library's kind and ratio are right but the acquirer price security is NULL so the value fell to assumed par.,,
BBG001YMS0B8_2015-07-12,BBG001YMS0B8,KRFT,reports/BBG001YMS0B8_2015-07-12.md,merger,cash_and_stock,verified,merger,,False,KHC,2015-07-02,cash_plus_stock,16.5,USD,1.0,KHC,2015-07-06,"(16.50 USD + 1 x price(KHC, 2015-07-06)) / last_close - 1",agree,agree,agree,agree,missing,agree,agree,,False,library_right_but_uncertain,library_right_but_uncertain,True,4,0,"why payout/terms gates failed (72.5 extraction, fail_sanity) | publish cash_currency=USD","A real cash-plus-stock merger into Kraft Heinz (1 KHC + $16.50 special dividend); library kind, date, rule and terms are right, only currency is missing and gates failed.",,
BBG00265T6Q4_2023-02-13,BBG00265T6Q4,STOR,reports/BBG00265T6Q4_2023-02-13.md,merger,cash,verified,merger,,False,,2023-02-02,cash,32.25,USD,,,,32.25 USD / last_close - 1,agree,agree,agree,agree,agree,agree,agree,,False,library_right_but_uncertain,library_right_but_uncertain,True,2,0,,"All-cash $32.25 take-private effective 2023-02-03; the library's merger row, last trade date and terms are right, only its resolved_from_continued_filings reason keeps it uncertain.",,
BBG002B67HB2_2025-08-01,BBG002B67HB2,UNIT,reports/BBG002B67HB2_2025-08-01.md,reorganization,stock,inferred,exchange,,True,UNIT,2025-08-01,continuation,,,0.6029,UNIT,2025-08-04,"continuation; if priced as an exchange: 0.6029 x price(UNIT, 2025-08-04) / last_close - 1",wrong,unknown,missing,wrong,missing,agree,wrong,"exit kind: continuation call is a judgement on a 0.6029 (not 1:1) exchange with no cash to Uniti holders | last trade date: fails rows (old CUSIP last row 2025-08-04, new CUSIP from 2025-08-05), no filing states it | payout rule: worked out from the continuation call",True,holdco_not_linked,holdco_not_linked,True,2,0,operator ruling on a non-1:1 holdco exchange | exchange-stated last day of the old CUSIP,"Uniti became 0.6029 New Uniti shares (successor issuer CIK 2020795, same ticker UNIT, new CUSIP, no cash to Uniti holders): a holdco continuation, not a terminal merger.",refuted,"exit_kind: Continuation needs one-for-one and the same holders (decision 9). The 8-K shows a 0.6029 ratio and a taxable 'Uniti Merger Consideration'. Windstream holders received about 35.42% of the common stock plus $575M of preferred and warrants. So this is a merger, and the library's merger row stands. | value_rule: The library's stock rule with ratio 0.6029 is right. The real gap is the missing price_ticker (UNIT, the new line) and price_date (2025-08-04), not a continuation rule. | ticker_history: The old security ended in the merger, so clipping its history is right. New Uniti (CUSIP 912932100) is a different security that took over the ticker UNIT."
BBG002BHBHM1_2020-10-23,BBG002BHBHM1,MNK,reports/BBG002BHBHM1_2020-10-23.md,bankruptcy,none,inferred,dropped,bankruptcy,False,,2020-10-09,otc_print,,USD,,MNKKQ,2020-10-12,"otc_print(MNKKQ, first print from 2020-10-12) / last_close - 1",agree,wrong,agree,agree,wrong,agree,wrong,"price_ticker MNKKQ and first OTC session rest on fails rows of CUSIP G5785G107, not a filing | last_trade_date 2020-10-09 is worked out from the Form 25 notice stating suspension before the open on 2020-10-12",True,other:suspension_date_taken_as_last_trade,last_trade_date_misread,True,2,0,confirm MNKKQ symbol from a non-fails source,"Real bankruptcy delisting; kind and rule right, but last trade is 2020-10-09 not 2020-10-12 and the OTC price ticker/date are wrong.",upheld,
BBG002W96FT9_2015-10-12,BBG002W96FT9,GOOG,reports/BBG002W96FT9_2015-10-12.md,reorganization,none,verified,exchange,,True,GOOG,2015-10-02,continuation,,,,,,not an exit (one Alphabet Class C share per Google Class C share),agree,agree,agree,agree,agree,agree,agree,,False,library_right_but_uncertain,library_right_but_uncertain,True,4,0,,"Alphabet holdco reorganization, a 1:1 continuation; the library's contract row is right and uncertain only for thin evidence.",,
BBG0038K9G41_2018-03-19,BBG0038K9G41,LVNTA,reports/BBG0038K9G41_2018-03-19.md,split_off,stock,inferred,merger,,False,GLIBA,2018-03-09,stock,,,1.0,GLIBA,2018-03-12,"1 x price(GLIBA, 2018-03-12) / last_close - 1",agree,agree,agree,agree,agree,agree,agree,"last_trade_date: worked out from Form 25-NSE effective 2018-03-09 and the 8-K split-off time of 4:01 p.m. that day, plus library MIDAS print; no filing states the last session | price_date: next trading day 2018-03-12 worked out; GLIBA first-trade date not read from a filing",False,library_right_but_uncertain,library_right_but_uncertain,True,3,0,confirm GLIBA first trading session 2018-03-12 | merge placeholder CIK1355096-COMMON (LVNTA fails rows) into the FIGI security to clear ticker_overlap,Real split-off: each LVNTA share was redeemed for one GLIBA share on 2018-03-09; the library's merger/stock 1:1 row is right and only weakly evidenced.,,
BBG003P9ZSL3_2016-04-28,BBG003P9ZSL3,LMCA,reports/BBG003P9ZSL3_2016-04-28.md,reclassification (one stock into three tracking stocks),stock,inferred,exchange,,False,LSXMA / BATRA / LMCA(new),2016-04-15,stock,,,1.0,LSXMA,2016-04-18,"(1 x price(LSXMA) + 0.1 x price(Braves A) + 0.25 x price(new LMCA), all 2016-04-18) / last_close(2016-04-15) - 1",agree,wrong,wrong,wrong,missing,agree,unknown,"last_trade_date worked out from 8-K saying charter filed after close 2016-04-15, no stated suspension date read | value_rule stock-basket vs continuation is a judgment under decision 9, not a filing statement | Braves ticker not checked in a filing",True,other:one_to_many_reclassification,reclassification_not_linked,True,4,0,policy for one-to-many reclassification | Form 25 notice or print for last day | Braves ticker and line,"Old LMCA was reclassified into three tracking stocks (1 LSXMA, 0.1 Braves A, 0.25 new LMCA) with no cash; the library's single-successor continuation by timing is incomplete and its last trade date should be 2016-04-15.",upheld,
BBG003PGJHP5_2026-08-03,BBG003PGJHP5,TMHC,reports/BBG003PGJHP5_2026-08-03.md,merger,cash,verified,merger,,False,,2026-07-24,cash,72.5,USD,,,,72.50 USD / last_close - 1,agree,wrong,agree,agree,agree,agree,wrong,,True,other:last_trade_off_by_one_notice_vs_8k,last_trade_date_misread,True,4,0,exchange print for 2026-07-24 would independently confirm the last trade date,Real $72.50 cash merger into Berkshire Hathaway's sub; library's kind and terms are right but its last trade date 2026-07-23 is a day early (8-K: suspended after the close on 2026-07-24).,upheld,
BBG004P33PN3_2026-05-11,BBG004P33PN3,CWENA,reports/BBG004P33PN3_2026-05-11.md,reorganization,none,verified,exchange,,True,CWEN,2026-04-30,continuation,,,1.0,,,none (continuation; 1 Class C share per Class A share),wrong,agree,wrong,wrong,agree,agree,agree,,True,other:class_conversion_not_linked,reclassification_not_linked,True,3,0,,"Class A converted 1:1 into Class C (CWEN) on 2026-05-01 with no cash: a continuation to BBG008LJ4TF3, not an unknown ending.",upheld,
BBG005CPNTQ2_2026-09-18,BBG005CPNTQ2,KHC,reports/BBG005CPNTQ2_2026-09-18.md,exchange_transfer,none,inferred,exchange,,True,KHC,2026-09-11,transfer,,,,,,"same shares, 0 return (transfer)",wrong,missing,missing,wrong,agree,agree,agree,"last_trade_date rests on the 8-A12B's expected Nasdaq end date (close 2026-09-11), not an exchange print or a filing that states it happened",True,other:form25_with_same_day_8A12B_not_read_as_transfer,form25_matching,True,4,0,confirm the last Nasdaq session 2026-09-11 and NYSE trading from 2026-09-14 (fails rows or MIDAS) | read the 2026-08-26 8-K item 3.01 text,"KHC moved its common stock listing from Nasdaq to the NYSE (same security, same ticker); the library's unknown ending is wrong and should be an exchange transfer continuing into itself.",upheld,
BBG005DKMJ67_2025-04-29,BBG005DKMJ67,LTRPA,reports/BBG005DKMJ67_2025-04-29.md,merger,cash,inferred,merger,,False,,2025-04-29,cash,0.2567,USD,,,,0.2567 USD / last_close - 1,agree,missing,agree,agree,missing,agree,wrong,"last_trade_date: rests on 8-K item 3.01 saying quotation ends at the 2025-04-29 effective time (worked out); OTCQB stock, no Form 25 or exchange print",False,no_last_trade_print,no_last_trade_print,True,3,0,last OTCQB trading day of LTRPA | ticker_history end 2025-04-30 vs merger effective 2025-04-29,"Real cash merger at $0.2567 per share into Tripadvisor on 2025-04-29; library row right, only currency and OTC last trade date missing.",,
BBG005PWSVQ3_2016-08-31,BBG005PWSVQ3,WPG,reports/BBG005PWSVQ3_2016-08-31.md,name_change,none,verified,,,False,WPG,,continuation,,,,,,none (rename; holder keeps the same shares),wrong,wrong,agree,agree,agree,agree,wrong,,True,rename_not_followed,rename_not_followed,True,4,0,,"A rename (WP Glimcher to Washington Prime Group, effective 2016-08-30, CUSIP 92939N102 to 93964W108, still WPG), not a delisting; the library's continued-filings exchange transfer is spurious.",upheld,
BBG005SW6TK5_2016-04-28,BBG005SW6TK5,LMCK,reports/BBG005SW6TK5_2016-04-28.md,reclassification,stock,inferred,merger,,False,"LSXMK, BATRK, LMCK",2016-04-15,stock,,USD,,LSXMK+BATRK+LMCK,2016-04-18,"(1 x price(LSXMK) + 0.1 x price(BATRK) + 0.25 x price(LMCK), 2016-04-18) / last_close - 1",wrong,wrong,wrong,wrong,missing,agree,wrong,"last trade date 2016-04-15 worked out from 8-K dates (reclass completed 04-15, new stocks began 04-18), not stated | Series C basket ratios assumed equal to the Series A ratios the 8-K states (1 / 0.1 / 0.25)",True,other:tracking_stock_reclassification_basket,reclassification_not_linked,True,3,0,confirm Series C ratios in proxy or 424B3 | confirm old LMCK last trading day 2016-04-15 | decide multi-leg basket representation in the contract,"Old LMCK was reclassified into three new tracking stocks (LSXMK, BATRK, LMCK) on 2016-04-15, a stock replacement and not a one-for-one continuation.",upheld,
BBG0060HN0R3_2016-03-04,BBG0060HN0R3,KING,reports/BBG0060HN0R3_2016-03-04.md,acquisition,cash,verified,merger,,False,,2016-02-22,cash,18.0,USD,,,,18.00 USD / last_close - 1,wrong,agree,agree,wrong,missing,agree,agree,,True,wrong_exit_kind,wrong_exit_kind,True,3,0,which date the library should publish as delist_date: 25-NSE 2016-02-23 vs Form 15 2016-03-04,Cash merger into Activision Blizzard at $18.00 per share effective 2016-02-23; library left it unknown with assumed par.,upheld,
BBG0069FL5L5_2016-09-26,BBG0069FL5L5,MRD,reports/BBG0069FL5L5_2016-09-26.md,merger,stock,verified,merger,,False,RRC,2016-09-15,stock,,USD,0.375,RRC,2016-09-16,"0.375 x price(RRC, 2016-09-16) / last_close - 1",agree,agree,agree,agree,agree,agree,agree,,False,library_right_but_uncertain,library_right_but_uncertain,True,2,0,last close came from lagged fails rows; an exchange print would let the payout gate pass,"Stock-for-stock merger into Range Resources at 0.375 RRC per MRD share; library kind, date and terms are right, only its price gate failed.",,
BBG006F8QZK4_2024-12-07,BBG006F8QZK4,VSTO,reports/BBG006F8QZK4_2024-12-07.md,merger,cash_and_stock,verified,merger,,False,GEAR,2024-11-26,cash_plus_stock,25.75,USD,1.0,GEAR,2024-11-27,"(25.75 USD + 1 x price(GEAR, 2024-11-27)) / last_close - 1",agree,agree,agree,agree,wrong,agree,agree,,True,terms_misread,terms_misread,True,4,0,Revelyst (GEAR) is not a security in the run; add it if a price_sec_id is wanted,"A real merger paying USD 25.75 cash plus one Revelyst (GEAR) share; the library has the cash and ratio but no price security, so the stock leg fell to assumed par.",upheld,
BBG006GNRZ83_2026-08-30,BBG006GNRZ83,LBRDA,reports/BBG006GNRZ83_2026-08-30.md,merger,stock,inferred,merger,,False,CHTR,2026-08-19,stock,,USD,0.236,CHTR,2026-08-20,"0.236 x price(CHTR, 2026-08-20) / last_close - 1",agree,agree,agree,agree,agree,agree,agree,"last_trade_date: rests on the completion date 2026-08-19 and the library's Nasdaq halt, no filing states the last session | price_date: next session after the last trade, worked out",False,library_right_but_uncertain,library_right_but_uncertain,True,4,0,final trading session from a Nasdaq notice or Form 25 text,Charter acquired Liberty Broadband 2026-08-19 for 0.2360 CHTR per share; the library row is right but weakly evidenced.,,
BBG006GNSZW5_2026-08-30,BBG006GNSZW5,LBRDK,reports/BBG006GNSZW5_2026-08-30.md,merger,stock,inferred,merger,,False,CHTR,2026-08-19,stock,,,0.236,CHTR,2026-08-20,"0.236 x price(CHTR, 2026-08-20) / last_close - 1",agree,agree,agree,agree,agree,agree,agree,last_trade_date: worked out from the 8-K's 11:56 p.m. 2026-08-19 Effective Time (after the close); no filing states the last trading day; the library's Nasdaq halt print agrees,False,library_right_but_uncertain,library_right_but_uncertain,True,3,0,an exchange print or Nasdaq notice stating the last trading day,"Charter acquired Liberty Broadband on 2026-08-19, 0.236 CHTR per LBRDK share; the library's row is right and uncertain only for issuer provenance.",,
BBG006KY8KV2_2017-10-17,BBG006KY8KV2,TERP,reports/BBG006KY8KV2_2017-10-17.md,acquisition,stock,verified,merger,,False,BEPC,2020-07-30,stock,,,0.47625,BEPC,2020-07-31,"0.47625 x price(BEPC, 2020-07-31) / last_close - 1",wrong,wrong,agree,wrong,wrong,agree,wrong,,True,continued_filings_guess,continued_filings_guess,True,4,0,the 2017-10-17 row should not exist; the real ending is 2020-07-30 | second CUSIP 88104R209 from 2017-10 in cusip_history,No 2017 ending: Brookfield bought a 51% stake and TERP kept trading; the real ending is the 2020-07-30 stock merger into BEPC/BEP at 0.47625.,upheld,
BBG006LYGNL7_2021-10-16,BBG006LYGNL7,ARD,reports/BBG006LYGNL7_2021-10-16.md,acquisition,stock,verified,merger,,False,AMBP,2021-10-05,stock,,,2.5,AMBP,2021-10-06,"(2.5 x price(AMBP, 2021-10-06)) / last_close - 1",agree,missing,agree,missing,missing,agree,unknown,,False,terms_not_extracted,terms_not_extracted,True,5,0,Is AMBP a security of the run (price_sec_id)? | ticker_history end vs last trade 2021-10-05,"Issuer exchange offer: each tendered ARD share became 2.5 AMBP shares, last NYSE trade 2021-10-05; library's merger kind is right but it publishes no date, rule or terms.",,
BBG006XVD9G0_2019-11-30,BBG006XVD9G0,GCI,reports/BBG006XVD9G0_2019-11-30.md,merger,cash_and_stock,verified,merger,,False,GCI,2019-11-19,cash_plus_stock,6.25,USD,0.5427,GCI,2019-11-20,"(6.25 USD + 0.5427 x price(GCI [ex-NEWM], 2019-11-20)) / last_close - 1",agree,agree,agree,agree,missing,agree,agree,,False,terms_not_extracted,terms_not_extracted,True,3,0,acquirer FIGI for price_sec_id | link new GCI line as ticker_successor_sec_id,"Real cash+stock merger into New Media (renamed Gannett/GCI); kind, date, cash and ratio are right but the acquirer price ticker and currency are missing.",,
BBG0077VS2C0_2026-07-11,BBG0077VS2C0,BLD,reports/BBG0077VS2C0_2026-07-11.md,merger,cash_or_stock_election,verified,merger,,False,QXO,2026-06-30,cash_plus_stock,249.67,USD,10.212,QXO,2026-07-01,"(249.67 USD + 10.212 x price(QXO, 2026-07-01)) / last_close - 1",agree,agree,agree,agree,agree,agree,agree,,False,library_right_but_uncertain,library_right_but_uncertain,True,3,0,"terms are approximate, subject to exchange agent final calculation | why the llm gate failed against the 354.53 last close",QXO acquired TopBuild 2026-07-01 for about $249.67 cash plus 10.212 QXO shares after proration; the library row is right and only its gate and issuer evidence are weak.,,
BBG0077WYXF0_2016-07-11,BBG0077WYXF0,CPGX,reports/BBG0077WYXF0_2016-07-11.md,acquisition,cash,verified,merger,,False,,2016-06-30,cash,25.5,USD,,,,25.50 USD / last_close − 1,agree,agree,agree,agree,agree,agree,agree,,False,library_right_but_uncertain,library_right_but_uncertain,True,4,0,,"All-cash TransCanada acquisition ($25.50/share, effective 2016-07-01, last trade 2016-06-30); the library's row is right and only its evidence label is uncertain.",,
BBG007KGRPY4_2026-05-24,BBG007KGRPY4,APLS,reports/BBG007KGRPY4_2026-05-24.md,merger,cash_plus_cvr,verified,merger,,False,,2026-05-13,cash,41.0,USD,,,,"41.00 USD / last_close - 1 (plus 1 non-transferable CVR, up to 4.00 USD aggregate, unvalued)",agree,agree,agree,agree,missing,agree,agree,,False,library_right_but_uncertain,library_right_but_uncertain,True,2,0,publish cash_currency=USD | decide how the contract carries the non-transferable CVR (up to 4.00 USD) | read the second CVR milestone definition,"Real Biogen cash merger ($41.00 + one CVR up to $4.00), last trade 2026-05-13; library kind, date, issuer and cash are right, but the CVR leg and currency are not published.",,
BBG007SV7NV3_2017-10-03,BBG007SV7NV3,BKFS,reports/BBG007SV7NV3_2017-10-03.md,reorganization,stock (1:1 new public parent),inferred,exchange,,True,BKI,2017-09-29,continuation,,,1.0,,,not an exit (continuation into BKI),agree,agree,agree,agree,agree,agree,agree,"last_trade_date: worked out from the 8-K12B (closing 2017-09-29, BKI trading from 2017-10-02) and MIDAS; no filing states BKFS's last day",False,library_right_but_uncertain,library_right_but_uncertain,True,3,0,a filing stating BKFS's last trading day,"1:1 holdco reorganization into Black Knight, Inc. (BKI) on 2017-09-29, no cash; the library's continuation row is right but weakly evidenced.",,
BBG008417VN4_2026-08-01,BBG008417VN4,NSA,reports/BBG008417VN4_2026-08-01.md,merger,stock (cash only in lieu of fractional shares),verified,merger,,False,PSA,2026-07-21,stock,,,0.14,PSA,2026-07-22,"0.14 × price(PSA, 2026-07-22) / last_close − 1",agree,agree,agree,agree,agree,agree,agree,,False,library_right_but_uncertain,library_right_but_uncertain,True,3,0,ticker_history start 2015-04-28 not checked against a filing,"Real all-stock merger into Public Storage (0.14 PSA per NSA share, effective 2026-07-22); the library row is right and uncertain only because the issuer came from today's ticker map.",,
BBG009NGKQ45_2024-02-13,BBG009NGKQ45,VRM,reports/BBG009NGKQ45_2024-02-13.md,bankruptcy,other,inferred,dropped,bankruptcy,False,,2024-11-29,otc_print,,,,VRMMQ,2024-12-02,"first OTC print of VRMMQ within 10 trading days after 2024-11-29 / last_close(VRM, 2024-11-29) - 1",wrong,wrong,agree,wrong,missing,agree,wrong,"value_rule and terms rest on fails rows (VRMMQ under CUSIP 92918V208 from 2024-12-03) and the 2025-01-15 8-K cover, not on a filing stating an OTC print | last trade date is worked out as the trading day before the suspension date the 8-K states",True,continued_filings_guess,continued_filings_guess,True,6,0,whether a Form 25-NSE was filed (none in the issuer's EDGAR list through 2025-03) | first VRMMQ OTC print date,"The 2024-02-13 row is a 1-for-80 reverse split (new CUSIP, same listing), not an ending; the real ending is the Nasdaq bankruptcy delisting with last trade 2024-11-29 and OTC value via VRMMQ.",upheld,
BBG009R0CVG1_2020-04-13,BBG009R0CVG1,LKSD,reports/BBG009R0CVG1_2020-04-13.md,exchange_delisting,none,inferred,dropped,guidelines,False,,2019-12-26,otc_print,,USD,,LKSD,2019-12-27,"otc_print(LKSD, 2019-12-27) / last_close - 1",agree,wrong,agree,wrong,missing,agree,wrong,"last_trade_date: worked out from the 8-K item 3.01 saying trading was suspended effective immediately on 2019-12-27, taking the day before; no exchange print or filing states the last day | drop_reason: guidelines chosen for NYSE Rule 802.01B market-cap standard; capital (560) is the alternative | value_rule/price_date: from decision 11, session after the last trade; no print consulted by design",True,other:form25_missed_nse_deficiency_before_bankruptcy,form25_matching,True,7,0,confirm last NYSE session 2019-12-26 vs 2019-12-27 from MIDAS or the Form 25 notice | decide how ticker_history shows the OTCQX period of LKSD to 2020-04-09,"NYSE suspended LKSD on 2019-12-27 for a market-cap deficiency (Form 25-NSE 2020-01-14) and it traded on OTCQX until the April 2020 bankruptcy, so the library's bankruptcy ending of 2020-04-13 is the wrong event and date.",upheld,"value_rule: Library's rule otc_print with price_ticker LKSD matches the evidence (decision 11); only price_date is blank, which is a terms gap, not a wrong rule."
BBG00B6WH9G3_2020-07-10,BBG00B6WH9G3,MTCH,reports/BBG00B6WH9G3_2020-07-10.md,merger,cash_or_stock_election,verified,merger,,False,MTCH,2020-06-30,stock,,USD,1.0337,MTCH,2020-07-01,"1.0337 x price(MTCH new, 2020-07-01) / last_close - 1  [cash election: 1 share + 3.00 USD]",wrong,wrong,wrong,wrong,missing,wrong,wrong,,True,wrong_exit_kind,wrong_exit_kind,True,4,0,first print date of the new MTCH line (price_date assumed 2020-07-01),"Old Match merged into New Match on 2020-06-30 for 1.0337 shares (or 1 share plus $3.00); a merger, not a continuation, last trade 2020-06-30.",upheld,
BBG00BDQ1H13_2022-10-10,BBG00BDQ1H13,TEAM,reports/BBG00BDQ1H13_2022-10-10.md,reorganization,stock,verified,exchange,,True,TEAM,2022-09-30,continuation,,,1,,,"none (continuation, not an exit)",agree,missing,agree,agree,agree,agree,unknown,,False,library_right_but_uncertain,library_right_but_uncertain,True,2,0,publish last_trade_date 2022-09-30 from the 8-K / Form 25 instead of the 2022-10-03 sighting | ticker_history end and successor start are one trading day late,"1:1 UK-to-Delaware holdco reorganization (8-K 2022-10-03, effective after close 2022-09-30); library's continuation to BBG01BGWHFR5 is right, only evidence and last-trade date are weak.",,
BBG00BFHD827_2023-08-13,BBG00BFHD827,LSXMA,reports/BBG00BFHD827_2023-08-13.md,reorganization,stock,inferred,exchange,,True,LSXMA,2023-08-03,continuation,,,,,,none (continuation; holders also received 0.2500 LLYVA per share as a distribution),agree,missing,agree,agree,agree,agree,agree,"last_trade_date: worked out from the 8-K (reclassification effective 5pm 2023-08-03, new shares begin trading 2023-08-04), not an exchange print | successor FIGI/CUSIP come from the library's fails rows; the filings show the same issuer and symbol",False,library_right_but_uncertain,library_right_but_uncertain,True,4,0,confirm last exchange day 2023-08-03 with MIDAS or a Nasdaq notice | record 0.2500 LLYVA distribution on the successor,"Same-issuer 1:1 reclassification of LSXMA into new LSXMA plus 0.25 LLYVA with no cash: the library's continuation row is right, only its last trade date (2023-08-03) is unpublished.",,
BBG00BFHD9S7_2023-08-13,BBG00BFHD9S7,LSXMK,reports/BBG00BFHD9S7_2023-08-13.md,reorganization,stock (1 new LSXMK + 0.2500 Series C Liberty Live; no cash),inferred,exchange,,True,LSXMK,,continuation,,,,,,not an exit,agree,agree,agree,agree,agree,agree,unknown,"last_trade_date: worked out from the 5:00 p.m. 2023-08-03 effective time; no filing or exchange print states the last session | successor sec_id link rests on fails rows (CUSIP switch 531229607 to 531229789) plus the filing's same-series reclassification | continuation reading treats the extra 0.25 Liberty Live share as a distribution, a policy judgment",False,library_right_but_uncertain,library_right_but_uncertain,True,4,0,exchange print for last old LSXMK session | operator to confirm a reclassification with an extra tracking-stock distribution is a continuation,Tracking-stock reclassification on 2023-08-03 into new LSXMK plus 0.25 Liberty Live; the library's continuation to BBG01HLMB6H5 is right but rests on timing only.,,
BBG00BFHDCV6_2023-08-13,BBG00BFHDCV6,FWONA,reports/BBG00BFHDCV6_2023-08-13.md,reorganization,none for exit (0.0428 Series A Liberty Live per share distributed; cash in lieu of fractions),inferred,exchange,,True,FWONA,2023-08-03,continuation,,,,,,not an exit (successor BBG01HLMB809),agree,missing,agree,agree,agree,agree,agree,"last_trade_date: worked out from the 8-K (charter effective 5pm 2023-08-03, new stock trades from 2023-08-04), not a stated print | continuation vs merger for the 0.0428 LLYVA leg: judgment under decision 9 (distribution of a new tracking stock of the same issuer)",False,library_right_but_uncertain,library_right_but_uncertain,True,3,0,exchange print or Nasdaq notice stating the old FWONA line's last session (expected 2023-08-03) | operator confirms the 0.0428 LLYVA distribution does not make this a merger,"Right as a continuation to the new FWONA line (1:1 reclassification, plus a 0.0428 Live share distribution); uncertain only because the link was timing-based and no last trade date was published.",,
BBG00BFHDFR4_2023-08-13,BBG00BFHDFR4,FWONK,reports/BBG00BFHDFR4_2023-08-13.md,reorganization,other,inferred,exchange,,True,FWONK,2023-08-03,continuation,,,,,,none (not an exit),agree,missing,agree,agree,agree,agree,unknown,"last_trade_date: worked out from the 8-K (reclassification effective 5pm 2023-08-03, new shares trade from 2023-08-04); no exchange print or stated last day",False,library_right_but_uncertain,library_right_but_uncertain,True,4,0,confirm last old-line exchange day 2023-08-03 from an exchange print | operator ruling: 0.0428 LLYVK received in the exchange vs. continuation test,"Tracking-stock reclassification on 2023-08-03: 1 new FWONK per old plus 0.0428 LLYVK, cash only for fractions; the library's continuation to BBG01HLMBCG3 is right, only its evidence is weak.",,
BBG00CW2JCN1_2022-01-13,BBG00CW2JCN1,ATH,reports/BBG00CW2JCN1_2022-01-13.md,merger,stock,verified,merger,,False,APO,2021-12-31,stock,,,1.149,APO,2022-01-03,"1.149 x price(APO, 2022-01-03) / last_close - 1",agree,agree,agree,agree,agree,agree,agree,,False,library_right_but_uncertain,library_right_but_uncertain,True,4,0,confirm price_sec_id BBG001LRKS55 is the line trading as APO on 2022-01-03 (old Apollo LLC vs new AGM),Athene merged into Apollo on 2022-01-01 at 1.149 APO per share; the library's row is right and uncertain only via the continued-filings resolver.,,
BBG00D1WHZD9_2020-11-09,BBG00D1WHZD9,HTZ,reports/BBG00D1WHZD9_2020-11-09.md,bankruptcy,none,verified,dropped,bankruptcy,False,,2020-10-29,otc_print,,,,HTZGQ,2020-10-30,"otc_print(HTZGQ, from 2020-10-30) / last_close - 1",agree,agree,agree,agree,wrong,agree,agree,,True,other:otc_price_ticker_not_otc_symbol,price_security_wrong,True,2,0,,"Bankruptcy delisting, last trade 2020-10-29, OTC HTZGQ from 2020-10-30; library right except price_ticker HTZ should be HTZGQ.",upheld,
BBG00D30HGP6_2021-06-23,BBG00D30HGP6,CLNY,reports/BBG00D30HGP6_2021-06-23.md,name_change,none,verified,,,False,DBRG,,transfer,,,,,,"none (same shares, 0 return)",wrong,wrong,agree,agree,agree,agree,wrong,,True,rename_not_followed,rename_not_followed,True,3,0,confirm OpenFIGI gives the same composite FIGI for DBRG,"Colony Capital renamed itself DigitalBridge (CLNY to DBRG on 2021-06-22); not an ending, ticker_history should continue under DBRG.",upheld,
BBG00DJ2LJF5_2019-01-07,BBG00DJ2LJF5,DVMT,reports/BBG00DJ2LJF5_2019-01-07.md,merger,cash_or_stock_election,verified,merger,,False,DELL,2018-12-27,cash_plus_stock,76.97,USD,0.6479,DELL,2018-12-28,"(0.6414 x 120.00 USD + (1 - 0.6414) x 1.8066 x price(DELL, 2018-12-28)) / last_close - 1",wrong,agree,wrong,wrong,missing,agree,agree,,True,wrong_exit_kind,wrong_exit_kind,True,4,0,aggregate package derived from the 8-K proration factor 0.6414; a single elector's package differs,"DVMT was merged out for $120 cash (prorated, $14bn cap) or 1.8066 Class C shares on 2018-12-28; the library wrongly calls it a continuation into Class C.",upheld,
BBG00FFJY867_2025-05-17,BBG00FFJY867,LGFB,reports/BBG00FFJY867_2025-05-17.md,reorganization_separation,stock,verified,merger,,False,"LION, STRZ",2025-05-06,stock,,,1.0,LION+STRZ,2025-05-07,"(1 x price(LION, 2025-05-07) + (1/15) x price(STRZ, 2025-05-07)) / last_close - 1",agree,agree,agree,wrong,missing,agree,agree,,True,terms_not_extracted,terms_not_extracted,True,2,0,first trading date of LION and STRZ (assumed 2025-05-07) | two-leg price field in the contract | fractional-share cash treatment,"Real separation: each LGFB share became 1 LION + 1/15 STRZ; kind, date and issuer are right but the library publishes no payout rule (assumed par).",upheld,
BBG00GBV88T6_2016-05-14,BBG00GBV88T6,BTU,reports/BBG00GBV88T6_2016-05-14.md,bankruptcy,none,verified,dropped,bankruptcy,False,,2016-04-12,otc_print,,,,BTUUQ,2016-04-13,"price(BTUUQ, first OTC print within 10 trading days after 2016-04-12) / last_close − 1",agree,agree,agree,agree,wrong,agree,unknown,,True,terms_misread,terms_misread,True,3,0,actual first BTUUQ print date (8-K expects 2016-04-14; library price_date 2016-04-13) | ticker_history end for BTU not re-checked,"Peabody Chapter 11 on 2016-04-13, NYSE suspended that day (last trade 2016-04-12), moved to OTC as BTUUQ; library kind, date and rule are right but price_ticker should be BTUUQ.",upheld,
BBG00GSNPM07_2026-07-11,BBG00GSNPM07,JHG,reports/BBG00GSNPM07_2026-07-11.md,acquisition,cash,verified,merger,,False,,2026-06-30,cash,52.0,USD,,,,52.00 USD / last_close - 1,agree,agree,agree,agree,missing,agree,agree,,False,library_right_but_uncertain,library_right_but_uncertain,True,3,0,,"Real $52.00 cash take-private closed 2026-06-30, last trade 2026-06-30; library row right except the blank currency, uncertain only for the issuer-from-ticker-map reason.",,
BBG00HY28P97_2020-10-18,BBG00HY28P97,GTX,reports/BBG00HY28P97_2020-10-18.md,bankruptcy,none,inferred,dropped,bankruptcy,False,,2020-09-18,otc_print,,,,GTXMQ,2020-09-21,"otc_print(GTXMQ, from 2020-09-21) / last_close - 1",agree,agree,agree,agree,wrong,agree,unknown,"value_rule: worked out from decision 11 (OTC move after bankruptcy drop); filings state no value | terms: OTC symbol GTXMQ and its first session come from fails rows (first row 2020-09-24), not a filing or exchange print",True,other:price_ticker_not_otc_symbol_and_history_past_ending,price_security_wrong,True,5,0,name the first GTXMQ OTC session from a source | decide whether the 2021 Nasdaq GTX stock is a new security and clip ticker_history,"A real NYSE bankruptcy drop (last trade 2020-09-18, otc_print) that the library classifies correctly, except it prices on GTX instead of GTXMQ and its ticker history runs past the ending.",upheld,
BBG00JM9V731_2026-07-30,BBG00JM9V731,GTES,reports/BBG00JM9V731_2026-07-30.md,reorganization,stock,verified,exchange,,True,GTES,2026-07-17,continuation,,,1.0,,,not an exit; no value,wrong,agree,missing,wrong,missing,agree,wrong,,True,successor_not_in_run,successor_not_in_run,True,5,0,whether FIGI BBG00JM9V731 is unchanged for New Gates shares | add the New Gates GTES line from 2026-07-20 to the run,"A 1:1 English-to-Bermuda holdco redomiciliation; New Gates trades as GTES from 2026-07-20, so it is a continuation, not an unknown ending.",upheld,
BBG00K7K2XZ0_2020-12-31,BBG00K7K2XZ0,GLIBA,reports/BBG00K7K2XZ0_2020-12-31.md,merger,stock,inferred,merger,,False,LBRDK,2020-12-18,stock,,USD,0.58,LBRDK,2020-12-21,"0.580 x price(LBRDK, 2020-12-21) / last_close - 1",agree,agree,agree,agree,wrong,agree,agree,last_trade_date: MIDAS print plus the 8-K closing date 2020-12-18; no filing states the last trading day | price_date: worked out as the next trading day after the last trade,True,terms_misread,terms_misread,True,3,0,Confirm last trading day from the joint press release or Form 25 notice,Stock merger at 0.580 Liberty Broadband Series C (LBRDK) per share; the library prices the wrong class (LBRDA) and left assumed par.,upheld,
BBG00LT2PDY4_2021-08-05,BBG00LT2PDY4,BPYU,reports/BBG00LT2PDY4_2021-08-05.md,acquisition,cash_and_stock,verified,merger,,False,BAM,2021-07-26,cash_plus_stock,12.38,USD,0.0913,BAM,2021-07-27,"(12.38 USD + 0.0913 x price(BAM, 2021-07-27) + 0.0657 x price(BPY preferred unit, 2021-07-27)) / last_close - 1",wrong,missing,agree,wrong,missing,agree,agree,,True,wrong_exit_kind,wrong_exit_kind,True,2,0,identifier of the BPY preferred unit leg (0.0657 unit) for pricing,BPYU Class A was exchanged for $12.38 cash + 0.0913 BAM share + 0.0657 BPY preferred unit on 2021-07-26 (merger); the library's blank unknown ending is wrong.,upheld,
BBG00VNLZL95_2020-08-06,BBG00VNLZL95,TMUSR,reports/BBG00VNLZL95_2020-08-06.md,expiration,none,verified,expiration,,False,,2020-07-27,expiration,,,,,,none (right expired; exercise = 0.05 TMUS share at 103.00 USD per whole share),agree,missing,agree,agree,agree,agree,wrong,,False,no_last_trade_print,no_last_trade_print,True,5,0,confirm the last Nasdaq print on 2020-07-27 | Form 25-NSE (effective 2020-07-27) not matched; delist_date and ticker_history end 2020-08-06 should be 2020-07-27,TMUSR rights expired 2020-07-27 (Form 25-NSE same day); the expiration kind is right but the last trade date is missing and the 2020-08-06 end date is wrong.,,
BBG00W5FS571_2025-01-09,BBG00W5FS571,BEPC,reports/BBG00W5FS571_2025-01-09.md,reorganization,stock,verified,exchange,,True,BEPC,2024-12-27,continuation,,,1.0,,,none (continuation; not an exit),agree,agree,agree,agree,agree,agree,agree,,False,library_right_but_uncertain,library_right_but_uncertain,True,3,0,,"A 1:1 plan-of-arrangement holdco reorganization into New BEPC (same ticker, new CUSIP); the library's continuation row is right and only weakly evidenced.",,
BBG00WYYC600_2017-11-09,BBG00WYYC600,WLL,reports/BBG00WYYC600_2017-11-09.md,reverse_split,none,verified,,,True,WLL,2017-11-08,continuation,,,0.25,,,"none; 1-for-4 reverse split, same security under new CUSIP 966387409",wrong,missing,agree,agree,agree,agree,agree,,True,other:reverse_split_cusip_change_read_as_ending,reverse_split_read_as_ending,True,1,0,whether BBG00WYYC600 and BBG000PX3XC0 should be one sec_id via the 8-K CUSIP statement,Not a delisting: a 1-for-4 reverse split on 2017-11-08 gave WLL a new CUSIP while it kept trading on the NYSE; the library's continuation link is right but its ending and missing last trade date are not.,upheld,
BBG00Z6DX554_2020-07-30,BBG00Z6DX554,EXE,reports/BBG00Z6DX554_2020-07-30.md,bankruptcy,none,verified,dropped,bankruptcy,False,,2020-06-26,otc_print,,,,CHKAQ,2020-06-30,"price(CHKAQ, first OTC print from 2020-06-30) / last_close - 1",agree,agree,agree,agree,wrong,agree,wrong,,True,identity_wrong,identity_wrong,True,4,0,which FIGI the old CHK stock holds; the run's sec_id spans old and new stock,Real bankruptcy drop with last trade 2020-06-26 and OTC Pink CHKAQ; the library's kind and date are right but it prices on CHK (the new stock) and merges old and new equity into one security.,upheld,
BBG00ZHCT050_2023-07-15,BBG00ZHCT050,DSEY,reports/BBG00ZHCT050_2023-07-15.md,merger,cash,inferred,merger,,False,,2023-07-05,cash,8.4,USD,,,,8.40 USD / last_close - 1,agree,missing,agree,agree,missing,agree,unknown,last_trade_date: worked out from the 2023-07-05 closing date and Form 25 date plus fails rows ending 2023-07-06; no filing states the last session,True,no_last_trade_print,no_last_trade_print,True,4,0,confirm last Nasdaq session 2023-07-05 via halt record or Form 25 notice,"Real $8.40 cash take-private closed 2023-07-05; library kind and rule right, last trade date missing and currency blank.",upheld,
BBG011FS2K38_2026-05-29,BBG011FS2K38,MCW,reports/BBG011FS2K38_2026-05-29.md,going_private,cash,verified,merger,,False,,2026-05-18,cash,7.0,USD,,,,7.00 USD / last_close - 1,agree,agree,agree,agree,missing,agree,agree,,False,library_right_but_uncertain,library_right_but_uncertain,True,4,0,publish cash_currency=USD | delist_date uses Form 15 date 2026-05-29 while Form 25-NSE is 2026-05-19,"Real $7.00 cash take-private closed 2026-05-19; the library's row is right, uncertain only because the issuer came from today's ticker map.",,
BBG012BV9SK0_2026-07-17,BBG012BV9SK0,OLPX,reports/BBG012BV9SK0_2026-07-17.md,acquisition,cash,verified,merger,,False,,2026-07-06,cash,2.06,USD,,,,2.06 USD / last_close - 1,agree,agree,agree,agree,agree,agree,agree,,False,library_right_but_uncertain,library_right_but_uncertain,True,3,0,publish cash_currency USD | confirm issuer CIK by a tier other than today's ticker map,"Henkel acquired Olaplex for $2.06 cash, closed 2026-07-07; the library's row is right and uncertain only because of the issuer-from-ticker-map flag.",,
BBG014QJ5BV6_2026-05-25,BBG014QJ5BV6,EHAB,reports/BBG014QJ5BV6_2026-05-25.md,merger,cash,verified,merger,,False,,2026-05-14,cash,13.8,USD,,,,13.80 USD / last_close - 1,agree,agree,agree,agree,missing,agree,agree,,False,library_right_but_uncertain,library_right_but_uncertain,True,3,0,,"Cash merger at $13.80 per share closed 2026-05-15 (last trade 2026-05-14); the library is right except a blank currency, uncertain only because the issuer came from today's ticker map.",,
BBG01HLM8W28_2024-09-19,BBG01HLM8W28,LSXMA,reports/BBG01HLM8W28_2024-09-19.md,merger,stock,verified,merger,,False,SIRI,2024-09-09,stock,,,0.8375,SIRI,2024-09-10,"0.8375 x price(SIRI, 2024-09-10) / last_close - 1",agree,agree,agree,agree,missing,agree,agree,,True,terms_not_extracted,terms_not_extracted,True,4,0,ticker_history gives SIRI on 2024-09-10 to old Sirius; pick New Sirius by CUSIP | resolved_from_continued_filings keeps LSXMA uncertain after the price fix,"Real stock merger (0.8375 New Sirius share per LSXMA, last trade 2024-09-09); library right except it lacks the SIRI price ticker and falls back to assumed par.",upheld,
BBG01HMFL081_2025-12-25,BBG01HMFL081,LLYVA,reports/BBG01HMFL081_2025-12-25.md,reorganization,stock,verified,exchange,,True,LLYVA,2025-12-15,continuation,,,,,,"n/a (continuation, not an exit)",wrong,missing,wrong,wrong,wrong,agree,wrong,,True,holdco_not_linked,holdco_not_linked,True,4,0,first session of the new LLYVA line (expected 2025-12-16),"A 1:1 split-off of Liberty Live Group into Liberty Live Holdings (successor BBG01YY256K1, same LLYVA ticker) on 2025-12-15 is a continuation, not a merger.",upheld,
BBG01HMFLTN1_2025-12-25,BBG01HMFLTN1,LLYVK,reports/BBG01HMFLTN1_2025-12-25.md,reorganization,stock,verified,exchange,,True,LLYVK,2025-12-15,continuation,,,1.0,,,not an exit (continuation to BBG01YYX1Z14),wrong,missing,missing,wrong,wrong,agree,wrong,,True,holdco_not_linked,holdco_not_linked,True,4,0,first trading date of the new LLYVK line (run's first observation is 2025-12-17),"A 1:1 split-off redemption into Liberty Live Holdings (same ticker LLYVK), so a continuation to BBG01YYX1Z14, not a merger.",upheld,
CIK1018005-COMMON_2012-10-01,CIK1018005-COMMON,CWTR,reports/CIK1018005-COMMON_2012-10-01.md,bankruptcy,none,inferred,dropped,bankruptcy,False,,2014-04-22,otc_print,,,,CWTRQ,2014-04-24,"price(CWTRQ, first OTC print within 10 trading days after 2014-04-22) / last_close - 1",wrong,wrong,agree,wrong,missing,agree,wrong,"payout rule: worked out from the decision table (bankruptcy then OTC) | terms: OTC symbol CWTRQ from fails rows only | last trade date: from 8-K 3.01 suspension date, Form 25 notice text not read",True,continued_filings_guess,continued_filings_guess,True,5,0,Form 25 notice suspension date | reverse split / CUSIP change date (193068103 -> 193068202),"Real ending is a Chapter 11 Nasdaq delisting with last trade 2014-04-22, valued at the first CWTRQ OTC print; the library's 2012-10-01 transfer is a guess.",upheld,
CIK1019849-COMMON_2009-06-08,CIK1019849-COMMON,UAG,reports/CIK1019849-COMMON_2009-06-08.md,ticker_change,none,verified,,,False,PAG,,continuation,,,,,,none (no exit),wrong,wrong,wrong,wrong,agree,agree,wrong,,True,rename_not_followed,rename_not_followed,True,3,0,exact date of the UAG to PAG rename (before 2007-07-02 per fails rows),Not a delisting: United Auto Group renamed Penske Automotive Group (PAG) on the same CUSIP and kept trading; the UAG placeholder duplicates BBG000H6K1B0.,upheld,
CIK1038914-COMMON_2007-12-23,CIK1038914-COMMON,GSF,reports/CIK1038914-COMMON_2007-12-23.md,merger,cash_and_stock,verified,merger,,False,RIG,2007-11-26,cash_plus_stock,22.46,USD,0.4757,RIG,2007-11-27,"(22.46 USD + 0.4757 x price(RIG, 2007-11-27)) / last_close - 1",agree,agree,agree,agree,missing,agree,agree,,False,library_right_but_uncertain,library_right_but_uncertain,True,3,0,,"Real cash-and-stock merger into Transocean (0.4757 shares + $22.46); library right except blank currency, uncertain only from post-ending seeds.",,
CIK104207-COMMON_2015-01-09,CIK104207-COMMON,WAG,reports/CIK104207-COMMON_2015-01-09.md,reorganization,stock,verified,exchange,,True,WBA,2014-12-30,continuation,,,1.0,,,"none (continuation; 1 WBA share per WAG share, no cash)",wrong,agree,missing,wrong,wrong,agree,agree,,True,holdco_not_linked,holdco_not_linked,True,4,0,,"1:1 holdco reorganization into Walgreens Boots Alliance (BBG000BWLMJ4) on 2014-12-31, a continuation; the library's merger with assumed par is wrong.",upheld,
CIK1042893-COMMON_2024-09-04,CIK1042893-COMMON,DRQ,reports/CIK1042893-COMMON_2024-09-04.md,name_change,none,inferred,,,True,INVX,2024-09-06,continuation,,,,,,none (not an exit; return continues under INVX),wrong,agree,missing,wrong,agree,agree,wrong,"last_trade_date: worked out from the 8-K saying INVX starts trading 2024-09-09, no exchange print | rename vs split: no reverse split found in the 8-K or 424B3; fails prices fit a rename, no 8-A12B or MIDAS print checked",True,rename_not_followed,rename_not_followed,True,5,0,confirm NYSE INVX listing via 8-A12B or a MIDAS print for 2024-09-09,"Not an ending: Dril-Quip issued shares to Innovex holders, renamed itself Innovex International (INVX) and kept trading; the merger-at-par row is wrong.",upheld,
CIK1052045-COMMON_2007-08-04,CIK1052045-COMMON,SVM,reports/CIK1052045-COMMON_2007-08-04.md,merger,cash,verified,merger,,False,,2007-07-24,cash,15.625,USD,,,,15.625 USD / last_close - 1,agree,agree,agree,agree,missing,agree,agree,,True,library_right_but_uncertain,library_right_but_uncertain,True,4,0,publish cash_currency=USD | stale caller observations after 2008-01-16 cause security_uncertain,"Real $15.625 cash LBO merger closed 2007-07-24; library kind, date and cash right, only currency blank and uncertainty from stale post-delisting seeds and a continued-filings label.",upheld,
CIK1056087-COMMON_2016-05-25,CIK1056087-COMMON,MNI,reports/CIK1056087-COMMON_2016-05-25.md,bankruptcy,none,inferred,dropped,bankruptcy,False,,2020-02-13,otc_print,,,,MNIQQ,2020-02-14,"price(MNIQQ, first OTC print within 10 trading days after 2020-02-13) / last_close - 1",wrong,wrong,agree,wrong,missing,agree,wrong,"last_trade_date: worked out from the 8-K saying NYSE American suspended trading effective immediately on 2020-02-13; no filing names the last session | value_rule/terms: otc_print follows decision 11; the MNIQQ symbol comes from fails rows, not a filing",True,continued_filings_guess,continued_filings_guess,True,7,0,last session 2020-02-12 vs 2020-02-13 | first MNIQQ OTC print date | join CUSIP 579489303 (reverse split 2016-06-07) to the security,"MNI continued past 2016 (reverse split, new CUSIP, 2017 NYSE to NYSE American move) and really ended 2020-02-13 as a bankruptcy drop to OTC (MNIQQ); the library's 2016-05-25 exchange transfer is a guess from the old CUSIP's last sighting.",upheld,
CIK1066104-COMMON_2012-08-13,CIK1066104-COMMON,EXBD,reports/CIK1066104-COMMON_2012-08-13.md,ticker_change,none,inferred,,,False,CEB,,continuation,,,,,,,wrong,wrong,agree,wrong,agree,agree,wrong,"exit kind: rests on fails rows (CUSIP 21988R102 continues as CEB from 2012-08-14) and the FY2012 10-K, not on a filing stating the change date | last trade date: n/a; symbol switch date from fails rows only",True,rename_not_followed,rename_not_followed,True,3,0,a filing or release stating the EXBD to CEB symbol change date | whether any exchange move occurred (no Form 25 found),Not a delisting: same CUSIP kept trading as CEB from 2012-08-14; the library's continued-filings transfer is invented.,upheld,
CIK1074771-COMMON_2007-08-05,CIK1074771-COMMON,TRI,reports/CIK1074771-COMMON_2007-08-05.md,merger,cash,verified,merger,,False,,2007-07-24,cash,54.0,USD,,,,54.00 USD / last_close - 1,agree,agree,agree,agree,missing,agree,agree,,False,currency_missing,currency_missing,True,3,0,,"Cash merger into Community Health Systems at $54.00 per share effective 2007-07-25; library row is right except the blank USD currency, and it is uncertain only from stale 2008 observations.",,
CIK1075415-COMMON_2020-01-07,CIK1075415-COMMON,SNH,reports/CIK1075415-COMMON_2020-01-07.md,name_change,none,verified,,,True,DHC,,continuation,,,,,,not an exit,wrong,wrong,agree,wrong,agree,agree,wrong,,True,rename_not_followed,rename_not_followed,True,2,0,,"Senior Housing Properties Trust renamed to Diversified Healthcare Trust (DHC) effective 2020-01-01 with a new CUSIP; no ending exists, the library's exchange-transfer row is wrong.",upheld,
CIK1095651-COMMON_2013-12-19,CIK1095651-COMMON,SFI,reports/CIK1095651-COMMON_2013-12-19.md,ticker_change,none,verified,,,False,STAR,,unknown,,,,,,"none; no exit (ticker change SFI to STAR, same CUSIP)",wrong,wrong,agree,wrong,agree,agree,wrong,,True,rename_not_followed,rename_not_followed,True,3,0,later history of CIK1095651 after 2017 not examined,No delisting: iStar changed ticker SFI to STAR on 2013-12-19 on the same CUSIP; the library's exchange-transfer ending is a false guess.,upheld,
CIK1115836-COMMON_2014-07-01,CIK1115836-COMMON,OEH,reports/CIK1115836-COMMON_2014-07-01.md,name_change,none,verified,,,False,BEL,,unknown,,,,,,none: not an exit (rename OEH to BEL),wrong,agree,agree,wrong,agree,agree,wrong,,True,rename_not_followed,rename_not_followed,True,3,0,confirm CUSIP reissue G67743107 to G1154H107 date (fails rows only),Not a delisting: Orient-Express Hotels renamed Belmond Ltd. (2014-06-30) and ticker OEH changed to BEL on 2014-07-28 on the same NYSE class A shares.,upheld,
CIK1116521-COMMON_2007-11-05,CIK1116521-COMMON,AV,reports/CIK1116521-COMMON_2007-11-05.md,merger,cash,verified,merger,,False,,2007-10-25,cash,17.5,USD,,,,17.50 USD / last_close - 1,agree,agree,agree,agree,missing,agree,agree,,False,library_right_but_uncertain,library_right_but_uncertain,True,4,0,,"Cash LBO at $17.50 closed 2007-10-26, last trade 2007-10-25; library row right, only the USD currency is blank.",,
CIK1124887-COMMON_2007-11-23,CIK1124887-COMMON,CEN,reports/CIK1124887-COMMON_2007-11-23.md,merger,cash,verified,merger,,False,,2007-11-08,cash,36.0,USD,,,,36.00 USD / last_close - 1,agree,agree,agree,agree,missing,agree,agree,,False,library_right_but_uncertain,library_right_but_uncertain,True,3,0,stale CEN observations from 2008-01-16 not explained by a filing,"Cash merger at $36 closed 2007-11-09, last trade 2007-11-08; library row right, only currency missing and evidence flagged weak.",,
CIK1126294-COMMON_2010-12-03,CIK1126294-COMMON,RRI,reports/CIK1126294-COMMON_2010-12-03.md,ticker_change,none,inferred,,,False,GEN,,continuation,,,,,,none (not an exit; the security continues as GEN),wrong,wrong,wrong,wrong,wrong,agree,missing,new CUSIP 37244E107 rests on fails rows only; no filing text names it | same-holder no-exchange reading rests on the 8-K 2010-12-07 wording,True,rename_not_followed,rename_not_followed,True,3,0,a filing stating GenOn's CUSIP 37244E107,"RRI Energy was the surviving acquirer of Mirant and merely renamed itself GenOn (GEN) on 2010-12-03/06, so the library's merger row with Mirant's 2.835 ratio is wrong.",upheld,
CIK1141399-COMMON_2008-09-20,CIK1141399-COMMON,ABBI,reports/CIK1141399-COMMON_2008-09-20.md,acquisition,cash_and_stock (+ one Celgene CVR),inferred,merger,,False,CELG,2010-10-14,cash_plus_stock,58.0,USD,0.2617,CELG,2010-10-15,"(58.00 USD + 0.2617 x price(CELG, 2010-10-15)) / last_close - 1 (CVR not valued)",agree,missing,agree,wrong,wrong,wrong,wrong,"last_trade_date: worked out from the 8-K (suspension requested 2010-10-15), the Form 25 date and fails rows ending 2010-10-15; no filing states the last session | price_date: follows from the worked-out last trade date",True,identity_wrong,identity_wrong,True,6,0,confirm last trading day 2010-10-14 vs 2010-10-15 from an exchange print | confirm ABBI is a stale alias of ABII | resolve era to CIK 1409012 instead of APP's CIK 1141399,Library attached APP Pharmaceuticals' 2008 Fresenius deal ($23 + CVR) to Abraxis BioScience; the real ending is Celgene's 2010-10-15 merger ($58.00 + 0.2617 CELG + CVR).,upheld,
CIK1156826-COMMON_2007-10-20,CIK1156826-COMMON,ASN,reports/CIK1156826-COMMON_2007-10-20.md,merger,cash,verified,merger,,False,,2007-10-05,cash,60.75,USD,,,,60.75 USD / last_close - 1,agree,agree,agree,agree,missing,agree,agree,,False,library_right_but_uncertain,library_right_but_uncertain,True,3,0,"publish cash_currency=USD | seeds after 2008-01-16 are the caller's stale snapshot (after_delisting), not a library error",A real $60.75 cash merger effective 2007-10-05 (last trade that day); the library's row is right and uncertain only because later stale observations fall outside the security's history.,,
CIK1282266-COMMON_2015-04-27,CIK1282266-COMMON,WIN,reports/CIK1282266-COMMON_2015-04-27.md,spin_off_and_reverse_split,none,verified,,,False,WIN,,continuation,,,,,,none (no exit; 1-for-6 reverse split and 1 CS&L share per 5 WIN shares distributed),wrong,agree,agree,wrong,agree,agree,wrong,,True,continued_filings_guess,continued_filings_guess,True,3,0,add CUSIP 97382A200 from 2015-04-29 to cusip_history | WIN's real 2019 ending is outside this case,Not a delisting: WIN spun off CS&L and reverse-split 1-for-6 on 2015-04-27 and kept trading under the same ticker with a new CUSIP; the library's exchange-transfer ending is a continued-filings guess.,upheld,
CIK1308161-CLASS-A_2013-06-28,CIK1308161-CLASS-A,NCRA,reports/CIK1308161-CLASS-A_2013-06-28.md,reorganization,none,inferred,exchange,,True,FOXA,2013-06-28,continuation,,,,,,none (continuation; NWSA spin-off 0.25 per old share is a distribution on the continuing line),wrong,missing,missing,wrong,wrong,agree,wrong,"successor: FOXA / CUSIP 90130A101 from fails rows, the 8-K does not state the CUSIP | last_trade_date: worked out from the separation effective 4:30 pm ET 2013-06-28, no exchange print | ticker NCRA is Nocera Inc in fails data; identity rests on the name-only observation",True,wrong_exit_kind,wrong_exit_kind,True,1,0,last trading day under CUSIP 65248E104 (MIDAS or Nasdaq notice) | merge CLASS-A into CIK1308161-COMMON and add the FOXA successor line,"A spin-off of new News Corp plus a rename to Twenty-First Century Fox: a continuation to the FOXA line, not a 0.25 NWSA merger.",upheld,
CIK1308161-COMMON_2013-07-01,CIK1308161-COMMON,NWS-A,reports/CIK1308161-COMMON_2013-07-01.md,name_change,none,inferred,,,False,FOXA,,transfer,,,,,,"none (rename plus spin-off, not an exit)",wrong,wrong,wrong,wrong,wrong,agree,wrong,exit kind: 8-K says renamed Twenty-First Century Fox; the CUSIP change 65248E104 to 90130A101 in fails rows is not explained by a filing read | last trade date: none; fails rows only | spin-off ratio not read,True,rename_not_followed,rename_not_followed,True,2,0,confirm the CUSIP change and spin-off ratio in the 8-K or Form 10 | confirm FOXA first trading day,Not a merger: old News Corp spun off its publishing business and renamed itself 21st Century Fox on 2013-06-28; no ending.,refuted,"last_trade_date: the source row's published last_trade_date is blank, which already matches the corrected answer; 2013-07-01 is only the internal delist_date | successor: library successor_sec_id is blank and the report's own corrected value is blank; the status should be agree"
CIK1319048-COMMON_2007-09-24,CIK1319048-COMMON,CHAP,reports/CIK1319048-COMMON_2007-09-24.md,merger,cash,inferred,merger,,False,,2007-09-14,cash,86.0,USD,,,,86.00 USD / last_close - 1,agree,missing,agree,agree,missing,agree,wrong,last_trade_date: worked out from the Form 25-NSE and Form 15 both filed 2007-09-14 (zero holders of record) and the last fails row priced at the 09-14 close; no filing states the last trading day,False,no_last_trade_print,no_last_trade_print,False,6,0,closing date and last trading day from the closing press release or acquirer filing | cash_currency USD not published by the library,"Real $86.00 cash merger into Gerdau Ameristeel completed by 2007-09-14; library kind and terms are right, only the exchange-print last trade date is missing.",,
CIK1336917-CLASS-C_2016-06-30,CIK1336917-CLASS-C,UAC-C,reports/CIK1336917-CLASS-C_2016-06-30.md,none,none,verified,,,False,,,unknown,,,,,,,wrong,unknown,agree,wrong,agree,agree,wrong,,True,continued_filings_guess,continued_filings_guess,True,5,0,,"No delisting: Under Armour Class C (CUSIP 904311206, UAC then UA) was created in 2016 and is still NYSE-listed; the library's 2016-06-30 exchange-transfer ending is a continued-filings guess.",upheld,
CIK1355096-COMMON_2018-04-11,CIK1355096-COMMON,QRTEA,reports/CIK1355096-COMMON_2018-04-11.md,name_change,none,inferred,exchange,,True,QRTEA,,continuation,,,,,,none (not an exit),agree,agree,agree,agree,agree,agree,wrong,"successor: rests on fails rows (CUSIP 53071M104 to 74915M100 under QRTEA), no filing states the CUSIP change | exit kind: 8-K 5.03 name change plus fails rows; same FIGI not confirmed",False,rename_not_followed,rename_not_followed,True,3,0,confirm QVCA FIGI equals BBG000PCQQL6 | separate LVNTA (ended 2018-03-09) from this sec_id,"Liberty Interactive renamed itself Qurate Retail on 2018-04-09 with a CUSIP change; the Series A stock continued as QRTEA, so the continuation row is right but rests on timing and the history is split in two.",,
CIK1355096-SERIES-A_2011-10-03,CIK1355096-SERIES-A,,reports/CIK1355096-SERIES-A_2011-10-03.md,none,none,verified,,,False,,,continuation,,,,,,,wrong,wrong,agree,wrong,wrong,agree,wrong,,True,other:form25_class_matched_wrong_tracking_stock,form25_matching,True,3,0,confirm via OpenFIGI that Series A (LINTA/QRTEA) and CIK1355096-COMMON are the same composite FIGI,"No ending: the 2011-09-23 Form 25 covered Liberty Capital and Starz tracking stocks while Liberty Interactive Series A kept trading, so the library's merger row is false.",upheld,
CIK1363851-COMMON_2012-07-24,CIK1363851-COMMON,SXCI,reports/CIK1363851-COMMON_2012-07-24.md,name_change,none,inferred,,,True,CTRX,,continuation,,,,,,none (not an exit),wrong,wrong,missing,wrong,wrong,agree,wrong,"last trade date / ticker switch day rests on fails rows (CTRX rows under CUSIP 148887102 from 2012-07-11), no filing states it | reason for the CUSIP change not read in a filing",True,rename_not_followed,rename_not_followed,True,4,0,first CTRX trading day from a filing | why the CUSIP changed,"SXC was the acquirer of Catalyst and only renamed itself Catamaran (SXCI to CTRX); not a delisting, the library took Catalyst holders' consideration as SXC's.",upheld,
CIK1469372-CLASS-A_2015-10-02,CIK1469372-CLASS-A,MSG,reports/CIK1469372-CLASS-A_2015-10-02.md,name_change,none,inferred,exchange,,True,MSGN,,continuation,,,,,,none: same security continues as BBG000NS03H7,wrong,unknown,wrong,wrong,agree,agree,wrong,"successor: CUSIP change to 553573106 rests on fails rows and cusip_history, not a filing | last_trade_date: 2015-10-02 is a fails row, not an exchange print; moot for a continuation",True,rename_not_followed,rename_not_followed,True,2,0,source stating the CUSIP change at the 2015-09-30 rename | confirm old MSG line's last day under old CUSIP,Not a delisting: MSG Co renamed MSG Networks (MSGN) after spinning off the new Madison Square Garden; the line continues as BBG000NS03H7.,upheld,
CIK1498301-COMMON_2020-08-21,CIK1498301-COMMON,ASNA,reports/CIK1498301-COMMON_2020-08-21.md,bankruptcy,none,verified,dropped,bankruptcy,False,,2020-08-03,otc_print,,,,ASNAQ,2020-08-04,first off-exchange print of ASNAQ within 10 trading days after 2020-08-03 / last_close - 1,wrong,agree,agree,wrong,missing,agree,agree,,True,resolver_no_bankruptcy_branch,resolver_no_bankruptcy_branch,True,5,0,confirm first ASNAQ print falls within 10 trading days of 2020-08-03,"Chapter 11 delisting to OTC Pink (ASNAQ), not a merger; the 8-K 2.01 was a bankruptcy asset sale.",upheld,
CIK1507934-CLASS-A_2013-01-16,CIK1507934-CLASS-A,LMCA,reports/CIK1507934-CLASS-A_2013-01-16.md,spin_off,none,inferred,exchange,,True,STRZA,2013-01-11,continuation,,,,,,not an exit,agree,unknown,missing,wrong,agree,agree,wrong,"successor: STRZA mapping rests on fails rows and the press release, no filing states the old share to STRZA mapping | last_trade_date: worked out from the spin-off effective time 2013-01-11 5pm and regular-way trading from 2013-01-14 | value_rule: worked out, no consideration paid by a continuing issuer",True,successor_not_in_run,successor_not_in_run,True,4,0,confirm how old Liberty Capital Series A shares map to STRZA (CUSIP 85571Q102) | confirm last trade day of old LMCA CUSIP 530322106 | add Starz STRZA line and record new LMCA (CIK 1560385) as ticker takeover,"Not a delisting: Liberty Media spun off the new Liberty Media (taking ticker LMCA) and renamed itself Starz, so the old line continued as STRZA and the library's transfer row with no successor is wrong.",upheld,
CIK1575828-COMMON_2021-10-01,CIK1575828-COMMON,FI,reports/CIK1575828-COMMON_2021-10-01.md,reorganization,none,verified,exchange,,True,XPRO,2021-10-01,continuation,,,,,,none (not an exit; 1 FI share -> 1/6 XPRO share after a 1-for-6 reverse split),wrong,wrong,missing,wrong,wrong,agree,missing,,True,rename_not_followed,rename_not_followed,True,2,0,"XPRO sec_id/FIGI not in the run | last trade day 2021-10-01 rests on 8-K first-trading-day statement plus fails rows, not an exchange print","Frank's International was the legal acquirer: it renamed to Expro Group Holdings (XPRO) with a 1-for-6 reverse split, so FI holders kept their shares and the row is a continuation, not a stock merger.",upheld,
CIK1606498-COMMON_2018-07-11,CIK1606498-COMMON,HYH,reports/CIK1606498-COMMON_2018-07-11.md,name_change,none,inferred,,,True,AVNS,2018-06-29,continuation,,,,,,none (no exit),wrong,agree,missing,wrong,agree,agree,wrong,"successor: AVNS rows in fails data under a new CUSIP 05350V106, not a filing | last_trade_date: worked out from the 8-K's effective date 2018-06-30 (Saturday)",True,rename_not_followed,rename_not_followed,True,3,0,confirm first AVNS trading day 2018-07-02 from the NYSE notice or press release | check the run's FIGI for AVNS equals this security,"Halyard Health renamed itself Avanos Medical (HYH to AVNS, effective 2018-06-30), same issuer and shares; the exchange-transfer ending is a missed rename.",upheld,
CIK1620280-COMMON_2017-02-28,CIK1620280-COMMON,CSAL,reports/CIK1620280-COMMON_2017-02-28.md,name_change,none,inferred,exchange,,True,UNIT,2017-02-24,continuation,,,,,,none (continuation; not an exit),agree,unknown,agree,agree,agree,agree,unknown,"last_trade_date: worked out from fails rows (CSAL rows to 2017-02-28, UNIT from 2017-02-27), no filing states it | value_rule/terms: worked out, a rename pays nothing; 8-K 5.03 shows no cash | successor CUSIP 91325V108 from fails rows",False,library_right_but_uncertain,library_right_but_uncertain,True,2,0,exchange notice confirming last CSAL trade and first UNIT trading day | CSAL/UNIT ticker_history overlap on 2017-02-27/28,"Rename of Communications Sales & Leasing to Uniti Group (same CIK, new CUSIP, 1:1, no cash); the library's continuation to UNIT is right but rests on the continued-filings fallback.",,
CIK1710366-COMMON_2025-01-16,CIK1710366-COMMON,CEIX,reports/CIK1710366-COMMON_2025-01-16.md,ticker_change,none,verified,,,False,CNR,2025-01-14,transfer,,,,,,"0 (same shares; rename CEIX to CNR, new CUSIP; no ending)",wrong,agree,agree,wrong,wrong,agree,wrong,,True,rename_not_followed,rename_not_followed,True,3,0,,CONSOL Energy was the acquirer in the Arch merger of equals and was renamed Core Natural Resources (CNR) with a new CUSIP on 2025-01-15; it is not an ending and 1.326 is the Arch holders' ratio.,upheld,
CIK1723089-COMMON_2021-01-10,CIK1723089-COMMON,APY,reports/CIK1723089-COMMON_2021-01-10.md,name_change + exchange_transfer,none,verified,exchange,,True,CHX,2020-12-31,transfer,,,,,,"none; same shares, return 0 (not an exit)",wrong,missing,wrong,agree,agree,agree,wrong,,True,rename_not_followed,rename_not_followed,True,4,0,confirm CUSIP 15872M104 (CHX) is a reassignment of 03755L104 (APY) at the rename,"Apergy renamed ChampionX (CHX) and moved NYSE to Nasdaq on 2020-12-31/2021-01-04; same security continues, not an ending.",upheld,
CIK1803737-COMMON_2022-06-30,CIK1803737-COMMON,EHAB-WI,reports/CIK1803737-COMMON_2022-06-30.md,ticker_change,none,verified,,,True,EHAB,,continuation,,,,,,not an exit,wrong,unknown,missing,wrong,agree,agree,wrong,,True,other:when_issued_ticker_read_as_ending,identity_wrong,True,2,0,confirm BBG014QJ5BV6 is the composite FIGI for EHAB in the run,"EHAB-WI is Enhabit's when-issued line before the 2022-07-01 spin-off; it became regular-way EHAB, so there is no merger ending.",upheld,
CIK1808220-CLASS-A_2022-11-17,CIK1808220-CLASS-A,GOCO,reports/CIK1808220-CLASS-A_2022-11-17.md,reverse_split,none,verified,,,False,GOCO,,continuation,,,,GOCO,,"none; not an exit, split-adjust prices by 15 from 2022-11-18",wrong,agree,agree,wrong,wrong,agree,wrong,,True,other:reverse_split_cusip_change_read_as_delisting,reverse_split_read_as_ending,True,3,0,add new CUSIP 38046W204 and extend GOCO ticker_history past 2022-11-17,"No delisting: 1-for-15 reverse split effective 2022-11-17, GOCO stayed on Nasdaq with a new CUSIP; the library's 570 ending is wrong.",upheld,
CIK18568-COMMON_2007-09-16,CIK18568-COMMON,CBSS,reports/CIK18568-COMMON_2007-09-16.md,merger,cash_or_stock_election,inferred,merger,,False,BBV,2007-09-06,cash_plus_stock,34.34,USD,1.462,BBV,2007-09-07,"(0.478 x 71.82 USD + 0.522 x 2.8 x price(BBV, 2007-09-07)) / last_close - 1",agree,missing,agree,wrong,wrong,agree,unknown,"last_trade_date: worked out from Form 25-NSE 2007-09-06 and the 2007-09-07 closing; no filing states the last session | terms: election aggregate split (47.8% cash / 52.2% stock) worked out from 4,612M USD cash and 196M ADS totals",True,terms_not_extracted,terms_not_extracted,True,6,0,confirm last trading session (expected 2007-09-06) | confirm final proration percentages from the exchange agent,"Real BBVA cash-or-ADS election merger closed 2007-09-07; library has the kind right but publishes only the 71.82 cash leg, no currency, and no last trade date.",upheld,
CIK1929561-COMMON_2022-12-31,CIK1929561-COMMON,RXO-WI,reports/CIK1929561-COMMON_2022-12-31.md,spin_off_listing,none,verified,,,False,RXO,,continuation,,,,,,"n/a (no ending; RXO-WI is the when-issued line of RXO, still listed)",wrong,wrong,agree,wrong,agree,agree,wrong,,True,continued_filings_guess,continued_filings_guess,True,4,0,exact when-issued trading dates of RXO-WI (not needed for verdict),"No delisting: RXO-WI is the when-issued line of RXO, Inc. (XPO spin-off 2022-11-01, NYSE: RXO), still listed; the library's exchange_transfer ending is an invented fallback.",upheld,
CIK20520-COMMON_2017-07-10,CIK20520-COMMON,FTR,reports/CIK20520-COMMON_2017-07-10.md,bankruptcy,none (old common cancelled 2021-04-30; OTC FTRCQ print in between),inferred,dropped,bankruptcy,False,,2020-04-23,otc_print,,,,FTRCQ,2020-04-24,"price(FTRCQ, first OTC print within 10 trading days after 2020-04-23) / last_close - 1",wrong,wrong,agree,wrong,missing,agree,wrong,"last_trade_date: worked out from the 8-K item 3.01 planned suspension at the open on 2020-04-24 (no appeal), not an exchange print | value_rule/terms: otc_print and symbol FTRCQ rest on decision 11 and fails rows, not a filing",True,continued_filings_guess,continued_filings_guess,True,6,0,exchange print or MIDAS for 2020-04-23 | first FTRCQ OTC print (qlib_practice),"2017-07-10 is a 1-for-15 reverse split of the same security, not an ending; the real ending is the 2020-04-24 Nasdaq suspension after Chapter 11, valued at the first FTRCQ OTC print.",upheld,
CIK230463-COMMON_2008-02-07,CIK230463-COMMON,PPP,reports/CIK230463-COMMON_2008-02-07.md,merger,cash_and_stock,verified,merger,,False,PXP,2007-11-06,cash_plus_stock,24.88,USD,0.68201,PXP,2007-11-07,"(24.88 USD + 0.68201 x price(PXP, 2007-11-07)) / last_close - 1",agree,agree,agree,agree,agree,agree,agree,,False,library_right_but_uncertain,library_right_but_uncertain,True,5,0,why the payout gate failed on correct terms | stale 2008-01-16 PPP seed | NYSE Form 25 (2007-11-21) vs NYSE Arca Form 25 (2008-01-28) as delist anchor,"Pogo merged into PXP on 2007-11-06 for 0.68201 PXP plus $24.88 cash; the library's kind, date and terms are right, only the gate and currency leave it uncertain.",,
CIK23666-COMMON_2012-07-13,CIK23666-COMMON,SLE,reports/CIK23666-COMMON_2012-07-13.md,name_change,none,verified,,,True,HSH,2012-06-28,continuation,,,0.2,,,"none (continuation: same security, ticker SLE -> HSH, 1-for-5 reverse split)",wrong,agree,agree,agree,agree,agree,wrong,,True,rename_not_followed,rename_not_followed,True,1,0,,"Sara Lee was renamed Hillshire Brands with a 1-for-5 reverse split (new CUSIP, ticker HSH) and kept trading on NYSE; no ending, the library split one security into two sec_ids.",upheld,
CIK314808-CLASS-A_2019-04-11,CIK314808-CLASS-A,ESV,reports/CIK314808-CLASS-A_2019-04-11.md,name_change,none,inferred,,,True,VAL,,continuation,,,,,,not an exit,wrong,wrong,wrong,wrong,wrong,agree,wrong,last_trade_date: the ESV to VAL switch day is not stated in what was read; rests on the 2019-07-31 name-change 8-K showing VAL | successor: same CIK and class; CUSIP continuity not confirmed (no fails rows found),True,other:acquirer_read_as_target,wrong_exit_kind,True,2,0,first VAL trading day and CUSIP after the rename,"ESV's issuer was the acquirer of Rowan, not the target; the shares continued as Valaris (VAL), so the merger row is wrong.",upheld,
CIK314808-COMMON_2010-01-08,CIK314808-COMMON,ESV,reports/CIK314808-COMMON_2010-01-08.md,reorganization,stock,verified,exchange,,True,ESV,2009-12-22,continuation,,,1,,,"none (continuation, not an exit)",agree,agree,missing,wrong,agree,agree,unknown,,True,successor_not_in_run,successor_not_in_run,True,3,0,successor CLASS-A line starts 2012-05 in the run; ticker_history gap 2009-12-23..2012-05,1:1 Ensco plc ADS holdco reorganization effective 2009-12-23 is a continuation; the library leaves successor blank and values it as a transfer.,upheld,
CIK351346-COMMON_2006-12-28,CIK351346-COMMON,BMET,reports/CIK351346-COMMON_2006-12-28.md,merger,cash,verified,merger,,False,,2007-09-25,cash,46.0,USD,,,,46.00 USD / last_close - 1,wrong,wrong,agree,wrong,missing,agree,wrong,,True,other:rights_only_form25_matched_to_common,form25_matching,True,7,0,Read the 2007-01-12 8-K Item 3.01 to see what notice it gave,Biomet common was cashed out at $46.00 by LVB Acquisition with last trade 2007-09-25; the library's 2006-12-28 ending came from a Form 25 that covered only the preferred share purchase rights.,upheld,
CIK352363-COMMON_2012-05-14,CIK352363-COMMON,LIZ,reports/CIK352363-COMMON_2012-05-14.md,name_change,none,verified,,,True,FNP,,continuation,,,,,,"none (name change to Fifth & Pacific, ticker FNP; not an exit)",wrong,wrong,wrong,wrong,agree,agree,wrong,,True,rename_not_followed,rename_not_followed,True,2,0,confirm BBG000C4WJT9 is the composite FIGI of the LIZ line too | merge the FNP era (CUSIP 316645100) and the KATE line into one security,"Liz Claiborne renamed itself Fifth & Pacific (FNP) on 2012-05-14 with shares unaffected and still on the NYSE, so the library's exchange-transfer ending is a false ending.",upheld,
CIK38079-COMMON_2015-01-25,CIK38079-COMMON,FST,reports/CIK38079-COMMON_2015-01-25.md,exchange_delisting,none,verified,dropped,guidelines,False,FSTO,2014-12-15,otc_print,,,,FSTO,2014-12-16,"price(FSTO, first OTC print within 10 trading days after 2014-12-15) / last_close - 1",wrong,agree,agree,wrong,missing,agree,agree,,True,wrong_exit_kind,wrong_exit_kind,True,4,0,first FSTO OTCQB print (qlib_practice) | drop_reason guidelines vs moved_otc is a policy choice,"Forest Oil's combination with Sabine closed 2014-12-16 and NYSE delisted the stock for failing initial listing standards, moving it to OTCQB as FSTO; it is a drop valued at the first OTC print, not a merger at par.",upheld,
CIK47580-COMMON_2007-11-04,CIK47580-COMMON,HLT,reports/CIK47580-COMMON_2007-11-04.md,merger,cash,verified,merger,,False,,2007-10-24,cash,47.5,USD,,,,47.50 USD / last_close - 1,agree,agree,agree,agree,agree,agree,agree,,False,library_right_but_uncertain,library_right_but_uncertain,True,4,0,cash_currency blank in library (USD),"Blackstone cash merger at $47.50 completed 2007-10-24; library row is right, uncertain only from stale post-delisting seeds and a placeholder id.",,
CIK48898-CLASS-B_2016-01-03,CIK48898-CLASS-B,HUB-B,reports/CIK48898-CLASS-B_2016-01-03.md,reorganization,none for Class B (1:1 into new common stock),inferred,exchange,,True,HUBB,2015-12-23,continuation,,,1.0,,,not an exit: Class B holder keeps one HUBB share per share (return 0 across the event),agree,agree,missing,wrong,agree,agree,wrong,"successor: the link of placeholder CIK48898-CLASS-B to BBG000BLK267 rests on fails rows (CUSIP 443510201 then 443510607 under HUBB) and cusip_history, not a filing naming the FIGI",True,"other:Class B 1:1 reclassification into new common; successor BBG000BLK267 in run but unlinked, Class B placeholder duplicates that FIGI line",reclassification_not_linked,True,4,0,confirm via OpenFIGI that CUSIP 443510201 maps to composite BBG000BLK267 | confirm which of 25-NSE 0000876661-15-000664/665 covers Class A vs Class B,"Hubbell Class B was reclassified 1:1 into the new common stock (HUBB) on 2015-12-23 with no cash for Class B, so it is a continuation into BBG000BLK267 that the library left without a successor.",upheld,
CIK65873-COMMON_2007-11-30,CIK65873-COMMON,AT,reports/CIK65873-COMMON_2007-11-30.md,merger,cash,verified,merger,,False,,2007-11-16,cash,71.5,USD,,,,71.50 USD / last_close - 1,agree,agree,agree,agree,agree,agree,agree,,False,library_right_but_uncertain,library_right_but_uncertain,True,4,0,payout extractor picked Series D preferred 481.37 beside the common 71.50 (gate failed),"Cash LBO at $71.50 per common share, last traded 2007-11-16; the library's row is right and uncertain only by path and a stray preferred amount.",,
CIK708819-COMMON_2018-05-08,CIK708819-COMMON,MDR,reports/CIK708819-COMMON_2018-05-08.md,reverse_split,none,verified,,,False,MDR,,continuation,,,,,,"n/a, no exit",wrong,wrong,agree,wrong,wrong,agree,wrong,,True,other:reverse_split_cusip_change_read_as_merger,reverse_split_read_as_ending,True,3,0,MDR's real ending in 2020 is a separate row,"McDermott was the acquirer of CB&I and did a 3-to-1 reverse split with a CUSIP change (580037109 to 580037703) on 2018-05-09; MDR kept trading, so there is no ending.",upheld,
CIK709519-COMMON_2010-02-05,CIK709519-COMMON,SUNW,reports/CIK709519-COMMON_2010-02-05.md,acquisition,cash,inferred,merger,,False,,2010-01-26,cash,9.5,USD,,,,9.50 USD / last_close - 1,agree,missing,agree,agree,agree,agree,unknown,last_trade_date: worked out from the 8-K saying trading was suspended on completion 2010-01-26; no filing states the last trading day and no MIDAS/FTD rows exist,True,no_last_trade_print,no_last_trade_print,True,3,0,a source stating Sun's last trading day (exchange print or halt record) | ticker_history end 2010-02-05 vs trading end 2010-01-26,"Oracle cash merger at $9.50 per share closed 2010-01-26; library kind and terms right, only the last trade date is missing.",upheld,
CIK716006-COMMON_2010-10-04,CIK716006-COMMON,YRCW,reports/CIK716006-COMMON_2010-10-04.md,reverse_split,none,verified,,,False,YRCW,,continuation,,,,,,not an exit (no return),wrong,wrong,agree,wrong,agree,agree,wrong,,True,other:reverse_split_cusip_change_read_as_ending,reverse_split_read_as_ending,True,4,0,the security's real ending (15-12G 2012-02-28) not examined,No ending: a 1-for-25 reverse split effective 2010-10-01 changed the CUSIP but YRCW kept trading on NASDAQ; the library's 570 drop is spurious.,upheld,
CIK718482-COMMON_2007-10-11,CIK718482-COMMON,AGE,reports/CIK718482-COMMON_2007-10-11.md,merger,cash_and_stock,inferred,merger,,False,WB,2007-09-28,cash_plus_stock,35.8,USD,0.9844,WB,2007-10-01,"(35.80 USD + 0.9844 x price(WB, 2007-10-01)) / last_close - 1",agree,agree,agree,agree,agree,agree,agree,"last_trade_date: worked out as the trading day before the 2007-10-01 conversion date in the Form 25 notice; no filing states the last trading day | price_date: first session after close, worked out",False,library_right_but_uncertain,library_right_but_uncertain,True,4,0,Explicit source for last trading day 2007-09-28 | Publish cash_currency=USD,"Real Wachovia cash-plus-stock merger (35.80 USD + 0.9844 WB); library row is right, uncertain only from stale post-2008 AGE observations.",,
CIK733269-COMMON_2018-09-30,CIK733269-COMMON,ACXM,reports/CIK733269-COMMON_2018-09-30.md,reorganization then exchange_transfer,none,verified,exchange,,True,RAMP,2018-10-01,transfer,,,,,,"none: same shares, return 0 (no exit)",agree,wrong,missing,agree,agree,agree,missing,,True,holdco_not_linked,holdco_not_linked,True,5,0,,"Acxiom's 1:1 holdco merger (2018-09-20) and Nasdaq-to-NYSE move (last Nasdaq day 2018-10-01, RAMP from 2018-10-02) are one continuing security; the library dated the ending 2018-09-30 from the predecessor's Form 25-NSE and left the successor unlinked.",upheld,
CIK737874-COMMON_2007-10-11,CIK737874-COMMON,LI,reports/CIK737874-COMMON_2007-10-11.md,merger,cash,verified,merger,,False,,2007-09-28,cash,35.25,USD,,,,35.25 USD / last_close - 1,agree,agree,agree,agree,missing,agree,agree,,False,library_right_but_uncertain,library_right_but_uncertain,True,4,0,"publish cash_currency USD | stale LI seeds from 2008-01-16 are caller observations, not this security","Real $35.25 cash merger into FirstGroup effective 2007-10-01, last trade 2007-09-28; library row right, only currency blank and stale later LI seeds cause the uncertainty.",,
CIK73887-COMMON_2013-06-28,CIK73887-COMMON,ERA,reports/CIK73887-COMMON_2013-06-28.md,none (identity error),none,verified,,,False,,,unknown,,,,,,no exit,wrong,agree,agree,wrong,agree,wrong,wrong,,True,identity_wrong,identity_wrong,True,4,0,confirm Era Group (CIK 1525221) FIGI and its ERA history through the 2020 rename,"ERA in 2013 was Era Group (CIK 1525221), still listed; the library matched the later name 'Bristow Group Inc' to the old Bristow (CIK 73887) and invented an exchange transfer.",upheld,
CIK804055-COMMON_2010-10-15,CIK804055-COMMON,CCE,reports/CIK804055-COMMON_2010-10-15.md,merger,cash_and_stock,inferred,merger,,False,CCE,2010-10-01,cash_plus_stock,10.0,USD,1.0,CCE,2010-10-04,"(10.00 USD + 1 x price(CCE new, 2010-10-04)) / last_close - 1",agree,agree,agree,agree,wrong,agree,agree,"terms: price_date 2010-10-04 worked out from the NYSE suspension date and fails rows (new CUSIP 19122T109 first row 2010-10-05), not stated by a filing",True,terms_misread,terms_misread,True,4,0,"confirm first regular-way New CCE trading day (expected 2010-10-04) | add the new CCE (CIK 1491675, CUSIP 19122T109) as a distinct line if prices are to be keyed by sec_id",Merger confirmed: 1 New CCE share + $10.00 cash per old share; library's stock leg wrongly names KO instead of the new CCE.,upheld,
CIK835541-COMMON_2007-10-13,CIK835541-COMMON,SLR,reports/CIK835541-COMMON_2007-10-13.md,merger,cash_or_stock_election,inferred,merger,,False,FLEX,2007-10-01,cash,3.89,USD,0.345,FLEX,2007-10-02,"cash election: 3.89 USD / last_close - 1; stock election: 0.3450 x price(FLEX, 2007-10-02) / last_close - 1",agree,agree,agree,missing,missing,agree,agree,"value_rule: the agreement fixes no single package, only a 50-70% aggregate stock band, so which leg applies per holder is worked out, not stated; the proration actually applied is not read from a filing",True,terms_not_extracted,terms_not_extracted,True,3,0,final proration from Flextronics completion 8-K or press release | security_uncertain stems from stale post-2008 SLR observations (caller's data),"Real Flextronics merger on 2007-10-01 (cash $3.89 or 0.3450 FLEX election); kind, date and cash right, but the library omits the stock alternative and currency.",upheld,
CIK845752-COMMON_2007-08-11,CIK845752-COMMON,AH,reports/CIK845752-COMMON_2007-08-11.md,merger,cash,verified,merger,,False,,2007-07-31,cash,88.0,USD,,,,88.00 USD / last_close - 1,agree,agree,agree,agree,agree,agree,agree,,False,library_right_but_uncertain,library_right_but_uncertain,True,4,0,Stale 2008-2009 AH seeds in caller snapshots keep the security uncertain; consider clearing security_uncertain when outside seeds follow a confirmed merger,Armor Holdings was acquired by BAE Systems for $88.00 cash effective 2007-07-31; the library row is right and uncertain only because of seeds after the ending.,,
CIK849778-COMMON_2007-11-01,CIK849778-COMMON,CYTC,reports/CIK849778-COMMON_2007-11-01.md,merger,cash_and_stock,inferred,merger,,False,HOLX,2007-10-22,cash_plus_stock,16.5,USD,0.52,HOLX,2007-10-23,"(16.50 USD + 0.52 × price(HOLX, 2007-10-23)) / last_close − 1",agree,missing,agree,wrong,wrong,agree,wrong,"last_trade_date: rests on fails rows (last row 2007-10-23, priced at the 10-22 close) and the 2007-10-22 effective date, no filing states the last trading day | price_date 2007-10-23 worked out as the first trading day after the close",True,terms_misread,terms_misread,True,4,0,confirm the last trading day from the Nasdaq notice or an exchange print | ticker_history end should clip at 2007-10-22 not 2007-11-01,"Real Hologic merger (0.52 HOLX + $16.50 cash, closed 2007-10-22); library has kind right but publishes cash only and no last trade date.",upheld,
CIK867773-COMMON_2009-06-08,CIK867773-COMMON,SPWRA,reports/CIK867773-COMMON_2009-06-08.md,reorganization,none,inferred,exchange,,True,SPWR,2011-11-16,continuation,,,1,,,not an exit,agree,wrong,missing,wrong,agree,agree,wrong,"last_trade_date: worked out from the 8-K's 5 pm 2011-11-16 effective time; no exchange print read | successor ticker SPWR: from library history and fails rows, not a filing",True,continued_filings_guess,continued_filings_guess,True,4,0,exchange print or Nasdaq notice for last SPWRA session 2011-11-16 | new CUSIP of the Common Stock,"SunPower Class A kept trading to 2011-11-16, when Class A and B were reclassified share for share into Common Stock (SPWR): a continuation, not a 2009 ending.",upheld,
CIK88205-COMMON_2015-09-28,CIK88205-COMMON,SPW,reports/CIK88205-COMMON_2015-09-28.md,ticker_change,none,inferred,,,True,SPXC,,continuation,,,,,,not an exit,wrong,wrong,wrong,agree,agree,agree,wrong,"successor/same-security link rests on fails rows and the library's cusip_history (CUSIP 784635104 continues under BBG000BTGCV5), not a filing | SPW to SPXC ticker change date not read from a filing",True,identity_wrong,identity_wrong,True,2,0,confirm SPW to SPXC change date from NYSE notice or 8-K Ex 99.1,Not an ending: SPX Corp kept CUSIP 784635104 and renamed its ticker SPW to SPXC after the SPX FLOW spin-off; the placeholder duplicates BBG000BTGCV5.,upheld,
CIK886835-COMMON_2020-10-12,CIK886835-COMMON,SPNV,reports/CIK886835-COMMON_2020-10-12.md,exchange_delisting,none,verified,dropped,guidelines,False,,2020-09-17,otc_print,,,,SPNX,2020-09-18,"otc_print(SPNX, from 2020-09-18) / last_close - 1",agree,missing,agree,agree,wrong,agree,wrong,,True,terms_misread,terms_misread,True,3,0,first SPNX OTC print is qlib_practice's job,"Real NYSE 802.01B delisting with OTC trading as SPNX; kind and rule right, but price_ticker SPNV (a different security), last trade date 2020-09-17 unpublished, and ticker_history wrong.",upheld,"ticker_history (sub-claim 'SPNV was never its ticker'): Fails rows show SPNV on Superior's old CUSIP 868157108 from 2019-10-01 to 2019-12-23. The library is wrong only from 2019-12-27, when the line traded as SPN. | last_trade_date (verdict text, not in the wrong list): The source row already publishes 2020-09-17 (ex99_notice). Only the internal unconfirmed flag is set, so 'unpublished' is wrong."
CIK891103-COMMON_2014-06-30,CIK891103-COMMON,IAC,reports/CIK891103-COMMON_2014-06-30.md,reorganization,stock,verified,merger,,False,IAC;MTCH,2020-06-30,stock,,,1.0,IAC;MTCH,2020-07-01,"(1 x price(IAC, 2020-07-01) + 2.1584 x price(MTCH, 2020-07-01)) / last_close(2020-06-30) - 1",wrong,wrong,missing,wrong,missing,agree,wrong,,True,continued_filings_guess,continued_filings_guess,True,3,0,confirm Class M traded as MTCH from 2020-07-01 | add New IAC and Match to the run | caller window must cover 2020,"The 2014-06-30 ending is an artifact of the observation window; the real ending is 2020-06-30, Old IAC shares exchanged for 1 New IAC plus 2.1584 Match (Class M) shares.",upheld,
CIK898660-COMMON_2009-06-08,CIK898660-COMMON,STN,reports/CIK898660-COMMON_2009-06-08.md,going_private,cash,inferred,merger,,False,,2007-11-07,cash,90.0,USD,,,,90.00 USD / last_close - 1,wrong,wrong,agree,wrong,missing,agree,wrong,"last_trade_date: worked out from the 2007-11-07 closing and fails rows ending 2007-11-08, no filing states the last session",True,other:form25_before_first_sighting,form25_matching,True,3,0,exact last trade session of STN (expected 2007-11-07) | identity of 2008-2009 STN observations (Stantec vs stale name),Station Casinos was acquired for $90.00 cash on 2007-11-07; the library's 2009 exchange-transfer ending is a continued-filings guess.,upheld,
CIK910073-COMMON_2024-07-12,CIK910073-COMMON,NYCB,reports/CIK910073-COMMON_2024-07-12.md,reverse_split,none,verified,,,False,FLG,,continuation,,,,,,"none; not an ending (1-for-3 reverse split, same security; renamed Flagstar Financial FLG 2024-10-25)",wrong,wrong,agree,wrong,agree,agree,wrong,,True,other:reverse_split_new_cusip_read_as_ending,reverse_split_read_as_ending,True,2,0,,"No ending: a 1-for-3 reverse split (new CUSIP 649445400) kept the same NYSE stock trading, later renamed Flagstar Financial (FLG); the library's 2024-07-12 exchange transfer is invented.",upheld,
CIK931336-COMMON_2013-08-26,CIK931336-COMMON,DF,reports/CIK931336-COMMON_2013-08-26.md,bankruptcy,none,inferred,dropped,bankruptcy,False,DFODQ,2019-11-11,otc_print,,,,DFODQ,2019-11-12,first OTC print of DFODQ within 10 trading days after 2019-11-11 / last_close - 1,wrong,wrong,agree,wrong,missing,agree,wrong,"payout rule worked out from decision table (bankruptcy then OTC) | OTC symbol DFODQ rests on fails rows, first OTC session unconfirmed",True,continued_filings_guess,continued_filings_guess,True,4,0,confirm first OTC session symbol and date,"2013-08-26 is a 1-for-2 reverse split with a new CUSIP, not an ending; the real ending is the 2019-11-12 NYSE suspension after Chapter 11.",upheld,
CIK944868-COMMON_2009-11-29,CIK944868-COMMON,DTV,reports/CIK944868-COMMON_2009-11-29.md,reorganization,stock (1:1 into new DIRECTV Class A),inferred,exchange,,True,DTV,2009-11-19,continuation,,,1.0,,,"none (continuation: same holders, one for one, no cash)",wrong,missing,wrong,wrong,wrong,agree,wrong,"last_trade_date worked out from the 8-K effective time (5:15 pm EST 2009-11-19) and fails rows, no exchange print or notice date read | successor FIGI link rests on fails rows (CUSIP 25490A101 under DTV from 2009-11-20) and the library's securities table",True,holdco_not_linked,holdco_not_linked,True,3,0,read the 25-NSE EX-99.25 suspension date,"The Group merged into new DIRECTV 1:1 on 2009-11-19 with the same DTV ticker: a continuation to BBG000FL1TC8, not a merger with stock terms.",upheld,
