case_id,sec_id,ticker,report,confidence,skeptic,status,fixed_by,shape,exit_kind,drop_reason,continuation,successor_sec_id,last_trade_date,value_rule,cash_per_share,cash_currency,stock_ratio,price_sec_id,price_ticker,price_date,recovery_ratio,internal_last_trade_date,note
BBG000B9YSK6_2020-11-04,BBG000B9YSK6,CBL,reports/BBG000B9YSK6_2020-11-04.md,inferred,upheld,known_wrong,5g,ending,dropped,bankruptcy,false,,2020-10-30,otc_print,,,,BBG000B9YSK6,CBLAQ,2020-11-02,,2020-10-30,"Ch11 2020-11-01, NYSE suspension 2020-11-02 (8-K 3.01), OTC as CBLAQ; first OTC print; operator ruling 2026-10-03: R8: last trade 2020-10-30"
BBG000BB2N27_2014-12-25,BBG000BB2N27,THI,reports/BBG000BB2N27_2014-12-25.md,verified,,known_wrong,5f,ending,merger,,false,,2014-12-12,cash_plus_stock,65.50,CAD,0.8025,BBG0076WG2V1,QSR,2014-12-15,,2014-12-12,Default package C$65.50 + 0.8025 QSR (R4); NYSE suspended after close 2014-12-12; QSR began trading 2014-12-15
BBG000BB5HV5_2010-12-19,BBG000BB5HV5,ADCT,reports/BBG000BB5HV5_2010-12-19.md,inferred,,known_wrong,5f,ending,merger,,false,,,cash,12.75,USD,,,,,,2010-12-09,"Tyco tender then short-form merger 2010-12-09, $12.75 cash; no filing states last trade day"
BBG000BBB3K1_2017-08-04,BBG000BBB3K1,RAI,reports/BBG000BBB3K1_2017-08-04.md,verified,upheld,known_wrong,5f,ending,merger,,false,,2017-07-24,cash_plus_stock,29.44,USD,0.5260,*,BTI,2017-07-25,,2017-07-24,8-K 2017-07-25: 0.5260 BAT ADS + $29.44; suspended before open 2017-07-25; BTI not in run
BBG000BBBP59_2016-03-28,BBG000BBBP59,PRE,reports/BBG000BBBP59_2016-03-28.md,inferred,,known_wrong,5f,ending,merger,,false,,2016-03-17,cash,137.50,USD,,,,,,2016-03-17,EXOR cash merger $137.50 closed 2016-03-18; last trade worked out from closing and fails rows; operator ruling 2026-10-04 (5b pre-check): G1: notice 'suspended on D' is D-1 (R8)
BBG000BBG3P1_2009-01-25,BBG000BBG3P1,TMA,reports/BBG000BBG3P1_2009-01-25.md,inferred,upheld,known_wrong,5g,ending,dropped,price,false,,2008-12-04,otc_print,,,,BBG000BBG3P1,THMR,2008-12-05,,2008-12-04,"8-K and EX-99.25: suspended before open 2008-12-05, price deficiency; OTC as THMR on same CUSIP"
BBG000BC2C10_2021-03-14,BBG000BC2C10,APA,reports/BBG000BC2C10_2021-03-14.md,inferred,,known_wrong,5d,ending,exchange,,true,BBG00YTS96G2,,continuation,,,,,,,,2021-03-01,1:1 holdco reorg to APA Corp (8-K12B 2021-03-01); last trade worked out from notice date 3/2/2021
BBG000BCKC47_2016-07-11,BBG000BCKC47,GAS,reports/BBG000BCKC47_2016-07-11.md,verified,,known_wrong,5f,ending,merger,,false,,2016-06-30,cash,66.00,USD,,,,,,2016-06-30,"Southern cash merger $66; EX-99.25 says suspended 2016-07-01, last day 2016-06-30"
BBG000BCNYT9_2020-01-16,BBG000BCNYT9,AVP,reports/BBG000BCNYT9_2020-01-16.md,verified,,pass,,ending,merger,,false,,2020-01-03,stock,,,0.300,*,NTCO,2020-01-06,,2020-01-03,Natura: 0.300 ADS default (or 0.600 shares by election); suspended before open 2020-01-06 per 8-K and 25-NSE; NTCO not in run
BBG000BCTL84_2012-01-08,BBG000BCTL84,PMI,reports/BBG000BCTL84_2012-01-08.md,inferred,upheld,known_wrong,5g,ending,dropped,bankruptcy,false,,2011-10-21,otc_print,,,,BBG000BCTL84,PPMIQ,2011-10-24,,2011-10-21,8-K 2011-11-29 3.01: Oct 21 last NYSE trading day; Ch11 2011-11-23; OTC as PPMIQ; operator ruling 2026-10-03: price date is the day after the published last trade
BBG000BD4VG8_2017-07-15,BBG000BD4VG8,BHI,reports/BBG000BD4VG8_2017-07-15.md,verified,upheld,pass,,ending,exchange,,true,BBG00GBVBK51,2017-07-03,continuation,,,,,,,,2017-07-03,"8-K12B: 1:1 into BHGE Class A; $17.50 is a dividend on the successor's shares, not consideration (BHI rule); skeptic upheld"
BBG000BDHNB7_2019-06-21,BBG000BDHNB7,BMS,reports/BBG000BDHNB7_2019-06-21.md,verified,,pass,,ending,merger,,false,,2019-06-10,stock,,,5.1,*,AMCR,2019-06-11,,2019-06-10,Amcor 5.1 shares per Bemis share; suspended 2019-06-11 per Form 25-NSE; AMCR not in run
BBG000BDKN87_2010-02-26,BBG000BDKN87,BNI,reports/BBG000BDKN87_2010-02-26.md,verified,,known_wrong,5f,ending,merger,,false,,2010-02-12,cash,100.00,USD,,,,,,2010-02-12,"BNSF/Berkshire election deal, $100 cash default (stock election is $100/VWAP, no fixed ratio); Form 25 notice dates suspension 2010-02-16"
BBG000BDLLR9_2007-11-05,BBG000BDLLR9,BOL,reports/BBG000BDLLR9_2007-11-05.md,verified,,known_wrong,5f,ending,merger,,false,,2007-10-26,cash,65.00,USD,,,,,,2007-10-26,Warburg Pincus cash buyout $65.00; Form 25 notice suspension at close 2007-10-26
BBG000BDN878_2019-03-04,BBG000BDN878,TAHO,reports/BBG000BDN878_2019-03-04.md,verified,upheld,known_wrong,5f,ending,merger,,false,,2019-02-21,cash_plus_stock,0.67,USD,0.1929,*,PAAS,2019-02-22,,2019-02-21,"Tahoe/PAAS arrangement, default prorated package 0.67 USD + 0.1929 PAAS (6-K 2019-02-22); CVR 0.0497 PAAS contingent excluded, cash electors got US$3.40; Form 25 notice"
BBG000BDXVW8_2010-10-14,BBG000BDXVW8,CAL,reports/BBG000BDXVW8_2010-10-14.md,verified,,known_wrong,5e,ending,merger,,false,,2010-09-30,stock,,,1.05,BBG000M65M61,UAL,2010-10-01,,2010-09-30,UAL 8-K: 1.05 UAL per CAL share; last trading day 2010-09-30; UAL traded on NYSE from 2010-10-01
BBG000BF2JS9_2009-09-18,BBG000BF2JS9,CNB,reports/BBG000BF2JS9_2009-09-18.md,inferred,upheld,pass,,ending,dropped,bankruptcy,false,,2009-08-17,otc_print,,,,BBG000BF2JS9,*,2009-08-18,,2009-08-17,"Colonial BancGroup: bank closed, NYSE suspension 8-K 3.01 on 2009-08-17, Chapter 11 8-K 1.03; skeptic upheld bankruptcy over sec_order; own OTC symbol unconfirmed"
BBG000BF5RY1_2016-06-10,BBG000BF5RY1,CCE,reports/BBG000BF5RY1_2016-06-10.md,inferred,upheld,known_wrong,5e,ending,merger,,false,,2016-05-27,cash_plus_stock,14.50,USD,1.0,*,CCE,2016-05-31,,2016-05-27,CCE/CCEP: 8-K 3.01 suspension at open of 2016-05-31 (05-30 holiday) so last trade 05-27; 14.50 USD + 1 CCEP share (ticker CCE) priced 2016-05-31; skeptic upheld
BBG000BF8BH2_2008-08-10,BBG000BF8BH2,CCU,reports/BBG000BF8BH2_2008-08-10.md,inferred,,known_wrong,5f,ending,merger,,false,,2008-07-30,cash,36.00,USD,,,,,,2008-07-30,"Clear Channel LBO $36.00 cash default (election one CC Media Class A share); no filing states last trade, date worked out from effective date and fails rows; operator ruling 2026-10-04 (5b pre-check): G1: notice 'suspended on D' is D-1 (R8)"
BBG000BFTJ91_2015-12-21,BBG000BFTJ91,CMCSK,reports/BBG000BFTJ91_2015-12-21.md,verified,upheld,pass,,ending,exchange,,true,BBG000BFT2L4,2015-12-11,continuation,,,,,,,,2015-12-11,"Comcast CMCSK reclassified 1:1 into CMCSA, no cash (8-K 2015-12-15, trading ceased at close 2015-12-11); successor BBG000BFT2L4 in run"
BBG000BFVKZ6_2019-02-25,BBG000BFVKZ6,AHL,reports/BBG000BFVKZ6_2019-02-25.md,verified,,known_wrong,5f,ending,merger,,false,,2019-02-14,cash,42.75,USD,,,,,,2019-02-14,Aspen/Apollo cash merger $42.75; Form 25 EX-99.25 notice suspended 2019-02-15
BBG000BG09F5_2021-02-12,BBG000BG09F5,GPOR,reports/BBG000BG09F5_2021-02-12.md,verified,upheld,known_wrong,5g,ending,dropped,bankruptcy,false,,2020-11-25,otc_print,,,,BBG000BG09F5,GPORQ,2020-11-27,,2020-11-25,"Gulfport Ch.11, Nasdaq delisted at open 2020-11-27 (8-K 3.01), OTC GPORQ from 2020-11-30; skeptic upheld symbol"
BBG000BG14P4_2025-10-09,BBG000BG14P4,WOLF,reports/BBG000BG14P4_2025-10-09.md,inferred,upheld,known_wrong,5g,ending,dropped,bankruptcy,false,,2025-09-26,stock,,,0.008352,*,WOLF,2025-09-29,,2025-09-26,"Wolfspeed Ch.11: old equity cancelled for 0.008352 new WOLF per share (1,306,896/156,479,390), old line never traded OTC so stock (R6); contingent 871,287 shares excluded; price_date is day after last trade per rule (fails rows suggest 09-30, unresolved)"
BBG000BGFLL5_2013-11-23,BBG000BGFLL5,NYX,reports/BBG000BGFLL5_2013-11-23.md,verified,,known_wrong,5e,ending,merger,,false,,2013-11-12,cash_plus_stock,11.27,USD,0.1703,BBG000C1FB75,ICE,2013-11-13,,2013-11-12,"8-K and Form 25-NSE notice: standard package 11.27 USD + 0.1703 ICE, suspended 2013-11-13 so last trade 2013-11-12."
BBG000BGMX22_2010-10-14,BBG000BGMX22,HEW,reports/BBG000BGMX22_2010-10-14.md,verified,,known_wrong,5f,ending,merger,,false,,2010-10-01,cash_plus_stock,25.61,USD,0.6362,*,AON,2010-10-04,,2010-10-01,8-K item 2.01 default Mixed Consideration (R4) 25.61 USD + 0.6362 AON; Form 25 notice suspended 2010-10-04 so last trade 2010-10-01.; operator ruling 2026-10-03: price_sec_id not scored until the run holds the security
BBG000BGYDX9_2023-06-30,BBG000BGYDX9,DBD,reports/BBG000BGYDX9_2023-06-30.md,inferred,upheld,known_wrong,5g,ending,dropped,bankruptcy,false,,2023-05-26,otc_print,,,,BBG000BGYDX9,DBDQQ,2023-05-30,,2023-05-26,"Skeptic: filings say only suspended June 2 (no before-the-open wording), so 2023-06-01 is worked out, not published; OTC symbol DBDQQ from 2023-06-05; old equity cancelled."
BBG000BH2T94_2011-12-11,BBG000BH2T94,GLBL,reports/BBG000BH2T94_2011-12-11.md,verified,upheld,known_wrong,5f,ending,merger,,false,,2011-12-01,cash,8.00,USD,,,,,,2011-12-01,8-K item 3.01: suspended after close on 2011-12-01; item 2.01 8.00 per share cash.
BBG000BH5K72_2007-12-28,BBG000BH5K72,DJ,reports/BBG000BH5K72_2007-12-28.md,inferred,,known_wrong,5i,ending,merger,,false,,,cash,60.00,USD,,,,,,2007-12-13,"Form 25 notice gives only merger effective date 2007-12-13; no filing states last trading day, so not published; 60.00 USD cash."
BBG000BHBGN6_2022-12-03,BBG000BHBGN6,CLR,reports/BBG000BHBGN6_2022-12-03.md,verified,,known_wrong,5f,ending,merger,,false,,2022-11-22,cash,74.28,USD,,,,,,2022-11-22,8-K item 3.01: NYSE asked to suspend before open 2022-11-23; 74.28 USD cash take-private.
BBG000BHBK84_2017-09-11,BBG000BHBK84,DOW,reports/BBG000BHBK84_2017-09-11.md,verified,,pass,,ending,exchange,,true,BBG00BN961G4,2017-08-31,continuation,,,,,,,,2017-08-31,"Ruling R1: one DWDP share per Dow share, no cash, even though DuPont holders joined (BHI rule), so continuation to DWDP (BBG00BN961G4); Form 25 notice suspended 2017-09-01 so last trade 2017-08-31.; operator ruling 2026-10-04 (5b pre-check): re-route: the successor link"
BBG000BHCDF1_2011-12-08,BBG000BHCDF1,DPL,reports/BBG000BHCDF1_2011-12-08.md,verified,,known_wrong,5f,ending,merger,,false,,2011-11-25,cash,30.00,USD,,,,,,2011-11-25,"30.00 USD cash; last trade 2011-11-25 derived from effective date 2011-11-28 and Form 25, no filing states trading stopped, so not published.; operator ruling 2026-10-04 (5b pre-check): G1: notice 'suspended on D' is D-1 (R8)"
BBG000BHD665_2007-10-22,BBG000BHD665,CDWC,reports/BBG000BHD665_2007-10-22.md,inferred,upheld,known_wrong,5f,ending,merger,,false,,,cash,87.75,USD,,,,,,2007-10-12,"8-K: closing 2007-10-12, 87.75 USD cash; no filing states last trading day, date worked out from closing and fails rows, not published."
BBG000BHFHP8_2021-12-10,BBG000BHFHP8,UFS,reports/BBG000BHFHP8_2021-12-10.md,verified,,known_wrong,5f,ending,merger,,false,,2021-11-29,cash,55.50,USD,,,,,,2021-11-29,8-K item 3.01: NYSE suspended before open 2021-11-30 so last trade 2021-11-29; 55.50 USD cash.
BBG000BHSKN9_2015-10-12,BBG000BHSKN9,GOOGL,reports/BBG000BHSKN9_2015-10-12.md,verified,,pass,,ending,exchange,,true,BBG009S39JX6,2015-10-02,continuation,,,,,,,,2015-10-02,Alphabet 2015 1:1 holdco; 8-K 3.01 suspension after close 2015-10-02; 8-K12B successor
BBG000BJ27C4_2012-07-15,BBG000BJ27C4,PGN,reports/BBG000BJ27C4_2012-07-15.md,inferred,,pass,,ending,merger,,false,,2012-07-02,stock,,,0.87083,BBG000BHGDH5,DUK,2012-07-03,,2012-07-02,"Duke stock merger 0.87083 DUK; no filing states last trade, so date internal only; operator ruling 2026-10-04 (5b pre-check): G2: a MIDAS exchange print is publishable (decision 12)"
BBG000BJ3QD0_2007-11-16,BBG000BJ3QD0,DADE,reports/BBG000BJ3QD0_2007-11-16.md,inferred,,known_wrong,residual,ending,merger,,false,,,cash,77.00,USD,,,,,,2007-11-05,Siemens $77 cash tender/short-form merger; last trade worked out only
BBG000BJ9D07_2016-09-08,BBG000BJ9D07,ROVI,reports/BBG000BJ9D07_2016-09-08.md,inferred,upheld,known_wrong,5h,ending,exchange,,true,*,2016-09-07,continuation,,,,,,,,,"Rovi 1:1 holdco into TiVo Corp, no cash (R1); successor not in run; last trade not backed by a filing; operator ruling 2026-10-04 (5c pre-check): the MIDAS print 2016-09-07 is publishable (decision 12, as G2 in 5b)"
BBG000BJCFP1_2013-03-11,BBG000BJCFP1,JEF,reports/BBG000BJCFP1_2013-03-11.md,inferred,,known_wrong,5e,ending,merger,,false,,2013-02-28,stock,,,0.81,BBG000BNHSP9,LUK,2013-03-01,,2013-02-28,"Leucadia stock merger 0.81 LUK; last trade 2013-02-28 inferred from effective date, not published; operator ruling 2026-10-04 (5b pre-check): G2: a MIDAS exchange print is publishable (decision 12)"
BBG000BJV732_2007-12-01,BBG000BJV732,FRK,reports/BBG000BJV732_2007-12-01.md,inferred,upheld,known_wrong,5f,ending,merger,,false,,2007-11-16,cash_plus_stock,46.90,USD,0.189,*,VMC,2007-11-19,,2007-11-16,Election deal ($67 cash or 0.63 VMC) prorated 70/30 per Vulcan 8-K Ex 99.2 (R4 aggregate: 46.90 cash + 0.189 VMC); Form 25 notice says suspended 2007-11-19 so last trade 2007-11-16 (skeptic correction).
BBG000BJVZF7_2014-07-12,BBG000BJVZF7,FRX,reports/BBG000BJVZF7_2014-07-12.md,verified,,known_wrong,5e,ending,merger,,false,,2014-06-30,cash_plus_stock,26.04,USD,0.3306,BBG000FH8PX5,ACT,2014-07-01,,2014-06-30,Forest/Actavis standard election $26.04 + 0.3306 ACT (R4); 8-K 3.01 suspension before open 2014-07-01
BBG000BJXKD0_2018-06-16,BBG000BJXKD0,WR,reports/BBG000BJXKD0_2018-06-16.md,verified,upheld,pass,,ending,exchange,,true,BBG00H433CR2,2018-06-04,continuation,,,,,,,,2018-06-04,"Westar 1:1 into Evergy, no cash: continuation by R1 even though Great Plains holders joined at 0.5981; Form 25 suspended June 5"
BBG000BJXXX0_2007-07-12,BBG000BJXXX0,IFIN,reports/BBG000BJXXX0_2007-07-12.md,inferred,,known_wrong,residual,ending,merger,,false,,,stock,,,0.906,BBG000BKFBD7,STT,,,2007-06-29,IFIN 0.906 STT stock merger; last trade worked out only
BBG000BK1FD3_2014-12-04,BBG000BK1FD3,FWLT,reports/BBG000BK1FD3_2014-12-04.md,inferred,upheld,known_wrong,5f,ending,merger,,false,,,cash_plus_stock,16.00,USD,0.8998,*,AMFW,,,,Amec exchange offer default package $16.00 + 0.8998 AMFW (R4); no filing states last trade; AMFW not in run; operator ruling 2026-10-03: no source states the last session: internal date not scored
BBG000BK5DP1_2026-03-30,BBG000BK5DP1,TGNA,reports/BBG000BK5DP1_2026-03-30.md,verified,,known_wrong,5f,ending,merger,,false,,2026-03-19,cash,22.00,USD,,,,,,2026-03-19,Nexstar $22.00 cash; 8-K 3.01 NYSE suspension before open 2026-03-20
BBG000BK7SL0_2011-04-18,BBG000BK7SL0,GENZ,reports/BBG000BK7SL0_2011-04-18.md,inferred,,known_wrong,5f,ending,merger,,false,,,cash,74.00,USD,,,,,,2011-04-08,"Genzyme: US$74.00 cash plus one CVR per share (CVR in notes, not value); no filing states last trade day, 2011-04-08 is upper bound."
BBG000BKKXG0_2008-12-11,BBG000BKKXG0,PHLY,reports/BBG000BKKXG0_2008-12-11.md,inferred,,known_wrong,5f,ending,merger,,false,,2008-11-28,cash,61.50,USD,,,,,,2008-11-28,"PHLY: $61.50 cash, Tokio Marine; last trade worked out from fails rows, not a filing."
BBG000BKQ3V3_2018-07-13,BBG000BKQ3V3,SDRL,reports/BBG000BKQ3V3_2018-07-13.md,inferred,upheld,known_wrong,5g,ending,dropped,bankruptcy,false,,2018-07-02,stock,,,0.0037345,*,SDRL,2018-07-03,,2018-07-02,Plan exchange 0.0037345 new SDRL per old share; Form 25 notice says old stock suspended 2018-07-03; no OTC trading shown so R6 gives stock; operator ruling 2026-10-03: R6: stock on the new line (no OTC trading found); price date the day after the last trade
BBG000BL9439_2013-07-28,BBG000BL9439,HNZ,reports/BBG000BL9439_2013-07-28.md,verified,,known_wrong,5f,ending,merger,,false,,2013-06-07,cash,72.50,USD,,,,,,2013-06-07,Heinz: $72.50 cash; 8-K item 3.01 halt after close 2013-06-07.
BBG000BLBGS2_2025-12-20,BBG000BLBGS2,SCS,reports/BBG000BLBGS2_2025-12-20.md,inferred,upheld,known_wrong,5e,ending,merger,,false,,,cash_plus_stock,7.20,USD,0.2192,*,HNI,,,2025-12-09,"Steelcase: default mixed package $7.20 + 0.2192 HNI (8-K 2025-12-11); last trade 2025-12-09 worked out, not stated; HNI not in run."
BBG000BLH3P8_2023-06-20,BBG000BLH3P8,HSC,reports/BBG000BLH3P8_2023-06-20.md,verified,upheld,pass,,ending_moved,*,*,*,*,*,*,*,*,*,*,*,*,*,,"Harsco renamed Enviri, ticker HSC to NVRI, same CUSIP 415864107 and CIK; no ending (skeptic upheld).; operator ruling 2026-10-03 (5a pre-check): re-shaped to ending_moved: the old event is not the ending, the line ends later"
BBG000BLPBL5_2026-08-27,BBG000BLPBL5,AVB,reports/BBG000BLPBL5_2026-08-27.md,inferred,refuted,known_wrong,5e,ending,merger,,false,,2026-08-14,stock,,,2.793,BBG000BG8M31,EQR,2026-08-17,,2026-08-14,AVB: 2.793 Equity Residential (Vivmark) shares; skeptic refuted the report's price_date change (EQR traded 2026-08-17 on same sec_id); last trade 2026-08-14 not stated by a filing; cash only for fractions.; operator ruling 2026-10-03: last trade 2026-08-14 from the Form 25 notice; price ticker EQR per the skeptic
BBG000BLY636_2008-08-17,BBG000BLY636,IMB,reports/BBG000BLY636_2008-08-17.md,inferred,refuted,known_wrong,5g,ending,dropped,bankruptcy,false,,*,otc_print,,,,BBG000BLY636,IDMC,*,,,"IndyMac: NYSE suspension after bank seizure, Chapter 7 2008-07-31; bankruptcy drop (judgment call per skeptic), OTC IDMC; last trade 2008-07-11 inferred, no filing states it (8-K says suspended immediately 07-14).; operator ruling 2026-10-03: suspended immediately on D: the last trade date is not scored"
BBG000BM1RP0_2009-08-14,BBG000BM1RP0,FCL,reports/BBG000BM1RP0_2009-08-14.md,inferred,upheld,known_wrong,5d,ending,merger,,false,,,stock,,,1.0840,BBG000PM7GJ0,ANR,,,2009-07-31,"Foundation Coal: 1.0840 ANR per share, no cash; ending 2009-07-31 from 8-K 2.01 effective date only, no print."
BBG000BMB7R1_2016-05-17,BBG000BMB7R1,ITT,reports/BBG000BMB7R1_2016-05-17.md,inferred,,pass,,ending,exchange,,true,BBG00CVQZQ96,,continuation,,,,,,,,,"ITT Corp 1:1 holdco reorganization (8-K12B), successor ITT Inc.; last trade not stated."
BBG000BMDV41_2016-09-16,BBG000BMDV41,JCI,reports/BBG000BMDV41_2016-09-16.md,verified,upheld,known_wrong,5e,ending,merger,,false,,2016-09-02,cash_plus_stock,5.7293,USD,0.8357,BBG000BVWLJ6,JCI,2016-09-06,,2016-09-02,"JCI: default package $5.7293 + 0.8357 new JCI (Tyco); 8-K says NYSE suspended before open 2016-09-06, so last trade 2016-09-02 (skeptic upheld)."
BBG000BMZ7P7_2021-12-24,BBG000BMZ7P7,KSU,reports/BBG000BMZ7P7_2021-12-24.md,verified,,known_wrong,5f,ending,merger,,false,,2021-12-13,cash_plus_stock,90.00,USD,2.884,*,CP,2021-12-14,,2021-12-13,"Form 25-NSE notice: USD 90.00 + 2.884 CP, suspended 2021-12-14; CP not in run."
BBG000BMZLP6_2007-08-20,BBG000BMZLP6,AQNT,reports/BBG000BMZLP6_2007-08-20.md,inferred,upheld,known_wrong,5f,ending,merger,,false,,,cash,66.50,USD,,,,,,,"8-K: $66.50 cash, closed 2007-08-10; no filing or print states the last trade day, so not published.; operator ruling 2026-10-03: no source states the last session: internal date not scored"
BBG000BN53G7_2026-09-06,BBG000BN53G7,LEG,reports/BBG000BN53G7_2026-09-06.md,inferred,,known_wrong,5e,ending,merger,,false,,,stock,,,0.1455,BBG000PXGT62,SGI,,,2026-08-26,"8-K: 0.1455 SGI per LEG share, cash only for fractions; last trade worked out from closing date, not published."
BBG000BN6349_2013-12-02,BBG000BN6349,FMD,reports/BBG000BN6349_2013-12-02.md,verified,upheld,known_wrong,5f,ending_moved,merger,,false,,2016-08-22,cash,5.05,USD,,,,,,2016-08-22,"2013-12-02 was a 1-for-10 reverse split; real ending is the 2016 $5.05 cash merger, suspended before the open 2016-08-23 per 8-K item 3.01."
BBG000BNTTY4_2024-04-29,BBG000BNTTY4,MDC,reports/BBG000BNTTY4_2024-04-29.md,verified,upheld,known_wrong,5f,ending,merger,,false,,2024-04-18,cash,63.00,USD,,,,,,2024-04-18,8-K 3.01 and 25-NSE: suspended before open 2024-04-19; USD 63.00 cash.
BBG000BNVNY4_2021-12-12,BBG000BNVNY4,MDP,reports/BBG000BNVNY4_2021-12-12.md,verified,upheld,known_wrong,5f,ending,merger,,false,,2021-12-01,cash,59.17,USD,,,,,,2021-12-01,8-K 2.01: 16.99 Gray + 42.18 Dotdash (via one-to-one Holdings share) = 59.17 USD; skeptic upheld.
BBG000BNXLK1_2007-07-12,BBG000BNXLK1,MEL,reports/BBG000BNXLK1_2007-07-12.md,inferred,,known_wrong,5i,ending,exchange,,true,BBG000BD8PN9,,continuation,,,,,,,,2007-06-29,"R1: 1 BK share per Mellon share, no cash, even though BNY holders got 0.9434; successor BK line; last trade worked out from Sunday effective date, not published."
BBG000BP0KQ8_2026-08-14,BBG000BP0KQ8,EA,reports/BBG000BP0KQ8_2026-08-14.md,verified,,known_wrong,5f,ending,merger,,false,,2026-08-04,cash,210.00,USD,,,,,,2026-08-04,8-K 3.01: suspension before open 2026-08-05; $210 cash.
BBG000BPQD31_2020-11-26,BBG000BPQD31,MYL,reports/BBG000BPQD31_2020-11-26.md,inferred,upheld,known_wrong,5d,ending,exchange,,true,BBG00Y4RQNH4,,continuation,,,,,,,,2020-11-16,"R1/BHI: 1 VTRS per MYL share, $12B cash went to Pfizer not holders; last trade worked out, not published."
BBG000BPQVR5_2015-07-12,BBG000BPQVR5,RKT,reports/BBG000BPQVR5_2015-07-12.md,inferred,upheld,known_wrong,5f,ending,merger,,false,,2015-07-01,stock,,,1.0,BBG008NXC572,WRK,2015-07-02,,2015-07-01,R4: default package 1 WRK; cash-elector package 51.7514 USD + 0.1856 WRK; last trade is the library MIDAS date.
BBG000BPTDN6_2010-10-11,BBG000BPTDN6,NTY,reports/BBG000BPTDN6_2010-10-11.md,verified,upheld,known_wrong,5f,ending,merger,,false,,2010-09-30,cash,55.00,USD,,,,,,2010-09-30,"Form 25 notice: merger effective before open 2010-10-01, suspended that day, $55.00 cash."
BBG000BQ3F39_2011-05-07,BBG000BQ3F39,NOVL,reports/BBG000BQ3F39_2011-05-07.md,verified,,known_wrong,5f,ending,merger,,false,,2011-04-27,cash,6.10,USD,,,,,,2011-04-27,Attachmate $6.10 cash merger; 8-K item 3.01 states common stock ceased trading on Nasdaq at close 2011-04-27.
BBG000BQHGR6_2026-09-28,BBG000BQHGR6,OKE,reports/BBG000BQHGR6_2026-09-28.md,inferred,upheld,known_wrong,5d,ending,exchange,,true,*,,continuation,,,,,,,,2026-09-09,"1:1 holdco reorganization (8-K12B 2026-09-10), new ONEOK Inc CUSIP 30609A109, no cash; successor sec_id not in the run; last Legacy day worked out from effective date, no filing states it.; 5h ruling 2026-10-04 (identity follows the issuer and FIGI, R2): 5h links the continuation (its successor BBG024TZWVN1 past the fails data's end); what remains is the last trade date (worked out, so blank in the contract), 5d's"
BBG000BRF689_2016-10-14,BBG000BRF689,PNY,reports/BBG000BRF689_2016-10-14.md,verified,,known_wrong,5f,ending,merger,,false,,2016-10-03,cash,60.00,USD,,,,,,2016-10-03,Duke Energy $60.00 cash merger; Form 25-NSE notice says suspended 2016-10-04 so last trade 2016-10-03.
BBG000BRF6B5_2009-05-29,BBG000BRF6B5,RHDC,reports/BBG000BRF6B5_2009-05-29.md,verified,refuted,known_wrong,5g,ending,dropped,guidelines,false,,2008-12-31,otc_print,,,,BBG000BRF6B5,RHDC,2009-01-02,,2008-12-31,"NYSE Rule 802.01B market-cap removal, suspended before open 2009-01-02 per 8-K 3.01 (Form 25-NSE 2009-01-16), then Pink Sheets as RHDC; bankruptcy 2009-05 came after."
BBG000BRWGG9_2019-04-22,BBG000BRWGG9,RAD,reports/BBG000BRWGG9_2019-04-22.md,inferred,upheld,known_wrong,5g,ending_moved,dropped,bankruptcy,false,,2023-10-13,otc_print,,,,BBG000BRWGG9,RADCQ,2023-10-16,,2023-10-13,"2019 event is a 1-for-20 reverse split (CUSIP change); real ending is the 2023-10-16 chapter 11 and NYSE removal, OTC as RADCQ; last trade 2023-10-16 rests on fails rows only, so unpublished. Re-ruled 2026-10-04: last trade MIDAS 2023-10-13, published (price date 10-16)."
BBG000BS3FD4_2008-03-27,BBG000BS3FD4,RESP,reports/BBG000BS3FD4_2008-03-27.md,inferred,upheld,known_wrong,5f,ending,merger,,false,,,cash,66.00,USD,,,,,,,"Philips $66.00 cash merger closed 2008-03-14; no filing states the last trading day, so the published date is blank.; operator ruling 2026-10-03: no source states the last session: internal date not scored"
BBG000BSD7C2_2020-04-13,BBG000BSD7C2,RTN,reports/BBG000BSD7C2_2020-04-13.md,verified,upheld,known_wrong,5e,ending,merger,,false,,2020-04-02,stock,,,2.3348,BBG000BW8S60,RTX,2020-04-03,,2020-04-02,"2.3348 UTC shares per RTN share, no cash but fractions; UTC renamed Raytheon Technologies (RTX) at closing per its 2020-04-03 8-K; last trade from Form 25 notice (suspended before open 2020-04-03)."
BBG000BSGQN5_2015-10-11,BBG000BSGQN5,RYL,reports/BBG000BSGQN5_2015-10-11.md,verified,upheld,known_wrong,5e,ending,merger,,false,,2015-09-30,stock,,,1.0191,BBG000BTFDR9,CAA,2015-10-01,,2015-09-30,"1.0191 post-split CalAtlantic (CAA) shares per Ryland share, cash only for fractions; last trade from Form 25 EX-99.25 (merger effective before open 2015-10-01)."
BBG000BSVZM9_2009-11-04,BBG000BSVZM9,SGP,reports/BBG000BSVZM9_2009-11-04.md,inferred,,known_wrong,5e,ending,merger,,false,,,cash_plus_stock,10.50,USD,0.5767,BBG000BPD168,MRK,,,2009-11-03,"Merck/Schering-Plough: $10.50 cash + 0.5767 New Merck (MRK) per share per 8-K item 2.01; last trade 2009-11-03 worked out from closing and fails rows, no exchange print, so unpublished."
BBG000BT0093_2024-09-10,BBG000BT0093,SIRI,reports/BBG000BT0093_2024-09-10.md,inferred,,pass,,ending,exchange,,true,BBG01KJQM3Y8,,continuation,,,,,,,,,"Same issuer and class, SIRI kept on Nasdaq, 1-for-10 conversion with CUSIP change (R2); build script turns it into a continuation if the new CUSIP has its own composite (library holds BBG01KJQM3Y8).; R2: the new CUSIP 829933100 has its own FIGI BBG01KJQM3Y8, so two securities"
BBG000BTMDX4_2012-04-06,BBG000BTMDX4,SUG,reports/BBG000BTMDX4_2012-04-06.md,inferred,,known_wrong,5f,ending,merger,,false,,2012-03-26,stock,,,1.0,*,ETE,2012-03-27,,2012-03-26,"SUG: election merger into ETE effective 2012-03-26; Form 25 notice suspended 2012-03-27 so last trade 2012-03-26; no proration; operator ruling 2026-10-03: R4: the default package is what non-electors got, 1.0 ETE unit; operator ruling 2026-10-04 (5b pre-check): re-route: the election default package"
BBG000BTN971_2012-10-20,BBG000BTN971,SUN,reports/BBG000BTN971_2012-10-20.md,inferred,,known_wrong,5f,ending,merger,,false,,2012-10-04,cash_plus_stock,25.00,USD,0.5245,*,ETP,2012-10-05,,2012-10-04,SUN: ETP acquisition effective 2012-10-05; Standard Mix $25.00 + 0.5245 ETP units (8-K 2.01); last trade from MIDAS print 2012-10-04; ETP line not in run
BBG000BTQ9G8_2017-08-02,BBG000BTQ9G8,SVU,reports/BBG000BTQ9G8_2017-08-02.md,verified,upheld,known_wrong,5f,ending_moved,merger,,false,,2018-10-19,cash,32.50,USD,,,,,,2018-10-19,"SVU: 2017-08-02 ending not real; Form 25-NSE 2018-10-22: UNFI merger USD 32.50 cash, suspended 2018-10-22 so last trade 2018-10-19; post reverse-split CUSIP"
BBG000BV18Z1_2017-05-18,BBG000BV18Z1,TDW,reports/BBG000BV18Z1_2017-05-18.md,inferred,upheld,pass,,ending,dropped,bankruptcy,false,,,*,*,*,*,*,*,,,2017-07-31,"TDW: prepackaged Ch.11, old stock stayed on NYSE to plan effective 2017-07-31 (no Form 25); last day from fails rows only so not published; operator ruling 2026-10-03: residual; residual: the plan package includes Series A/B warrants, which no field carries"
BBG000BV3594_2007-12-06,BBG000BV3594,TEK,reports/BBG000BV3594_2007-12-06.md,verified,,known_wrong,5f,ending,merger,,false,,2007-11-21,cash,38.00,USD,,,,,,2007-11-21,"TEK: Danaher $38.00 cash merger effective 2007-11-21; Form 25 notice suspended 2007-11-23, 11-22 Thanksgiving, so last trade 2007-11-21"
BBG000BV52H0_2007-09-07,BBG000BV52H0,KSE,reports/BBG000BV52H0_2007-09-07.md,verified,,known_wrong,5f,ending,merger,,false,,2007-08-24,cash,42.00,USD,,,,,,2007-08-24,KSE: National Grid $42.00 cash merger 2007-08-24; Form 25 EX-99.25 suspended Monday 2007-08-27 so last trade 2007-08-24
BBG000BVW841_2009-06-08,BBG000BVW841,TXU,reports/BBG000BVW841_2009-06-08.md,inferred,upheld,known_wrong,5f,ending,merger,,false,,2007-10-10,cash,69.25,USD,,,,,,2007-10-10,TXU: LBO $69.25 cash effective 2007-10-10; NYSE 25-NSE (skeptic) suspended 2007-10-11 so last trade 2007-10-10; library's 2009 ending is a continued-filings guess
BBG000BWMX63_2026-08-30,BBG000BWMX63,WBS,reports/BBG000BWMX63_2026-08-30.md,verified,,known_wrong,5f,ending,merger,,false,,2026-08-19,cash_plus_stock,48.75,USD,2.0548,BBG000BTJS47,SAN,2026-08-20,,2026-08-19,"WBS: Santander merger effective 2026-08-20, USD 48.75 + 2.0548 SAN ADSs; 8-K 3.01 and Form 25 suspended before the open 2026-08-20"
BBG000BWPN99_2008-10-11,BBG000BWPN99,WEN,reports/BBG000BWPN99_2008-10-11.md,verified,,known_wrong,5e,ending,merger,,false,,2008-09-29,stock,,,4.25,BBG000D52545,WEN,2008-09-30,,2008-09-29,"WEN: 4.25 Triarc Class A (acquirer's WEN line, ticker_history BBG000D52545 from 2008-10-01) per share, cash only for fractions; 8-K says traded through close 2008-09-29"
BBG000BX67G5_2008-05-24,BBG000BX67G5,MLNM,reports/BBG000BX67G5_2008-05-24.md,inferred,upheld,known_wrong,5f,ending,merger,,false,,2008-05-14,cash,25.00,USD,,,,,,2008-05-14,"MLNM: Takeda $25.00 cash, merger effective 2008-05-14; 8-K press release says Nasdaq trading ends after the close on 2008-05-14 (skeptic)"
BBG000BYD720_2017-06-09,BBG000BYD720,JNS,reports/BBG000BYD720_2017-06-09.md,inferred,,known_wrong,5e,ending,merger,,false,,2017-05-26,stock,,,0.4719,BBG00GSNPM07,JHG,2017-05-30,,2017-05-26,"JNS to JHG stock merger 0.4719, 8-K and Form 25 notice; MIDAS agrees on 2017-05-26"
BBG000C070N2_2009-06-08,BBG000C070N2,XMSR,reports/BBG000C070N2_2009-06-08.md,inferred,upheld,known_wrong,5e,ending,merger,,false,,2008-07-28,stock,,,4.6,BBG000BT0093,SIRI,2008-07-29,,2008-07-28,"XMSR to SIRI 4.6 stock merger 2008-07-28; last trade date worked out from completion date, not published; operator ruling 2026-10-04 (5b pre-check): G3: a Nasdaq code-D halt is publishable (spec 1.2)"
BBG000C0BGS7_2009-10-30,BBG000C0BGS7,SEPR,reports/BBG000C0BGS7_2009-10-30.md,verified,,known_wrong,5f,ending,merger,,false,,2009-10-20,cash,23.00,USD,,,,,,2009-10-20,SEPR $23.00 cash; 8-K item 3.01 says trading ceased at close 2009-10-20
BBG000C0NY96_2019-08-11,BBG000C0NY96,TCF,reports/BBG000C0NY96_2019-08-11.md,verified,upheld,known_wrong,5e,ending,merger,,false,,2019-07-31,stock,,,0.5081,BBG000BFK8Y6,TCF,2019-08-01,,2019-07-31,Legacy TCF to Chemical (renamed TCF) 0.5081 stock; Form 25 notice suspension 2019-08-01; skeptic upheld price leg TCF
BBG000C11MQ5_2015-06-05,BBG000C11MQ5,PCYC,reports/BBG000C11MQ5_2015-06-05.md,inferred,upheld,known_wrong,5f,ending,merger,,false,,2015-05-22,cash_plus_stock,152.25,USD,*,BBG0025Y4RY4,ABBV,2015-05-26,,2015-05-22,PCYC default package $152.25 cash plus AbbVie shares worth $109.00 over the ABBV trading price; MIDAS agrees on 2015-05-22; operator ruling 2026-10-03: a dollar-valued stock leg over a VWAP: stock_ratio not scored; sub-plan 5f carries the floating stock leg in value_formula (spec 5f); was residual: Floating stock leg ($109.00 / AbbVie Trading Price) cannot be expressed as a fixed stock_ratio.
BBG000C1R174_2009-11-02,BBG000C1R174,HLTH,reports/BBG000C1R174_2009-11-02.md,inferred,,known_wrong,5d,ending,merger,,false,,,stock,,,0.4444,BBG000QW8XR0,WBMD,,,2009-10-23,"HLTH to WBMD 0.4444 stock merger 2009-10-23; last trade date worked out from Form 25 date, not published"
BBG000C2YHG9_2024-01-08,BBG000C2YHG9,DISH,reports/BBG000C2YHG9_2024-01-08.md,inferred,,pass,,ending,merger,,false,,2023-12-29,stock,,,0.350877,BBG000TGLV00,SATS,2024-01-02,,2023-12-29,DISH to SATS 0.350877 stock merger; MIDAS 2023-12-29 agrees with Form 25 effective date
BBG000C3HNW5_2014-10-30,BBG000C3HNW5,URS,reports/BBG000C3HNW5_2014-10-30.md,verified,,known_wrong,5e,ending,merger,,false,,2014-10-16,cash_plus_stock,33.00,USD,0.734,BBG000F61RJ8,ACM,2014-10-17,,2014-10-16,URS $33.00 plus 0.734 ACM default package; 8-K item 3.01 suspension before open 2014-10-17
BBG000C3JJC4_2015-02-12,BBG000C3JJC4,PL,reports/BBG000C3JJC4_2015-02-12.md,verified,,known_wrong,5f,ending,merger,,false,,2015-01-30,cash,70.00,USD,,,,,,2015-01-30,"PL $70.00 cash; Form 25 notice suspension 2015-02-02, so last trade 2015-01-30"
BBG000C3W281_2026-06-20,BBG000C3W281,MASI,reports/BBG000C3W281_2026-06-20.md,verified,,known_wrong,5f,ending,merger,,false,,2026-06-09,cash,180.00,USD,,,,,,2026-06-09,MASI $180.00 cash; 8-K item 3.01 ceased trading before open 2026-06-10
BBG000C496P7_2025-08-17,BBG000C496P7,PARA,reports/BBG000C496P7_2025-08-17.md,inferred,upheld,known_wrong,5f,ending,merger,,false,,2025-08-06,stock,,,1.0,*,PSKY,2025-08-07,,,"8-K 2025-08-07: Class B default package is one PSKY share; $15.00 cash election prorated, not in the default package (R4).; operator ruling 2026-10-03: price_sec_id not scored until the run holds the security"
BBG000C4MWH4_2023-07-05,BBG000C4MWH4,BGCP,reports/BBG000C4MWH4_2023-07-05.md,inferred,upheld,pass,,ending,exchange,,true,*,2023-06-30,continuation,,,,,,,,,"8-K12B 2023-07-03: one BGC Group share per BGCP share, no cash; 1:1 holdco, continuation (R1).; operator ruling 2026-10-03: successor_sec_id not scored until the run holds BGC Group"
BBG000C4Y9D6_2011-04-11,BBG000C4Y9D6,Q,reports/BBG000C4Y9D6_2011-04-11.md,verified,,pass,,ending,merger,,false,,2011-03-31,stock,,,0.1664,BBG000BGLRN3,CTL,2011-04-01,,,8-K 2011-04-05 and Form 25-NSE notice: 0.1664 CTL per Qwest share; suspended 2011-04-01.
BBG000C7B169_2011-07-31,BBG000C7B169,WMG,reports/BBG000C7B169_2011-07-31.md,verified,,known_wrong,5f,ending,merger,,false,,2011-07-19,cash,8.25,USD,,,,,,,"8-K 2011-07-20 and Form 25-NSE notice: $8.25 cash, suspended July 20 so last trade 07-19."
BBG000C7WZ16_2010-10-15,BBG000C7WZ16,JNY,reports/BBG000C7WZ16_2010-10-15.md,verified,upheld,known_wrong,5f,ending_moved,merger,,false,,2014-04-08,cash,15.00,USD,,,,,,2014-04-08,"2010 event was a rename with CUSIP change; real ending is the 2014 Sycamore $15.00 cash merger, Form 25 notice says suspended 2014-04-09."
BBG000C9N6Q9_2011-03-15,BBG000C9N6Q9,ANN,reports/BBG000C9N6Q9_2011-03-15.md,verified,upheld,known_wrong,5f,ending_moved,merger,,false,,2015-08-21,cash_plus_stock,37.34,USD,0.68,BBG000BGZ9V9,ASNA,2015-08-24,,2015-08-21,"2011 event is a name change (8-K 5.03, CUSIP 036115103 to 035623107); real ending is the Ascena merger effective 2015-08-21 per 2015 Form 25-NSE; last trade worked out from the effective date.; operator ruling 2026-10-03: price ticker ASNA on line CIK1498301-COMMON"
BBG000CB2ZY4_2011-02-28,BBG000CB2ZY4,KG,reports/BBG000CB2ZY4_2011-02-28.md,verified,upheld,known_wrong,5f,ending,merger,,false,,2011-02-28,cash,14.25,USD,,,,,,,8-K 2011-02-08 item 3.01: listed through 2011-02-28; Form 25 effective 2011-02-28; $14.25 cash per 8-K 2011-02-04.
BBG000CG0HP5_2008-01-05,BBG000CG0HP5,HCR,reports/BBG000CG0HP5_2008-01-05.md,verified,,known_wrong,5f,ending,merger,,false,,2007-12-21,cash,67.00,USD,,,,,,,"8-K 2007-12-21: $67.00 cash, NYSE suspension at the open of the next business day after the 2007-12-21 closing."
BBG000CGQ485_2008-12-04,BBG000CGQ485,IMCL,reports/BBG000CGQ485_2008-12-04.md,inferred,,known_wrong,5f,ending,merger,,false,,,cash,70.00,USD,,,,,,2008-11-21,"8-K 2008-11-26: $70.00 cash, effective 8:28 AM 2008-11-24; last trade 2008-11-21 worked out, no filing states it."
BBG000CGQ6M4_2018-11-10,BBG000CGQ6M4,PX,reports/BBG000CGQ6M4_2018-11-10.md,verified,,pass,,ending,exchange,,true,BBG00GVR8YQ9,2018-10-30,continuation,,,,,,,,,"8-K 2018-10-31: one Linde plc share per Praxair share, no cash; R1 makes it a continuation though Linde AG holders joined; suspended at close 2018-10-30."
BBG000CL1HL7_2021-12-10,BBG000CL1HL7,CLI,reports/BBG000CL1HL7_2021-12-10.md,verified,upheld,pass,,ending_moved,*,*,*,*,*,*,*,*,*,*,*,*,*,,"8-K 2021-12-07 item 5.03: rename and ticker CLI to VRE, same CUSIP 554489104, still trading.; operator ruling 2026-10-03 (5a pre-check): re-shaped to ending_moved: the old event is not the ending, the line ends later"
BBG000CNZC55_2020-07-11,BBG000CNZC55,ODP,reports/BBG000CNZC55_2020-07-11.md,inferred,upheld,known_wrong,5d,ending,exchange,,true,*,,continuation,,,,,,,,2020-06-30,1:1 holdco reorg to ODP Corp (8-K12B); successor not in run; last trade date from effective time only
BBG000CS7CB8_2007-11-25,BBG000CS7CB8,JNC,reports/BBG000CS7CB8_2007-11-25.md,verified,,known_wrong,5f,ending,merger,,false,,2007-11-13,cash,65.00,USD,,,,,,2007-11-13,Cash LBO $65.00; Form 25 notice: suspended 2007-11-14
BBG000CXLZ20_2010-10-11,BBG000CXLZ20,ACF,reports/BBG000CXLZ20_2010-10-11.md,verified,,known_wrong,5f,ending,merger,,false,,2010-09-30,cash,24.50,USD,,,,,,2010-09-30,"Cash merger $24.50; Form 25 notice: effective 12:01 AM 2010-10-01, suspended"
BBG000DBVBY4_2021-03-11,BBG000DBVBY4,EV,reports/BBG000DBVBY4_2021-03-11.md,verified,upheld,known_wrong,5e,ending,merger,,false,,2021-02-26,cash_plus_stock,28.25,USD,0.5833,BBG000BLZRJ2,MS,2021-03-01,,2021-02-26,"Morgan Stanley election deal, mixed default package 28.25 USD + 0.5833 MS; skeptic upheld"
BBG000DGZ1B6_2009-06-08,BBG000DGZ1B6,MWW,reports/BBG000DGZ1B6_2009-06-08.md,verified,upheld,known_wrong,5f,ending_moved,merger,,false,,2016-10-31,cash,3.40,USD,,,,,,2016-10-31,"2009 ending invented by continued-filings guess; real cash merger with Randstad 2016-11-01 at $3.40, Form 25 notice suspended 2016-11-01; skeptic upheld"
BBG000DQV8M1_2010-12-17,BBG000DQV8M1,MIR,reports/BBG000DQV8M1_2010-12-17.md,verified,upheld,known_wrong,5e,ending,merger,,false,,2010-12-03,stock,,,2.835,*,GEN,2010-12-06,,2010-12-03,Stock merger 2.835 RRI Energy renamed GenOn (GEN from 2010-12-06); Form 25 notice: converted 2010-12-03; GenOn line not in run
BBG000DQX1D4_2016-04-03,BBG000DQX1D4,POM,reports/BBG000DQX1D4_2016-04-03.md,verified,,known_wrong,5f,ending,merger,,false,,2016-03-23,cash,27.25,USD,,,,,,2016-03-23,"Cash merger $27.25 with Exelon; Form 25 notice: effective after close 2016-03-23, suspended before open 2016-03-24"
BBG000DST2V3_2012-06-04,BBG000DST2V3,EP,reports/BBG000DST2V3_2012-06-04.md,inferred,refuted,known_wrong,residual,ending,merger,,false,,2012-05-24,cash_plus_stock,14.53,USD,0.4231,BBG0019JZ882,KMI,2012-05-25,,2012-05-24,"Skeptic refuted section 3: 14.53 cash + 0.4231 KMI is the final prorated stock-election package (8-K 2012-05-30, R4); mixed 14.65/0.4187 applies to about 23% of shares; Form 25 notice: suspended 2012-05-25; residual: 0.640 KMI warrant per share is part of the package and the rule has no field for it"
BBG000DY6735_2013-12-31,BBG000DY6735,WW,reports/BBG000DY6735_2013-12-31.md,inferred,upheld,known_wrong,5h,ending_moved,dropped,bankruptcy,false,,2025-05-15,otc_print,,,,BBG000DY6735,WGHTQ,2025-05-16,,2025-05-15,"2013 ending is an artifact; real ending is the 2025 chapter 11 Nasdaq delisting (8-K 2025-05-09: suspend at open 2025-05-16), old stock traded OTC as WGHTQ so R6 otc_print; plan gives 900,000 of 10,000,000 new shares to old holders; skeptic upheld"
BBG000DY8ZS4_2019-05-15,BBG000DY8ZS4,WFT,reports/BBG000DY8ZS4_2019-05-15.md,verified,upheld,known_wrong,5g,ending,dropped,price,false,,2019-05-10,otc_print,,,,BBG000DY8ZS4,WFTIF,2019-05-13,,2019-05-10,NYSE suspension for abnormally low price before open 2019-05-13 (8-K 2019-05-16); OTC WFTIF from 2019-05-14; drop_reason price judged closer than guidelines; operator ruling 2026-10-04 (5b pre-check): re-route: the OTC print
BBG000DZCFX4_2020-06-02,BBG000DZCFX4,LPI,reports/BBG000DZCFX4_2020-06-02.md,verified,upheld,pass,,ending_moved,*,*,*,*,*,*,*,*,*,*,*,*,*,,"1-for-20 reverse split 2020-06-01, same LPI listing on NYSE, 8-K item 5.03; no Form 25 or 15 (R2); operator ruling 2026-10-03 (5a pre-check): re-shaped to ending_moved: the old event is not the ending, the line ends later"
BBG000F2XXP2_2023-05-31,BBG000F2XXP2,SBGI,reports/BBG000F2XXP2_2023-05-31.md,inferred,upheld,pass,,ending,exchange,,true,BBG01GJ3NY88,,continuation,,,,,,,,2023-05-31,"1:1 holdco reorganization (8-K 2023-06-01, Rule 12g-3); last trade worked out from 12:00am effective time, not published; the $0.25 dividend is on the successor (BHI rule)"
BBG000FBWYH0_2026-07-06,BBG000FBWYH0,PRA,reports/BBG000FBWYH0_2026-07-06.md,verified,,known_wrong,5f,ending,merger,,false,,2026-06-25,cash,25.00,USD,,,,,,2026-06-25,"Doctors Company cash merger; Form 25-NSE notice: suspended 2026-06-26, merger effective before the open, USD 25.00"
BBG000FHN2M1_2007-12-14,BBG000FHN2M1,CKFR,reports/BBG000FHN2M1_2007-12-14.md,inferred,upheld,known_wrong,5f,ending,merger,,false,,,cash,48.00,USD,,,,,,2007-12-03,"Fiserv $48.00 cash merger closed evening of 2007-12-03 (8-K); date worked out from closing, no print or trading statement, so not published"
BBG000FJJW82_2008-12-06,BBG000FJJW82,ABI,reports/BBG000FJJW82_2008-12-06.md,inferred,,known_wrong,5e,ending,merger,,false,,,cash_plus_stock,17.10,USD,0.4543,BBG000CKJ0P3,IVGN,,,2008-11-21,"Invitrogen election deal, default package 17.10 USD + 0.4543 IVGN (R4); last trade worked out from the Form 25 notice's merger-effective date, not published; acquirer line BBG000CKJ0P3 (IVGN then LIFE)"
BBG000FL1TC8_2015-08-03,BBG000FL1TC8,DTV,reports/BBG000FL1TC8_2015-08-03.md,inferred,,known_wrong,5f,ending,merger,,false,,2015-07-24,cash_plus_stock,28.50,USD,1.892,BBG000BSJK37,T,2015-07-27,,2015-07-24,AT&T 1.892 shares + $28.50 cash (8-K 2015-07-24); last trade 2015-07-24 from MIDAS
BBG000FRVFM1_2011-12-15,BBG000FRVFM1,PPDI,reports/BBG000FRVFM1_2011-12-15.md,verified,,known_wrong,5f,ending,merger,,false,,2011-12-05,cash,33.25,USD,,,,,,2011-12-05,Jaguar $33.25 cash merger; 8-K item 3.01: trading suspended after the close on 2011-12-05
BBG000FVQ434_2016-07-23,BBG000FVQ434,IHS,reports/BBG000FVQ434_2016-07-23.md,verified,,known_wrong,5e,ending,merger,,false,,2016-07-12,stock,,,3.5566,BBG006G063F9,INFO,2016-07-13,,2016-07-12,"All-stock merger into Markit/IHS Markit (INFO), 3.5566 per share; Form 25-NSE: suspended 2016-07-13"
BBG000FXYZF9_2008-11-10,BBG000FXYZF9,WM,reports/BBG000FXYZF9_2008-11-10.md,inferred,upheld,known_wrong,5g,ending,dropped,bankruptcy,false,,2008-09-25,otc_print,,,,BBG000FXYZF9,WAMUQ,2008-09-26,,2008-09-25,"Ch.11 2008-09-26; NYSE halt at open 2008-09-26, suspended 2008-09-29; OTC symbol WAMUQ (fails rows from 2008-10-03, same CUSIP); last trade date inferred only.; operator ruling 2026-10-03: R8: halted at the open 2008-09-26, last trade 2008-09-25"
BBG000G0PPW3_2016-12-11,BBG000G0PPW3,AMSG,reports/BBG000G0PPW3_2016-12-11.md,verified,refuted,pass,,ending,exchange,,true,BBG00D3CHRC0,2016-12-01,continuation,,,,,,,,2016-12-01,"Skeptic refuted 0.334 (that is Envision Holdings' ratio); AmSurg holders got 1 new Envision share per share, no cash (R1); 8-K item 3.01 suspension before open 2016-12-02; successor = new EVHC line (BBG00D3CHRC0)"
BBG000G61VB6_2007-07-23,BBG000G61VB6,BOT,reports/BBG000G61VB6_2007-07-23.md,verified,upheld,known_wrong,5f,ending,merger,,false,,2007-07-12,stock,,,0.375,BBG000BHLYP4,CME,2007-07-13,,2007-07-12,"CBOT all-stock merger, final ratio 0.375 CME Class A (8-K 2007-07-06, Form 25-NSE: suspended 2007-07-13)"
BBG000G6BN50_2017-07-28,BBG000G6BN50,PNRA,reports/BBG000G6BN50_2017-07-28.md,inferred,,known_wrong,5f,ending,merger,,false,,2017-07-17,cash,315.00,USD,,,,,,2017-07-17,8-K 2017-07-18: $315 cash per share; last trade from MIDAS print 2017-07-17
BBG000GTYWL7_2026-01-18,BBG000GTYWL7,QGEN,reports/BBG000GTYWL7_2026-01-18.md,inferred,upheld,pass,,no_ending,,,,,,,,,,,,,,,"QGEN reverse split/capital repayment, CUSIP change N72482206 to N72482156, still NYSE listed (20-F)"
BBG000GYLKX3_2013-10-07,BBG000GYLKX3,SFD,reports/BBG000GYLKX3_2013-10-07.md,verified,,known_wrong,5f,ending,merger,,false,,2013-09-26,cash,34.00,USD,,,,,,,8-K 2013-09-26 $34 cash; Form 25-NSE suspended 2013-09-27
BBG000H89QJ6_2016-05-28,BBG000H89QJ6,TWC,reports/BBG000H89QJ6_2016-05-28.md,verified,upheld,known_wrong,5f,ending,merger,,false,,2016-05-17,cash_plus_stock,100.00,USD,0.48908178,BBG000VPGNR2,CHTR,2016-05-18,,,Form 25-NSE notice: Option A default $100 + 0.48908178 New Charter; suspended 2016-05-18; Option B and 0.5409 old-Charter equivalent not used
BBG000HZFZX3_2017-11-11,BBG000HZFZX3,LVLT,reports/BBG000HZFZX3_2017-11-11.md,verified,,known_wrong,5f,ending,merger,,false,,2017-10-31,cash_plus_stock,26.50,USD,1.4286,BBG000BGLRN3,CTL,2017-11-01,,,8-K 2017-11-01 and Form 25-NSE: $26.50 + 1.4286 CTL; suspended on merger date
BBG000J453J8_2019-05-12,BBG000J453J8,CCO,reports/BBG000J453J8_2019-05-12.md,verified,upheld,pass,,ending,exchange,,true,*,2019-05-01,continuation,,,,,,,,2019-05-01,"1:1 holdco merger, CCO kept trading on NYSE (8-K12B, Form 25 notice); CUSIP change; R2: the new CUSIP 18453H106 has its own FIGI BBG000SSC5C9, so two securities; operator ruling 2026-10-03 (5a pre-check): last trade date from the Form 25 notice"
BBG000JBSJZ4_2014-07-01,BBG000JBSJZ4,FNF,reports/BBG000JBSJZ4_2014-07-01.md,inferred,,known_wrong,5i,ending,exchange,,true,BBG006N7S6K9,,continuation,,,,,,,,2014-06-30,"8-K 2014-06-30 recap: 1 FNF Group share per old share, FNFV is a distribution; last trade from fails rows only"
BBG000JXRXK2_2009-06-08,BBG000JXRXK2,SOV,reports/BBG000JXRXK2_2009-06-08.md,verified,upheld,known_wrong,5e,ending,merger,,false,,2009-01-29,stock,,,0.3206,*,STD,2009-01-30,,,"8-K 2009-01-30 and Form 25-NSE: 0.3206 Santander ADS, suspended 2009-01-30; STD ticker is outside knowledge, ADS not in run"
BBG000K3T8L8_2018-06-16,BBG000K3T8L8,GXP,reports/BBG000K3T8L8_2018-06-16.md,inferred,,known_wrong,5e,ending,merger,,false,,2018-06-04,stock,,,0.5981,BBG00H433CR2,EVRG,2018-06-05,,2018-06-04,8-K 2018-06-04 and Form 25 notice: 0.5981 EVRG per share; last trade from MIDAS print 2018-06-04
BBG000KBQZ88_2015-08-02,BBG000KBQZ88,CTRX,reports/BBG000KBQZ88_2015-08-02.md,verified,,known_wrong,5f,ending,merger,,false,,2015-07-23,cash,61.50,USD,,,,,,2015-07-23,8-K 2015-07-23 item 3.01: ceases trading at close on closing date; US$61.50 cash
BBG000KZCJJ4_2020-04-09,BBG000KZCJJ4,AYR,reports/BBG000KZCJJ4_2020-04-09.md,verified,,known_wrong,5f,ending,merger,,false,,2020-03-27,cash,32.00,USD,,,,,,2020-03-27,"Aircastle cash merger, USD 32.00; Form 25-NSE notice says suspended 2020-03-30 so last trade 2020-03-27."
BBG000L93Q69_2007-07-22,BBG000L93Q69,THE,reports/BBG000L93Q69_2007-07-22.md,inferred,,known_wrong,5e,ending,merger,,false,,,cash_plus_stock,16.00,USD,0.979,*,HERO,,,2007-07-11,"TODCO to Hercules Offshore, 16.00 USD + 0.979 HERO (election deal, fixed mix); last trade worked out from effective date 2007-07-11, not published."
BBG000M34GG1_2022-07-31,BBG000M34GG1,MIC,reports/BBG000M34GG1_2022-07-31.md,verified,upheld,known_wrong,5f,ending,merger,,false,,2022-07-20,cash,4.11,USD,,,,,,2022-07-20,"Argo cash merger, USD 4.11 per unit (8-K 2.01); Form 25-NSE notice suspended 2022-07-21 so last trade 2022-07-20; the $41.18 proxy headline is not the consideration."
BBG000MJRJJ2_2023-08-24,BBG000MJRJJ2,HHC,reports/BBG000MJRJJ2_2023-08-24.md,verified,upheld,pass,,ending,exchange,,true,BBG01HTMDZ54,2023-08-11,continuation,,,,,,,,2023-08-11,Holdco reorganization 1:1 into HHH (BBG01HTMDZ54); Form 25 notice suspended before open 2023-08-14 so last trade 2023-08-11.
BBG000N8Y8W6_2017-07-27,BBG000N8Y8W6,AWH,reports/BBG000N8Y8W6_2017-07-27.md,inferred,upheld,known_wrong,5f,ending,merger,,false,,,cash_plus_stock,23.00,USD,0.057937,*,FFH,,,,Fairfax exchange offer: 23.00 USD + 0.057937 FFH; the $5.00 special dividend is paid outside the offer and not consideration; last trade date not sourced.; operator ruling 2026-10-03: no source states the last session: internal date not scored
BBG000P1K2X6_2026-07-26,BBG000P1K2X6,GTLS,reports/BBG000P1K2X6_2026-07-26.md,verified,,known_wrong,5f,ending,merger,,false,,2026-07-15,cash,210.00,USD,,,,,,2026-07-15,Baker Hughes cash merger at USD 210.00; Form 25 notice suspended 2026-07-16 so last trade 2026-07-15.
BBG000P4BQM9_2018-07-16,BBG000P4BQM9,SPB,reports/BBG000P4BQM9_2018-07-16.md,verified,upheld,pass,,ending,exchange,,true,BBG000DS5588,2018-07-13,continuation,,,,,,,,2018-07-13,"Ruling R1 overrides the report's merger call: one HRG share (post reverse split) per old SPB share, no cash, issuer change allowed; successor BBG000DS5588; 8-K says old shares ceased trading at the 2018-07-13 closing."
BBG000PJ88D0_2015-08-27,BBG000PJ88D0,GTI,reports/BBG000PJ88D0_2015-08-27.md,verified,,known_wrong,5f,ending,merger,,false,,2015-08-14,cash,5.05,USD,,,,,,2015-08-14,Brookfield cash tender plus merger at US$5.05; Form 25 notice suspended 2015-08-17 so last trade 2015-08-14.
BBG000PSSG77_2009-03-31,BBG000PSSG77,IDARQ,reports/BBG000PSSG77_2009-03-31.md,verified,upheld,known_wrong,5g,ending,dropped,price,false,,2008-11-20,otc_print,,,,BBG000PSSG77,IDAR,2008-11-21,,2008-11-20,"NYSE price delisting (Form 25-NSE EX-99.25 and 8-K 3.01: suspended before open 2008-11-21), then OTC as IDAR; bankruptcy came later."
BBG000PTXBV3_2016-07-22,BBG000PTXBV3,HTS,reports/BBG000PTXBV3_2016-07-22.md,verified,,known_wrong,5e,ending,merger,,false,,2016-07-12,cash_plus_stock,5.55,USD,0.9894,BBG000BJFJ98,NLY,2016-07-13,,2016-07-12,"Annaly merger election deal; default mixed package 5.55 USD + 0.9894 NLY (alternatives 15.85 cash or 1.5226 NLY, prorated); Form 25 notice suspended 2016-07-12."
BBG000PYZSR8_2016-05-18,BBG000PYZSR8,CHTR,reports/BBG000PYZSR8_2016-05-18.md,inferred,upheld,known_wrong,5f,ending,merger,,false,,,stock,,,0.9042,BBG000VPGNR2,CHTR,,,2016-05-17,"R1: 0.9042 new CHTR per old share, no cash, new CUSIP: stock merger; last trade 05-17 worked out only (no print), so unpublished"
BBG000Q02P20_2011-11-14,BBG000Q02P20,MGI,reports/BBG000Q02P20_2011-11-14.md,inferred,upheld,pass,,ending_moved,*,*,*,*,*,*,*,*,*,*,*,*,*,,"1-for-8 reverse split, same ticker/issuer, NYSE listing continued (10-K cover); R2; operator ruling 2026-10-03 (5a pre-check): re-shaped to ending_moved: the old event is not the ending, the line ends later"
BBG000Q5RW63_2014-07-01,BBG000Q5RW63,NRF,reports/BBG000Q5RW63_2014-07-01.md,verified,,pass,,ending,exchange,,true,BBG006QRCDZ8,,continuation,,,,,,,,,"8-K12B: 1:1 holdco reorg, uninterrupted trading, spin-off after exchange is a distribution on successor"
BBG000QDST26_2016-10-24,BBG000QDST26,ITC,reports/BBG000QDST26_2016-10-24.md,verified,,known_wrong,5f,ending,merger,,false,,2016-10-13,cash_plus_stock,22.57,USD,0.7520,BBG000K9SSS5,FTS,2016-10-14,,2016-10-13,8-K item 3.01 suspension before NYSE open 2016-10-14; US$22.57 + 0.7520 Fortis shares
BBG000QGWY50_2025-06-12,BBG000QGWY50,BLUE,reports/BBG000QGWY50_2025-06-12.md,inferred,upheld,known_wrong,5f,ending,merger,,false,,2025-05-30,cash,5.00,USD,,,,,,2025-05-30,"8-K item 3.01 halt before open 2025-06-02; election deal, no default fixed; report publishes the $5.00 all-cash alternative (R4); CVR alternative ($3.00 + CVR up to $6.84) noted only"
BBG000V31J96_2018-03-24,BBG000V31J96,CPN,reports/BBG000V31J96_2018-03-24.md,verified,,known_wrong,5f,ending,merger,,false,,2018-03-08,cash,15.25,USD,,,,,,2018-03-08,8-K item 3.01 suspension before NYSE open 2018-03-09 (MIDAS agrees); $15.25 cash
BBG000VMWHH5_2022-04-18,BBG000VMWHH5,DISCK,reports/BBG000VMWHH5_2022-04-18.md,verified,upheld,pass,,ending,exchange,,true,BBG011386VF4,2022-04-08,continuation,,,,,,,,2022-04-08,"8-K item 3.03: 1:1 reclassification into WBD, no cash; item 3.01 Nasdaq suspension before open 2022-04-11; skeptic upheld"
BBG0017T9998_2020-07-30,BBG0017T9998,CZR,reports/BBG0017T9998_2020-07-30.md,inferred,upheld,known_wrong,5f,ending,merger,,false,,2020-07-17,cash,12.41,USD,,,,,,2020-07-17,"Election deal (R4): no filing states the final aggregate; no-election default is cash ~$12.41; the report's aggregate 8.93 + 0.0915 ERI is worked out, not stated. Last trade 2020-07-20 best estimate, no print (2020-07-17 possible); operator ruling 2026-10-03: R8: suspended on the 2020-07-20 closing date, last trade 2020-07-17"
BBG001BP9474_2015-02-27,BBG001BP9474,EGL,reports/BBG001BP9474_2015-02-27.md,inferred,refuted,pass,,ending_moved,*,*,*,*,*,*,*,*,*,*,*,*,*,,8-K12B: 1:1 into New Engility; $11.434 special dividend treated as distribution (BHI ruling); successor line not in run; last trade 02-26 worked out only; operator ruling 2026-10-04 (5c pre-check): re-shaped to ending_moved
BBG001D9S707_2010-05-25,BBG001D9S707,DYN,reports/BBG001D9S707_2010-05-25.md,inferred,upheld,pass,,ending,exchange,,true,*,,continuation,,,,,,,,2010-05-25,"2010 reverse split is no ending; real ending 2012 Chapter 11: Form 25-NSE notice says suspended before open 2012-07-06 so last trade 2012-07-05; old line traded OTC as DYNIQ so otc_print (R6); R2: the new CUSIP 26817G300 has its own FIGI BBG000BNLX91, so two securities; operator ruling 2026-10-03 (5a pre-check): last trade dates corrected for the 2010 continuation"
BBG001KWG293_2021-06-25,BBG001KWG293,GRUB,reports/BBG001KWG293_2021-06-25.md,inferred,,known_wrong,5d,ending,merger,,false,,2021-06-14,stock,,,3.355,*,*,2021-06-15,,2021-06-14,"Stock merger 3.355 JET ADS per share; last trade 06-15 from MIDAS, 8-K says only suspended June 15 (06-14 not excluded); operator ruling 2026-10-03: JET ADS: price_sec_id and price_ticker not scored (no non-fails symbol source); residual: JET ADS (CUSIP 48214T305) trades OTC and the run has no ticker or price source for it"
BBG001YMS0B8_2015-07-12,BBG001YMS0B8,KRFT,reports/BBG001YMS0B8_2015-07-12.md,verified,,pass,,ending,exchange,,true,BBG005CPNTQ2,2015-07-02,continuation,,,,,,,,2015-07-02,"Cash plus stock: USD 16.50 merger-conditioned special dividend plus 1 KHC share; ceased trading at close 2015-07-02 (8-K press release); 07-03 market holiday; operator ruling 2026-10-04 (5c pre-check): a deal's special dividend is never consideration; what is left is 1 KHC per KRFT share, no cash, into a new issuer (Kraft Heinz, registered 2015): a continuation under R1"
BBG00265T6Q4_2023-02-13,BBG00265T6Q4,STOR,reports/BBG00265T6Q4_2023-02-13.md,verified,,known_wrong,5f,ending,merger,,false,,2023-02-02,cash,32.25,USD,,,,,,2023-02-02,"All-cash merger USD 32.25; Form 25 notice says suspended 2023-02-03, merger effective before the open"
BBG002B67HB2_2025-08-01,BBG002B67HB2,UNIT,reports/BBG002B67HB2_2025-08-01.md,inferred,refuted,known_wrong,5e,ending,merger,,false,,,stock,,,0.6029,*,UNIT,,,2025-08-01,Skeptic refuted the continuation: 0.6029 for 1 with changed holders is a stock merger priced on UNIT; last trade only from fails rows so unpublished; operator ruling 2026-10-03: price_sec_id not scored until the run holds the security
BBG002BHBHM1_2020-10-23,BBG002BHBHM1,MNK,reports/BBG002BHBHM1_2020-10-23.md,inferred,upheld,known_wrong,5g,ending,dropped,bankruptcy,false,,2020-10-09,otc_print,,,,BBG002BHBHM1,MNKKQ,2020-10-12,,2020-10-09,Bankruptcy drop; Form 25 notice: suspended prior to open 2020-10-12 so last trade 10-09; OTC symbol MNKKQ from fails rows only; operator ruling 2026-10-03: OTC symbol MNKKQ accepted (the security's own CUSIP after the last trade)
BBG002W96FT9_2015-10-12,BBG002W96FT9,GOOG,reports/BBG002W96FT9_2015-10-12.md,verified,,pass,,ending,exchange,,true,BBG009S3NB30,2015-10-02,continuation,,,,,,,,2015-10-02,1:1 holdco reorganization into Alphabet Class C; Nasdaq suspended after close 2015-10-02
BBG0038K9G41_2018-03-19,BBG0038K9G41,LVNTA,reports/BBG0038K9G41_2018-03-19.md,inferred,,pass,,ending,merger,,false,,2018-03-09,stock,,,1.0,BBG00K7K2XZ0,GLIBA,2018-03-12,,2018-03-09,"Split-off redemption 1 GLIBA per LVNTA, no cash; Form 25 effective 2018-03-09, split-off at 4:01 pm that day"
BBG003P9ZSL3_2016-04-28,BBG003P9ZSL3,LMCA,reports/BBG003P9ZSL3_2016-04-28.md,inferred,upheld,known_wrong,5f,ending,exchange,,false,,,basket,,,,,,,,2016-04-15,"One-to-three tracking stock reclassification, no cash (R3 basket); last trade 04-15 rests on the 8-K's after-the-close charter filing, so unpublished; operator ruling 2026-10-03: BATRA leg sec_id not scored until the run holds it"
BBG003PGJHP5_2026-08-03,BBG003PGJHP5,TMHC,reports/BBG003PGJHP5_2026-08-03.md,verified,upheld,known_wrong,5f,ending,merger,,false,,2026-07-24,cash,72.50,USD,,,,,,2026-07-24,All-cash USD 72.50 merger; 8-K item 3.01 says suspension followed the close of trading on 2026-07-24
BBG004P33PN3_2026-05-11,BBG004P33PN3,CWENA,reports/BBG004P33PN3_2026-05-11.md,verified,upheld,pass,,ending,exchange,,true,BBG008LJ4TF3,2026-04-30,continuation,,,,,,,,2026-04-30,"1:1 Class A to Class C conversion of one issuer, no cash; Form 25 notice: suspended May 1 at the 12:01 am conversion"
BBG005CPNTQ2_2026-09-18,BBG005CPNTQ2,KHC,reports/BBG005CPNTQ2_2026-09-18.md,inferred,upheld,pass,,no_ending,,,,,,,,,,,,,,,"KHC moved the same common stock Nasdaq to NYSE (Form 25 + 8-A12B, 8-K 3.01), still trading as KHC"
BBG005DKMJ67_2025-04-29,BBG005DKMJ67,LTRPA,reports/BBG005DKMJ67_2025-04-29.md,inferred,,known_wrong,5g,ending,dropped,price,false,,*,otc_print,,,,*,*,*,,,"DEFM14A/15-12G: $0.2567 cash per LTRPA share, OTCQB so no exchange print; operator ruling 2026-10-04 (5b pre-check): G4: the 2023 Nasdaq removal is the ending, not the 2025 OTC merger (decision 11)"
BBG005PWSVQ3_2016-08-31,BBG005PWSVQ3,WPG,reports/BBG005PWSVQ3_2016-08-31.md,verified,upheld,pass,,ending_moved,*,*,*,*,*,*,*,*,*,*,*,*,*,,"WP Glimcher renamed Washington Prime Group, same CIK, CUSIP change only (8-K 2016-09-02); operator ruling 2026-10-03 (5a pre-check): re-shaped to ending_moved: the old event is not the ending, the line ends later"
BBG005SW6TK5_2016-04-28,BBG005SW6TK5,LMCK,reports/BBG005SW6TK5_2016-04-28.md,inferred,upheld,known_wrong,5f,ending,merger,,false,,,basket,,,,,,,,2016-04-15,"8-K 2016-04-19: old LMCK Series C reclassified into three tracking stocks, stock only (R3 basket); no filing states the last trade day"
BBG0060HN0R3_2016-03-04,BBG0060HN0R3,KING,reports/BBG0060HN0R3_2016-03-04.md,verified,upheld,known_wrong,5f,ending,merger,,false,,2016-02-22,cash,18.00,USD,,,,,,2016-02-22,"Form 25-NSE EX-99.25 and 6-K: $18.00 cash per ordinary share, effective before open 2016-02-23"
BBG0069FL5L5_2016-09-26,BBG0069FL5L5,MRD,reports/BBG0069FL5L5_2016-09-26.md,verified,,known_wrong,5e,ending,merger,,false,,2016-09-15,stock,,,0.375,BBG000FVXD63,RRC,2016-09-16,,2016-09-15,"8-K 2016-09-16: 0.375 RRC per MRD share, trading suspended before open 2016-09-16; cash only for fractions"
BBG006F8QZK4_2024-12-07,BBG006F8QZK4,VSTO,reports/BBG006F8QZK4_2024-12-07.md,verified,upheld,known_wrong,5f,ending,merger,,false,,2024-11-26,basket,25.75,USD,,,,,,2024-11-26,"8-K and Form 25-NSE: USD 25.75 cash plus one Revelyst (GEAR) spin-off share (R3 basket), effective before open 2024-11-27"
BBG006GNRZ83_2026-08-30,BBG006GNRZ83,LBRDA,reports/BBG006GNRZ83_2026-08-30.md,inferred,,pass,,ending,merger,,false,,2026-08-19,stock,,,0.236,BBG000VPGNR2,CHTR,2026-08-20,,2026-08-19,"LBRDA converted to 0.236 CHTR Class A, effective 11:56pm 2026-08-19 (8-K); cash only for fractions; Nasdaq halt agrees"
BBG006GNSZW5_2026-08-30,BBG006GNSZW5,LBRDK,reports/BBG006GNSZW5_2026-08-30.md,inferred,,pass,,ending,merger,,false,,2026-08-19,stock,,,0.236,BBG000VPGNR2,CHTR,2026-08-20,,2026-08-19,"LBRDK converted to 0.236 CHTR Class A, effective 11:56pm 2026-08-19 (8-K); cash only for fractions; Nasdaq halt agrees"
BBG006KY8KV2_2017-10-17,BBG006KY8KV2,TERP,reports/BBG006KY8KV2_2017-10-17.md,verified,upheld,known_wrong,5e,ending_moved,merger,,false,,2020-07-30,stock,,,0.47625,BBG00W5FS571,BEPC,2020-07-31,,2020-07-30,"2017 Brookfield control purchase was not an ending; real ending 8-K 2020-07-31: 0.47625 BEPC shares or BEP units (election, same ratio), ceased trading before open 2020-07-31"
BBG006LYGNL7_2021-10-16,BBG006LYGNL7,ARD,reports/BBG006LYGNL7_2021-10-16.md,verified,,known_wrong,5f,ending,merger,,false,,2021-10-05,stock,,,2.5,BBG00ZF0FGT2,AMBP,2021-10-06,,2021-10-05,Issuer exchange offer 2.5 AMBP per share; last trade from AGSA press release 2021-10-05; $1.25 dividend is on the old share.
BBG006XVD9G0_2019-11-30,BBG006XVD9G0,GCI,reports/BBG006XVD9G0_2019-11-30.md,verified,,known_wrong,5e,ending,merger,,false,,2019-11-19,cash_plus_stock,6.25,USD,0.5427,*,GCI,2019-11-20,,2019-11-19,Cash plus stock merger into New Media (renamed GCI); Form 25 notice suspended 2019-11-20; acquirer line not in run.
BBG0077VS2C0_2026-07-11,BBG0077VS2C0,BLD,reports/BBG0077VS2C0_2026-07-11.md,verified,,known_wrong,5e,ending,merger,,false,,2026-06-30,cash_plus_stock,249.67,USD,10.212,BBG000BV5627,QXO,2026-07-01,,2026-06-30,"QXO election deal, prorated aggregate package per 8-K; suspended before open 2026-07-01."
BBG0077WYXF0_2016-07-11,BBG0077WYXF0,CPGX,reports/BBG0077WYXF0_2016-07-11.md,verified,,known_wrong,5f,ending,merger,,false,,2016-06-30,cash,25.50,USD,,,,,,2016-06-30,All-cash TransCanada merger; Form 25 notice suspended 2016-07-01.
BBG007KGRPY4_2026-05-24,BBG007KGRPY4,APLS,reports/BBG007KGRPY4_2026-05-24.md,verified,,known_wrong,5f,ending,merger,,false,,2026-05-13,cash,41.00,USD,,,,,,2026-05-13,Biogen cash merger $41.00 USD; one non-transferable CVR up to $4.00 aggregate is not in the fields (notes only); 8-K item 3.01 suspension 8pm 2026-05-13.
BBG007SV7NV3_2017-10-03,BBG007SV7NV3,BKFS,reports/BBG007SV7NV3_2017-10-03.md,inferred,,pass,,ending,exchange,,true,BBG00GX77LW3,2017-09-29,continuation,,,,,,,,2017-09-29,"1:1 holdco reorganization into Black Knight Inc (BKI), no cash; last trade 2017-09-29 from MIDAS, no Form 25 found."
BBG008417VN4_2026-08-01,BBG008417VN4,NSA,reports/BBG008417VN4_2026-08-01.md,verified,,pass,,ending,merger,,false,,2026-07-21,stock,,,0.14,BBG000BPPN67,PSA,2026-07-22,,2026-07-21,"All-stock merger 0.14 PSA, Form 25 notice suspended 2026-07-22."
BBG009NGKQ45_2024-02-13,BBG009NGKQ45,VRM,reports/BBG009NGKQ45_2024-02-13.md,inferred,upheld,known_wrong,5g,ending_moved,dropped,bankruptcy,false,,2024-11-29,otc_print,,,,BBG009NGKQ45,VRMMQ,2024-12-02,,2024-11-29,"2024-02-13 is a 1-for-80 reverse split (same ticker); real ending is the Chapter 11 delisting, last trade 2024-11-29 per 8-K 2024-11-26 (suspended at open 2024-12-02), then VRMMQ OTC print; first print date unconfirmed."
BBG009R0CVG1_2020-04-13,BBG009R0CVG1,LKSD,reports/BBG009R0CVG1_2020-04-13.md,inferred,upheld,pass,,ending,dropped,guidelines,false,,2019-12-27,otc_print,,,,BBG009R0CVG1,LKSD,2019-12-30,,2019-12-27,"NYSE market-cap deficiency delisting (Rule 802.01B), Form 25-NSE 2020-01-14, then OTCQX LKSD; last NYSE session 2019-12-26 only inferred from 'effective immediately', so not published."
BBG00B6WH9G3_2020-07-10,BBG00B6WH9G3,MTCH,reports/BBG00B6WH9G3_2020-07-10.md,verified,upheld,pass,,ending,merger,,false,,2020-06-30,stock,,,1.0337,BBG00VT0KNC3,MTCH,2020-07-01,,2020-06-30,Old Match merged into New Match: 1 share plus election $3.00 or 0.0337 share; default stock 1.0337 (R4); cash alternative in notes; suspended before open 2020-07-01.
BBG00BDQ1H13_2022-10-10,BBG00BDQ1H13,TEAM,reports/BBG00BDQ1H13_2022-10-10.md,verified,,known_wrong,5i,ending,exchange,,true,BBG01BGWHFR5,2022-09-30,continuation,,,,,,,,2022-09-30,"8-K: scheme cancelled each Class A ordinary share for one Class A common share, no cash; effective after close 2022-09-30; Form 25 effective same day."
BBG00BFHD827_2023-08-13,BBG00BFHD827,LSXMA,reports/BBG00BFHD827_2023-08-13.md,inferred,,known_wrong,5i,ending,merger,,false,,,basket,,,,,,,,2023-08-03,"8-K 2023-08-03 3.03: reclassification effective 5pm 2023-08-03 gives 1 new LSXMA plus 0.25 LLYVA per old share (no cash); one-to-many reclassification so basket (R3), not an R1 continuation; last trade date worked out from effective time, not published.; operator ruling 2026-10-03: Liberty Live leg sec_id not scored until the run holds it"
BBG00BFHD9S7_2023-08-13,BBG00BFHD9S7,LSXMK,reports/BBG00BFHD9S7_2023-08-13.md,inferred,,known_wrong,5i,ending,merger,,false,,,basket,,,,,,,,2023-08-03,"8-K 2023-08-03 3.03: reclassification effective 5pm 2023-08-03 gives 1 new LSXMK plus 0.25 LLYVK per old share (no cash); one-to-many reclassification so basket (R3), not an R1 continuation; last trade date worked out from effective time, not published.; operator ruling 2026-10-03: Liberty Live leg sec_id not scored until the run holds it"
BBG00BFHDCV6_2023-08-13,BBG00BFHDCV6,FWONA,reports/BBG00BFHDCV6_2023-08-13.md,inferred,,known_wrong,5i,ending,merger,,false,,,basket,,,,,,,,2023-08-03,"8-K 2023-08-03 3.03: reclassification effective 5pm 2023-08-03 gives 1 new FWONA plus 0.0428 LLYVA per old share (cash only for fractions); one-to-many reclassification so basket (R3), not an R1 continuation; last trade date worked out from effective time, not published.; operator ruling 2026-10-03: Liberty Live leg sec_id not scored until the run holds it"
BBG00BFHDFR4_2023-08-13,BBG00BFHDFR4,FWONK,reports/BBG00BFHDFR4_2023-08-13.md,inferred,,known_wrong,5i,ending,merger,,false,,,basket,,,,,,,,2023-08-03,"8-K 2023-08-03 3.03: reclassification effective 5pm 2023-08-03 gives 1 new FWONK plus 0.0428 LLYVK per old share (cash only for fractions); one-to-many reclassification so basket (R3), not an R1 continuation; last trade date worked out from effective time, not published.; operator ruling 2026-10-03: Liberty Live leg sec_id not scored until the run holds it"
BBG00CW2JCN1_2022-01-13,BBG00CW2JCN1,ATH,reports/BBG00CW2JCN1_2022-01-13.md,verified,,pass,,ending,merger,,false,,2021-12-31,stock,,,1.149,BBG001LRKS55,APO,2022-01-03,,,"Form 25-NSE notice: 1.149 AGM shares per ATH share, suspended 2022-01-03 so last trade 2021-12-31; dividend to old holders is not consideration."
BBG00D1WHZD9_2020-11-09,BBG00D1WHZD9,HTZ,reports/BBG00D1WHZD9_2020-11-09.md,verified,upheld,known_wrong,5g,ending,dropped,bankruptcy,false,,2020-10-29,otc_print,,,,BBG00D1WHZD9,HTZGQ,2020-10-30,,,"Form 25-NSE notice and 8-K: suspended after close 2020-10-29, OTC as HTZGQ from 2020-10-30; skeptic upheld."
BBG00D30HGP6_2021-06-23,BBG00D30HGP6,CLNY,reports/BBG00D30HGP6_2021-06-23.md,verified,upheld,pass,,no_ending,,,,,,,,,,,,,,,"Colony Capital renamed DigitalBridge (8-K 5.03), CLNY to DBRG on 2021-06-22, same issuer, no consideration; skeptic upheld."
BBG00DJ2LJF5_2019-01-07,BBG00DJ2LJF5,DVMT,reports/BBG00DJ2LJF5_2019-01-07.md,verified,upheld,known_wrong,5f,ending,merger,,false,,2018-12-27,cash_plus_stock,76.97,USD,0.6479,BBG00DW3SZS1,DELL,2018-12-28,,2018-12-27,"8-K 2018-12-28: Class V election deal $120 cash or 1.8066 Class C, cash prorated 0.6414; published the prorated elector package (R4); skeptic notes aggregate would be 70.23 / 0.7493."
BBG00FFJY867_2025-05-17,BBG00FFJY867,LGFB,reports/BBG00FFJY867_2025-05-17.md,verified,upheld,known_wrong,5f,ending,merger,,false,,2025-05-06,basket,,,,,,,,2025-05-06,8-K: 1 LION + 1 STRZ then 15:1 Starz consolidation = 1/15 STRZ; no cash; 25-NSE suspended 2025-05-07; LION and STRZ not in the run
BBG00GBV88T6_2016-05-14,BBG000FW00S1,BTU,reports/BBG00GBV88T6_2016-05-14.md,verified,upheld,known_wrong,5g,ending,dropped,bankruptcy,false,,2016-04-12,otc_print,,,,BBG000FW00S1,BTUUQ,2016-04-13,,,"8-K 3.01: NYSE suspended trading 2016-04-13 so last trade 2016-04-12; OTC Pink as BTUUQ; skeptic upheld.; wave 1 integration ruling 2026-10-04 (identity follows the FIGI, R2; 5h decision 5): the 2008-2016 security and its OTC price security are the 2015 split's line BBG000FW00S1 (BTUUQ), not today's Peabody line BBG00GBV88T6, which 5h's rule F folds out of the ticker-tier pick; sec_id and price_sec_id renamed, case_id kept"
BBG00GSNPM07_2026-07-11,BBG00GSNPM07,JHG,reports/BBG00GSNPM07_2026-07-11.md,verified,,known_wrong,5f,ending,merger,,false,,2026-06-30,cash,52.00,USD,,,,,,,"8-K 2026-06-30 and Form 25 notice: US$52.00 cash, suspended 2026-07-01"
BBG00HY28P97_2020-10-18,BBG00HY28P97,GTX,reports/BBG00HY28P97_2020-10-18.md,inferred,upheld,known_wrong,5g,ending,dropped,bankruptcy,false,,2020-09-18,otc_print,,,,BBG00HY28P97,GTXMQ,2020-09-21,,,"Chapter 11 drop; 8-K 2020-10-09: suspended 2020-09-21, OTC as GTXMQ from 2020-09-21"
BBG00JM9V731_2026-07-30,BBG00JM9V731,GTES,reports/BBG00JM9V731_2026-07-30.md,verified,upheld,pass,,ending,exchange,,true,*,*,continuation,,,,,,,,,"8-K12B: 1:1 scheme redomicile to New Gates, GTES; new CUSIP G39104107 from 2026-07-21; operator ruling 2026-10-03: R2: OpenFIGI has no FIGI for CUSIP G39104107, so one security and no ending; operator ruling 2026-10-03 (5a pre-check): R2 rechecked as ID_CINS: BBG023G9VDF5 (not in the run yet), a 1:1 continuation"
BBG00K7K2XZ0_2020-12-31,BBG00K7K2XZ0,GLIBA,reports/BBG00K7K2XZ0_2020-12-31.md,inferred,upheld,known_wrong,5e,ending,merger,,false,,2020-12-18,stock,,,0.580,BBG006GNSZW5,LBRDK,2020-12-21,,,Liberty Broadband 8-K: 0.580 LBRDK per GLIBA; last trade from MIDAS print 2020-12-18
BBG00LT2PDY4_2021-08-05,BBG00LT2PDY4,BPYU,reports/BBG00LT2PDY4_2021-08-05.md,verified,upheld,known_wrong,5f,ending,merger,,false,,2021-07-26,basket,12.38,USD,,,,,,,8-K 2021-07-26: 12.38 USD + 0.0913 BAM + 0.0657 BPY preferred unit; delisted at close 2021-07-26; operator ruling 2026-10-03: BPY preferred-unit leg ticker not scored
BBG00VNLZL95_2020-08-06,BBG00VNLZL95,TMUSR,reports/BBG00VNLZL95_2020-08-06.md,verified,,known_wrong,5d,ending,expiration,,false,,2020-07-27,expiration,,,,,,,,,"TMUSR rights expired 2020-07-27; 424B5 and 8-K 2020-08-04 (not extended), Form 25-NSE effective 2020-07-27; operator ruling 2026-10-04 (5b pre-check): re-route: the expiry date in the class text"
BBG00W5FS571_2025-01-09,BBG00W5FS571,BEPC,reports/BBG00W5FS571_2025-01-09.md,verified,,pass,,ending,exchange,,true,BBG01RJ2V7B2,2024-12-27,continuation,,,,,,,,,"8-K12B: 1:1 holdco reorganization into New BEPC, suspended 2024-12-30"
BBG00WYYC600_2017-11-09,BBG00WYYC600,WLL,reports/BBG00WYYC600_2017-11-09.md,verified,upheld,pass,,ending,exchange,,true,BBG000PX3XC0,,continuation,,,,,,,,,"1-for-4 reverse split 2017-11-08, same WLL common, new CUSIP; last old-CUSIP day 2017-11-08 (not published, line continues); R2: the new CUSIP 966387409 has its own FIGI BBG000PX3XC0, so two securities"
BBG00Z6DX554_2020-07-30,BBG00Z6DX554,EXE,reports/BBG00Z6DX554_2020-07-30.md,verified,upheld,known_wrong,residual,ending,dropped,bankruptcy,false,,2020-06-26,otc_print,,,,BBG00Z6DX554,CHKAQ,2020-06-29,,2020-06-26,Chapter 11 2020-06-28; NYSE suspended 2020-06-29 per 8-K 3.01 and Form 25; OTC Pink CHKAQ from 2020-06-30; skeptic upheld CHKAQ.; residual: R7: one FIGI spans the old CHK stock and the post-bankruptcy stock (new CUSIP 165167735 from 2021-02-12)
BBG00ZHCT050_2023-07-15,BBG00ZHCT050,DSEY,reports/BBG00ZHCT050_2023-07-15.md,inferred,upheld,known_wrong,5f,ending,merger,,false,,2023-07-05,cash,8.40,USD,,,,,,,8-K Item 2.01 $8.40 cash; Item 3.01 trading halted after close 2023-07-05
BBG011FS2K38_2026-05-29,BBG011FS2K38,MCW,reports/BBG011FS2K38_2026-05-29.md,verified,,known_wrong,5f,ending,merger,,false,,2026-05-18,cash,7.00,USD,,,,,,,"8-K 2026-05-19: $7.00 cash, trading suspended, MIDAS 2026-05-18"
BBG012BV9SK0_2026-07-17,BBG012BV9SK0,OLPX,reports/BBG012BV9SK0_2026-07-17.md,verified,,known_wrong,5f,ending,merger,,false,,2026-07-06,cash,2.06,USD,,,,,,,Henkel cash merger $2.06; 8-K 3.01 ceased trading before open 2026-07-07
BBG014QJ5BV6_2026-05-25,BBG014QJ5BV6,EHAB,reports/BBG014QJ5BV6_2026-05-25.md,verified,,known_wrong,5f,ending,merger,,false,,2026-05-14,cash,13.80,USD,,,,,,,Anchor Parent cash merger $13.80; Form 25-NSE notice suspended 2026-05-15
BBG01HLM8W28_2024-09-19,BBG01HLM8W28,LSXMA,reports/BBG01HLM8W28_2024-09-19.md,verified,upheld,known_wrong,5e,ending,merger,,false,,2024-09-09,stock,,,0.8375,BBG01KJQM3Y8,SIRI,2024-09-10,,,"Split-off 0.8375 New Sirius (SIRI) per LSXMA, cash only for fractions; 8-K 3.01 delisting effective 2024-09-09 after 4:05pm"
BBG01HMFL081_2025-12-25,BBG01HMFL081,LLYVA,reports/BBG01HMFL081_2025-12-25.md,verified,upheld,known_wrong,5d,ending,exchange,,true,BBG01YY256K1,2025-12-15,continuation,,,,,,,,,"1:1 split-off into Liberty Live Holdings Series A, no cash (R1); 8-K 2.01/3.01 and Form 25 effective 2025-12-15"
BBG01HMFLTN1_2025-12-25,BBG01HMFLTN1,LLYVK,reports/BBG01HMFLTN1_2025-12-25.md,verified,upheld,known_wrong,5d,ending,exchange,,true,BBG01YYX1Z14,2025-12-15,continuation,,,,,,,,,"1:1 split-off into Liberty Live Holdings Series C, no cash (R1); 8-K 2.01/3.01 and Form 25 effective 2025-12-15"
CIK1018005-COMMON_2012-10-01,BBG000BJ3CN0,CWTR,reports/CIK1018005-COMMON_2012-10-01.md,inferred,upheld,known_wrong,5g,ending_moved,dropped,bankruptcy,false,,2014-04-22,otc_print,,,,BBG000BJ3CN0,CWTRQ,2014-04-23,,,"2012 ending invented (1-for-4 reverse split 2012-10-04, CUSIP 193068103 -> 193068202); real ending 2014 Chapter 11 Nasdaq delisting, 8-K 3.01 suspension at open 2014-04-23, OTC CWTRQ"
CIK1019849-COMMON_2009-06-08,CIK1019849-COMMON,UAG,reports/CIK1019849-COMMON_2009-06-08.md,verified,upheld,known_wrong,5h,no_ending,,,,,,,,,,,,,,,"UAG is the stale ticker of United Auto Group renamed Penske Automotive (PAG), same CUSIP 70959W103; kept trading; duplicate of BBG000H6K1B0"
CIK1038914-COMMON_2007-12-23,CIK1038914-COMMON,GSF,reports/CIK1038914-COMMON_2007-12-23.md,verified,,known_wrong,5f,ending,merger,,false,,2007-11-26,cash_plus_stock,22.46,USD,0.4757,*,RIG,2007-11-27,,,"GlobalSantaFe/Transocean: US$22.46 + 0.4757 RIG; 8-K 3.01 delisting at close 2007-11-26, Form 25 notice suspended 2007-11-27"
CIK104207-COMMON_2015-01-09,CIK104207-COMMON,WAG,reports/CIK104207-COMMON_2015-01-09.md,verified,upheld,pass,,ending,exchange,,true,BBG000BWLMJ4,2014-12-30,continuation,,,,,,,,,"1:1 holdco reorganization WAG -> WBA, no cash in the exchange (R1); 8-K 3.01 halted before open 2014-12-31"
CIK1042893-COMMON_2024-09-04,BBG000BVDBY2,DRQ,reports/CIK1042893-COMMON_2024-09-04.md,inferred,upheld,pass,,no_ending,,,,,,,,,,,,,,2024-09-06,"Dril-Quip renamed Innovex International (INVX), same registrant, holders keep shares; CUSIP 262037104 -> 457651107 (R2); DRQ last day 2024-09-06 worked out from 8-K, not published"
CIK1052045-COMMON_2007-08-04,CIK1052045-COMMON,SVM,reports/CIK1052045-COMMON_2007-08-04.md,verified,upheld,known_wrong,5f,ending,merger,,false,,2007-07-24,cash,15.625,USD,,,,,,2007-07-24,"Cash LBO; Form 25-NSE notice says suspended July 25, so last trade 2007-07-24; $15.625 cash."
CIK1056087-COMMON_2016-05-25,BBG000BP62Y3,MNI,reports/CIK1056087-COMMON_2016-05-25.md,inferred,upheld,known_wrong,5g,ending_moved,dropped,bankruptcy,false,,*,otc_print,,,,BBG000BP62Y3,MNIQQ,*,,,"2016 end is a reverse split (CUSIP change), 2017 NYSE to NYSE American move; real end is 2020-02 Chapter 11 suspension, OTC MNIQQ.; operator ruling 2026-10-03: suspended immediately on D: the last trade date is not scored"
CIK1066104-COMMON_2012-08-13,CIK1066104-COMMON,EXBD,reports/CIK1066104-COMMON_2012-08-13.md,inferred,upheld,pass,,ending_moved,*,*,*,*,*,*,*,*,*,*,*,*,*,,"EXBD to CEB ticker change on the same CUSIP 21988R102; no Form 25; security keeps trading.; operator ruling 2026-10-03 (5a pre-check): re-shaped to ending_moved: the old event is not the ending, the line ends later"
CIK1074771-COMMON_2007-08-05,CIK1074771-COMMON,TRI,reports/CIK1074771-COMMON_2007-08-05.md,verified,,known_wrong,5f,ending,merger,,false,,2007-07-24,cash,54.00,USD,,,,,,2007-07-24,"Cash merger with CHS; Form 25-NSE notice: effective before the open 2007-07-25, last trade 2007-07-24; $54.00."
CIK1075415-COMMON_2020-01-07,BBG000BM2GS0,SNH,reports/CIK1075415-COMMON_2020-01-07.md,verified,upheld,pass,,no_ending,,,,,,,,,,,,,,,"SNH renamed Diversified Healthcare Trust (DHC) 2020-01-01 with new CUSIP; same issuer, no Form 25."
CIK1095651-COMMON_2013-12-19,BBG000H35J52,SFI,reports/CIK1095651-COMMON_2013-12-19.md,verified,upheld,pass,,ending_moved,*,*,*,*,*,*,*,*,*,*,*,*,*,,"iStar SFI to STAR ticker change 2013-12-19 on same CUSIP 45031U101; no Form 25.; operator ruling 2026-10-03 (5a pre-check): re-shaped to ending_moved: the old event is not the ending, the line ends later"
CIK1115836-COMMON_2014-07-01,BBG000BKZ5F6,OEH,reports/CIK1115836-COMMON_2014-07-01.md,verified,upheld,pass,,ending_moved,*,*,*,*,*,*,*,*,*,*,*,*,*,,"Orient-Express Hotels renamed Belmond (OEH to BEL 2014-07-28); CUSIP change rests on fails rows; no Form 25.; operator ruling 2026-10-03 (5a pre-check): re-shaped to ending_moved: the old event is not the ending, the line ends later"
CIK1116521-COMMON_2007-11-05,CIK1116521-COMMON,AV,reports/CIK1116521-COMMON_2007-11-05.md,verified,,known_wrong,5f,ending,merger,,false,,2007-10-25,cash,17.50,USD,,,,,,2007-10-25,"Avaya LBO cash $17.50; 8-K item 3.01: trading suspended as of the open 2007-10-26, last trade 2007-10-25."
CIK1124887-COMMON_2007-11-23,CIK1124887-COMMON,CEN,reports/CIK1124887-COMMON_2007-11-23.md,verified,,known_wrong,5f,ending,merger,,false,,2007-11-08,cash,36.00,USD,,,,,,2007-11-08,"Ceridian LBO cash $36.00; Form 25-NSE notice: suspended 2007-11-09, last trade 2007-11-08."
CIK1126294-COMMON_2010-12-03,BBG000BDB3H1,RRI,reports/CIK1126294-COMMON_2010-12-03.md,inferred,upheld,pass,,ending_moved,*,*,*,*,*,*,*,*,*,*,*,*,*,,"RRI Energy was legal acquirer of Mirant, renamed GenOn (GEN) 2010-12-06; RRI holders exchanged nothing; 2.835 ratio is Mirant holders'.; operator pre-ruling 2026-10-04 (5c plan): the run follows the line to a real later ending (BBG000BDB3H1 2012-12-28); the old event is not it"
CIK1141399-COMMON_2008-09-20,CIK1141399-COMMON,ABBI,reports/CIK1141399-COMMON_2008-09-20.md,inferred,upheld,known_wrong,5h,ending_moved,merger,,false,,,cash_plus_stock,58.00,USD,0.2617,*,CELG,,,2010-10-14,"Observed security is the new Abraxis (ABII, CIK 1409012); Celgene merger 2010-10-15: 58.00 USD + 0.2617 CELG + 1 CVR (CVR not valued); last trade 2010-10-14 worked out only, so unpublished"
CIK1156826-COMMON_2007-10-20,CIK1156826-COMMON,ASN,reports/CIK1156826-COMMON_2007-10-20.md,verified,,known_wrong,5f,ending,merger,,false,,2007-10-05,cash,60.75,USD,,,,,,2007-10-05,"Form 25-NSE notice: merger effective 2007-10-05, suspended 2007-10-08; 60.75 USD cash"
CIK1282266-COMMON_2015-04-27,BBG000BFJ645,WIN,reports/CIK1282266-COMMON_2015-04-27.md,verified,upheld,pass,,ending_moved,*,*,*,*,*,*,*,*,*,*,*,*,*,,"Spin-off of CS&L plus 1-for-6 reverse split; WIN kept trading, no Form 25; later 2018 CUSIP 97382A309 (second reverse split); operator ruling 2026-10-03 (5a pre-check): re-shaped to ending_moved: the old event is not the ending, the line ends later"
CIK1308161-CLASS-A_2013-06-28,CIK1308161-CLASS-A,NCRA,reports/CIK1308161-CLASS-A_2013-06-28.md,inferred,upheld,known_wrong,residual,no_ending,,,,,,,,,,,,,,,"Rename to Twenty-First Century Fox plus NWSA spin-off (1 per 4, a distribution); same issuer and class, CUSIP change; duplicate of CIK1308161-COMMON"
CIK1308161-COMMON_2013-07-01,CIK1308161-COMMON,NWS-A,reports/CIK1308161-COMMON_2013-07-01.md,inferred,refuted,known_wrong,residual,no_ending,,,,,,,,,,,,,,,Rename to Twenty-First Century Fox plus NWSA spin-off; no Form 25; CUSIP change
CIK1319048-COMMON_2007-09-24,CIK1319048-COMMON,CHAP,reports/CIK1319048-COMMON_2007-09-24.md,inferred,,known_wrong,5f,ending,merger,,false,,,cash,86.00,USD,,,,,,2007-09-14,"Gerdau Ameristeel cash merger, 86.00 USD (DEFM14A); last trade 2007-09-14 only worked out from Form 25 filing date, unpublished"
CIK1336917-CLASS-C_2016-06-30,CIK1336917-CLASS-C,UAC-C,reports/CIK1336917-CLASS-C_2016-06-30.md,verified,upheld,known_wrong,5h,no_ending,,,,,,,,,,,,,,,"Under Armour Class C never delisted (UAC then UA, CUSIP 904311206); no Form 25/15; placeholder with no CUSIP"
CIK1355096-COMMON_2018-04-11,CIK1355096-COMMON,QRTEA,reports/CIK1355096-COMMON_2018-04-11.md,inferred,,known_wrong,5i,no_ending,,,,,,,,,,,,,,,Liberty Interactive renamed Qurate Retail 2018-04-09; Series A kept trading as QRTEA with CUSIP change; link to BBG000PCQQL6 per fails rows
CIK1355096-SERIES-A_2011-10-03,CIK1355096-SERIES-A,,reports/CIK1355096-SERIES-A_2011-10-03.md,verified,upheld,pass,,no_ending,,,,,,,,,,,,,,,"2011 Form 25-NSE covered only Liberty Capital and Starz tracking stocks; Series A (LINTA, CUSIP 53071M104) unaffected"
CIK1363851-COMMON_2012-07-24,CIK1363851-COMMON,SXCI,reports/CIK1363851-COMMON_2012-07-24.md,inferred,upheld,known_wrong,residual,no_ending,,,,,,,,,,,,,,,SXC was the acquirer of Catalyst; renamed Catamaran (SXCI to CTRX) with CUSIP change; no Form 25/15
CIK1469372-CLASS-A_2015-10-02,CIK1469372-CLASS-A,MSG,reports/CIK1469372-CLASS-A_2015-10-02.md,inferred,upheld,known_wrong,5h,ending_moved,*,*,*,*,*,*,*,*,*,*,*,*,*,,"8-K 2015-10-06: same CIK renamed MSG Networks (MSGN) 2015-09-30 plus 1-for-3 spin-off distribution; no Form 25; CUSIP change from fails rows (R2).; operator ruling 2026-10-03 (5a pre-check): re-shaped to ending_moved: the old event is not the ending, the line ends later"
CIK1498301-COMMON_2020-08-21,BBG000BGZ9V9,ASNA,reports/CIK1498301-COMMON_2020-08-21.md,verified,upheld,known_wrong,5g,ending,dropped,bankruptcy,false,,2020-08-03,otc_print,,,,BBG000BGZ9V9,ASNAQ,2020-08-04,,2020-08-03,Chapter 11; 8-K 3.01 suspension at open 2020-08-04; OTC Pink ASNAQ; 2.01 was an asset sale.
CIK1507934-CLASS-A_2013-01-16,CIK1507934-CLASS-A,LMCA,reports/CIK1507934-CLASS-A_2013-01-16.md,inferred,upheld,known_wrong,5h,ending_moved,*,*,*,*,*,*,*,*,*,*,*,*,*,,"8-K 2013-01-17 5.03: same CIK renamed Starz (STRZA), spin-off dividend of new Liberty; CUSIP change from fails rows (R2); successor mapping inferred.; operator ruling 2026-10-03 (5a pre-check): re-shaped to ending_moved: the old event is not the ending, the line ends later"
CIK1575828-COMMON_2021-10-01,BBG004K27P01,FI,reports/CIK1575828-COMMON_2021-10-01.md,verified,upheld,pass,,ending_moved,*,*,*,*,*,*,*,*,*,*,*,*,*,,"8-K 0001193125-21-289897: Frank's legal acquirer, renamed Expro (XPRO), 1-for-6 reverse split; 1.2120 ratio is Expro holders'; no Form 25 (R2).; operator ruling 2026-10-04 (5c pre-check): re-shaped to ending_moved"
CIK1606498-COMMON_2018-07-11,BBG005L86G05,HYH,reports/CIK1606498-COMMON_2018-07-11.md,inferred,upheld,pass,,ending_moved,*,*,*,*,*,*,*,*,*,*,*,*,*,,"8-K 2018-06-01 5.03: Halyard renamed Avanos (AVNS) eff 2018-06-30, same CIK; no Form 25 (R2).; operator ruling 2026-10-03 (5a pre-check): re-shaped to ending_moved: the old event is not the ending, the line ends later"
CIK1620280-COMMON_2017-02-28,CIK1620280-COMMON,CSAL,reports/CIK1620280-COMMON_2017-02-28.md,inferred,,known_wrong,5i,no_ending,,,,,,,,,,,,,,,"8-K 2017-02-28 5.03: Communications Sales & Leasing renamed Uniti (UNIT) eff 2017-02-27, same CIK; no Form 25 (R2)."
CIK1710366-COMMON_2025-01-16,BBG00HC114X0,CEIX,reports/CIK1710366-COMMON_2025-01-16.md,verified,upheld,pass,,no_ending,,,,,,,,,,,,,,,"8-K 2025-01-15: CONSOL was the acquirer, renamed Core Natural Resources (CNR), new CUSIP; 1.326 ratio is Arch holders' (R2)."
CIK1723089-COMMON_2021-01-10,BBG00JH9TZ56,APY,reports/CIK1723089-COMMON_2021-01-10.md,verified,upheld,pass,,ending_moved,*,*,*,*,*,*,*,*,*,*,*,*,*,,"Apergy renamed ChampionX (CHX) June 2020 with CUSIP change; NYSE to Nasdaq transfer 2020-12-31 of same class (Form 25 12d2-2(c), 8-A12B) is not an ending (R2).; operator ruling 2026-10-03 (5a pre-check): re-shaped to ending_moved: the old event is not the ending, the line ends later"
CIK1803737-COMMON_2022-06-30,BBG014QJ5BV6,EHAB-WI,reports/CIK1803737-COMMON_2022-06-30.md,verified,upheld,pass,,ending_moved,*,*,*,*,*,*,*,*,*,*,*,*,*,,"EHAB-WI when-issued alias of regular-way EHAB (BBG014QJ5BV6, CUSIP 29332G102), spin-off effective 2022-07-01; 8-K 5.01 is the separation, no Form 25; no old CUSIP known so no identity check.; operator ruling 2026-10-03 (5a pre-check): re-shaped to ending_moved: the old event is not the ending, the line ends later"
CIK1808220-CLASS-A_2022-11-17,CIK1808220-CLASS-A,GOCO,reports/CIK1808220-CLASS-A_2022-11-17.md,verified,upheld,known_wrong,residual,ending_moved,*,*,*,*,*,*,*,*,*,*,*,*,*,,"8-K 2022-11-18 5.03: 1-for-15 reverse split, GOCO stayed on Nasdaq; no Form 25 (R2).; operator ruling 2026-10-03 (5a pre-check): re-shaped to ending_moved: the old event is not the ending, the line ends later; operator ruling 2026-10-03 (5a pre-check): residual: the new CUSIP's fails rows start 8 months after the old ones"
CIK18568-COMMON_2007-09-16,CIK18568-COMMON,CBSS,reports/CIK18568-COMMON_2007-09-16.md,inferred,upheld,known_wrong,5f,ending,merger,,false,,,cash_plus_stock,34.34,USD,1.462,*,BBV,,,2007-09-06,BBVA cash-or-2.8 ADS election closed 2007-09-07; aggregate package inferred from 425 totals (47.8% cash/52.2% stock); no filing states last session; operator ruling 2026-10-03: price_sec_id not scored until the run holds the security
CIK1929561-COMMON_2022-12-31,BBG0160DYCH4,RXO-WI,reports/CIK1929561-COMMON_2022-12-31.md,verified,upheld,pass,,no_ending,,,,,,,,,,,,,,,"RXO-WI is the when-issued line of RXO, still listed; no Form 25/15; no ending"
CIK20520-COMMON_2017-07-10,BBG000FH5YM1,FTR,reports/CIK20520-COMMON_2017-07-10.md,inferred,upheld,known_wrong,5g,ending_moved,dropped,bankruptcy,false,,2020-04-23,otc_print,,,,BBG000FH5YM1,FTRCQ,2020-04-24,,2020-04-23,"2017 1-for-15 reverse split is no ending; real ending is 2020 bankruptcy delisting, OTC FTRCQ; last trade from 8-K 3.01 suspension at open 2020-04-24"
CIK230463-COMMON_2008-02-07,CIK230463-COMMON,PPP,reports/CIK230463-COMMON_2008-02-07.md,verified,,known_wrong,5e,ending,merger,,false,,2007-11-06,cash_plus_stock,24.88,USD,0.68201,BBG000NDZ417,PXP,2007-11-07,,2007-11-06,Pogo merger into Plains 2007-11-06: 0.68201 PXP + $24.88 aggregate; NYSE suspended at open 2007-11-07 per 8-K 3.01
CIK23666-COMMON_2012-07-13,BBG000BT4T69,SLE,reports/CIK23666-COMMON_2012-07-13.md,verified,upheld,pass,,ending_moved,*,*,*,*,*,*,*,*,*,*,*,*,*,,"Sara Lee renamed Hillshire Brands with 1-for-5 reverse split, same issuer and NYSE line; spin-off dividend is not an exchange term (R2); operator ruling 2026-10-03 (5a pre-check): re-shaped to ending_moved: the old event is not the ending, the line ends later"
CIK314808-CLASS-A_2019-04-11,BBG000BJ2VQ6,ESV,reports/CIK314808-CLASS-A_2019-04-11.md,inferred,upheld,pass,,ending_moved,*,*,*,*,*,*,*,*,*,*,*,*,*,,"Ensco is the acquirer of Rowan, not the target; Class A continues as ESV then VAL; no Form 25/15; operator ruling 2026-10-04 (5c pre-check): re-shaped to ending_moved"
CIK314808-COMMON_2010-01-08,CIK314808-COMMON,ESV,reports/CIK314808-COMMON_2010-01-08.md,verified,upheld,pass,,ending_moved,*,*,*,*,*,*,*,*,*,*,*,*,*,,"1:1 holdco reorganization Ensco Delaware to Ensco plc ADS, no cash (R1); last trade from Form 25 notice suspended 2009-12-23; operator ruling 2026-10-04 (5c pre-check): re-shaped to ending_moved"
CIK351346-COMMON_2006-12-28,CIK351346-COMMON,BMET,reports/CIK351346-COMMON_2006-12-28.md,verified,upheld,known_wrong,5f,ending,merger,,false,,2007-09-25,cash,46.00,USD,,,,,,2007-09-25,"2006 Form 25 covered only the rights; real ending is the 2007-09-25 LVB $46.00 cash merger, last trade from 8-K 3.01 close of 2007-09-25"
CIK352363-COMMON_2012-05-14,CIK352363-COMMON,LIZ,reports/CIK352363-COMMON_2012-05-14.md,verified,upheld,pass,,ending_moved,*,*,*,*,*,*,*,*,*,*,*,*,*,,"Liz Claiborne renamed Fifth & Pacific (CUSIP 539320101 to 316645100), later KATE (485865109); same issuer and class, no Form 25 (R2); operator ruling 2026-10-03 (5a pre-check): re-shaped to ending_moved: the old event is not the ending, the line ends later"
CIK38079-COMMON_2015-01-25,CIK38079-COMMON,FST,reports/CIK38079-COMMON_2015-01-25.md,verified,upheld,known_wrong,5g,ending,dropped,guidelines,false,,2014-12-15,otc_print,,,,CIK38079-COMMON,FSTO,2014-12-16,,2014-12-15,"NYSE back-door-listing delisting (102.01, 802.01C), stock moved to OTCQB as FSTO; no consideration; suspension 2014-12-16 per 8-K 3.01 and Form 25 notice"
CIK47580-COMMON_2007-11-04,CIK47580-COMMON,HLT,reports/CIK47580-COMMON_2007-11-04.md,verified,,known_wrong,5f,ending,merger,,false,,2007-10-24,cash,47.50,USD,,,,,,2007-10-24,Blackstone cash LBO; 8-K press release says ceases trading at close 2007-10-24; $47.50 cash
CIK48898-CLASS-B_2016-01-03,CIK48898-CLASS-B,HUB-B,reports/CIK48898-CLASS-B_2016-01-03.md,inferred,upheld,pass,,ending,exchange,,true,BBG000BLK267,2015-12-23,continuation,,,,,,,,2015-12-23,"Class B reclassified 1:1 into new common, no cash for Class B (cash only to Class A); successor BBG000BLK267 in run, link inferred via shared CUSIP; 8-K says trading suspended, new class starts 2015-12-24"
CIK65873-COMMON_2007-11-30,CIK65873-COMMON,AT,reports/CIK65873-COMMON_2007-11-30.md,verified,,known_wrong,5f,ending,merger,,false,,2007-11-16,cash,71.50,USD,,,,,,2007-11-16,Alltel LBO; 8-K 3.01 says ceased trading at close 2007-11-16; $71.50 cash (Series D $481.37 is preferred)
CIK708819-COMMON_2018-05-08,BBG000BNW1S8,MDR,reports/CIK708819-COMMON_2018-05-08.md,verified,upheld,pass,,ending_moved,*,*,*,*,*,*,*,*,*,*,*,*,*,,"MDR was acquirer of CB&I; 3-for-1 reverse split 2018-05-09, same issuer and ticker, CUSIP change (R2); operator ruling 2026-10-03 (5a pre-check): re-shaped to ending_moved: the old event is not the ending, the line ends later"
CIK709519-COMMON_2010-02-05,CIK709519-COMMON,SUNW,reports/CIK709519-COMMON_2010-02-05.md,inferred,upheld,known_wrong,5f,ending,merger,,false,,,cash,9.50,USD,,,,,,2010-01-26,"Oracle cash merger $9.50; no filing states the last trade (8-K only says suspended on completion 2010-01-26, could be 01-25), so not published; internal date inferred"
CIK716006-COMMON_2010-10-04,CIK716006-COMMON,YRCW,reports/CIK716006-COMMON_2010-10-04.md,verified,upheld,pass,,ending_moved,*,*,*,*,*,*,*,*,*,*,*,*,*,,"YRCW 1-for-25 reverse split 2010-10-01, same ticker and issuer, still NASDAQ listed; no Form 25 (R2); operator ruling 2026-10-03 (5a pre-check): re-shaped to ending_moved: the old event is not the ending, the line ends later"
CIK718482-COMMON_2007-10-11,CIK718482-COMMON,AGE,reports/CIK718482-COMMON_2007-10-11.md,inferred,,known_wrong,5i,ending,merger,,false,,,cash_plus_stock,35.80,USD,0.9844,BBG000FRBSS9,WB,,,2007-09-28,"Wachovia cash+stock merger; last trade 2007-09-28 only worked out from 25-NSE conversion date 2007-10-01 (not a trading statement), so internal only and price_date blank"
CIK733269-COMMON_2018-09-30,BBG000BB4HM6,ACXM,reports/CIK733269-COMMON_2018-09-30.md,verified,upheld,pass,,no_ending,,,,,,,,,,,,,,,"Acxiom 1:1 holdco then Nasdaq to NYSE as RAMP, same issuer and class, CUSIP change (R2); last Nasdaq session 2018-10-01 per 8-K12B"
CIK737874-COMMON_2007-10-11,CIK737874-COMMON,LI,reports/CIK737874-COMMON_2007-10-11.md,verified,,known_wrong,5f,ending,merger,,false,,2007-09-28,cash,35.25,USD,,,,,,2007-09-28,FirstGroup cash merger; 25-NSE EX-99.25 says suspended before open 2007-10-01 so last trade 2007-09-28; $35.25 cash
CIK73887-COMMON_2013-06-28,CIK73887-COMMON,ERA,reports/CIK73887-COMMON_2013-06-28.md,verified,upheld,known_wrong,5h,no_ending,,,,,,,,,,,,,,,Identity error: ERA observation belongs to Era Group CIK 1525221; no ending for this sec_id in 2013 (no Form 25)
CIK804055-COMMON_2010-10-15,CIK804055-COMMON,CCE,reports/CIK804055-COMMON_2010-10-15.md,inferred,upheld,known_wrong,5f,ending,merger,,false,,2010-10-01,cash_plus_stock,10.00,USD,1.0,BBG000BF5RY1,CCE,2010-10-04,,2010-10-01,Cash+1 New CCE share per old; 8-K 3.01 suspension before open 2010-10-04; price leg is the new CCE line
CIK835541-COMMON_2007-10-13,CIK835541-COMMON,SLR,reports/CIK835541-COMMON_2007-10-13.md,inferred,upheld,known_wrong,5f,ending,merger,,false,,2007-10-01,cash,3.89,USD,,,,,,2007-10-01,Election deal: default published as cash 3.89 USD; stock alternative 0.3450 FLEX (50-70% stock cap) not summed (R4); final proration not in filings read
CIK845752-COMMON_2007-08-11,CIK845752-COMMON,AH,reports/CIK845752-COMMON_2007-08-11.md,verified,,known_wrong,5f,ending,merger,,false,,2007-07-31,cash,88.00,USD,,,,,,2007-07-31,All-cash $88.00 merger; Form 25 notice: suspended 2007-08-01
CIK849778-COMMON_2007-11-01,CIK849778-COMMON,CYTC,reports/CIK849778-COMMON_2007-11-01.md,inferred,upheld,known_wrong,5f,ending,merger,,false,,,cash_plus_stock,16.50,USD,0.52,BBG000C3NTN5,HOLX,,,2007-10-22,"0.52 HOLX + $16.50 per 8-K; last trade 2007-10-22 worked out from fails rows/effective date, so not published and price_date blank"
CIK867773-COMMON_2009-06-08,CIK867773-COMMON,SPWRA,reports/CIK867773-COMMON_2009-06-08.md,inferred,upheld,known_wrong,5c,ending,exchange,,true,BBG000FVQ185,,continuation,,,,,,,,2011-11-16,"SPWRA Class A reclassified share-for-share into Common (SPWR) 2011-11-16 5pm; ending later than library's 2009 guess; date from effective time, not an exchange print"
CIK88205-COMMON_2015-09-28,BBG000BTGCV5,SPW,reports/CIK88205-COMMON_2015-09-28.md,inferred,upheld,pass,,no_ending,,,,,,,,,,,,,,,"SPW to SPXC ticker change after spin-off, same CUSIP 784635104 and issuer; placeholder duplicates BBG000BTGCV5; no ending"
CIK886835-COMMON_2020-10-12,CIK886835-COMMON,SPNV,reports/CIK886835-COMMON_2020-10-12.md,verified,upheld,known_wrong,5g,ending,dropped,guidelines,false,,2020-09-17,otc_print,,,,CIK886835-COMMON,SPNX,2020-09-18,,2020-09-17,NYSE 802.01B suspension 2020-09-17 per 8-K 3.01; OTC symbol SPNX; value is first OTC print
CIK891103-COMMON_2014-06-30,CIK891103-COMMON,IAC,reports/CIK891103-COMMON_2014-06-30.md,verified,upheld,known_wrong,5h,ending_moved,merger,,false,,2020-06-30,basket,,,,,,,,2020-06-30,"2014 ending is a last-observation artifact; real ending 2020-06-30: 1 New IAC + 2.1584 MTCH per share (two-leg basket, R3); 8-K 3.01 suspension before open 2020-07-01"
CIK898660-COMMON_2009-06-08,CIK898660-COMMON,STN,reports/CIK898660-COMMON_2009-06-08.md,inferred,upheld,known_wrong,5f,ending,merger,,false,,2007-11-07,cash,90.00,USD,,,,,,2007-11-07,"Going-private cash $90.00 merger closed 2007-11-07; no filing states last session, so date internal only"
CIK910073-COMMON_2024-07-12,BBG000BVXPZ8,NYCB,reports/CIK910073-COMMON_2024-07-12.md,verified,upheld,pass,,ending_moved,*,*,*,*,*,*,*,*,*,*,*,*,*,,"1-for-3 reverse split 2024-07-11 of same stock (R2), later renamed FLG; no ending; operator ruling 2026-10-03 (5a pre-check): re-shaped to ending_moved: the old event is not the ending, the line ends later"
CIK931336-COMMON_2013-08-26,BBG000BBMT95,DF,reports/CIK931336-COMMON_2013-08-26.md,inferred,upheld,known_wrong,5g,ending_moved,dropped,bankruptcy,false,,2019-11-11,otc_print,,,,BBG000BBMT95,DFODQ,2019-11-12,,2019-11-11,"2013 is a 1-for-2 reverse split (8-K 2013-08-15); real ending 2019 bankruptcy, Form 25-NSE notice says suspended before open 2019-11-12; DFODQ symbol rests on fails rows."
CIK944868-COMMON_2009-11-29,CIK944868-COMMON,DTV,reports/CIK944868-COMMON_2009-11-29.md,inferred,upheld,known_wrong,5d,ending,exchange,,true,BBG000FL1TC8,2009-11-19,continuation,,,,,,,,2009-11-19,"1:1 holdco merger into new DIRECTV Class A, no cash (8-K 2009-11-20); last trade worked out from 8-K effective time and fails rows, not an exchange print, so not published."
BBG000B9WJ73_5a-r1,BBG000B9WJ73,ACI,output/diagnose_unknown_report/loop/5a/round-1/reports/BBG000B9WJ73_5a-r1.md,inferred,upheld,pass,,ending,*,*,*,*,*,*,*,*,*,BBG000B9WJ73,*,*,*,,"regression of price_sec_id, id_changes.sec_id not settled by the 5a loop; controller ruling 2026-10-04 (5a loop, delegated autonomy): ACI: placeholder renamed to its FIGI (R2 fold); price_sec_id follows; skeptic upheld"
BBG000BDCQ25_5a-r1,BBG000BDCQ25,PRDO,output/diagnose_unknown_report/loop/5a/round-1/reports/BBG000BDCQ25_5a-r1.md,verified,refuted,pass,,no_ending,,,,,,,,,,,,,,,"regression of delistings.removed, security_history.ranges, id_changes.sec_id not settled by the 5a loop; controller ruling 2026-10-04 (5a loop, delegated autonomy): PRDO: rename CECO->PRDO, no ending (upheld); boundary 1-2 days late vs 8-K 0001564590-19-046273 (5d)"
BBG000CF8227_5a-r1,BBG000CF8227,DBI,output/diagnose_unknown_report/loop/5a/round-1/reports/BBG000CF8227_5a-r1.md,verified,upheld,pass,,no_ending,*,*,*,*,*,*,*,*,*,*,*,*,*,,"added by the 5a loop: regression of delistings.removed, security_history.ranges, id_changes.sec_id"
BBG000CG9XT7_5a-r1,BBG000CG9XT7,INVA,output/diagnose_unknown_report/loop/5a/round-1/reports/BBG000CG9XT7_5a-r1.md,verified,upheld,pass,,no_ending,*,*,*,*,*,*,*,*,*,*,*,*,*,,"added by the 5a loop: regression of delistings.removed, security_history.ranges, id_changes.sec_id"
BBG000QN4GY3_5a-r1,BBG000QN4GY3,HOUS,output/diagnose_unknown_report/loop/5a/round-1/reports/BBG000QN4GY3_5a-r1.md,verified,upheld,pass,,no_ending,*,*,*,*,*,*,*,*,*,*,*,*,*,,"added by the 5a loop: regression of delistings.removed, security_history.ranges"
BBG000BH8XX2_5a-r2,BBG000BH8XX2,CIE,output/diagnose_unknown_report/loop/5a/round-2/reports/BBG000BH8XX2_5a-r2.md,verified,upheld,pass,,ending,*,*,*,*,*,*,*,*,*,BBG000BH8XX2,*,*,*,,"added by the 5a loop: regression of price_sec_id, id_changes.sec_id"
BBG000F0KF42_5a-r2,BBG000F0KF42,STX,output/diagnose_unknown_report/loop/5a/round-2/reports/BBG000F0KF42_5a-r2.md,verified,upheld,pass,,ending,exchange,,true,BBG0113JGQF0,,continuation,*,*,*,*,*,*,*,,"added by the 5a loop: regression of delistings.added, security_history.ranges, id_changes.sec_id"
BBG000MG3Y65_5a-r2,BBG000MG3Y65,TWO,output/diagnose_unknown_report/loop/5a/round-2/reports/BBG000MG3Y65_5a-r2.md,verified,upheld,pass,,ending,merger,,false,,2026-08-24,cash,*,*,*,*,*,*,*,,"added by the 5a loop: regression of delistings.added, security_history.ranges"
BBG000MMR2C9_5a-r2,BBG000MMR2C9,XCO,output/diagnose_unknown_report/loop/5a/round-2/reports/BBG000MMR2C9_5a-r2.md,inferred,upheld,pass,,ending,*,*,*,*,*,*,*,*,*,BBG000MMR2C9,*,*,*,,"regression of price_sec_id, id_changes.sec_id not settled by the 5a loop; controller ruling 2026-10-04 (5a loop, delegated autonomy): XCO: placeholder renamed to its FIGI (R2 fold); price_sec_id follows; skeptic upheld"
BBG000QL8VH9_5a-r2,BBG000QL8VH9,PGEN,output/diagnose_unknown_report/loop/5a/round-2/reports/BBG000QL8VH9_5a-r2.md,verified,refuted,pass,,no_ending,,,,,,,,,,,,,,,"regression of delistings.removed, security_history.ranges, id_changes.sec_id not settled by the 5a loop; controller ruling 2026-10-04 (5a loop, delegated autonomy): PGEN: rename XON->PGEN, no ending (upheld); boundary 2-3 days late vs 8-K 0001193125-20-023400 (5d)"
BBG00Y04KP80_5a-r2,BBG00Y04KP80,CRC,output/diagnose_unknown_report/loop/5a/round-2/reports/BBG00Y04KP80_5a-r2.md,verified,upheld,known_wrong,5h,no_ending,*,*,*,*,*,*,*,*,*,*,*,*,*,,"added by the 5a loop: regression of delistings.added, security_history.ranges"
BBG000CHWP52_2022-04-18,BBG000CHWP52,DISCA,docs/superpowers/plans/research/2026-10-04-5b-form25-reach.md,inferred,n/a,pass,,ending,exchange,,true,BBG011386VF4,2022-04-08,continuation,,,,,,,,2022-04-08,operator pre-ruling 2026-10-04 (5b plan): Series A reclassified one for one into WBD with DISCB and DISCK; mirrors DISCK's row; not a 5b regression to narrow
BBG000BLG1L7_2025-04-21,BBG000BLG1L7,EQC,docs/superpowers/plans/research/2026-10-04-5b-form25-reach.md,inferred,n/a,known_wrong,5g,ending,liquidation,*,*,*,*,*,*,*,*,*,*,*,*,*,"operator pre-ruling 2026-10-04 (5b plan): a voluntary delisting during the liquidation; exit_kind liquidation, the rest open; not a 5b regression to narrow"
BBG000BHRRV6_5b-r1,BBG000BHRRV6,EK,output/diagnose_unknown_report/loop/5b/round-1/reports/BBG000BHRRV6_5b-r1.md,verified,upheld,pass,,ending,dropped,bankruptcy,false,,2012-01-18,otc_print,*,*,*,*,*,*,*,,"added by the 5b loop: regression of delistings.added, security_history.ranges"
BBG000BMLYZ2_5b-r1,BBG000BMLYZ2,KWK,output/diagnose_unknown_report/loop/5b/round-1/reports/BBG000BMLYZ2_5b-r1.md,inferred,upheld,known_wrong,5g,ending,dropped,price,*,*,*,*,*,*,*,*,*,*,*,,"regression of delistings.added, security_history.ranges not settled by the 5b loop; controller ruling 2026-10-04 (5b loop, delegated autonomy): NYSE removal for abnormally low price (8-K 3.01, Form 25-NSE EX-99.25); skeptic upheld"
BBG000BNY0W3_5b-r1,BBG000BNY0W3,MER,output/diagnose_unknown_report/loop/5b/round-1/reports/BBG000BNY0W3_5b-r1.md,verified,upheld,pass,,ending,merger,,false,,2008-12-31,stock,*,*,*,*,*,*,*,,"added by the 5b loop: regression of delistings.added, security_history.ranges"
BBG000BRMVZ6_5b-r1,BBG000BRMVZ6,PSD,output/diagnose_unknown_report/loop/5b/round-1/reports/BBG000BRMVZ6_5b-r1.md,verified,upheld,pass,,ending,merger,,false,,2009-02-06,cash,*,*,*,*,*,*,*,,"added by the 5b loop: regression of delistings.added, security_history.ranges"
BBG000BSYVD5_5b-r1,BBG000BSYVD5,SIE,output/diagnose_unknown_report/loop/5b/round-1/reports/BBG000BSYVD5_5b-r1.md,verified,upheld,pass,,ending,merger,,false,,2008-02-25,cash,*,*,*,*,*,*,*,,"added by the 5b loop: regression of delistings.added, security_history.ranges"
BBG000BVK2W6_5b-r1,BBG000BVK2W6,,output/diagnose_unknown_report/loop/5b/round-1/reports/BBG000BVK2W6_5b-r1.md,verified,upheld,pass,,ending,merger,,false,,2007-12-20,cash,*,*,*,*,*,*,*,,"added by the 5b loop: regression of delistings.added, security_history.ranges"
BBG000C0ZL64_5b-r1,BBG000C0ZL64,LYO,output/diagnose_unknown_report/loop/5b/round-1/reports/BBG000C0ZL64_5b-r1.md,verified,upheld,pass,,ending,merger,,false,,2007-12-20,cash,*,*,*,*,*,*,*,,"added by the 5b loop: regression of delistings.added, security_history.ranges"
BBG000C1TTV4_5b-r1,BBG000C1TTV4,HET,output/diagnose_unknown_report/loop/5b/round-1/reports/BBG000C1TTV4_5b-r1.md,verified,upheld,pass,,ending,merger,,false,,2008-01-28,cash,*,*,*,*,*,*,*,,"added by the 5b loop: regression of delistings.added, security_history.ranges"
BBG000C4ZNF2_5b-r1,BBG000C4ZNF2,ABK,output/diagnose_unknown_report/loop/5b/round-1/reports/BBG000C4ZNF2_5b-r1.md,verified,upheld,pass,,ending,dropped,bankruptcy,false,,2010-11-08,otc_print,*,*,*,*,*,*,*,,"added by the 5b loop: regression of delistings.added, security_history.ranges"
BBG000G8M3Q5_5b-r1,BBG000G8M3Q5,UB,output/diagnose_unknown_report/loop/5b/round-1/reports/BBG000G8M3Q5_5b-r1.md,verified,upheld,pass,,ending,merger,,false,,2008-11-03,cash,*,*,*,*,*,*,*,,"added by the 5b loop: regression of delistings.added, security_history.ranges"
BBG000R3BYX0_5b-r1,BBG000R3BYX0,BKC,output/diagnose_unknown_report/loop/5b/round-1/reports/BBG000R3BYX0_5b-r1.md,verified,upheld,pass,,ending,merger,,false,,2010-10-19,cash,*,*,*,*,*,*,*,,"added by the 5b loop: regression of delistings.added, security_history.ranges"
BBG000RFD341_5b-r1,BBG000RFD341,NWA,output/diagnose_unknown_report/loop/5b/round-1/reports/BBG000RFD341_5b-r1.md,verified,upheld,pass,,ending,merger,,false,,2008-10-29,stock,*,*,*,*,*,*,*,,"added by the 5b loop: regression of delistings.added, security_history.ranges"
BBG0057K5Y79_5b-r1,BBG0057K5Y79,EPE,output/diagnose_unknown_report/loop/5b/round-1/reports/BBG0057K5Y79_5b-r1.md,inferred,upheld,known_wrong,5g,ending,dropped,guidelines,*,*,*,otc_print,*,*,*,*,EPEG,*,*,,"regression of delistings.added, security_history.ranges not settled by the 5b loop; controller ruling 2026-10-04 (5b loop, delegated autonomy): NYSE 802.01D delisting, OTC EPEG afterwards (8-K, Form 25-NSE); skeptic upheld"
BBG000BLDXH5_5b-r2,BBG000BLDXH5,MDRXD,output/diagnose_unknown_report/loop/5b/round-2/reports/BBG000BLDXH5_5b-r2.md,verified,upheld,pass,,ending,dropped,guidelines,false,,2024-02-28,otc_print,*,*,*,*,*,*,*,,"added by the 5b loop: regression of delistings.added, security_history.ranges"
BBG000CNNMD7_5b-r2,BBG000CNNMD7,SKYF,output/diagnose_unknown_report/loop/5b/round-2/reports/BBG000CNNMD7_5b-r2.md,inferred,upheld,known_wrong,5f,ending,merger,*,false,*,*,cash_plus_stock,*,*,1.098,*,*,*,*,,"regression of delistings.added, security_history.ranges not settled by the 5b loop; controller ruling 2026-10-04 (5b loop, delegated autonomy): acquired by Huntington 2007-07 (DEFM14A, Form 25-NSE); skeptic upheld"
BBG000K1T0M8_5b-r2,BBG000K1T0M8,LGFA,output/diagnose_unknown_report/loop/5b/round-2/reports/BBG000K1T0M8_5b-r2.md,inferred,upheld,pass,,ending,merger,*,false,*,*,*,*,*,*,*,*,*,*,,"regression of delistings.added, security_history.ranges not settled by the 5b loop; controller ruling 2026-10-04 (5b loop, delegated autonomy): 2025-05-06 arrangement, a 1.12 LION + 1.12 STRZ basket (Form 25-NSE, 8-K); skeptic upheld"
BBG0016WLQ18_5b-r2,BBG0016WLQ18,GNC,output/diagnose_unknown_report/loop/5b/round-2/reports/BBG0016WLQ18_5b-r2.md,inferred,upheld,pass,,ending,dropped,bankruptcy,*,*,*,*,*,*,*,*,*,*,*,,"regression of drop_reason not settled by the 5b loop; controller ruling 2026-10-04 (5b loop, delegated autonomy): Chapter 11 2020-06-23, NYSE 802.01D delisting (8-K 3.01); skeptic upheld"
BBG000BCHG15_5c-r1,BBG000BCHG15,ASH,output/diagnose_unknown_report/loop/5c/round-1/reports/BBG000BCHG15_5c-r1.md,verified,upheld,pass,,ending,exchange,,true,BBG00D0Y81M1,2016-09-19,continuation,,,,,,,,,"added by the 5c loop: regression of exit_kind, continuation, successor_sec_id, value_rule, stock_ratio, price_sec_id, price_ticker, price_date"
BBG000BL9JQ1_5c-r1,BBG000BL9JQ1,HFC,output/diagnose_unknown_report/loop/5c/round-1/reports/BBG000BL9JQ1_5c-r1.md,verified,upheld,pass,,ending,exchange,,true,BBG0135B2214,2022-03-14,continuation,,,,,,,,,"added by the 5c loop: regression of exit_kind, continuation, successor_sec_id, value_rule, stock_ratio, price_sec_id, price_ticker, price_date"
BBG008FCJZ83_5c-r1,BBG008FCJZ83,STE,output/diagnose_unknown_report/loop/5c/round-1/reports/BBG008FCJZ83_5c-r1.md,verified,upheld,pass,,ending,exchange,,true,BBG00MRHG523,2019-03-27,continuation,,,,,,,,,"added by the 5c loop: regression of exit_kind, continuation, successor_sec_id, value_rule, stock_ratio, price_ticker, price_date"
BBG000F5YH15_5c-r2,BBG000F5YH15,WWE,output/diagnose_unknown_report/loop/5c/round-2/reports/BBG000F5YH15_5c-r2.md,verified,refuted,pass,,ending,exchange,*,true,BBG01G9JKWV5,*,continuation,*,*,*,*,*,*,*,,"regression of exit_kind, continuation, successor_sec_id, value_rule, stock_ratio, price_sec_id, price_ticker, price_date not settled by the 5c loop; controller ruling 2026-10-04 (5c loop, delegated autonomy): one TKO Class A share per WWE share, no cash, into a new holdco: a continuation under R1, as DOW (DowDuPont) and WR (Evergy) mergers of equals are; round 2 verified it"
