key,kind,sec_id,label,round,outcome,report
mis|BBG000B9YSK6_2020-11-04|exit_kind|dropped|exchange,mismatch,BBG000B9YSK6,5-0,0,known,reports/BBG000B9YSK6_2020-11-04.md
mis|BBG000B9YSK6_2020-11-04|drop_reason|bankruptcy|,mismatch,BBG000B9YSK6,5-0,0,known,reports/BBG000B9YSK6_2020-11-04.md
mis|BBG000B9YSK6_2020-11-04|last_trade_date|2020-10-30|2020-11-02,mismatch,BBG000B9YSK6,5-0,0,known,reports/BBG000B9YSK6_2020-11-04.md
mis|BBG000B9YSK6_2020-11-04|value_rule|otc_print|transfer,mismatch,BBG000B9YSK6,5-0,0,known,reports/BBG000B9YSK6_2020-11-04.md
mis|BBG000B9YSK6_2020-11-04|price_sec_id|BBG000B9YSK6|,mismatch,BBG000B9YSK6,5-0,0,known,reports/BBG000B9YSK6_2020-11-04.md
mis|BBG000B9YSK6_2020-11-04|price_ticker|CBLAQ|,mismatch,BBG000B9YSK6,5-0,0,known,reports/BBG000B9YSK6_2020-11-04.md
mis|BBG000B9YSK6_2020-11-04|price_date|2020-11-02|,mismatch,BBG000B9YSK6,5-0,0,known,reports/BBG000B9YSK6_2020-11-04.md
mis|BBG000B9YSK6_2020-11-04|internal_last_trade_date|2020-10-30|2020-11-02,mismatch,BBG000B9YSK6,5-0,0,known,reports/BBG000B9YSK6_2020-11-04.md
mis|BBG000BB2N27_2014-12-25|cash_currency|CAD|,mismatch,BBG000BB2N27,5-0,0,known,reports/BBG000BB2N27_2014-12-25.md
mis|BBG000BB2N27_2014-12-25|price_sec_id|BBG0076WG2V1|,mismatch,BBG000BB2N27,5-0,0,known,reports/BBG000BB2N27_2014-12-25.md
mis|BBG000BB5HV5_2010-12-19|cash_currency|USD|,mismatch,BBG000BB5HV5,5-0,0,known,reports/BBG000BB5HV5_2010-12-19.md
mis|BBG000BB5HV5_2010-12-19|internal_last_trade_date|2010-12-09|,mismatch,BBG000BB5HV5,5-0,0,known,reports/BBG000BB5HV5_2010-12-19.md
mis|BBG000BBB3K1_2017-08-04|cash_currency|USD|,mismatch,BBG000BBB3K1,5-0,0,known,reports/BBG000BBB3K1_2017-08-04.md
mis|BBG000BBB3K1_2017-08-04|stock_ratio|0.5260|1.000000,mismatch,BBG000BBB3K1,5-0,0,known,reports/BBG000BBB3K1_2017-08-04.md
mis|BBG000BBBP59_2016-03-28|last_trade_date||2016-03-17,mismatch,BBG000BBBP59,5-0,0,known,reports/BBG000BBBP59_2016-03-28.md
mis|BBG000BBBP59_2016-03-28|cash_currency|USD|,mismatch,BBG000BBBP59,5-0,0,known,reports/BBG000BBBP59_2016-03-28.md
mis|BBG000BBG3P1_2009-01-25|drop_reason|price|sec_order,mismatch,BBG000BBG3P1,5-0,0,known,reports/BBG000BBG3P1_2009-01-25.md
mis|BBG000BBG3P1_2009-01-25|last_trade_date|2008-12-04|2008-12-01,mismatch,BBG000BBG3P1,5-0,0,known,reports/BBG000BBG3P1_2009-01-25.md
mis|BBG000BBG3P1_2009-01-25|price_ticker|THMR|TMA,mismatch,BBG000BBG3P1,5-0,0,known,reports/BBG000BBG3P1_2009-01-25.md
mis|BBG000BBG3P1_2009-01-25|price_date|2008-12-05|2008-12-02,mismatch,BBG000BBG3P1,5-0,0,known,reports/BBG000BBG3P1_2009-01-25.md
mis|BBG000BBG3P1_2009-01-25|internal_last_trade_date|2008-12-04|2008-12-01,mismatch,BBG000BBG3P1,5-0,0,known,reports/BBG000BBG3P1_2009-01-25.md
mis|BBG000BC2C10_2021-03-14|internal_last_trade_date|2021-03-01|,mismatch,BBG000BC2C10,5-0,0,known,reports/BBG000BC2C10_2021-03-14.md
mis|BBG000BCKC47_2016-07-11|cash_currency|USD|,mismatch,BBG000BCKC47,5-0,0,known,reports/BBG000BCKC47_2016-07-11.md
mis|BBG000BCTL84_2012-01-08|last_trade_date|2011-10-21|2011-11-23,mismatch,BBG000BCTL84,5-0,0,known,reports/BBG000BCTL84_2012-01-08.md
mis|BBG000BCTL84_2012-01-08|price_ticker|PPMIQ|PMI,mismatch,BBG000BCTL84,5-0,0,known,reports/BBG000BCTL84_2012-01-08.md
mis|BBG000BCTL84_2012-01-08|price_date|2011-10-24|2011-11-25,mismatch,BBG000BCTL84,5-0,0,known,reports/BBG000BCTL84_2012-01-08.md
mis|BBG000BCTL84_2012-01-08|internal_last_trade_date|2011-10-21|2011-11-23,mismatch,BBG000BCTL84,5-0,0,known,reports/BBG000BCTL84_2012-01-08.md
mis|BBG000BD4VG8_2017-07-15|continuation|true|false,mismatch,BBG000BD4VG8,5-0,0,known,reports/BBG000BD4VG8_2017-07-15.md
mis|BBG000BD4VG8_2017-07-15|successor_sec_id|BBG00GBVBK51|,mismatch,BBG000BD4VG8,5-0,0,known,reports/BBG000BD4VG8_2017-07-15.md
mis|BBG000BD4VG8_2017-07-15|value_rule|continuation|transfer,mismatch,BBG000BD4VG8,5-0,0,known,reports/BBG000BD4VG8_2017-07-15.md
mis|BBG000BDKN87_2010-02-26|cash_currency|USD|,mismatch,BBG000BDKN87,5-0,0,known,reports/BBG000BDKN87_2010-02-26.md
mis|BBG000BDLLR9_2007-11-05|cash_currency|USD|,mismatch,BBG000BDLLR9,5-0,0,known,reports/BBG000BDLLR9_2007-11-05.md
mis|BBG000BDN878_2019-03-04|exit_kind|merger|,mismatch,BBG000BDN878,5-0,0,known,reports/BBG000BDN878_2019-03-04.md
mis|BBG000BDN878_2019-03-04|value_rule|cash_plus_stock|unknown,mismatch,BBG000BDN878,5-0,0,known,reports/BBG000BDN878_2019-03-04.md
mis|BBG000BDN878_2019-03-04|cash_per_share|0.67|,mismatch,BBG000BDN878,5-0,0,known,reports/BBG000BDN878_2019-03-04.md
mis|BBG000BDN878_2019-03-04|cash_currency|USD|,mismatch,BBG000BDN878,5-0,0,known,reports/BBG000BDN878_2019-03-04.md
mis|BBG000BDN878_2019-03-04|stock_ratio|0.1929|,mismatch,BBG000BDN878,5-0,0,known,reports/BBG000BDN878_2019-03-04.md
mis|BBG000BDN878_2019-03-04|price_ticker|PAAS|,mismatch,BBG000BDN878,5-0,0,known,reports/BBG000BDN878_2019-03-04.md
mis|BBG000BDN878_2019-03-04|price_date|2019-02-22|,mismatch,BBG000BDN878,5-0,0,known,reports/BBG000BDN878_2019-03-04.md
mis|BBG000BDXVW8_2010-10-14|price_sec_id|BBG000M65M61|,mismatch,BBG000BDXVW8,5-0,0,known,reports/BBG000BDXVW8_2010-10-14.md
mis|BBG000BDXVW8_2010-10-14|price_ticker|UAL|UAUA,mismatch,BBG000BDXVW8,5-0,0,known,reports/BBG000BDXVW8_2010-10-14.md
mis|BBG000BF2JS9_2009-09-18|drop_reason|bankruptcy|sec_order,mismatch,BBG000BF2JS9,5-0,0,known,reports/BBG000BF2JS9_2009-09-18.md
mis|BBG000BF5RY1_2016-06-10|last_trade_date|2016-05-27|2016-05-31,mismatch,BBG000BF5RY1,5-0,0,known,reports/BBG000BF5RY1_2016-06-10.md
mis|BBG000BF5RY1_2016-06-10|cash_currency|USD|,mismatch,BBG000BF5RY1,5-0,0,known,reports/BBG000BF5RY1_2016-06-10.md
mis|BBG000BF5RY1_2016-06-10|price_ticker|CCE|,mismatch,BBG000BF5RY1,5-0,0,known,reports/BBG000BF5RY1_2016-06-10.md
mis|BBG000BF5RY1_2016-06-10|price_date|2016-05-31|2016-06-01,mismatch,BBG000BF5RY1,5-0,0,known,reports/BBG000BF5RY1_2016-06-10.md
mis|BBG000BF5RY1_2016-06-10|internal_last_trade_date|2016-05-27|2016-05-31,mismatch,BBG000BF5RY1,5-0,0,known,reports/BBG000BF5RY1_2016-06-10.md
mis|BBG000BF8BH2_2008-08-10|last_trade_date||2008-07-30,mismatch,BBG000BF8BH2,5-0,0,known,reports/BBG000BF8BH2_2008-08-10.md
mis|BBG000BF8BH2_2008-08-10|cash_currency|USD|,mismatch,BBG000BF8BH2,5-0,0,known,reports/BBG000BF8BH2_2008-08-10.md
mis|BBG000BFTJ91_2015-12-21|continuation|true|false,mismatch,BBG000BFTJ91,5-0,0,known,reports/BBG000BFTJ91_2015-12-21.md
mis|BBG000BFTJ91_2015-12-21|successor_sec_id|BBG000BFT2L4|,mismatch,BBG000BFTJ91,5-0,0,known,reports/BBG000BFTJ91_2015-12-21.md
mis|BBG000BFTJ91_2015-12-21|value_rule|continuation|transfer,mismatch,BBG000BFTJ91,5-0,0,known,reports/BBG000BFTJ91_2015-12-21.md
mis|BBG000BFVKZ6_2019-02-25|cash_currency|USD|,mismatch,BBG000BFVKZ6,5-0,0,known,reports/BBG000BFVKZ6_2019-02-25.md
mis|BBG000BG09F5_2021-02-12|price_ticker|GPORQ|GPOR,mismatch,BBG000BG09F5,5-0,0,known,reports/BBG000BG09F5_2021-02-12.md
mis|BBG000BG14P4_2025-10-09|value_rule|stock|otc_print,mismatch,BBG000BG14P4,5-0,0,known,reports/BBG000BG14P4_2025-10-09.md
mis|BBG000BG14P4_2025-10-09|stock_ratio|0.008352|,mismatch,BBG000BG14P4,5-0,0,known,reports/BBG000BG14P4_2025-10-09.md
mis|BBG000BGFLL5_2013-11-23|cash_currency|USD|,mismatch,BBG000BGFLL5,5-0,0,known,reports/BBG000BGFLL5_2013-11-23.md
mis|BBG000BGFLL5_2013-11-23|price_sec_id|BBG000C1FB75|,mismatch,BBG000BGFLL5,5-0,0,known,reports/BBG000BGFLL5_2013-11-23.md
mis|BBG000BGMX22_2010-10-14|cash_currency|USD|,mismatch,BBG000BGMX22,5-0,0,known,reports/BBG000BGMX22_2010-10-14.md
mis|BBG000BGYDX9_2023-06-30|last_trade_date||2023-05-26,mismatch,BBG000BGYDX9,5-0,0,known,reports/BBG000BGYDX9_2023-06-30.md
mis|BBG000BGYDX9_2023-06-30|price_ticker|DBDQQ|DBD,mismatch,BBG000BGYDX9,5-0,0,known,reports/BBG000BGYDX9_2023-06-30.md
mis|BBG000BGYDX9_2023-06-30|price_date||2023-05-30,mismatch,BBG000BGYDX9,5-0,0,known,reports/BBG000BGYDX9_2023-06-30.md
mis|BBG000BGYDX9_2023-06-30|internal_last_trade_date|2023-06-01|2023-05-26,mismatch,BBG000BGYDX9,5-0,0,known,reports/BBG000BGYDX9_2023-06-30.md
mis|BBG000BH2T94_2011-12-11|last_trade_date|2011-12-01|,mismatch,BBG000BH2T94,5-0,0,known,reports/BBG000BH2T94_2011-12-11.md
mis|BBG000BH2T94_2011-12-11|cash_currency|USD|,mismatch,BBG000BH2T94,5-0,0,known,reports/BBG000BH2T94_2011-12-11.md
mis|BBG000BH2T94_2011-12-11|internal_last_trade_date|2011-12-01|,mismatch,BBG000BH2T94,5-0,0,known,reports/BBG000BH2T94_2011-12-11.md
mis|BBG000BH5K72_2007-12-28|last_trade_date||2007-12-13,mismatch,BBG000BH5K72,5-0,0,known,reports/BBG000BH5K72_2007-12-28.md
mis|BBG000BH5K72_2007-12-28|cash_currency|USD|,mismatch,BBG000BH5K72,5-0,0,known,reports/BBG000BH5K72_2007-12-28.md
mis|BBG000BHBGN6_2022-12-03|cash_currency|USD|,mismatch,BBG000BHBGN6,5-0,0,known,reports/BBG000BHBGN6_2022-12-03.md
mis|BBG000BHBK84_2017-09-11|exit_kind|exchange|merger,mismatch,BBG000BHBK84,5-0,0,known,reports/BBG000BHBK84_2017-09-11.md
mis|BBG000BHBK84_2017-09-11|continuation|true|false,mismatch,BBG000BHBK84,5-0,0,known,reports/BBG000BHBK84_2017-09-11.md
mis|BBG000BHBK84_2017-09-11|successor_sec_id|BBG00BN961G4|,mismatch,BBG000BHBK84,5-0,0,known,reports/BBG000BHBK84_2017-09-11.md
mis|BBG000BHBK84_2017-09-11|value_rule|continuation|stock,mismatch,BBG000BHBK84,5-0,0,known,reports/BBG000BHBK84_2017-09-11.md
mis|BBG000BHBK84_2017-09-11|stock_ratio||1.000000,mismatch,BBG000BHBK84,5-0,0,known,reports/BBG000BHBK84_2017-09-11.md
mis|BBG000BHBK84_2017-09-11|price_ticker||DWDP,mismatch,BBG000BHBK84,5-0,0,known,reports/BBG000BHBK84_2017-09-11.md
mis|BBG000BHBK84_2017-09-11|price_date||2017-09-01,mismatch,BBG000BHBK84,5-0,0,known,reports/BBG000BHBK84_2017-09-11.md
mis|BBG000BHCDF1_2011-12-08|last_trade_date||2011-11-25,mismatch,BBG000BHCDF1,5-0,0,known,reports/BBG000BHCDF1_2011-12-08.md
mis|BBG000BHCDF1_2011-12-08|cash_currency|USD|,mismatch,BBG000BHCDF1,5-0,0,known,reports/BBG000BHCDF1_2011-12-08.md
mis|BBG000BHD665_2007-10-22|cash_currency|USD|,mismatch,BBG000BHD665,5-0,0,known,reports/BBG000BHD665_2007-10-22.md
mis|BBG000BHD665_2007-10-22|internal_last_trade_date|2007-10-12|,mismatch,BBG000BHD665,5-0,0,known,reports/BBG000BHD665_2007-10-22.md
mis|BBG000BHFHP8_2021-12-10|cash_currency|USD|,mismatch,BBG000BHFHP8,5-0,0,known,reports/BBG000BHFHP8_2021-12-10.md
mis|BBG000BJ27C4_2012-07-15|last_trade_date||2012-07-02,mismatch,BBG000BJ27C4,5-0,0,known,reports/BBG000BJ27C4_2012-07-15.md
mis|BBG000BJ27C4_2012-07-15|price_date||2012-07-03,mismatch,BBG000BJ27C4,5-0,0,known,reports/BBG000BJ27C4_2012-07-15.md
mis|BBG000BJ3QD0_2007-11-16|cash_currency|USD|,mismatch,BBG000BJ3QD0,5-0,0,known,reports/BBG000BJ3QD0_2007-11-16.md
mis|BBG000BJ3QD0_2007-11-16|internal_last_trade_date|2007-11-05|,mismatch,BBG000BJ3QD0,5-0,0,known,reports/BBG000BJ3QD0_2007-11-16.md
mis|BBG000BJ9D07_2016-09-08|exit_kind|exchange|merger,mismatch,BBG000BJ9D07,5-0,0,known,reports/BBG000BJ9D07_2016-09-08.md
mis|BBG000BJ9D07_2016-09-08|continuation|true|false,mismatch,BBG000BJ9D07,5-0,0,known,reports/BBG000BJ9D07_2016-09-08.md
mis|BBG000BJ9D07_2016-09-08|last_trade_date||2016-09-07,mismatch,BBG000BJ9D07,5-0,0,known,reports/BBG000BJ9D07_2016-09-08.md
mis|BBG000BJ9D07_2016-09-08|value_rule|continuation|stock,mismatch,BBG000BJ9D07,5-0,0,known,reports/BBG000BJ9D07_2016-09-08.md
mis|BBG000BJ9D07_2016-09-08|stock_ratio||1.000000,mismatch,BBG000BJ9D07,5-0,0,known,reports/BBG000BJ9D07_2016-09-08.md
mis|BBG000BJ9D07_2016-09-08|price_ticker||TIVO,mismatch,BBG000BJ9D07,5-0,0,known,reports/BBG000BJ9D07_2016-09-08.md
mis|BBG000BJ9D07_2016-09-08|price_date||2016-09-08,mismatch,BBG000BJ9D07,5-0,0,known,reports/BBG000BJ9D07_2016-09-08.md
mis|BBG000BJCFP1_2013-03-11|last_trade_date||2013-02-28,mismatch,BBG000BJCFP1,5-0,0,known,reports/BBG000BJCFP1_2013-03-11.md
mis|BBG000BJCFP1_2013-03-11|price_sec_id|BBG000BNHSP9|,mismatch,BBG000BJCFP1,5-0,0,known,reports/BBG000BJCFP1_2013-03-11.md
mis|BBG000BJCFP1_2013-03-11|price_date||2013-03-01,mismatch,BBG000BJCFP1,5-0,0,known,reports/BBG000BJCFP1_2013-03-11.md
mis|BBG000BJV732_2007-12-01|last_trade_date|2007-11-16|2007-11-14,mismatch,BBG000BJV732,5-0,0,known,reports/BBG000BJV732_2007-12-01.md
mis|BBG000BJV732_2007-12-01|cash_per_share|46.90|67.000000,mismatch,BBG000BJV732,5-0,0,known,reports/BBG000BJV732_2007-12-01.md
mis|BBG000BJV732_2007-12-01|cash_currency|USD|,mismatch,BBG000BJV732,5-0,0,known,reports/BBG000BJV732_2007-12-01.md
mis|BBG000BJV732_2007-12-01|stock_ratio|0.189|0.630000,mismatch,BBG000BJV732,5-0,0,known,reports/BBG000BJV732_2007-12-01.md
mis|BBG000BJV732_2007-12-01|price_date|2007-11-19|2007-11-15,mismatch,BBG000BJV732,5-0,0,known,reports/BBG000BJV732_2007-12-01.md
mis|BBG000BJV732_2007-12-01|internal_last_trade_date|2007-11-16|2007-11-14,mismatch,BBG000BJV732,5-0,0,known,reports/BBG000BJV732_2007-12-01.md
mis|BBG000BJVZF7_2014-07-12|cash_currency|USD|,mismatch,BBG000BJVZF7,5-0,0,known,reports/BBG000BJVZF7_2014-07-12.md
mis|BBG000BJVZF7_2014-07-12|price_sec_id|BBG000FH8PX5|,mismatch,BBG000BJVZF7,5-0,0,known,reports/BBG000BJVZF7_2014-07-12.md
mis|BBG000BJXKD0_2018-06-16|exit_kind|exchange|merger,mismatch,BBG000BJXKD0,5-0,0,known,reports/BBG000BJXKD0_2018-06-16.md
mis|BBG000BJXKD0_2018-06-16|continuation|true|false,mismatch,BBG000BJXKD0,5-0,0,known,reports/BBG000BJXKD0_2018-06-16.md
mis|BBG000BJXKD0_2018-06-16|successor_sec_id|BBG00H433CR2|,mismatch,BBG000BJXKD0,5-0,0,known,reports/BBG000BJXKD0_2018-06-16.md
mis|BBG000BJXKD0_2018-06-16|value_rule|continuation|stock,mismatch,BBG000BJXKD0,5-0,0,known,reports/BBG000BJXKD0_2018-06-16.md
mis|BBG000BJXKD0_2018-06-16|stock_ratio||1.000000,mismatch,BBG000BJXKD0,5-0,0,known,reports/BBG000BJXKD0_2018-06-16.md
mis|BBG000BJXKD0_2018-06-16|price_date||2018-06-05,mismatch,BBG000BJXKD0,5-0,0,known,reports/BBG000BJXKD0_2018-06-16.md
mis|BBG000BJXXX0_2007-07-12|price_sec_id|BBG000BKFBD7|,mismatch,BBG000BJXXX0,5-0,0,known,reports/BBG000BJXXX0_2007-07-12.md
mis|BBG000BJXXX0_2007-07-12|internal_last_trade_date|2007-06-29|,mismatch,BBG000BJXXX0,5-0,0,known,reports/BBG000BJXXX0_2007-07-12.md
mis|BBG000BK1FD3_2014-12-04|value_rule|cash_plus_stock|cash,mismatch,BBG000BK1FD3,5-0,0,known,reports/BBG000BK1FD3_2014-12-04.md
mis|BBG000BK1FD3_2014-12-04|cash_per_share|16.00|32.000000,mismatch,BBG000BK1FD3,5-0,0,known,reports/BBG000BK1FD3_2014-12-04.md
mis|BBG000BK1FD3_2014-12-04|cash_currency|USD|,mismatch,BBG000BK1FD3,5-0,0,known,reports/BBG000BK1FD3_2014-12-04.md
mis|BBG000BK1FD3_2014-12-04|stock_ratio|0.8998|,mismatch,BBG000BK1FD3,5-0,0,known,reports/BBG000BK1FD3_2014-12-04.md
mis|BBG000BK1FD3_2014-12-04|price_ticker|AMFW|,mismatch,BBG000BK1FD3,5-0,0,known,reports/BBG000BK1FD3_2014-12-04.md
mis|BBG000BK5DP1_2026-03-30|cash_currency|USD|,mismatch,BBG000BK5DP1,5-0,0,known,reports/BBG000BK5DP1_2026-03-30.md
mis|BBG000BK7SL0_2011-04-18|cash_currency|USD|,mismatch,BBG000BK7SL0,5-0,0,known,reports/BBG000BK7SL0_2011-04-18.md
mis|BBG000BK7SL0_2011-04-18|internal_last_trade_date|2011-04-08|,mismatch,BBG000BK7SL0,5-0,0,known,reports/BBG000BK7SL0_2011-04-18.md
mis|BBG000BKKXG0_2008-12-11|cash_currency|USD|,mismatch,BBG000BKKXG0,5-0,0,known,reports/BBG000BKKXG0_2008-12-11.md
mis|BBG000BKKXG0_2008-12-11|internal_last_trade_date|2008-11-28|,mismatch,BBG000BKKXG0,5-0,0,known,reports/BBG000BKKXG0_2008-12-11.md
mis|BBG000BKQ3V3_2018-07-13|exit_kind|dropped|,mismatch,BBG000BKQ3V3,5-0,0,known,reports/BBG000BKQ3V3_2018-07-13.md
mis|BBG000BKQ3V3_2018-07-13|drop_reason|bankruptcy|,mismatch,BBG000BKQ3V3,5-0,0,known,reports/BBG000BKQ3V3_2018-07-13.md
mis|BBG000BKQ3V3_2018-07-13|value_rule|stock|unknown,mismatch,BBG000BKQ3V3,5-0,0,known,reports/BBG000BKQ3V3_2018-07-13.md
mis|BBG000BKQ3V3_2018-07-13|stock_ratio|0.0037345|,mismatch,BBG000BKQ3V3,5-0,0,known,reports/BBG000BKQ3V3_2018-07-13.md
mis|BBG000BKQ3V3_2018-07-13|price_ticker|SDRL|,mismatch,BBG000BKQ3V3,5-0,0,known,reports/BBG000BKQ3V3_2018-07-13.md
mis|BBG000BKQ3V3_2018-07-13|price_date|2018-07-03|,mismatch,BBG000BKQ3V3,5-0,0,known,reports/BBG000BKQ3V3_2018-07-13.md
mis|BBG000BL9439_2013-07-28|cash_currency|USD|,mismatch,BBG000BL9439,5-0,0,known,reports/BBG000BL9439_2013-07-28.md
mis|BBG000BLBGS2_2025-12-20|last_trade_date||2025-12-09,mismatch,BBG000BLBGS2,5-0,0,known,reports/BBG000BLBGS2_2025-12-20.md
mis|BBG000BLBGS2_2025-12-20|cash_currency|USD|,mismatch,BBG000BLBGS2,5-0,0,known,reports/BBG000BLBGS2_2025-12-20.md
mis|BBG000BLBGS2_2025-12-20|price_date||2025-12-10,mismatch,BBG000BLBGS2,5-0,0,known,reports/BBG000BLBGS2_2025-12-20.md
mis|BBG000BLH3P8_2023-06-20|shape|no_ending|ending,mismatch,BBG000BLH3P8,5-0,0,known,reports/BBG000BLH3P8_2023-06-20.md
mis|BBG000BLPBL5_2026-08-27|price_ticker|EQR|VMRK,mismatch,BBG000BLPBL5,5-0,0,known,reports/BBG000BLPBL5_2026-08-27.md
mis|BBG000BLY636_2008-08-17|drop_reason|bankruptcy|sec_order,mismatch,BBG000BLY636,5-0,0,known,reports/BBG000BLY636_2008-08-17.md
mis|BBG000BLY636_2008-08-17|price_ticker|IDMC|IMB,mismatch,BBG000BLY636,5-0,0,known,reports/BBG000BLY636_2008-08-17.md
mis|BBG000BM1RP0_2009-08-14|internal_last_trade_date|2009-07-31|2009-08-14,mismatch,BBG000BM1RP0,5-0,0,known,reports/BBG000BM1RP0_2009-08-14.md
mis|BBG000BMDV41_2016-09-16|last_trade_date|2016-09-02|2016-09-06,mismatch,BBG000BMDV41,5-0,0,known,reports/BBG000BMDV41_2016-09-16.md
mis|BBG000BMDV41_2016-09-16|cash_currency|USD|,mismatch,BBG000BMDV41,5-0,0,known,reports/BBG000BMDV41_2016-09-16.md
mis|BBG000BMDV41_2016-09-16|price_sec_id|BBG000BVWLJ6|,mismatch,BBG000BMDV41,5-0,0,known,reports/BBG000BMDV41_2016-09-16.md
mis|BBG000BMDV41_2016-09-16|price_date|2016-09-06|2016-09-07,mismatch,BBG000BMDV41,5-0,0,known,reports/BBG000BMDV41_2016-09-16.md
mis|BBG000BMDV41_2016-09-16|internal_last_trade_date|2016-09-02|2016-09-06,mismatch,BBG000BMDV41,5-0,0,known,reports/BBG000BMDV41_2016-09-16.md
mis|BBG000BMZ7P7_2021-12-24|cash_currency|USD|,mismatch,BBG000BMZ7P7,5-0,0,known,reports/BBG000BMZ7P7_2021-12-24.md
mis|BBG000BMZLP6_2007-08-20|cash_currency|USD|,mismatch,BBG000BMZLP6,5-0,0,known,reports/BBG000BMZLP6_2007-08-20.md
mis|BBG000BN53G7_2026-09-06|last_trade_date||2026-08-26,mismatch,BBG000BN53G7,5-0,0,known,reports/BBG000BN53G7_2026-09-06.md
mis|BBG000BN53G7_2026-09-06|price_sec_id|BBG000PXGT62|,mismatch,BBG000BN53G7,5-0,0,known,reports/BBG000BN53G7_2026-09-06.md
mis|BBG000BN53G7_2026-09-06|price_ticker|SGI|,mismatch,BBG000BN53G7,5-0,0,known,reports/BBG000BN53G7_2026-09-06.md
mis|BBG000BN53G7_2026-09-06|price_date||2026-08-27,mismatch,BBG000BN53G7,5-0,0,known,reports/BBG000BN53G7_2026-09-06.md
mis|BBG000BN6349_2013-12-02|shape|ending_moved|ending 2013-12-02,mismatch,BBG000BN6349,5-0,0,known,reports/BBG000BN6349_2013-12-02.md
mis|BBG000BN6349_2013-12-02|exit_kind|merger|dropped,mismatch,BBG000BN6349,5-0,0,known,reports/BBG000BN6349_2013-12-02.md
mis|BBG000BN6349_2013-12-02|drop_reason||guidelines,mismatch,BBG000BN6349,5-0,0,known,reports/BBG000BN6349_2013-12-02.md
mis|BBG000BN6349_2013-12-02|last_trade_date|2016-08-22|,mismatch,BBG000BN6349,5-0,0,known,reports/BBG000BN6349_2013-12-02.md
mis|BBG000BN6349_2013-12-02|value_rule|cash|otc_print,mismatch,BBG000BN6349,5-0,0,known,reports/BBG000BN6349_2013-12-02.md
mis|BBG000BN6349_2013-12-02|cash_per_share|5.05|,mismatch,BBG000BN6349,5-0,0,known,reports/BBG000BN6349_2013-12-02.md
mis|BBG000BN6349_2013-12-02|cash_currency|USD|,mismatch,BBG000BN6349,5-0,0,known,reports/BBG000BN6349_2013-12-02.md
mis|BBG000BN6349_2013-12-02|price_sec_id||BBG000BN6349,mismatch,BBG000BN6349,5-0,0,known,reports/BBG000BN6349_2013-12-02.md
mis|BBG000BN6349_2013-12-02|price_ticker||FMD,mismatch,BBG000BN6349,5-0,0,known,reports/BBG000BN6349_2013-12-02.md
mis|BBG000BN6349_2013-12-02|internal_last_trade_date|2016-08-22|2013-12-02,mismatch,BBG000BN6349,5-0,0,known,reports/BBG000BN6349_2013-12-02.md
mis|BBG000BNTTY4_2024-04-29|cash_currency|USD|,mismatch,BBG000BNTTY4,5-0,0,known,reports/BBG000BNTTY4_2024-04-29.md
mis|BBG000BNVNY4_2021-12-12|cash_per_share|59.17|16.990000,mismatch,BBG000BNVNY4,5-0,0,known,reports/BBG000BNVNY4_2021-12-12.md
mis|BBG000BNVNY4_2021-12-12|cash_currency|USD|,mismatch,BBG000BNVNY4,5-0,0,known,reports/BBG000BNVNY4_2021-12-12.md
mis|BBG000BNXLK1_2007-07-12|exit_kind|exchange|merger,mismatch,BBG000BNXLK1,5-0,0,known,reports/BBG000BNXLK1_2007-07-12.md
mis|BBG000BNXLK1_2007-07-12|continuation|true|false,mismatch,BBG000BNXLK1,5-0,0,known,reports/BBG000BNXLK1_2007-07-12.md
mis|BBG000BNXLK1_2007-07-12|successor_sec_id|BBG000BD8PN9|,mismatch,BBG000BNXLK1,5-0,0,known,reports/BBG000BNXLK1_2007-07-12.md
mis|BBG000BNXLK1_2007-07-12|last_trade_date||2007-06-29,mismatch,BBG000BNXLK1,5-0,0,known,reports/BBG000BNXLK1_2007-07-12.md
mis|BBG000BNXLK1_2007-07-12|value_rule|continuation|stock,mismatch,BBG000BNXLK1,5-0,0,known,reports/BBG000BNXLK1_2007-07-12.md
mis|BBG000BNXLK1_2007-07-12|stock_ratio||1.000000,mismatch,BBG000BNXLK1,5-0,0,known,reports/BBG000BNXLK1_2007-07-12.md
mis|BBG000BNXLK1_2007-07-12|price_ticker||BK,mismatch,BBG000BNXLK1,5-0,0,known,reports/BBG000BNXLK1_2007-07-12.md
mis|BBG000BNXLK1_2007-07-12|price_date||2007-07-02,mismatch,BBG000BNXLK1,5-0,0,known,reports/BBG000BNXLK1_2007-07-12.md
mis|BBG000BP0KQ8_2026-08-14|cash_currency|USD|,mismatch,BBG000BP0KQ8,5-0,0,known,reports/BBG000BP0KQ8_2026-08-14.md
mis|BBG000BPQD31_2020-11-26|exit_kind|exchange|merger,mismatch,BBG000BPQD31,5-0,0,known,reports/BBG000BPQD31_2020-11-26.md
mis|BBG000BPQD31_2020-11-26|continuation|true|false,mismatch,BBG000BPQD31,5-0,0,known,reports/BBG000BPQD31_2020-11-26.md
mis|BBG000BPQD31_2020-11-26|successor_sec_id|BBG00Y4RQNH4|,mismatch,BBG000BPQD31,5-0,0,known,reports/BBG000BPQD31_2020-11-26.md
mis|BBG000BPQD31_2020-11-26|value_rule|continuation|stock,mismatch,BBG000BPQD31,5-0,0,known,reports/BBG000BPQD31_2020-11-26.md
mis|BBG000BPQD31_2020-11-26|stock_ratio||1.000000,mismatch,BBG000BPQD31,5-0,0,known,reports/BBG000BPQD31_2020-11-26.md
mis|BBG000BPQD31_2020-11-26|price_ticker||VTRS,mismatch,BBG000BPQD31,5-0,0,known,reports/BBG000BPQD31_2020-11-26.md
mis|BBG000BPQD31_2020-11-26|internal_last_trade_date|2020-11-16|,mismatch,BBG000BPQD31,5-0,0,known,reports/BBG000BPQD31_2020-11-26.md
mis|BBG000BPQVR5_2015-07-12|value_rule|stock|cash_plus_stock,mismatch,BBG000BPQVR5,5-0,0,known,reports/BBG000BPQVR5_2015-07-12.md
mis|BBG000BPQVR5_2015-07-12|cash_per_share||51.751400,mismatch,BBG000BPQVR5,5-0,0,known,reports/BBG000BPQVR5_2015-07-12.md
mis|BBG000BPQVR5_2015-07-12|stock_ratio|1.0|0.185600,mismatch,BBG000BPQVR5,5-0,0,known,reports/BBG000BPQVR5_2015-07-12.md
mis|BBG000BPQVR5_2015-07-12|price_sec_id|BBG008NXC572|,mismatch,BBG000BPQVR5,5-0,0,known,reports/BBG000BPQVR5_2015-07-12.md
mis|BBG000BPTDN6_2010-10-11|exit_kind|merger|exchange,mismatch,BBG000BPTDN6,5-0,0,known,reports/BBG000BPTDN6_2010-10-11.md
mis|BBG000BPTDN6_2010-10-11|value_rule|cash|transfer,mismatch,BBG000BPTDN6,5-0,0,known,reports/BBG000BPTDN6_2010-10-11.md
mis|BBG000BPTDN6_2010-10-11|cash_per_share|55.00|,mismatch,BBG000BPTDN6,5-0,0,known,reports/BBG000BPTDN6_2010-10-11.md
mis|BBG000BPTDN6_2010-10-11|cash_currency|USD|,mismatch,BBG000BPTDN6,5-0,0,known,reports/BBG000BPTDN6_2010-10-11.md
mis|BBG000BQ3F39_2011-05-07|last_trade_date|2011-04-27|,mismatch,BBG000BQ3F39,5-0,0,known,reports/BBG000BQ3F39_2011-05-07.md
mis|BBG000BQ3F39_2011-05-07|cash_currency|USD|,mismatch,BBG000BQ3F39,5-0,0,known,reports/BBG000BQ3F39_2011-05-07.md
mis|BBG000BQ3F39_2011-05-07|internal_last_trade_date|2011-04-27|,mismatch,BBG000BQ3F39,5-0,0,known,reports/BBG000BQ3F39_2011-05-07.md
mis|BBG000BQHGR6_2026-09-28|exit_kind|exchange|,mismatch,BBG000BQHGR6,5-0,0,known,reports/BBG000BQHGR6_2026-09-28.md
mis|BBG000BQHGR6_2026-09-28|continuation|true|false,mismatch,BBG000BQHGR6,5-0,0,known,reports/BBG000BQHGR6_2026-09-28.md
mis|BBG000BQHGR6_2026-09-28|last_trade_date||2026-09-09,mismatch,BBG000BQHGR6,5-0,0,known,reports/BBG000BQHGR6_2026-09-28.md
mis|BBG000BQHGR6_2026-09-28|value_rule|continuation|unknown,mismatch,BBG000BQHGR6,5-0,0,known,reports/BBG000BQHGR6_2026-09-28.md
mis|BBG000BRF689_2016-10-14|cash_currency|USD|,mismatch,BBG000BRF689,5-0,0,known,reports/BBG000BRF689_2016-10-14.md
mis|BBG000BRF6B5_2009-05-29|drop_reason|guidelines|bankruptcy,mismatch,BBG000BRF6B5,5-0,0,known,reports/BBG000BRF6B5_2009-05-29.md
mis|BBG000BRF6B5_2009-05-29|last_trade_date|2008-12-31|,mismatch,BBG000BRF6B5,5-0,0,known,reports/BBG000BRF6B5_2009-05-29.md
mis|BBG000BRF6B5_2009-05-29|price_ticker|RHDC|RHD,mismatch,BBG000BRF6B5,5-0,0,known,reports/BBG000BRF6B5_2009-05-29.md
mis|BBG000BRF6B5_2009-05-29|price_date|2009-01-02|,mismatch,BBG000BRF6B5,5-0,0,known,reports/BBG000BRF6B5_2009-05-29.md
mis|BBG000BRF6B5_2009-05-29|internal_last_trade_date|2008-12-31|2009-06-08,mismatch,BBG000BRF6B5,5-0,0,known,reports/BBG000BRF6B5_2009-05-29.md
mis|BBG000BRWGG9_2019-04-22|shape|ending_moved|ending 2019-04-22,mismatch,BBG000BRWGG9,5-0,0,known,reports/BBG000BRWGG9_2019-04-22.md
mis|BBG000BRWGG9_2019-04-22|exit_kind|dropped|exchange,mismatch,BBG000BRWGG9,5-0,0,known,reports/BBG000BRWGG9_2019-04-22.md
mis|BBG000BRWGG9_2019-04-22|drop_reason|bankruptcy|,mismatch,BBG000BRWGG9,5-0,0,known,reports/BBG000BRWGG9_2019-04-22.md
mis|BBG000BRWGG9_2019-04-22|value_rule|otc_print|transfer,mismatch,BBG000BRWGG9,5-0,0,known,reports/BBG000BRWGG9_2019-04-22.md
mis|BBG000BRWGG9_2019-04-22|price_sec_id|BBG000BRWGG9|,mismatch,BBG000BRWGG9,5-0,0,known,reports/BBG000BRWGG9_2019-04-22.md
mis|BBG000BRWGG9_2019-04-22|price_ticker|RADCQ|,mismatch,BBG000BRWGG9,5-0,0,known,reports/BBG000BRWGG9_2019-04-22.md
mis|BBG000BRWGG9_2019-04-22|internal_last_trade_date|2023-10-16|2019-04-22,mismatch,BBG000BRWGG9,5-0,0,known,reports/BBG000BRWGG9_2019-04-22.md
mis|BBG000BS3FD4_2008-03-27|cash_currency|USD|,mismatch,BBG000BS3FD4,5-0,0,known,reports/BBG000BS3FD4_2008-03-27.md
mis|BBG000BSD7C2_2020-04-13|price_sec_id|BBG000BW8S60|,mismatch,BBG000BSD7C2,5-0,0,known,reports/BBG000BSD7C2_2020-04-13.md
mis|BBG000BSD7C2_2020-04-13|price_ticker|RTX|UTX,mismatch,BBG000BSD7C2,5-0,0,known,reports/BBG000BSD7C2_2020-04-13.md
mis|BBG000BSGQN5_2015-10-11|price_sec_id|BBG000BTFDR9|,mismatch,BBG000BSGQN5,5-0,0,known,reports/BBG000BSGQN5_2015-10-11.md
mis|BBG000BSGQN5_2015-10-11|price_ticker|CAA|SPF,mismatch,BBG000BSGQN5,5-0,0,known,reports/BBG000BSGQN5_2015-10-11.md
mis|BBG000BSVZM9_2009-11-04|cash_currency|USD|,mismatch,BBG000BSVZM9,5-0,0,known,reports/BBG000BSVZM9_2009-11-04.md
mis|BBG000BSVZM9_2009-11-04|price_sec_id|BBG000BPD168|,mismatch,BBG000BSVZM9,5-0,0,known,reports/BBG000BSVZM9_2009-11-04.md
mis|BBG000BSVZM9_2009-11-04|internal_last_trade_date|2009-11-03|2009-11-04,mismatch,BBG000BSVZM9,5-0,0,known,reports/BBG000BSVZM9_2009-11-04.md
mis|BBG000BTMDX4_2012-04-06|value_rule|stock|cash,mismatch,BBG000BTMDX4,5-0,0,known,reports/BBG000BTMDX4_2012-04-06.md
mis|BBG000BTMDX4_2012-04-06|cash_per_share||44.250000,mismatch,BBG000BTMDX4,5-0,0,known,reports/BBG000BTMDX4_2012-04-06.md
mis|BBG000BTMDX4_2012-04-06|stock_ratio|1.0|,mismatch,BBG000BTMDX4,5-0,0,known,reports/BBG000BTMDX4_2012-04-06.md
mis|BBG000BTMDX4_2012-04-06|price_ticker|ETE|,mismatch,BBG000BTMDX4,5-0,0,known,reports/BBG000BTMDX4_2012-04-06.md
mis|BBG000BTMDX4_2012-04-06|price_date|2012-03-27|,mismatch,BBG000BTMDX4,5-0,0,known,reports/BBG000BTMDX4_2012-04-06.md
mis|BBG000BTN971_2012-10-20|cash_currency|USD|,mismatch,BBG000BTN971,5-0,0,known,reports/BBG000BTN971_2012-10-20.md
mis|BBG000BTQ9G8_2017-08-02|shape|ending_moved|ending 2017-08-02,mismatch,BBG000BTQ9G8,5-0,0,known,reports/BBG000BTQ9G8_2017-08-02.md
mis|BBG000BTQ9G8_2017-08-02|exit_kind|merger|exchange,mismatch,BBG000BTQ9G8,5-0,0,known,reports/BBG000BTQ9G8_2017-08-02.md
mis|BBG000BTQ9G8_2017-08-02|last_trade_date|2018-10-19|,mismatch,BBG000BTQ9G8,5-0,0,known,reports/BBG000BTQ9G8_2017-08-02.md
mis|BBG000BTQ9G8_2017-08-02|value_rule|cash|transfer,mismatch,BBG000BTQ9G8,5-0,0,known,reports/BBG000BTQ9G8_2017-08-02.md
mis|BBG000BTQ9G8_2017-08-02|cash_per_share|32.50|,mismatch,BBG000BTQ9G8,5-0,0,known,reports/BBG000BTQ9G8_2017-08-02.md
mis|BBG000BTQ9G8_2017-08-02|cash_currency|USD|,mismatch,BBG000BTQ9G8,5-0,0,known,reports/BBG000BTQ9G8_2017-08-02.md
mis|BBG000BTQ9G8_2017-08-02|internal_last_trade_date|2018-10-19|2017-08-02,mismatch,BBG000BTQ9G8,5-0,0,known,reports/BBG000BTQ9G8_2017-08-02.md
mis|BBG000BV3594_2007-12-06|cash_currency|USD|,mismatch,BBG000BV3594,5-0,0,known,reports/BBG000BV3594_2007-12-06.md
mis|BBG000BV52H0_2007-09-07|cash_currency|USD|,mismatch,BBG000BV52H0,5-0,0,known,reports/BBG000BV52H0_2007-09-07.md
mis|BBG000BVW841_2009-06-08|exit_kind|merger|exchange,mismatch,BBG000BVW841,5-0,0,known,reports/BBG000BVW841_2009-06-08.md
mis|BBG000BVW841_2009-06-08|last_trade_date|2007-10-10|,mismatch,BBG000BVW841,5-0,0,known,reports/BBG000BVW841_2009-06-08.md
mis|BBG000BVW841_2009-06-08|value_rule|cash|transfer,mismatch,BBG000BVW841,5-0,0,known,reports/BBG000BVW841_2009-06-08.md
mis|BBG000BVW841_2009-06-08|cash_per_share|69.25|,mismatch,BBG000BVW841,5-0,0,known,reports/BBG000BVW841_2009-06-08.md
mis|BBG000BVW841_2009-06-08|cash_currency|USD|,mismatch,BBG000BVW841,5-0,0,known,reports/BBG000BVW841_2009-06-08.md
mis|BBG000BVW841_2009-06-08|internal_last_trade_date|2007-10-10|2009-06-08,mismatch,BBG000BVW841,5-0,0,known,reports/BBG000BVW841_2009-06-08.md
mis|BBG000BWMX63_2026-08-30|cash_currency|USD|,mismatch,BBG000BWMX63,5-0,0,known,reports/BBG000BWMX63_2026-08-30.md
mis|BBG000BWPN99_2008-10-11|price_sec_id|BBG000D52545|,mismatch,BBG000BWPN99,5-0,0,known,reports/BBG000BWPN99_2008-10-11.md
mis|BBG000BX67G5_2008-05-24|last_trade_date|2008-05-14|,mismatch,BBG000BX67G5,5-0,0,known,reports/BBG000BX67G5_2008-05-24.md
mis|BBG000BX67G5_2008-05-24|cash_currency|USD|,mismatch,BBG000BX67G5,5-0,0,known,reports/BBG000BX67G5_2008-05-24.md
mis|BBG000BX67G5_2008-05-24|internal_last_trade_date|2008-05-14|,mismatch,BBG000BX67G5,5-0,0,known,reports/BBG000BX67G5_2008-05-24.md
mis|BBG000BYD720_2017-06-09|price_sec_id|BBG00GSNPM07|,mismatch,BBG000BYD720,5-0,0,known,reports/BBG000BYD720_2017-06-09.md
mis|BBG000C070N2_2009-06-08|exit_kind|merger|exchange,mismatch,BBG000C070N2,5-0,0,known,reports/BBG000C070N2_2009-06-08.md
mis|BBG000C070N2_2009-06-08|value_rule|stock|transfer,mismatch,BBG000C070N2,5-0,0,known,reports/BBG000C070N2_2009-06-08.md
mis|BBG000C070N2_2009-06-08|stock_ratio|4.6|,mismatch,BBG000C070N2,5-0,0,known,reports/BBG000C070N2_2009-06-08.md
mis|BBG000C070N2_2009-06-08|price_sec_id|BBG000BT0093|,mismatch,BBG000C070N2,5-0,0,known,reports/BBG000C070N2_2009-06-08.md
mis|BBG000C070N2_2009-06-08|price_ticker|SIRI|,mismatch,BBG000C070N2,5-0,0,known,reports/BBG000C070N2_2009-06-08.md
mis|BBG000C070N2_2009-06-08|internal_last_trade_date|2008-07-28|2009-06-08,mismatch,BBG000C070N2,5-0,0,known,reports/BBG000C070N2_2009-06-08.md
mis|BBG000C0BGS7_2009-10-30|last_trade_date|2009-10-20|,mismatch,BBG000C0BGS7,5-0,0,known,reports/BBG000C0BGS7_2009-10-30.md
mis|BBG000C0BGS7_2009-10-30|cash_currency|USD|,mismatch,BBG000C0BGS7,5-0,0,known,reports/BBG000C0BGS7_2009-10-30.md
mis|BBG000C0BGS7_2009-10-30|internal_last_trade_date|2009-10-20|,mismatch,BBG000C0BGS7,5-0,0,known,reports/BBG000C0BGS7_2009-10-30.md
mis|BBG000C0NY96_2019-08-11|price_sec_id|BBG000BFK8Y6|,mismatch,BBG000C0NY96,5-0,0,known,reports/BBG000C0NY96_2019-08-11.md
mis|BBG000C0NY96_2019-08-11|price_ticker|TCF|CHFC,mismatch,BBG000C0NY96,5-0,0,known,reports/BBG000C0NY96_2019-08-11.md
mis|BBG000C11MQ5_2015-06-05|value_rule|cash_plus_stock|cash,mismatch,BBG000C11MQ5,5-0,0,known,reports/BBG000C11MQ5_2015-06-05.md
mis|BBG000C11MQ5_2015-06-05|cash_currency|USD|,mismatch,BBG000C11MQ5,5-0,0,known,reports/BBG000C11MQ5_2015-06-05.md
mis|BBG000C11MQ5_2015-06-05|price_sec_id|BBG0025Y4RY4|,mismatch,BBG000C11MQ5,5-0,0,known,reports/BBG000C11MQ5_2015-06-05.md
mis|BBG000C11MQ5_2015-06-05|price_ticker|ABBV|,mismatch,BBG000C11MQ5,5-0,0,known,reports/BBG000C11MQ5_2015-06-05.md
mis|BBG000C11MQ5_2015-06-05|price_date|2015-05-26|,mismatch,BBG000C11MQ5,5-0,0,known,reports/BBG000C11MQ5_2015-06-05.md
mis|BBG000C1R174_2009-11-02|price_sec_id|BBG000QW8XR0|,mismatch,BBG000C1R174,5-0,0,known,reports/BBG000C1R174_2009-11-02.md
mis|BBG000C1R174_2009-11-02|internal_last_trade_date|2009-10-23|,mismatch,BBG000C1R174,5-0,0,known,reports/BBG000C1R174_2009-11-02.md
mis|BBG000C3HNW5_2014-10-30|cash_currency|USD|,mismatch,BBG000C3HNW5,5-0,0,known,reports/BBG000C3HNW5_2014-10-30.md
mis|BBG000C3HNW5_2014-10-30|price_sec_id|BBG000F61RJ8|,mismatch,BBG000C3HNW5,5-0,0,known,reports/BBG000C3HNW5_2014-10-30.md
mis|BBG000C3JJC4_2015-02-12|cash_currency|USD|,mismatch,BBG000C3JJC4,5-0,0,known,reports/BBG000C3JJC4_2015-02-12.md
mis|BBG000C3W281_2026-06-20|cash_currency|USD|,mismatch,BBG000C3W281,5-0,0,known,reports/BBG000C3W281_2026-06-20.md
mis|BBG000C496P7_2025-08-17|value_rule|stock|cash_plus_stock,mismatch,BBG000C496P7,5-0,0,known,reports/BBG000C496P7_2025-08-17.md
mis|BBG000C496P7_2025-08-17|cash_per_share||23.000000,mismatch,BBG000C496P7,5-0,0,known,reports/BBG000C496P7_2025-08-17.md
mis|BBG000C496P7_2025-08-17|stock_ratio|1.0|1.533300,mismatch,BBG000C496P7,5-0,0,known,reports/BBG000C496P7_2025-08-17.md
mis|BBG000C496P7_2025-08-17|price_ticker|PSKY|,mismatch,BBG000C496P7,5-0,0,known,reports/BBG000C496P7_2025-08-17.md
mis|BBG000C4MWH4_2023-07-05|continuation|true|false,mismatch,BBG000C4MWH4,5-0,0,known,reports/BBG000C4MWH4_2023-07-05.md
mis|BBG000C4MWH4_2023-07-05|value_rule|continuation|transfer,mismatch,BBG000C4MWH4,5-0,0,known,reports/BBG000C4MWH4_2023-07-05.md
mis|BBG000C7B169_2011-07-31|cash_currency|USD|,mismatch,BBG000C7B169,5-0,0,known,reports/BBG000C7B169_2011-07-31.md
mis|BBG000C7WZ16_2010-10-15|shape|ending_moved|ending 2010-10-15,mismatch,BBG000C7WZ16,5-0,0,known,reports/BBG000C7WZ16_2010-10-15.md
mis|BBG000C7WZ16_2010-10-15|exit_kind|merger|exchange,mismatch,BBG000C7WZ16,5-0,0,known,reports/BBG000C7WZ16_2010-10-15.md
mis|BBG000C7WZ16_2010-10-15|last_trade_date|2014-04-08|,mismatch,BBG000C7WZ16,5-0,0,known,reports/BBG000C7WZ16_2010-10-15.md
mis|BBG000C7WZ16_2010-10-15|value_rule|cash|transfer,mismatch,BBG000C7WZ16,5-0,0,known,reports/BBG000C7WZ16_2010-10-15.md
mis|BBG000C7WZ16_2010-10-15|cash_per_share|15.00|,mismatch,BBG000C7WZ16,5-0,0,known,reports/BBG000C7WZ16_2010-10-15.md
mis|BBG000C7WZ16_2010-10-15|cash_currency|USD|,mismatch,BBG000C7WZ16,5-0,0,known,reports/BBG000C7WZ16_2010-10-15.md
mis|BBG000C7WZ16_2010-10-15|internal_last_trade_date|2014-04-08|2010-10-15,mismatch,BBG000C7WZ16,5-0,0,known,reports/BBG000C7WZ16_2010-10-15.md
mis|BBG000C9N6Q9_2011-03-15|shape|ending_moved|ending 2011-03-15,mismatch,BBG000C9N6Q9,5-0,0,known,reports/BBG000C9N6Q9_2011-03-15.md
mis|BBG000C9N6Q9_2011-03-15|exit_kind|merger|exchange,mismatch,BBG000C9N6Q9,5-0,0,known,reports/BBG000C9N6Q9_2011-03-15.md
mis|BBG000C9N6Q9_2011-03-15|value_rule|cash_plus_stock|transfer,mismatch,BBG000C9N6Q9,5-0,0,known,reports/BBG000C9N6Q9_2011-03-15.md
mis|BBG000C9N6Q9_2011-03-15|cash_per_share|37.34|,mismatch,BBG000C9N6Q9,5-0,0,known,reports/BBG000C9N6Q9_2011-03-15.md
mis|BBG000C9N6Q9_2011-03-15|cash_currency|USD|,mismatch,BBG000C9N6Q9,5-0,0,known,reports/BBG000C9N6Q9_2011-03-15.md
mis|BBG000C9N6Q9_2011-03-15|stock_ratio|0.68|,mismatch,BBG000C9N6Q9,5-0,0,known,reports/BBG000C9N6Q9_2011-03-15.md
mis|BBG000C9N6Q9_2011-03-15|price_sec_id|CIK1498301-COMMON|,mismatch,BBG000C9N6Q9,5-0,0,known,reports/BBG000C9N6Q9_2011-03-15.md
mis|BBG000C9N6Q9_2011-03-15|price_ticker|ASNA|,mismatch,BBG000C9N6Q9,5-0,0,known,reports/BBG000C9N6Q9_2011-03-15.md
mis|BBG000C9N6Q9_2011-03-15|internal_last_trade_date|2015-08-21|2011-03-15,mismatch,BBG000C9N6Q9,5-0,0,known,reports/BBG000C9N6Q9_2011-03-15.md
mis|BBG000CB2ZY4_2011-02-28|last_trade_date|2011-02-28|,mismatch,BBG000CB2ZY4,5-0,0,known,reports/BBG000CB2ZY4_2011-02-28.md
mis|BBG000CB2ZY4_2011-02-28|cash_currency|USD|,mismatch,BBG000CB2ZY4,5-0,0,known,reports/BBG000CB2ZY4_2011-02-28.md
mis|BBG000CG0HP5_2008-01-05|cash_currency|USD|,mismatch,BBG000CG0HP5,5-0,0,known,reports/BBG000CG0HP5_2008-01-05.md
mis|BBG000CGQ485_2008-12-04|cash_currency|USD|,mismatch,BBG000CGQ485,5-0,0,known,reports/BBG000CGQ485_2008-12-04.md
mis|BBG000CGQ485_2008-12-04|internal_last_trade_date|2008-11-21|,mismatch,BBG000CGQ485,5-0,0,known,reports/BBG000CGQ485_2008-12-04.md
mis|BBG000CGQ6M4_2018-11-10|exit_kind|exchange|merger,mismatch,BBG000CGQ6M4,5-0,0,known,reports/BBG000CGQ6M4_2018-11-10.md
mis|BBG000CGQ6M4_2018-11-10|continuation|true|false,mismatch,BBG000CGQ6M4,5-0,0,known,reports/BBG000CGQ6M4_2018-11-10.md
mis|BBG000CGQ6M4_2018-11-10|successor_sec_id|BBG00GVR8YQ9|,mismatch,BBG000CGQ6M4,5-0,0,known,reports/BBG000CGQ6M4_2018-11-10.md
mis|BBG000CGQ6M4_2018-11-10|value_rule|continuation|stock,mismatch,BBG000CGQ6M4,5-0,0,known,reports/BBG000CGQ6M4_2018-11-10.md
mis|BBG000CGQ6M4_2018-11-10|stock_ratio||1.000000,mismatch,BBG000CGQ6M4,5-0,0,known,reports/BBG000CGQ6M4_2018-11-10.md
mis|BBG000CGQ6M4_2018-11-10|price_ticker||LIN,mismatch,BBG000CGQ6M4,5-0,0,known,reports/BBG000CGQ6M4_2018-11-10.md
mis|BBG000CGQ6M4_2018-11-10|price_date||2018-10-31,mismatch,BBG000CGQ6M4,5-0,0,known,reports/BBG000CGQ6M4_2018-11-10.md
mis|BBG000CL1HL7_2021-12-10|shape|no_ending|ending,mismatch,BBG000CL1HL7,5-0,0,known,reports/BBG000CL1HL7_2021-12-10.md
mis|BBG000CNZC55_2020-07-11|continuation|true|false,mismatch,BBG000CNZC55,5-0,0,known,reports/BBG000CNZC55_2020-07-11.md
mis|BBG000CNZC55_2020-07-11|value_rule|continuation|transfer,mismatch,BBG000CNZC55,5-0,0,known,reports/BBG000CNZC55_2020-07-11.md
mis|BBG000CNZC55_2020-07-11|internal_last_trade_date|2020-06-30|,mismatch,BBG000CNZC55,5-0,0,known,reports/BBG000CNZC55_2020-07-11.md
mis|BBG000CS7CB8_2007-11-25|cash_currency|USD|,mismatch,BBG000CS7CB8,5-0,0,known,reports/BBG000CS7CB8_2007-11-25.md
mis|BBG000CXLZ20_2010-10-11|cash_currency|USD|,mismatch,BBG000CXLZ20,5-0,0,known,reports/BBG000CXLZ20_2010-10-11.md
mis|BBG000DBVBY4_2021-03-11|cash_currency|USD|,mismatch,BBG000DBVBY4,5-0,0,known,reports/BBG000DBVBY4_2021-03-11.md
mis|BBG000DBVBY4_2021-03-11|price_sec_id|BBG000BLZRJ2|,mismatch,BBG000DBVBY4,5-0,0,known,reports/BBG000DBVBY4_2021-03-11.md
mis|BBG000DGZ1B6_2009-06-08|shape|ending_moved|ending 2009-06-08,mismatch,BBG000DGZ1B6,5-0,0,known,reports/BBG000DGZ1B6_2009-06-08.md
mis|BBG000DGZ1B6_2009-06-08|exit_kind|merger|exchange,mismatch,BBG000DGZ1B6,5-0,0,known,reports/BBG000DGZ1B6_2009-06-08.md
mis|BBG000DGZ1B6_2009-06-08|last_trade_date|2016-10-31|,mismatch,BBG000DGZ1B6,5-0,0,known,reports/BBG000DGZ1B6_2009-06-08.md
mis|BBG000DGZ1B6_2009-06-08|value_rule|cash|transfer,mismatch,BBG000DGZ1B6,5-0,0,known,reports/BBG000DGZ1B6_2009-06-08.md
mis|BBG000DGZ1B6_2009-06-08|cash_per_share|3.40|,mismatch,BBG000DGZ1B6,5-0,0,known,reports/BBG000DGZ1B6_2009-06-08.md
mis|BBG000DGZ1B6_2009-06-08|cash_currency|USD|,mismatch,BBG000DGZ1B6,5-0,0,known,reports/BBG000DGZ1B6_2009-06-08.md
mis|BBG000DGZ1B6_2009-06-08|internal_last_trade_date|2016-10-31|2009-06-08,mismatch,BBG000DGZ1B6,5-0,0,known,reports/BBG000DGZ1B6_2009-06-08.md
mis|BBG000DQV8M1_2010-12-17|price_ticker|GEN|RRI,mismatch,BBG000DQV8M1,5-0,0,known,reports/BBG000DQV8M1_2010-12-17.md
mis|BBG000DQX1D4_2016-04-03|cash_currency|USD|,mismatch,BBG000DQX1D4,5-0,0,known,reports/BBG000DQX1D4_2016-04-03.md
mis|BBG000DST2V3_2012-06-04|cash_currency|USD|,mismatch,BBG000DST2V3,5-0,0,known,reports/BBG000DST2V3_2012-06-04.md
mis|BBG000DST2V3_2012-06-04|price_sec_id|BBG0019JZ882|,mismatch,BBG000DST2V3,5-0,0,known,reports/BBG000DST2V3_2012-06-04.md
mis|BBG000DY6735_2013-12-31|shape|ending_moved|ending 2013-12-31,mismatch,BBG000DY6735,5-0,0,known,reports/BBG000DY6735_2013-12-31.md
mis|BBG000DY6735_2013-12-31|exit_kind|dropped|exchange,mismatch,BBG000DY6735,5-0,0,known,reports/BBG000DY6735_2013-12-31.md
mis|BBG000DY6735_2013-12-31|drop_reason|bankruptcy|,mismatch,BBG000DY6735,5-0,0,known,reports/BBG000DY6735_2013-12-31.md
mis|BBG000DY6735_2013-12-31|last_trade_date|2025-05-15|,mismatch,BBG000DY6735,5-0,0,known,reports/BBG000DY6735_2013-12-31.md
mis|BBG000DY6735_2013-12-31|value_rule|otc_print|transfer,mismatch,BBG000DY6735,5-0,0,known,reports/BBG000DY6735_2013-12-31.md
mis|BBG000DY6735_2013-12-31|price_sec_id|BBG000DY6735|,mismatch,BBG000DY6735,5-0,0,known,reports/BBG000DY6735_2013-12-31.md
mis|BBG000DY6735_2013-12-31|price_ticker|WGHTQ|,mismatch,BBG000DY6735,5-0,0,known,reports/BBG000DY6735_2013-12-31.md
mis|BBG000DY6735_2013-12-31|price_date|2025-05-16|,mismatch,BBG000DY6735,5-0,0,known,reports/BBG000DY6735_2013-12-31.md
mis|BBG000DY6735_2013-12-31|internal_last_trade_date|2025-05-15|2013-12-31,mismatch,BBG000DY6735,5-0,0,known,reports/BBG000DY6735_2013-12-31.md
mis|BBG000DY8ZS4_2019-05-15|drop_reason|price|guidelines,mismatch,BBG000DY8ZS4,5-0,0,known,reports/BBG000DY8ZS4_2019-05-15.md
mis|BBG000DY8ZS4_2019-05-15|price_ticker|WFTIF|WFT,mismatch,BBG000DY8ZS4,5-0,0,known,reports/BBG000DY8ZS4_2019-05-15.md
mis|BBG000DZCFX4_2020-06-02|shape|no_ending|ending,mismatch,BBG000DZCFX4,5-0,0,known,reports/BBG000DZCFX4_2020-06-02.md
mis|BBG000F2XXP2_2023-05-31|exit_kind|exchange|merger,mismatch,BBG000F2XXP2,5-0,0,known,reports/BBG000F2XXP2_2023-05-31.md
mis|BBG000F2XXP2_2023-05-31|continuation|true|false,mismatch,BBG000F2XXP2,5-0,0,known,reports/BBG000F2XXP2_2023-05-31.md
mis|BBG000F2XXP2_2023-05-31|successor_sec_id|BBG01GJ3NY88|,mismatch,BBG000F2XXP2,5-0,0,known,reports/BBG000F2XXP2_2023-05-31.md
mis|BBG000F2XXP2_2023-05-31|value_rule|continuation|stock,mismatch,BBG000F2XXP2,5-0,0,known,reports/BBG000F2XXP2_2023-05-31.md
mis|BBG000F2XXP2_2023-05-31|stock_ratio||1.000000,mismatch,BBG000F2XXP2,5-0,0,known,reports/BBG000F2XXP2_2023-05-31.md
mis|BBG000F2XXP2_2023-05-31|price_sec_id||BBG01GJ3NY88,mismatch,BBG000F2XXP2,5-0,0,known,reports/BBG000F2XXP2_2023-05-31.md
mis|BBG000F2XXP2_2023-05-31|price_ticker||SBGI,mismatch,BBG000F2XXP2,5-0,0,known,reports/BBG000F2XXP2_2023-05-31.md
mis|BBG000FBWYH0_2026-07-06|cash_currency|USD|,mismatch,BBG000FBWYH0,5-0,0,known,reports/BBG000FBWYH0_2026-07-06.md
mis|BBG000FHN2M1_2007-12-14|cash_currency|USD|,mismatch,BBG000FHN2M1,5-0,0,known,reports/BBG000FHN2M1_2007-12-14.md
mis|BBG000FHN2M1_2007-12-14|internal_last_trade_date|2007-12-03|,mismatch,BBG000FHN2M1,5-0,0,known,reports/BBG000FHN2M1_2007-12-14.md
mis|BBG000FJJW82_2008-12-06|last_trade_date||2008-11-21,mismatch,BBG000FJJW82,5-0,0,known,reports/BBG000FJJW82_2008-12-06.md
mis|BBG000FJJW82_2008-12-06|cash_currency|USD|,mismatch,BBG000FJJW82,5-0,0,known,reports/BBG000FJJW82_2008-12-06.md
mis|BBG000FJJW82_2008-12-06|price_sec_id|BBG000CKJ0P3|,mismatch,BBG000FJJW82,5-0,0,known,reports/BBG000FJJW82_2008-12-06.md
mis|BBG000FJJW82_2008-12-06|price_date||2008-11-24,mismatch,BBG000FJJW82,5-0,0,known,reports/BBG000FJJW82_2008-12-06.md
mis|BBG000FL1TC8_2015-08-03|cash_currency|USD|,mismatch,BBG000FL1TC8,5-0,0,known,reports/BBG000FL1TC8_2015-08-03.md
mis|BBG000FRVFM1_2011-12-15|last_trade_date|2011-12-05|,mismatch,BBG000FRVFM1,5-0,0,known,reports/BBG000FRVFM1_2011-12-15.md
mis|BBG000FRVFM1_2011-12-15|cash_currency|USD|,mismatch,BBG000FRVFM1,5-0,0,known,reports/BBG000FRVFM1_2011-12-15.md
mis|BBG000FRVFM1_2011-12-15|internal_last_trade_date|2011-12-05|,mismatch,BBG000FRVFM1,5-0,0,known,reports/BBG000FRVFM1_2011-12-15.md
mis|BBG000FVQ434_2016-07-23|price_sec_id|BBG006G063F9|,mismatch,BBG000FVQ434,5-0,0,known,reports/BBG000FVQ434_2016-07-23.md
mis|BBG000FXYZF9_2008-11-10|last_trade_date|2008-09-25|2008-09-29,mismatch,BBG000FXYZF9,5-0,0,known,reports/BBG000FXYZF9_2008-11-10.md
mis|BBG000FXYZF9_2008-11-10|price_ticker|WAMUQ|WM,mismatch,BBG000FXYZF9,5-0,0,known,reports/BBG000FXYZF9_2008-11-10.md
mis|BBG000FXYZF9_2008-11-10|price_date|2008-09-26|2008-09-30,mismatch,BBG000FXYZF9,5-0,0,known,reports/BBG000FXYZF9_2008-11-10.md
mis|BBG000FXYZF9_2008-11-10|internal_last_trade_date|2008-09-25|2008-09-29,mismatch,BBG000FXYZF9,5-0,0,known,reports/BBG000FXYZF9_2008-11-10.md
mis|BBG000G0PPW3_2016-12-11|exit_kind|exchange|merger,mismatch,BBG000G0PPW3,5-0,0,known,reports/BBG000G0PPW3_2016-12-11.md
mis|BBG000G0PPW3_2016-12-11|continuation|true|false,mismatch,BBG000G0PPW3,5-0,0,known,reports/BBG000G0PPW3_2016-12-11.md
mis|BBG000G0PPW3_2016-12-11|successor_sec_id|BBG00D3CHRC0|,mismatch,BBG000G0PPW3,5-0,0,known,reports/BBG000G0PPW3_2016-12-11.md
mis|BBG000G0PPW3_2016-12-11|value_rule|continuation|stock,mismatch,BBG000G0PPW3,5-0,0,known,reports/BBG000G0PPW3_2016-12-11.md
mis|BBG000G0PPW3_2016-12-11|stock_ratio||1.000000,mismatch,BBG000G0PPW3,5-0,0,known,reports/BBG000G0PPW3_2016-12-11.md
mis|BBG000G0PPW3_2016-12-11|price_ticker||EVHC,mismatch,BBG000G0PPW3,5-0,0,known,reports/BBG000G0PPW3_2016-12-11.md
mis|BBG000G0PPW3_2016-12-11|price_date||2016-12-02,mismatch,BBG000G0PPW3,5-0,0,known,reports/BBG000G0PPW3_2016-12-11.md
mis|BBG000G61VB6_2007-07-23|stock_ratio|0.375|0.350000,mismatch,BBG000G61VB6,5-0,0,known,reports/BBG000G61VB6_2007-07-23.md
mis|BBG000G6BN50_2017-07-28|cash_currency|USD|,mismatch,BBG000G6BN50,5-0,0,known,reports/BBG000G6BN50_2017-07-28.md
mis|BBG000GTYWL7_2026-01-18|shape|no_ending|ending,mismatch,BBG000GTYWL7,5-0,0,known,reports/BBG000GTYWL7_2026-01-18.md
mis|BBG000GYLKX3_2013-10-07|cash_currency|USD|,mismatch,BBG000GYLKX3,5-0,0,known,reports/BBG000GYLKX3_2013-10-07.md
mis|BBG000H89QJ6_2016-05-28|cash_currency|USD|,mismatch,BBG000H89QJ6,5-0,0,known,reports/BBG000H89QJ6_2016-05-28.md
mis|BBG000H89QJ6_2016-05-28|stock_ratio|0.48908178|0.540900,mismatch,BBG000H89QJ6,5-0,0,known,reports/BBG000H89QJ6_2016-05-28.md
mis|BBG000H89QJ6_2016-05-28|price_sec_id|BBG000VPGNR2|,mismatch,BBG000H89QJ6,5-0,0,known,reports/BBG000H89QJ6_2016-05-28.md
mis|BBG000HZFZX3_2017-11-11|cash_currency|USD|,mismatch,BBG000HZFZX3,5-0,0,known,reports/BBG000HZFZX3_2017-11-11.md
mis|BBG000J453J8_2019-05-12|continuation|true|false,mismatch,BBG000J453J8,5-0,0,known,reports/BBG000J453J8_2019-05-12.md
mis|BBG000J453J8_2019-05-12|last_trade_date||2019-05-01,mismatch,BBG000J453J8,5-0,0,known,reports/BBG000J453J8_2019-05-12.md
mis|BBG000J453J8_2019-05-12|value_rule|continuation|transfer,mismatch,BBG000J453J8,5-0,0,known,reports/BBG000J453J8_2019-05-12.md
mis|BBG000JBSJZ4_2014-07-01|internal_last_trade_date|2014-06-30|2014-07-01,mismatch,BBG000JBSJZ4,5-0,0,known,reports/BBG000JBSJZ4_2014-07-01.md
mis|BBG000JXRXK2_2009-06-08|exit_kind|merger|exchange,mismatch,BBG000JXRXK2,5-0,0,known,reports/BBG000JXRXK2_2009-06-08.md
mis|BBG000JXRXK2_2009-06-08|last_trade_date|2009-01-29|,mismatch,BBG000JXRXK2,5-0,0,known,reports/BBG000JXRXK2_2009-06-08.md
mis|BBG000JXRXK2_2009-06-08|value_rule|stock|transfer,mismatch,BBG000JXRXK2,5-0,0,known,reports/BBG000JXRXK2_2009-06-08.md
mis|BBG000JXRXK2_2009-06-08|stock_ratio|0.3206|,mismatch,BBG000JXRXK2,5-0,0,known,reports/BBG000JXRXK2_2009-06-08.md
mis|BBG000JXRXK2_2009-06-08|price_ticker|STD|,mismatch,BBG000JXRXK2,5-0,0,known,reports/BBG000JXRXK2_2009-06-08.md
mis|BBG000JXRXK2_2009-06-08|price_date|2009-01-30|,mismatch,BBG000JXRXK2,5-0,0,known,reports/BBG000JXRXK2_2009-06-08.md
mis|BBG000K3T8L8_2018-06-16|price_sec_id|BBG00H433CR2|,mismatch,BBG000K3T8L8,5-0,0,known,reports/BBG000K3T8L8_2018-06-16.md
mis|BBG000K3T8L8_2018-06-16|price_ticker|EVRG|,mismatch,BBG000K3T8L8,5-0,0,known,reports/BBG000K3T8L8_2018-06-16.md
mis|BBG000KBQZ88_2015-08-02|last_trade_date|2015-07-23|,mismatch,BBG000KBQZ88,5-0,0,known,reports/BBG000KBQZ88_2015-08-02.md
mis|BBG000KBQZ88_2015-08-02|cash_currency|USD|,mismatch,BBG000KBQZ88,5-0,0,known,reports/BBG000KBQZ88_2015-08-02.md
mis|BBG000KBQZ88_2015-08-02|internal_last_trade_date|2015-07-23|,mismatch,BBG000KBQZ88,5-0,0,known,reports/BBG000KBQZ88_2015-08-02.md
mis|BBG000KZCJJ4_2020-04-09|cash_currency|USD|,mismatch,BBG000KZCJJ4,5-0,0,known,reports/BBG000KZCJJ4_2020-04-09.md
mis|BBG000L93Q69_2007-07-22|last_trade_date||2007-07-11,mismatch,BBG000L93Q69,5-0,0,known,reports/BBG000L93Q69_2007-07-22.md
mis|BBG000L93Q69_2007-07-22|cash_currency|USD|,mismatch,BBG000L93Q69,5-0,0,known,reports/BBG000L93Q69_2007-07-22.md
mis|BBG000L93Q69_2007-07-22|price_date||2007-07-12,mismatch,BBG000L93Q69,5-0,0,known,reports/BBG000L93Q69_2007-07-22.md
mis|BBG000M34GG1_2022-07-31|cash_per_share|4.11|41.180000,mismatch,BBG000M34GG1,5-0,0,known,reports/BBG000M34GG1_2022-07-31.md
mis|BBG000M34GG1_2022-07-31|cash_currency|USD|,mismatch,BBG000M34GG1,5-0,0,known,reports/BBG000M34GG1_2022-07-31.md
mis|BBG000MJRJJ2_2023-08-24|continuation|true|false,mismatch,BBG000MJRJJ2,5-0,0,known,reports/BBG000MJRJJ2_2023-08-24.md
mis|BBG000MJRJJ2_2023-08-24|successor_sec_id|BBG01HTMDZ54|,mismatch,BBG000MJRJJ2,5-0,0,known,reports/BBG000MJRJJ2_2023-08-24.md
mis|BBG000MJRJJ2_2023-08-24|value_rule|continuation|transfer,mismatch,BBG000MJRJJ2,5-0,0,known,reports/BBG000MJRJJ2_2023-08-24.md
mis|BBG000N8Y8W6_2017-07-27|value_rule|cash_plus_stock|cash,mismatch,BBG000N8Y8W6,5-0,0,known,reports/BBG000N8Y8W6_2017-07-27.md
mis|BBG000N8Y8W6_2017-07-27|cash_currency|USD|,mismatch,BBG000N8Y8W6,5-0,0,known,reports/BBG000N8Y8W6_2017-07-27.md
mis|BBG000N8Y8W6_2017-07-27|stock_ratio|0.057937|,mismatch,BBG000N8Y8W6,5-0,0,known,reports/BBG000N8Y8W6_2017-07-27.md
mis|BBG000N8Y8W6_2017-07-27|price_ticker|FFH|,mismatch,BBG000N8Y8W6,5-0,0,known,reports/BBG000N8Y8W6_2017-07-27.md
mis|BBG000P1K2X6_2026-07-26|cash_currency|USD|,mismatch,BBG000P1K2X6,5-0,0,known,reports/BBG000P1K2X6_2026-07-26.md
mis|BBG000P4BQM9_2018-07-16|last_trade_date|2018-07-13|,mismatch,BBG000P4BQM9,5-0,0,known,reports/BBG000P4BQM9_2018-07-16.md
mis|BBG000P4BQM9_2018-07-16|internal_last_trade_date|2018-07-13|2018-07-16,mismatch,BBG000P4BQM9,5-0,0,known,reports/BBG000P4BQM9_2018-07-16.md
mis|BBG000PJ88D0_2015-08-27|cash_currency|USD|,mismatch,BBG000PJ88D0,5-0,0,known,reports/BBG000PJ88D0_2015-08-27.md
mis|BBG000PSSG77_2009-03-31|drop_reason|price|bankruptcy,mismatch,BBG000PSSG77,5-0,0,known,reports/BBG000PSSG77_2009-03-31.md
mis|BBG000PSSG77_2009-03-31|last_trade_date|2008-11-20|,mismatch,BBG000PSSG77,5-0,0,known,reports/BBG000PSSG77_2009-03-31.md
mis|BBG000PSSG77_2009-03-31|price_ticker|IDAR|IAR,mismatch,BBG000PSSG77,5-0,0,known,reports/BBG000PSSG77_2009-03-31.md
mis|BBG000PSSG77_2009-03-31|price_date|2008-11-21|,mismatch,BBG000PSSG77,5-0,0,known,reports/BBG000PSSG77_2009-03-31.md
mis|BBG000PSSG77_2009-03-31|internal_last_trade_date|2008-11-20|2009-06-08,mismatch,BBG000PSSG77,5-0,0,known,reports/BBG000PSSG77_2009-03-31.md
mis|BBG000PTXBV3_2016-07-22|cash_currency|USD|,mismatch,BBG000PTXBV3,5-0,0,known,reports/BBG000PTXBV3_2016-07-22.md
mis|BBG000PTXBV3_2016-07-22|price_sec_id|BBG000BJFJ98|,mismatch,BBG000PTXBV3,5-0,0,known,reports/BBG000PTXBV3_2016-07-22.md
mis|BBG000PYZSR8_2016-05-18|exit_kind|merger|exchange,mismatch,BBG000PYZSR8,5-0,0,known,reports/BBG000PYZSR8_2016-05-18.md
mis|BBG000PYZSR8_2016-05-18|continuation|false|true,mismatch,BBG000PYZSR8,5-0,0,known,reports/BBG000PYZSR8_2016-05-18.md
mis|BBG000PYZSR8_2016-05-18|successor_sec_id||BBG000VPGNR2,mismatch,BBG000PYZSR8,5-0,0,known,reports/BBG000PYZSR8_2016-05-18.md
mis|BBG000PYZSR8_2016-05-18|value_rule|stock|continuation,mismatch,BBG000PYZSR8,5-0,0,known,reports/BBG000PYZSR8_2016-05-18.md
mis|BBG000PYZSR8_2016-05-18|stock_ratio|0.9042|,mismatch,BBG000PYZSR8,5-0,0,known,reports/BBG000PYZSR8_2016-05-18.md
mis|BBG000PYZSR8_2016-05-18|price_sec_id|BBG000VPGNR2|,mismatch,BBG000PYZSR8,5-0,0,known,reports/BBG000PYZSR8_2016-05-18.md
mis|BBG000PYZSR8_2016-05-18|price_ticker|CHTR|,mismatch,BBG000PYZSR8,5-0,0,known,reports/BBG000PYZSR8_2016-05-18.md
mis|BBG000PYZSR8_2016-05-18|internal_last_trade_date|2016-05-17|2016-05-18,mismatch,BBG000PYZSR8,5-0,0,known,reports/BBG000PYZSR8_2016-05-18.md
mis|BBG000Q02P20_2011-11-14|shape|no_ending|ending,mismatch,BBG000Q02P20,5-0,0,known,reports/BBG000Q02P20_2011-11-14.md
mis|BBG000QDST26_2016-10-24|cash_currency|USD|,mismatch,BBG000QDST26,5-0,0,known,reports/BBG000QDST26_2016-10-24.md
mis|BBG000QGWY50_2025-06-12|cash_per_share|5.00|3.000000,mismatch,BBG000QGWY50,5-0,0,known,reports/BBG000QGWY50_2025-06-12.md
mis|BBG000QGWY50_2025-06-12|cash_currency|USD|,mismatch,BBG000QGWY50,5-0,0,known,reports/BBG000QGWY50_2025-06-12.md
mis|BBG000V31J96_2018-03-24|cash_currency|USD|,mismatch,BBG000V31J96,5-0,0,known,reports/BBG000V31J96_2018-03-24.md
mis|BBG000VMWHH5_2022-04-18|exit_kind|exchange|merger,mismatch,BBG000VMWHH5,5-0,0,known,reports/BBG000VMWHH5_2022-04-18.md
mis|BBG000VMWHH5_2022-04-18|continuation|true|false,mismatch,BBG000VMWHH5,5-0,0,known,reports/BBG000VMWHH5_2022-04-18.md
mis|BBG000VMWHH5_2022-04-18|successor_sec_id|BBG011386VF4|,mismatch,BBG000VMWHH5,5-0,0,known,reports/BBG000VMWHH5_2022-04-18.md
mis|BBG000VMWHH5_2022-04-18|value_rule|continuation|stock,mismatch,BBG000VMWHH5,5-0,0,known,reports/BBG000VMWHH5_2022-04-18.md
mis|BBG000VMWHH5_2022-04-18|stock_ratio||1.000000,mismatch,BBG000VMWHH5,5-0,0,known,reports/BBG000VMWHH5_2022-04-18.md
mis|BBG000VMWHH5_2022-04-18|price_ticker||WBD,mismatch,BBG000VMWHH5,5-0,0,known,reports/BBG000VMWHH5_2022-04-18.md
mis|BBG000VMWHH5_2022-04-18|price_date||2022-04-11,mismatch,BBG000VMWHH5,5-0,0,known,reports/BBG000VMWHH5_2022-04-18.md
mis|BBG0017T9998_2020-07-30|last_trade_date|2020-07-17|,mismatch,BBG0017T9998,5-0,0,known,reports/BBG0017T9998_2020-07-30.md
mis|BBG0017T9998_2020-07-30|value_rule|cash|cash_plus_stock,mismatch,BBG0017T9998,5-0,0,known,reports/BBG0017T9998_2020-07-30.md
mis|BBG0017T9998_2020-07-30|cash_currency|USD|,mismatch,BBG0017T9998,5-0,0,known,reports/BBG0017T9998_2020-07-30.md
mis|BBG0017T9998_2020-07-30|stock_ratio||0.308500,mismatch,BBG0017T9998,5-0,0,known,reports/BBG0017T9998_2020-07-30.md
mis|BBG0017T9998_2020-07-30|price_ticker||ERI,mismatch,BBG0017T9998,5-0,0,known,reports/BBG0017T9998_2020-07-30.md
mis|BBG0017T9998_2020-07-30|internal_last_trade_date|2020-07-17|,mismatch,BBG0017T9998,5-0,0,known,reports/BBG0017T9998_2020-07-30.md
mis|BBG001BP9474_2015-02-27|continuation|true|false,mismatch,BBG001BP9474,5-0,0,known,reports/BBG001BP9474_2015-02-27.md
mis|BBG001BP9474_2015-02-27|value_rule|continuation|transfer,mismatch,BBG001BP9474,5-0,0,known,reports/BBG001BP9474_2015-02-27.md
mis|BBG001BP9474_2015-02-27|internal_last_trade_date|2015-02-26|2015-02-27,mismatch,BBG001BP9474,5-0,0,known,reports/BBG001BP9474_2015-02-27.md
mis|BBG001D9S707_2010-05-25|continuation|true|false,mismatch,BBG001D9S707,5-0,0,known,reports/BBG001D9S707_2010-05-25.md
mis|BBG001D9S707_2010-05-25|last_trade_date|2012-07-05|,mismatch,BBG001D9S707,5-0,0,known,reports/BBG001D9S707_2010-05-25.md
mis|BBG001D9S707_2010-05-25|value_rule|continuation|transfer,mismatch,BBG001D9S707,5-0,0,known,reports/BBG001D9S707_2010-05-25.md
mis|BBG001D9S707_2010-05-25|internal_last_trade_date|2012-07-05|2010-05-25,mismatch,BBG001D9S707,5-0,0,known,reports/BBG001D9S707_2010-05-25.md
mis|BBG001YMS0B8_2015-07-12|cash_currency|USD|,mismatch,BBG001YMS0B8,5-0,0,known,reports/BBG001YMS0B8_2015-07-12.md
mis|BBG001YMS0B8_2015-07-12|price_sec_id|BBG005CPNTQ2|,mismatch,BBG001YMS0B8,5-0,0,known,reports/BBG001YMS0B8_2015-07-12.md
mis|BBG00265T6Q4_2023-02-13|cash_currency|USD|,mismatch,BBG00265T6Q4,5-0,0,known,reports/BBG00265T6Q4_2023-02-13.md
mis|BBG002B67HB2_2025-08-01|price_ticker|UNIT|,mismatch,BBG002B67HB2,5-0,0,known,reports/BBG002B67HB2_2025-08-01.md
mis|BBG002B67HB2_2025-08-01|internal_last_trade_date|2025-08-01|2025-08-04,mismatch,BBG002B67HB2,5-0,0,known,reports/BBG002B67HB2_2025-08-01.md
mis|BBG002BHBHM1_2020-10-23|last_trade_date|2020-10-09|2020-10-12,mismatch,BBG002BHBHM1,5-0,0,known,reports/BBG002BHBHM1_2020-10-23.md
mis|BBG002BHBHM1_2020-10-23|price_ticker|MNKKQ|MNK,mismatch,BBG002BHBHM1,5-0,0,known,reports/BBG002BHBHM1_2020-10-23.md
mis|BBG002BHBHM1_2020-10-23|price_date|2020-10-12|2020-10-13,mismatch,BBG002BHBHM1,5-0,0,known,reports/BBG002BHBHM1_2020-10-23.md
mis|BBG002BHBHM1_2020-10-23|internal_last_trade_date|2020-10-09|2020-10-12,mismatch,BBG002BHBHM1,5-0,0,known,reports/BBG002BHBHM1_2020-10-23.md
mis|BBG003P9ZSL3_2016-04-28|continuation|false|true,mismatch,BBG003P9ZSL3,5-0,0,known,reports/BBG003P9ZSL3_2016-04-28.md
mis|BBG003P9ZSL3_2016-04-28|successor_sec_id||BBG00BFHDCV6,mismatch,BBG003P9ZSL3,5-0,0,known,reports/BBG003P9ZSL3_2016-04-28.md
mis|BBG003P9ZSL3_2016-04-28|value_rule|basket|continuation,mismatch,BBG003P9ZSL3,5-0,0,known,reports/BBG003P9ZSL3_2016-04-28.md
mis|BBG003P9ZSL3_2016-04-28|internal_last_trade_date|2016-04-15|2016-04-18,mismatch,BBG003P9ZSL3,5-0,0,known,reports/BBG003P9ZSL3_2016-04-28.md
mis|BBG003P9ZSL3_2016-04-28|legs|3 legs|(no payout_legs table),mismatch,BBG003P9ZSL3,5-0,0,known,reports/BBG003P9ZSL3_2016-04-28.md
mis|BBG003PGJHP5_2026-08-03|last_trade_date|2026-07-24|2026-07-23,mismatch,BBG003PGJHP5,5-0,0,known,reports/BBG003PGJHP5_2026-08-03.md
mis|BBG003PGJHP5_2026-08-03|cash_currency|USD|,mismatch,BBG003PGJHP5,5-0,0,known,reports/BBG003PGJHP5_2026-08-03.md
mis|BBG003PGJHP5_2026-08-03|internal_last_trade_date|2026-07-24|2026-07-23,mismatch,BBG003PGJHP5,5-0,0,known,reports/BBG003PGJHP5_2026-08-03.md
mis|BBG004P33PN3_2026-05-11|exit_kind|exchange|,mismatch,BBG004P33PN3,5-0,0,known,reports/BBG004P33PN3_2026-05-11.md
mis|BBG004P33PN3_2026-05-11|continuation|true|false,mismatch,BBG004P33PN3,5-0,0,known,reports/BBG004P33PN3_2026-05-11.md
mis|BBG004P33PN3_2026-05-11|successor_sec_id|BBG008LJ4TF3|,mismatch,BBG004P33PN3,5-0,0,known,reports/BBG004P33PN3_2026-05-11.md
mis|BBG004P33PN3_2026-05-11|value_rule|continuation|unknown,mismatch,BBG004P33PN3,5-0,0,known,reports/BBG004P33PN3_2026-05-11.md
mis|BBG005CPNTQ2_2026-09-18|shape|no_ending|ending,mismatch,BBG005CPNTQ2,5-0,0,known,reports/BBG005CPNTQ2_2026-09-18.md
mis|BBG005DKMJ67_2025-04-29|cash_currency|USD|,mismatch,BBG005DKMJ67,5-0,0,known,reports/BBG005DKMJ67_2025-04-29.md
mis|BBG005DKMJ67_2025-04-29|internal_last_trade_date|2025-04-29|2025-04-30,mismatch,BBG005DKMJ67,5-0,0,known,reports/BBG005DKMJ67_2025-04-29.md
mis|BBG005PWSVQ3_2016-08-31|shape|no_ending|ending,mismatch,BBG005PWSVQ3,5-0,0,known,reports/BBG005PWSVQ3_2016-08-31.md
mis|BBG005SW6TK5_2016-04-28|exit_kind|merger|exchange,mismatch,BBG005SW6TK5,5-0,0,known,reports/BBG005SW6TK5_2016-04-28.md
mis|BBG005SW6TK5_2016-04-28|continuation|false|true,mismatch,BBG005SW6TK5,5-0,0,known,reports/BBG005SW6TK5_2016-04-28.md
mis|BBG005SW6TK5_2016-04-28|successor_sec_id||BBG00BFHDFR4,mismatch,BBG005SW6TK5,5-0,0,known,reports/BBG005SW6TK5_2016-04-28.md
mis|BBG005SW6TK5_2016-04-28|value_rule|basket|continuation,mismatch,BBG005SW6TK5,5-0,0,known,reports/BBG005SW6TK5_2016-04-28.md
mis|BBG005SW6TK5_2016-04-28|internal_last_trade_date|2016-04-15|2016-04-18,mismatch,BBG005SW6TK5,5-0,0,known,reports/BBG005SW6TK5_2016-04-28.md
mis|BBG005SW6TK5_2016-04-28|legs|3 legs|(no payout_legs table),mismatch,BBG005SW6TK5,5-0,0,known,reports/BBG005SW6TK5_2016-04-28.md
mis|BBG0060HN0R3_2016-03-04|exit_kind|merger|,mismatch,BBG0060HN0R3,5-0,0,known,reports/BBG0060HN0R3_2016-03-04.md
mis|BBG0060HN0R3_2016-03-04|value_rule|cash|unknown,mismatch,BBG0060HN0R3,5-0,0,known,reports/BBG0060HN0R3_2016-03-04.md
mis|BBG0060HN0R3_2016-03-04|cash_per_share|18.00|,mismatch,BBG0060HN0R3,5-0,0,known,reports/BBG0060HN0R3_2016-03-04.md
mis|BBG0060HN0R3_2016-03-04|cash_currency|USD|,mismatch,BBG0060HN0R3,5-0,0,known,reports/BBG0060HN0R3_2016-03-04.md
mis|BBG0069FL5L5_2016-09-26|price_sec_id|BBG000FVXD63|,mismatch,BBG0069FL5L5,5-0,0,known,reports/BBG0069FL5L5_2016-09-26.md
mis|BBG006F8QZK4_2024-12-07|value_rule|basket|cash_plus_stock,mismatch,BBG006F8QZK4,5-0,0,known,reports/BBG006F8QZK4_2024-12-07.md
mis|BBG006F8QZK4_2024-12-07|cash_currency|USD|,mismatch,BBG006F8QZK4,5-0,0,known,reports/BBG006F8QZK4_2024-12-07.md
mis|BBG006F8QZK4_2024-12-07|stock_ratio||1.000000,mismatch,BBG006F8QZK4,5-0,0,known,reports/BBG006F8QZK4_2024-12-07.md
mis|BBG006F8QZK4_2024-12-07|price_date||2024-11-27,mismatch,BBG006F8QZK4,5-0,0,known,reports/BBG006F8QZK4_2024-12-07.md
mis|BBG006F8QZK4_2024-12-07|legs|1 legs|(no payout_legs table),mismatch,BBG006F8QZK4,5-0,0,known,reports/BBG006F8QZK4_2024-12-07.md
mis|BBG006KY8KV2_2017-10-17|shape|ending_moved|ending 2017-10-17,mismatch,BBG006KY8KV2,5-0,0,known,reports/BBG006KY8KV2_2017-10-17.md
mis|BBG006KY8KV2_2017-10-17|last_trade_date|2020-07-30|,mismatch,BBG006KY8KV2,5-0,0,known,reports/BBG006KY8KV2_2017-10-17.md
mis|BBG006KY8KV2_2017-10-17|value_rule|stock|cash_plus_stock,mismatch,BBG006KY8KV2,5-0,0,known,reports/BBG006KY8KV2_2017-10-17.md
mis|BBG006KY8KV2_2017-10-17|cash_per_share||9.520000,mismatch,BBG006KY8KV2,5-0,0,known,reports/BBG006KY8KV2_2017-10-17.md
mis|BBG006KY8KV2_2017-10-17|stock_ratio|0.47625|1.000000,mismatch,BBG006KY8KV2,5-0,0,known,reports/BBG006KY8KV2_2017-10-17.md
mis|BBG006KY8KV2_2017-10-17|price_sec_id|BBG00W5FS571|,mismatch,BBG006KY8KV2,5-0,0,known,reports/BBG006KY8KV2_2017-10-17.md
mis|BBG006KY8KV2_2017-10-17|price_ticker|BEPC|BAM,mismatch,BBG006KY8KV2,5-0,0,known,reports/BBG006KY8KV2_2017-10-17.md
mis|BBG006KY8KV2_2017-10-17|price_date|2020-07-31|,mismatch,BBG006KY8KV2,5-0,0,known,reports/BBG006KY8KV2_2017-10-17.md
mis|BBG006KY8KV2_2017-10-17|internal_last_trade_date|2020-07-30|2017-10-17,mismatch,BBG006KY8KV2,5-0,0,known,reports/BBG006KY8KV2_2017-10-17.md
mis|BBG006LYGNL7_2021-10-16|last_trade_date|2021-10-05|,mismatch,BBG006LYGNL7,5-0,0,known,reports/BBG006LYGNL7_2021-10-16.md
mis|BBG006LYGNL7_2021-10-16|value_rule|stock|unknown,mismatch,BBG006LYGNL7,5-0,0,known,reports/BBG006LYGNL7_2021-10-16.md
mis|BBG006LYGNL7_2021-10-16|stock_ratio|2.5|,mismatch,BBG006LYGNL7,5-0,0,known,reports/BBG006LYGNL7_2021-10-16.md
mis|BBG006LYGNL7_2021-10-16|price_sec_id|BBG00ZF0FGT2|,mismatch,BBG006LYGNL7,5-0,0,known,reports/BBG006LYGNL7_2021-10-16.md
mis|BBG006LYGNL7_2021-10-16|price_ticker|AMBP|,mismatch,BBG006LYGNL7,5-0,0,known,reports/BBG006LYGNL7_2021-10-16.md
mis|BBG006LYGNL7_2021-10-16|price_date|2021-10-06|,mismatch,BBG006LYGNL7,5-0,0,known,reports/BBG006LYGNL7_2021-10-16.md
mis|BBG006LYGNL7_2021-10-16|internal_last_trade_date|2021-10-05|,mismatch,BBG006LYGNL7,5-0,0,known,reports/BBG006LYGNL7_2021-10-16.md
mis|BBG006XVD9G0_2019-11-30|cash_currency|USD|,mismatch,BBG006XVD9G0,5-0,0,known,reports/BBG006XVD9G0_2019-11-30.md
mis|BBG006XVD9G0_2019-11-30|price_ticker|GCI|,mismatch,BBG006XVD9G0,5-0,0,known,reports/BBG006XVD9G0_2019-11-30.md
mis|BBG0077VS2C0_2026-07-11|cash_currency|USD|,mismatch,BBG0077VS2C0,5-0,0,known,reports/BBG0077VS2C0_2026-07-11.md
mis|BBG0077VS2C0_2026-07-11|price_sec_id|BBG000BV5627|,mismatch,BBG0077VS2C0,5-0,0,known,reports/BBG0077VS2C0_2026-07-11.md
mis|BBG0077WYXF0_2016-07-11|cash_currency|USD|,mismatch,BBG0077WYXF0,5-0,0,known,reports/BBG0077WYXF0_2016-07-11.md
mis|BBG007KGRPY4_2026-05-24|cash_currency|USD|,mismatch,BBG007KGRPY4,5-0,0,known,reports/BBG007KGRPY4_2026-05-24.md
mis|BBG009NGKQ45_2024-02-13|shape|ending_moved|ending 2024-02-13,mismatch,BBG009NGKQ45,5-0,0,known,reports/BBG009NGKQ45_2024-02-13.md
mis|BBG009NGKQ45_2024-02-13|exit_kind|dropped|exchange,mismatch,BBG009NGKQ45,5-0,0,known,reports/BBG009NGKQ45_2024-02-13.md
mis|BBG009NGKQ45_2024-02-13|drop_reason|bankruptcy|,mismatch,BBG009NGKQ45,5-0,0,known,reports/BBG009NGKQ45_2024-02-13.md
mis|BBG009NGKQ45_2024-02-13|last_trade_date|2024-11-29|,mismatch,BBG009NGKQ45,5-0,0,known,reports/BBG009NGKQ45_2024-02-13.md
mis|BBG009NGKQ45_2024-02-13|value_rule|otc_print|transfer,mismatch,BBG009NGKQ45,5-0,0,known,reports/BBG009NGKQ45_2024-02-13.md
mis|BBG009NGKQ45_2024-02-13|price_sec_id|BBG009NGKQ45|,mismatch,BBG009NGKQ45,5-0,0,known,reports/BBG009NGKQ45_2024-02-13.md
mis|BBG009NGKQ45_2024-02-13|price_ticker|VRMMQ|,mismatch,BBG009NGKQ45,5-0,0,known,reports/BBG009NGKQ45_2024-02-13.md
mis|BBG009NGKQ45_2024-02-13|price_date|2024-12-02|,mismatch,BBG009NGKQ45,5-0,0,known,reports/BBG009NGKQ45_2024-02-13.md
mis|BBG009NGKQ45_2024-02-13|internal_last_trade_date|2024-11-29|2024-02-13,mismatch,BBG009NGKQ45,5-0,0,known,reports/BBG009NGKQ45_2024-02-13.md
mis|BBG009R0CVG1_2020-04-13|drop_reason|guidelines|bankruptcy,mismatch,BBG009R0CVG1,5-0,0,known,reports/BBG009R0CVG1_2020-04-13.md
mis|BBG009R0CVG1_2020-04-13|internal_last_trade_date|2019-12-26|2020-04-09,mismatch,BBG009R0CVG1,5-0,0,known,reports/BBG009R0CVG1_2020-04-13.md
mis|BBG00B6WH9G3_2020-07-10|exit_kind|merger|exchange,mismatch,BBG00B6WH9G3,5-0,0,known,reports/BBG00B6WH9G3_2020-07-10.md
mis|BBG00B6WH9G3_2020-07-10|continuation|false|true,mismatch,BBG00B6WH9G3,5-0,0,known,reports/BBG00B6WH9G3_2020-07-10.md
mis|BBG00B6WH9G3_2020-07-10|successor_sec_id||BBG00VT0KNC3,mismatch,BBG00B6WH9G3,5-0,0,known,reports/BBG00B6WH9G3_2020-07-10.md
mis|BBG00B6WH9G3_2020-07-10|last_trade_date|2020-06-30|,mismatch,BBG00B6WH9G3,5-0,0,known,reports/BBG00B6WH9G3_2020-07-10.md
mis|BBG00B6WH9G3_2020-07-10|value_rule|stock|continuation,mismatch,BBG00B6WH9G3,5-0,0,known,reports/BBG00B6WH9G3_2020-07-10.md
mis|BBG00B6WH9G3_2020-07-10|stock_ratio|1.0337|,mismatch,BBG00B6WH9G3,5-0,0,known,reports/BBG00B6WH9G3_2020-07-10.md
mis|BBG00B6WH9G3_2020-07-10|price_sec_id|BBG00VT0KNC3|,mismatch,BBG00B6WH9G3,5-0,0,known,reports/BBG00B6WH9G3_2020-07-10.md
mis|BBG00B6WH9G3_2020-07-10|price_ticker|MTCH|,mismatch,BBG00B6WH9G3,5-0,0,known,reports/BBG00B6WH9G3_2020-07-10.md
mis|BBG00B6WH9G3_2020-07-10|price_date|2020-07-01|,mismatch,BBG00B6WH9G3,5-0,0,known,reports/BBG00B6WH9G3_2020-07-10.md
mis|BBG00B6WH9G3_2020-07-10|internal_last_trade_date|2020-06-30|2020-07-01,mismatch,BBG00B6WH9G3,5-0,0,known,reports/BBG00B6WH9G3_2020-07-10.md
mis|BBG00BDQ1H13_2022-10-10|last_trade_date|2022-09-30|,mismatch,BBG00BDQ1H13,5-0,0,known,reports/BBG00BDQ1H13_2022-10-10.md
mis|BBG00BDQ1H13_2022-10-10|internal_last_trade_date|2022-09-30|2022-10-03,mismatch,BBG00BDQ1H13,5-0,0,known,reports/BBG00BDQ1H13_2022-10-10.md
mis|BBG00BFHD827_2023-08-13|exit_kind|merger|exchange,mismatch,BBG00BFHD827,5-0,0,known,reports/BBG00BFHD827_2023-08-13.md
mis|BBG00BFHD827_2023-08-13|continuation|false|true,mismatch,BBG00BFHD827,5-0,0,known,reports/BBG00BFHD827_2023-08-13.md
mis|BBG00BFHD827_2023-08-13|successor_sec_id||BBG01HLM8W28,mismatch,BBG00BFHD827,5-0,0,known,reports/BBG00BFHD827_2023-08-13.md
mis|BBG00BFHD827_2023-08-13|value_rule|basket|continuation,mismatch,BBG00BFHD827,5-0,0,known,reports/BBG00BFHD827_2023-08-13.md
mis|BBG00BFHD827_2023-08-13|internal_last_trade_date|2023-08-03|2023-08-04,mismatch,BBG00BFHD827,5-0,0,known,reports/BBG00BFHD827_2023-08-13.md
mis|BBG00BFHD827_2023-08-13|legs|2 legs|(no payout_legs table),mismatch,BBG00BFHD827,5-0,0,known,reports/BBG00BFHD827_2023-08-13.md
mis|BBG00BFHD9S7_2023-08-13|exit_kind|merger|exchange,mismatch,BBG00BFHD9S7,5-0,0,known,reports/BBG00BFHD9S7_2023-08-13.md
mis|BBG00BFHD9S7_2023-08-13|continuation|false|true,mismatch,BBG00BFHD9S7,5-0,0,known,reports/BBG00BFHD9S7_2023-08-13.md
mis|BBG00BFHD9S7_2023-08-13|successor_sec_id||BBG01HLMB6H5,mismatch,BBG00BFHD9S7,5-0,0,known,reports/BBG00BFHD9S7_2023-08-13.md
mis|BBG00BFHD9S7_2023-08-13|value_rule|basket|continuation,mismatch,BBG00BFHD9S7,5-0,0,known,reports/BBG00BFHD9S7_2023-08-13.md
mis|BBG00BFHD9S7_2023-08-13|internal_last_trade_date|2023-08-03|2023-08-04,mismatch,BBG00BFHD9S7,5-0,0,known,reports/BBG00BFHD9S7_2023-08-13.md
mis|BBG00BFHD9S7_2023-08-13|legs|2 legs|(no payout_legs table),mismatch,BBG00BFHD9S7,5-0,0,known,reports/BBG00BFHD9S7_2023-08-13.md
mis|BBG00BFHDCV6_2023-08-13|exit_kind|merger|exchange,mismatch,BBG00BFHDCV6,5-0,0,known,reports/BBG00BFHDCV6_2023-08-13.md
mis|BBG00BFHDCV6_2023-08-13|continuation|false|true,mismatch,BBG00BFHDCV6,5-0,0,known,reports/BBG00BFHDCV6_2023-08-13.md
mis|BBG00BFHDCV6_2023-08-13|successor_sec_id||BBG01HLMB809,mismatch,BBG00BFHDCV6,5-0,0,known,reports/BBG00BFHDCV6_2023-08-13.md
mis|BBG00BFHDCV6_2023-08-13|value_rule|basket|continuation,mismatch,BBG00BFHDCV6,5-0,0,known,reports/BBG00BFHDCV6_2023-08-13.md
mis|BBG00BFHDCV6_2023-08-13|internal_last_trade_date|2023-08-03|2023-08-04,mismatch,BBG00BFHDCV6,5-0,0,known,reports/BBG00BFHDCV6_2023-08-13.md
mis|BBG00BFHDCV6_2023-08-13|legs|2 legs|(no payout_legs table),mismatch,BBG00BFHDCV6,5-0,0,known,reports/BBG00BFHDCV6_2023-08-13.md
mis|BBG00BFHDFR4_2023-08-13|exit_kind|merger|exchange,mismatch,BBG00BFHDFR4,5-0,0,known,reports/BBG00BFHDFR4_2023-08-13.md
mis|BBG00BFHDFR4_2023-08-13|continuation|false|true,mismatch,BBG00BFHDFR4,5-0,0,known,reports/BBG00BFHDFR4_2023-08-13.md
mis|BBG00BFHDFR4_2023-08-13|successor_sec_id||BBG01HLMBCG3,mismatch,BBG00BFHDFR4,5-0,0,known,reports/BBG00BFHDFR4_2023-08-13.md
mis|BBG00BFHDFR4_2023-08-13|value_rule|basket|continuation,mismatch,BBG00BFHDFR4,5-0,0,known,reports/BBG00BFHDFR4_2023-08-13.md
mis|BBG00BFHDFR4_2023-08-13|internal_last_trade_date|2023-08-03|2023-08-04,mismatch,BBG00BFHDFR4,5-0,0,known,reports/BBG00BFHDFR4_2023-08-13.md
mis|BBG00BFHDFR4_2023-08-13|legs|2 legs|(no payout_legs table),mismatch,BBG00BFHDFR4,5-0,0,known,reports/BBG00BFHDFR4_2023-08-13.md
mis|BBG00D1WHZD9_2020-11-09|price_ticker|HTZGQ|HTZ,mismatch,BBG00D1WHZD9,5-0,0,known,reports/BBG00D1WHZD9_2020-11-09.md
mis|BBG00D30HGP6_2021-06-23|shape|no_ending|ending,mismatch,BBG00D30HGP6,5-0,0,known,reports/BBG00D30HGP6_2021-06-23.md
mis|BBG00DJ2LJF5_2019-01-07|exit_kind|merger|exchange,mismatch,BBG00DJ2LJF5,5-0,0,known,reports/BBG00DJ2LJF5_2019-01-07.md
mis|BBG00DJ2LJF5_2019-01-07|continuation|false|true,mismatch,BBG00DJ2LJF5,5-0,0,known,reports/BBG00DJ2LJF5_2019-01-07.md
mis|BBG00DJ2LJF5_2019-01-07|successor_sec_id||BBG00DW3SZS1,mismatch,BBG00DJ2LJF5,5-0,0,known,reports/BBG00DJ2LJF5_2019-01-07.md
mis|BBG00DJ2LJF5_2019-01-07|value_rule|cash_plus_stock|continuation,mismatch,BBG00DJ2LJF5,5-0,0,known,reports/BBG00DJ2LJF5_2019-01-07.md
mis|BBG00DJ2LJF5_2019-01-07|cash_per_share|76.97|,mismatch,BBG00DJ2LJF5,5-0,0,known,reports/BBG00DJ2LJF5_2019-01-07.md
mis|BBG00DJ2LJF5_2019-01-07|cash_currency|USD|,mismatch,BBG00DJ2LJF5,5-0,0,known,reports/BBG00DJ2LJF5_2019-01-07.md
mis|BBG00DJ2LJF5_2019-01-07|stock_ratio|0.6479|,mismatch,BBG00DJ2LJF5,5-0,0,known,reports/BBG00DJ2LJF5_2019-01-07.md
mis|BBG00DJ2LJF5_2019-01-07|price_sec_id|BBG00DW3SZS1|,mismatch,BBG00DJ2LJF5,5-0,0,known,reports/BBG00DJ2LJF5_2019-01-07.md
mis|BBG00DJ2LJF5_2019-01-07|price_ticker|DELL|,mismatch,BBG00DJ2LJF5,5-0,0,known,reports/BBG00DJ2LJF5_2019-01-07.md
mis|BBG00DJ2LJF5_2019-01-07|price_date|2018-12-28|,mismatch,BBG00DJ2LJF5,5-0,0,known,reports/BBG00DJ2LJF5_2019-01-07.md
mis|BBG00FFJY867_2025-05-17|value_rule|basket|unknown,mismatch,BBG00FFJY867,5-0,0,known,reports/BBG00FFJY867_2025-05-17.md
mis|BBG00FFJY867_2025-05-17|legs|2 legs|(no payout_legs table),mismatch,BBG00FFJY867,5-0,0,known,reports/BBG00FFJY867_2025-05-17.md
mis|BBG00GBV88T6_2016-05-14|price_ticker|BTUUQ|BTU,mismatch,BBG00GBV88T6,5-0,0,known,reports/BBG00GBV88T6_2016-05-14.md
mis|BBG00GSNPM07_2026-07-11|cash_currency|USD|,mismatch,BBG00GSNPM07,5-0,0,known,reports/BBG00GSNPM07_2026-07-11.md
mis|BBG00HY28P97_2020-10-18|price_ticker|GTXMQ|GTX,mismatch,BBG00HY28P97,5-0,0,known,reports/BBG00HY28P97_2020-10-18.md
mis|BBG00JM9V731_2026-07-30|shape|no_ending|ending,mismatch,BBG00JM9V731,5-0,0,known,reports/BBG00JM9V731_2026-07-30.md
mis|BBG00K7K2XZ0_2020-12-31|price_sec_id|BBG006GNSZW5|,mismatch,BBG00K7K2XZ0,5-0,0,known,reports/BBG00K7K2XZ0_2020-12-31.md
mis|BBG00K7K2XZ0_2020-12-31|price_ticker|LBRDK|LBRDA,mismatch,BBG00K7K2XZ0,5-0,0,known,reports/BBG00K7K2XZ0_2020-12-31.md
mis|BBG00LT2PDY4_2021-08-05|exit_kind|merger|,mismatch,BBG00LT2PDY4,5-0,0,known,reports/BBG00LT2PDY4_2021-08-05.md
mis|BBG00LT2PDY4_2021-08-05|value_rule|basket|unknown,mismatch,BBG00LT2PDY4,5-0,0,known,reports/BBG00LT2PDY4_2021-08-05.md
mis|BBG00LT2PDY4_2021-08-05|cash_per_share|12.38|,mismatch,BBG00LT2PDY4,5-0,0,known,reports/BBG00LT2PDY4_2021-08-05.md
mis|BBG00LT2PDY4_2021-08-05|cash_currency|USD|,mismatch,BBG00LT2PDY4,5-0,0,known,reports/BBG00LT2PDY4_2021-08-05.md
mis|BBG00LT2PDY4_2021-08-05|legs|2 legs|(no payout_legs table),mismatch,BBG00LT2PDY4,5-0,0,known,reports/BBG00LT2PDY4_2021-08-05.md
mis|BBG00VNLZL95_2020-08-06|last_trade_date|2020-07-27|,mismatch,BBG00VNLZL95,5-0,0,known,reports/BBG00VNLZL95_2020-08-06.md
mis|BBG00Z6DX554_2020-07-30|price_ticker|CHKAQ|CHK,mismatch,BBG00Z6DX554,5-0,0,known,reports/BBG00Z6DX554_2020-07-30.md
mis|BBG00ZHCT050_2023-07-15|last_trade_date|2023-07-05|,mismatch,BBG00ZHCT050,5-0,0,known,reports/BBG00ZHCT050_2023-07-15.md
mis|BBG00ZHCT050_2023-07-15|cash_currency|USD|,mismatch,BBG00ZHCT050,5-0,0,known,reports/BBG00ZHCT050_2023-07-15.md
mis|BBG011FS2K38_2026-05-29|cash_currency|USD|,mismatch,BBG011FS2K38,5-0,0,known,reports/BBG011FS2K38_2026-05-29.md
mis|BBG012BV9SK0_2026-07-17|cash_currency|USD|,mismatch,BBG012BV9SK0,5-0,0,known,reports/BBG012BV9SK0_2026-07-17.md
mis|BBG014QJ5BV6_2026-05-25|cash_currency|USD|,mismatch,BBG014QJ5BV6,5-0,0,known,reports/BBG014QJ5BV6_2026-05-25.md
mis|BBG01HLM8W28_2024-09-19|price_sec_id|BBG01KJQM3Y8|,mismatch,BBG01HLM8W28,5-0,0,known,reports/BBG01HLM8W28_2024-09-19.md
mis|BBG01HLM8W28_2024-09-19|price_ticker|SIRI|,mismatch,BBG01HLM8W28,5-0,0,known,reports/BBG01HLM8W28_2024-09-19.md
mis|BBG01HMFL081_2025-12-25|exit_kind|exchange|merger,mismatch,BBG01HMFL081,5-0,0,known,reports/BBG01HMFL081_2025-12-25.md
mis|BBG01HMFL081_2025-12-25|continuation|true|false,mismatch,BBG01HMFL081,5-0,0,known,reports/BBG01HMFL081_2025-12-25.md
mis|BBG01HMFL081_2025-12-25|successor_sec_id|BBG01YY256K1|,mismatch,BBG01HMFL081,5-0,0,known,reports/BBG01HMFL081_2025-12-25.md
mis|BBG01HMFL081_2025-12-25|last_trade_date|2025-12-15|,mismatch,BBG01HMFL081,5-0,0,known,reports/BBG01HMFL081_2025-12-25.md
mis|BBG01HMFL081_2025-12-25|value_rule|continuation|stock,mismatch,BBG01HMFL081,5-0,0,known,reports/BBG01HMFL081_2025-12-25.md
mis|BBG01HMFL081_2025-12-25|stock_ratio||1.000000,mismatch,BBG01HMFL081,5-0,0,known,reports/BBG01HMFL081_2025-12-25.md
mis|BBG01HMFLTN1_2025-12-25|exit_kind|exchange|merger,mismatch,BBG01HMFLTN1,5-0,0,known,reports/BBG01HMFLTN1_2025-12-25.md
mis|BBG01HMFLTN1_2025-12-25|continuation|true|false,mismatch,BBG01HMFLTN1,5-0,0,known,reports/BBG01HMFLTN1_2025-12-25.md
mis|BBG01HMFLTN1_2025-12-25|successor_sec_id|BBG01YYX1Z14|,mismatch,BBG01HMFLTN1,5-0,0,known,reports/BBG01HMFLTN1_2025-12-25.md
mis|BBG01HMFLTN1_2025-12-25|last_trade_date|2025-12-15|,mismatch,BBG01HMFLTN1,5-0,0,known,reports/BBG01HMFLTN1_2025-12-25.md
mis|BBG01HMFLTN1_2025-12-25|value_rule|continuation|stock,mismatch,BBG01HMFLTN1,5-0,0,known,reports/BBG01HMFLTN1_2025-12-25.md
mis|BBG01HMFLTN1_2025-12-25|stock_ratio||1.000000,mismatch,BBG01HMFLTN1,5-0,0,known,reports/BBG01HMFLTN1_2025-12-25.md
mis|CIK1018005-COMMON_2012-10-01|shape|ending_moved|ending 2012-10-01,mismatch,CIK1018005-COMMON,5-0,0,known,reports/CIK1018005-COMMON_2012-10-01.md
mis|CIK1018005-COMMON_2012-10-01|exit_kind|dropped|exchange,mismatch,CIK1018005-COMMON,5-0,0,known,reports/CIK1018005-COMMON_2012-10-01.md
mis|CIK1018005-COMMON_2012-10-01|drop_reason|bankruptcy|,mismatch,CIK1018005-COMMON,5-0,0,known,reports/CIK1018005-COMMON_2012-10-01.md
mis|CIK1018005-COMMON_2012-10-01|last_trade_date|2014-04-22|,mismatch,CIK1018005-COMMON,5-0,0,known,reports/CIK1018005-COMMON_2012-10-01.md
mis|CIK1018005-COMMON_2012-10-01|value_rule|otc_print|transfer,mismatch,CIK1018005-COMMON,5-0,0,known,reports/CIK1018005-COMMON_2012-10-01.md
mis|CIK1018005-COMMON_2012-10-01|price_sec_id|CIK1018005-COMMON|,mismatch,CIK1018005-COMMON,5-0,0,known,reports/CIK1018005-COMMON_2012-10-01.md
mis|CIK1018005-COMMON_2012-10-01|price_ticker|CWTRQ|,mismatch,CIK1018005-COMMON,5-0,0,known,reports/CIK1018005-COMMON_2012-10-01.md
mis|CIK1018005-COMMON_2012-10-01|price_date|2014-04-23|,mismatch,CIK1018005-COMMON,5-0,0,known,reports/CIK1018005-COMMON_2012-10-01.md
mis|CIK1019849-COMMON_2009-06-08|shape|no_ending|ending,mismatch,CIK1019849-COMMON,5-0,0,known,reports/CIK1019849-COMMON_2009-06-08.md
mis|CIK1038914-COMMON_2007-12-23|cash_currency|USD|,mismatch,CIK1038914-COMMON,5-0,0,known,reports/CIK1038914-COMMON_2007-12-23.md
mis|CIK104207-COMMON_2015-01-09|exit_kind|exchange|merger,mismatch,CIK104207-COMMON,5-0,0,known,reports/CIK104207-COMMON_2015-01-09.md
mis|CIK104207-COMMON_2015-01-09|continuation|true|false,mismatch,CIK104207-COMMON,5-0,0,known,reports/CIK104207-COMMON_2015-01-09.md
mis|CIK104207-COMMON_2015-01-09|successor_sec_id|BBG000BWLMJ4|,mismatch,CIK104207-COMMON,5-0,0,known,reports/CIK104207-COMMON_2015-01-09.md
mis|CIK104207-COMMON_2015-01-09|value_rule|continuation|stock,mismatch,CIK104207-COMMON,5-0,0,known,reports/CIK104207-COMMON_2015-01-09.md
mis|CIK104207-COMMON_2015-01-09|stock_ratio||1.000000,mismatch,CIK104207-COMMON,5-0,0,known,reports/CIK104207-COMMON_2015-01-09.md
mis|CIK104207-COMMON_2015-01-09|price_date||2014-12-31,mismatch,CIK104207-COMMON,5-0,0,known,reports/CIK104207-COMMON_2015-01-09.md
mis|CIK1042893-COMMON_2024-09-04|shape|no_ending|ending,mismatch,CIK1042893-COMMON,5-0,0,known,reports/CIK1042893-COMMON_2024-09-04.md
mis|CIK1052045-COMMON_2007-08-04|cash_currency|USD|,mismatch,CIK1052045-COMMON,5-0,0,known,reports/CIK1052045-COMMON_2007-08-04.md
mis|CIK1056087-COMMON_2016-05-25|shape|ending_moved|ending 2016-05-25,mismatch,CIK1056087-COMMON,5-0,0,known,reports/CIK1056087-COMMON_2016-05-25.md
mis|CIK1056087-COMMON_2016-05-25|exit_kind|dropped|exchange,mismatch,CIK1056087-COMMON,5-0,0,known,reports/CIK1056087-COMMON_2016-05-25.md
mis|CIK1056087-COMMON_2016-05-25|drop_reason|bankruptcy|,mismatch,CIK1056087-COMMON,5-0,0,known,reports/CIK1056087-COMMON_2016-05-25.md
mis|CIK1056087-COMMON_2016-05-25|value_rule|otc_print|transfer,mismatch,CIK1056087-COMMON,5-0,0,known,reports/CIK1056087-COMMON_2016-05-25.md
mis|CIK1056087-COMMON_2016-05-25|price_sec_id|CIK1056087-COMMON|,mismatch,CIK1056087-COMMON,5-0,0,known,reports/CIK1056087-COMMON_2016-05-25.md
mis|CIK1056087-COMMON_2016-05-25|price_ticker|MNIQQ|,mismatch,CIK1056087-COMMON,5-0,0,known,reports/CIK1056087-COMMON_2016-05-25.md
mis|CIK1066104-COMMON_2012-08-13|shape|no_ending|ending,mismatch,CIK1066104-COMMON,5-0,0,known,reports/CIK1066104-COMMON_2012-08-13.md
mis|CIK1074771-COMMON_2007-08-05|cash_currency|USD|,mismatch,CIK1074771-COMMON,5-0,0,known,reports/CIK1074771-COMMON_2007-08-05.md
mis|CIK1075415-COMMON_2020-01-07|shape|no_ending|ending,mismatch,CIK1075415-COMMON,5-0,0,known,reports/CIK1075415-COMMON_2020-01-07.md
mis|CIK1095651-COMMON_2013-12-19|shape|no_ending|ending,mismatch,CIK1095651-COMMON,5-0,0,known,reports/CIK1095651-COMMON_2013-12-19.md
mis|CIK1115836-COMMON_2014-07-01|shape|no_ending|ending,mismatch,CIK1115836-COMMON,5-0,0,known,reports/CIK1115836-COMMON_2014-07-01.md
mis|CIK1116521-COMMON_2007-11-05|cash_currency|USD|,mismatch,CIK1116521-COMMON,5-0,0,known,reports/CIK1116521-COMMON_2007-11-05.md
mis|CIK1124887-COMMON_2007-11-23|cash_currency|USD|,mismatch,CIK1124887-COMMON,5-0,0,known,reports/CIK1124887-COMMON_2007-11-23.md
mis|CIK1126294-COMMON_2010-12-03|shape|no_ending|ending,mismatch,CIK1126294-COMMON,5-0,0,known,reports/CIK1126294-COMMON_2010-12-03.md
mis|CIK1141399-COMMON_2008-09-20|shape|ending_moved|ending 2008-09-20,mismatch,CIK1141399-COMMON,5-0,0,known,reports/CIK1141399-COMMON_2008-09-20.md
mis|CIK1141399-COMMON_2008-09-20|value_rule|cash_plus_stock|cash,mismatch,CIK1141399-COMMON,5-0,0,known,reports/CIK1141399-COMMON_2008-09-20.md
mis|CIK1141399-COMMON_2008-09-20|cash_per_share|58.00|23.000000,mismatch,CIK1141399-COMMON,5-0,0,known,reports/CIK1141399-COMMON_2008-09-20.md
mis|CIK1141399-COMMON_2008-09-20|cash_currency|USD|,mismatch,CIK1141399-COMMON,5-0,0,known,reports/CIK1141399-COMMON_2008-09-20.md
mis|CIK1141399-COMMON_2008-09-20|stock_ratio|0.2617|,mismatch,CIK1141399-COMMON,5-0,0,known,reports/CIK1141399-COMMON_2008-09-20.md
mis|CIK1141399-COMMON_2008-09-20|price_ticker|CELG|,mismatch,CIK1141399-COMMON,5-0,0,known,reports/CIK1141399-COMMON_2008-09-20.md
mis|CIK1141399-COMMON_2008-09-20|internal_last_trade_date|2010-10-14|,mismatch,CIK1141399-COMMON,5-0,0,known,reports/CIK1141399-COMMON_2008-09-20.md
mis|CIK1156826-COMMON_2007-10-20|cash_currency|USD|,mismatch,CIK1156826-COMMON,5-0,0,known,reports/CIK1156826-COMMON_2007-10-20.md
mis|CIK1282266-COMMON_2015-04-27|shape|no_ending|ending,mismatch,CIK1282266-COMMON,5-0,0,known,reports/CIK1282266-COMMON_2015-04-27.md
mis|CIK1308161-CLASS-A_2013-06-28|shape|no_ending|ending,mismatch,CIK1308161-CLASS-A,5-0,0,known,reports/CIK1308161-CLASS-A_2013-06-28.md
mis|CIK1308161-COMMON_2013-07-01|shape|no_ending|ending,mismatch,CIK1308161-COMMON,5-0,0,known,reports/CIK1308161-COMMON_2013-07-01.md
mis|CIK1319048-COMMON_2007-09-24|cash_currency|USD|,mismatch,CIK1319048-COMMON,5-0,0,known,reports/CIK1319048-COMMON_2007-09-24.md
mis|CIK1319048-COMMON_2007-09-24|internal_last_trade_date|2007-09-14|,mismatch,CIK1319048-COMMON,5-0,0,known,reports/CIK1319048-COMMON_2007-09-24.md
mis|CIK1336917-CLASS-C_2016-06-30|shape|no_ending|ending,mismatch,CIK1336917-CLASS-C,5-0,0,known,reports/CIK1336917-CLASS-C_2016-06-30.md
mis|CIK1355096-COMMON_2018-04-11|shape|no_ending|ending,mismatch,CIK1355096-COMMON,5-0,0,known,reports/CIK1355096-COMMON_2018-04-11.md
mis|CIK1355096-SERIES-A_2011-10-03|shape|no_ending|ending,mismatch,CIK1355096-SERIES-A,5-0,0,known,reports/CIK1355096-SERIES-A_2011-10-03.md
mis|CIK1363851-COMMON_2012-07-24|shape|no_ending|ending,mismatch,CIK1363851-COMMON,5-0,0,known,reports/CIK1363851-COMMON_2012-07-24.md
mis|CIK1469372-CLASS-A_2015-10-02|shape|no_ending|ending,mismatch,CIK1469372-CLASS-A,5-0,0,known,reports/CIK1469372-CLASS-A_2015-10-02.md
mis|CIK1498301-COMMON_2020-08-21|exit_kind|dropped|merger,mismatch,CIK1498301-COMMON,5-0,0,known,reports/CIK1498301-COMMON_2020-08-21.md
mis|CIK1498301-COMMON_2020-08-21|drop_reason|bankruptcy|,mismatch,CIK1498301-COMMON,5-0,0,known,reports/CIK1498301-COMMON_2020-08-21.md
mis|CIK1498301-COMMON_2020-08-21|value_rule|otc_print|unknown,mismatch,CIK1498301-COMMON,5-0,0,known,reports/CIK1498301-COMMON_2020-08-21.md
mis|CIK1498301-COMMON_2020-08-21|price_sec_id|CIK1498301-COMMON|,mismatch,CIK1498301-COMMON,5-0,0,known,reports/CIK1498301-COMMON_2020-08-21.md
mis|CIK1498301-COMMON_2020-08-21|price_ticker|ASNAQ|,mismatch,CIK1498301-COMMON,5-0,0,known,reports/CIK1498301-COMMON_2020-08-21.md
mis|CIK1498301-COMMON_2020-08-21|price_date|2020-08-04|,mismatch,CIK1498301-COMMON,5-0,0,known,reports/CIK1498301-COMMON_2020-08-21.md
mis|CIK1507934-CLASS-A_2013-01-16|shape|no_ending|ending,mismatch,CIK1507934-CLASS-A,5-0,0,known,reports/CIK1507934-CLASS-A_2013-01-16.md
mis|CIK1575828-COMMON_2021-10-01|shape|no_ending|ending,mismatch,CIK1575828-COMMON,5-0,0,known,reports/CIK1575828-COMMON_2021-10-01.md
mis|CIK1606498-COMMON_2018-07-11|shape|no_ending|ending,mismatch,CIK1606498-COMMON,5-0,0,known,reports/CIK1606498-COMMON_2018-07-11.md
mis|CIK1620280-COMMON_2017-02-28|shape|no_ending|ending,mismatch,CIK1620280-COMMON,5-0,0,known,reports/CIK1620280-COMMON_2017-02-28.md
mis|CIK1710366-COMMON_2025-01-16|shape|no_ending|ending,mismatch,CIK1710366-COMMON,5-0,0,known,reports/CIK1710366-COMMON_2025-01-16.md
mis|CIK1723089-COMMON_2021-01-10|shape|no_ending|ending,mismatch,CIK1723089-COMMON,5-0,0,known,reports/CIK1723089-COMMON_2021-01-10.md
mis|CIK1803737-COMMON_2022-06-30|shape|no_ending|ending,mismatch,CIK1803737-COMMON,5-0,0,known,reports/CIK1803737-COMMON_2022-06-30.md
mis|CIK1808220-CLASS-A_2022-11-17|shape|no_ending|ending,mismatch,CIK1808220-CLASS-A,5-0,0,known,reports/CIK1808220-CLASS-A_2022-11-17.md
mis|CIK18568-COMMON_2007-09-16|value_rule|cash_plus_stock|cash,mismatch,CIK18568-COMMON,5-0,0,known,reports/CIK18568-COMMON_2007-09-16.md
mis|CIK18568-COMMON_2007-09-16|cash_per_share|34.34|71.820000,mismatch,CIK18568-COMMON,5-0,0,known,reports/CIK18568-COMMON_2007-09-16.md
mis|CIK18568-COMMON_2007-09-16|cash_currency|USD|,mismatch,CIK18568-COMMON,5-0,0,known,reports/CIK18568-COMMON_2007-09-16.md
mis|CIK18568-COMMON_2007-09-16|stock_ratio|1.462|,mismatch,CIK18568-COMMON,5-0,0,known,reports/CIK18568-COMMON_2007-09-16.md
mis|CIK18568-COMMON_2007-09-16|price_ticker|BBV|,mismatch,CIK18568-COMMON,5-0,0,known,reports/CIK18568-COMMON_2007-09-16.md
mis|CIK18568-COMMON_2007-09-16|internal_last_trade_date|2007-09-06|,mismatch,CIK18568-COMMON,5-0,0,known,reports/CIK18568-COMMON_2007-09-16.md
mis|CIK1929561-COMMON_2022-12-31|shape|no_ending|ending,mismatch,CIK1929561-COMMON,5-0,0,known,reports/CIK1929561-COMMON_2022-12-31.md
mis|CIK20520-COMMON_2017-07-10|shape|ending_moved|ending 2017-07-10,mismatch,CIK20520-COMMON,5-0,0,known,reports/CIK20520-COMMON_2017-07-10.md
mis|CIK20520-COMMON_2017-07-10|exit_kind|dropped|exchange,mismatch,CIK20520-COMMON,5-0,0,known,reports/CIK20520-COMMON_2017-07-10.md
mis|CIK20520-COMMON_2017-07-10|drop_reason|bankruptcy|,mismatch,CIK20520-COMMON,5-0,0,known,reports/CIK20520-COMMON_2017-07-10.md
mis|CIK20520-COMMON_2017-07-10|last_trade_date|2020-04-23|,mismatch,CIK20520-COMMON,5-0,0,known,reports/CIK20520-COMMON_2017-07-10.md
mis|CIK20520-COMMON_2017-07-10|value_rule|otc_print|transfer,mismatch,CIK20520-COMMON,5-0,0,known,reports/CIK20520-COMMON_2017-07-10.md
mis|CIK20520-COMMON_2017-07-10|price_sec_id|CIK20520-COMMON|,mismatch,CIK20520-COMMON,5-0,0,known,reports/CIK20520-COMMON_2017-07-10.md
mis|CIK20520-COMMON_2017-07-10|price_ticker|FTRCQ|,mismatch,CIK20520-COMMON,5-0,0,known,reports/CIK20520-COMMON_2017-07-10.md
mis|CIK20520-COMMON_2017-07-10|price_date|2020-04-24|,mismatch,CIK20520-COMMON,5-0,0,known,reports/CIK20520-COMMON_2017-07-10.md
mis|CIK20520-COMMON_2017-07-10|internal_last_trade_date|2020-04-23|2017-07-10,mismatch,CIK20520-COMMON,5-0,0,known,reports/CIK20520-COMMON_2017-07-10.md
mis|CIK230463-COMMON_2008-02-07|cash_currency|USD|,mismatch,CIK230463-COMMON,5-0,0,known,reports/CIK230463-COMMON_2008-02-07.md
mis|CIK230463-COMMON_2008-02-07|price_sec_id|BBG000NDZ417|,mismatch,CIK230463-COMMON,5-0,0,known,reports/CIK230463-COMMON_2008-02-07.md
mis|CIK23666-COMMON_2012-07-13|shape|no_ending|ending,mismatch,CIK23666-COMMON,5-0,0,known,reports/CIK23666-COMMON_2012-07-13.md
mis|CIK314808-CLASS-A_2019-04-11|shape|no_ending|ending,mismatch,CIK314808-CLASS-A,5-0,0,known,reports/CIK314808-CLASS-A_2019-04-11.md
mis|CIK314808-COMMON_2010-01-08|continuation|true|false,mismatch,CIK314808-COMMON,5-0,0,known,reports/CIK314808-COMMON_2010-01-08.md
mis|CIK314808-COMMON_2010-01-08|successor_sec_id|CIK314808-CLASS-A|,mismatch,CIK314808-COMMON,5-0,0,known,reports/CIK314808-COMMON_2010-01-08.md
mis|CIK314808-COMMON_2010-01-08|value_rule|continuation|transfer,mismatch,CIK314808-COMMON,5-0,0,known,reports/CIK314808-COMMON_2010-01-08.md
mis|CIK351346-COMMON_2006-12-28|exit_kind|merger|dropped,mismatch,CIK351346-COMMON,5-0,0,known,reports/CIK351346-COMMON_2006-12-28.md
mis|CIK351346-COMMON_2006-12-28|drop_reason||guidelines,mismatch,CIK351346-COMMON,5-0,0,known,reports/CIK351346-COMMON_2006-12-28.md
mis|CIK351346-COMMON_2006-12-28|last_trade_date|2007-09-25|,mismatch,CIK351346-COMMON,5-0,0,known,reports/CIK351346-COMMON_2006-12-28.md
mis|CIK351346-COMMON_2006-12-28|value_rule|cash|otc_print,mismatch,CIK351346-COMMON,5-0,0,known,reports/CIK351346-COMMON_2006-12-28.md
mis|CIK351346-COMMON_2006-12-28|cash_per_share|46.00|,mismatch,CIK351346-COMMON,5-0,0,known,reports/CIK351346-COMMON_2006-12-28.md
mis|CIK351346-COMMON_2006-12-28|cash_currency|USD|,mismatch,CIK351346-COMMON,5-0,0,known,reports/CIK351346-COMMON_2006-12-28.md
mis|CIK351346-COMMON_2006-12-28|price_sec_id||CIK351346-COMMON,mismatch,CIK351346-COMMON,5-0,0,known,reports/CIK351346-COMMON_2006-12-28.md
mis|CIK351346-COMMON_2006-12-28|price_ticker||BMET,mismatch,CIK351346-COMMON,5-0,0,known,reports/CIK351346-COMMON_2006-12-28.md
mis|CIK351346-COMMON_2006-12-28|internal_last_trade_date|2007-09-25|,mismatch,CIK351346-COMMON,5-0,0,known,reports/CIK351346-COMMON_2006-12-28.md
mis|CIK352363-COMMON_2012-05-14|shape|no_ending|ending,mismatch,CIK352363-COMMON,5-0,0,known,reports/CIK352363-COMMON_2012-05-14.md
mis|CIK38079-COMMON_2015-01-25|exit_kind|dropped|merger,mismatch,CIK38079-COMMON,5-0,0,known,reports/CIK38079-COMMON_2015-01-25.md
mis|CIK38079-COMMON_2015-01-25|drop_reason|guidelines|,mismatch,CIK38079-COMMON,5-0,0,known,reports/CIK38079-COMMON_2015-01-25.md
mis|CIK38079-COMMON_2015-01-25|value_rule|otc_print|unknown,mismatch,CIK38079-COMMON,5-0,0,known,reports/CIK38079-COMMON_2015-01-25.md
mis|CIK38079-COMMON_2015-01-25|price_sec_id|CIK38079-COMMON|,mismatch,CIK38079-COMMON,5-0,0,known,reports/CIK38079-COMMON_2015-01-25.md
mis|CIK38079-COMMON_2015-01-25|price_ticker|FSTO|,mismatch,CIK38079-COMMON,5-0,0,known,reports/CIK38079-COMMON_2015-01-25.md
mis|CIK38079-COMMON_2015-01-25|price_date|2014-12-16|,mismatch,CIK38079-COMMON,5-0,0,known,reports/CIK38079-COMMON_2015-01-25.md
mis|CIK47580-COMMON_2007-11-04|cash_currency|USD|,mismatch,CIK47580-COMMON,5-0,0,known,reports/CIK47580-COMMON_2007-11-04.md
mis|CIK48898-CLASS-B_2016-01-03|continuation|true|false,mismatch,CIK48898-CLASS-B,5-0,0,known,reports/CIK48898-CLASS-B_2016-01-03.md
mis|CIK48898-CLASS-B_2016-01-03|successor_sec_id|BBG000BLK267|,mismatch,CIK48898-CLASS-B,5-0,0,known,reports/CIK48898-CLASS-B_2016-01-03.md
mis|CIK48898-CLASS-B_2016-01-03|value_rule|continuation|transfer,mismatch,CIK48898-CLASS-B,5-0,0,known,reports/CIK48898-CLASS-B_2016-01-03.md
mis|CIK65873-COMMON_2007-11-30|cash_currency|USD|,mismatch,CIK65873-COMMON,5-0,0,known,reports/CIK65873-COMMON_2007-11-30.md
mis|CIK708819-COMMON_2018-05-08|shape|no_ending|ending,mismatch,CIK708819-COMMON,5-0,0,known,reports/CIK708819-COMMON_2018-05-08.md
mis|CIK709519-COMMON_2010-02-05|cash_currency|USD|,mismatch,CIK709519-COMMON,5-0,0,known,reports/CIK709519-COMMON_2010-02-05.md
mis|CIK709519-COMMON_2010-02-05|internal_last_trade_date|2010-01-26|,mismatch,CIK709519-COMMON,5-0,0,known,reports/CIK709519-COMMON_2010-02-05.md
mis|CIK716006-COMMON_2010-10-04|shape|no_ending|ending,mismatch,CIK716006-COMMON,5-0,0,known,reports/CIK716006-COMMON_2010-10-04.md
mis|CIK718482-COMMON_2007-10-11|last_trade_date||2007-09-28,mismatch,CIK718482-COMMON,5-0,0,known,reports/CIK718482-COMMON_2007-10-11.md
mis|CIK718482-COMMON_2007-10-11|cash_currency|USD|,mismatch,CIK718482-COMMON,5-0,0,known,reports/CIK718482-COMMON_2007-10-11.md
mis|CIK718482-COMMON_2007-10-11|price_date||2007-10-01,mismatch,CIK718482-COMMON,5-0,0,known,reports/CIK718482-COMMON_2007-10-11.md
mis|CIK733269-COMMON_2018-09-30|shape|no_ending|ending,mismatch,CIK733269-COMMON,5-0,0,known,reports/CIK733269-COMMON_2018-09-30.md
mis|CIK737874-COMMON_2007-10-11|cash_currency|USD|,mismatch,CIK737874-COMMON,5-0,0,known,reports/CIK737874-COMMON_2007-10-11.md
mis|CIK73887-COMMON_2013-06-28|shape|no_ending|ending,mismatch,CIK73887-COMMON,5-0,0,known,reports/CIK73887-COMMON_2013-06-28.md
mis|CIK804055-COMMON_2010-10-15|cash_currency|USD|,mismatch,CIK804055-COMMON,5-0,0,known,reports/CIK804055-COMMON_2010-10-15.md
mis|CIK804055-COMMON_2010-10-15|price_sec_id|BBG000BF5RY1|,mismatch,CIK804055-COMMON,5-0,0,known,reports/CIK804055-COMMON_2010-10-15.md
mis|CIK804055-COMMON_2010-10-15|price_ticker|CCE|KO,mismatch,CIK804055-COMMON,5-0,0,known,reports/CIK804055-COMMON_2010-10-15.md
mis|CIK835541-COMMON_2007-10-13|cash_currency|USD|,mismatch,CIK835541-COMMON,5-0,0,known,reports/CIK835541-COMMON_2007-10-13.md
mis|CIK845752-COMMON_2007-08-11|cash_currency|USD|,mismatch,CIK845752-COMMON,5-0,0,known,reports/CIK845752-COMMON_2007-08-11.md
mis|CIK849778-COMMON_2007-11-01|value_rule|cash_plus_stock|cash,mismatch,CIK849778-COMMON,5-0,0,known,reports/CIK849778-COMMON_2007-11-01.md
mis|CIK849778-COMMON_2007-11-01|cash_currency|USD|,mismatch,CIK849778-COMMON,5-0,0,known,reports/CIK849778-COMMON_2007-11-01.md
mis|CIK849778-COMMON_2007-11-01|stock_ratio|0.52|,mismatch,CIK849778-COMMON,5-0,0,known,reports/CIK849778-COMMON_2007-11-01.md
mis|CIK849778-COMMON_2007-11-01|price_sec_id|BBG000C3NTN5|,mismatch,CIK849778-COMMON,5-0,0,known,reports/CIK849778-COMMON_2007-11-01.md
mis|CIK849778-COMMON_2007-11-01|price_ticker|HOLX|,mismatch,CIK849778-COMMON,5-0,0,known,reports/CIK849778-COMMON_2007-11-01.md
mis|CIK849778-COMMON_2007-11-01|internal_last_trade_date|2007-10-22|,mismatch,CIK849778-COMMON,5-0,0,known,reports/CIK849778-COMMON_2007-11-01.md
mis|CIK867773-COMMON_2009-06-08|continuation|true|false,mismatch,CIK867773-COMMON,5-0,0,known,reports/CIK867773-COMMON_2009-06-08.md
mis|CIK867773-COMMON_2009-06-08|successor_sec_id|BBG000FVQ185|,mismatch,CIK867773-COMMON,5-0,0,known,reports/CIK867773-COMMON_2009-06-08.md
mis|CIK867773-COMMON_2009-06-08|value_rule|continuation|transfer,mismatch,CIK867773-COMMON,5-0,0,known,reports/CIK867773-COMMON_2009-06-08.md
mis|CIK867773-COMMON_2009-06-08|internal_last_trade_date|2011-11-16|2009-06-08,mismatch,CIK867773-COMMON,5-0,0,known,reports/CIK867773-COMMON_2009-06-08.md
mis|CIK88205-COMMON_2015-09-28|shape|no_ending|ending,mismatch,CIK88205-COMMON,5-0,0,known,reports/CIK88205-COMMON_2015-09-28.md
mis|CIK886835-COMMON_2020-10-12|price_ticker|SPNX|SPNV,mismatch,CIK886835-COMMON,5-0,0,known,reports/CIK886835-COMMON_2020-10-12.md
mis|CIK891103-COMMON_2014-06-30|shape|ending_moved|ending 2014-06-30,mismatch,CIK891103-COMMON,5-0,0,known,reports/CIK891103-COMMON_2014-06-30.md
mis|CIK891103-COMMON_2014-06-30|exit_kind|merger|exchange,mismatch,CIK891103-COMMON,5-0,0,known,reports/CIK891103-COMMON_2014-06-30.md
mis|CIK891103-COMMON_2014-06-30|last_trade_date|2020-06-30|,mismatch,CIK891103-COMMON,5-0,0,known,reports/CIK891103-COMMON_2014-06-30.md
mis|CIK891103-COMMON_2014-06-30|value_rule|basket|transfer,mismatch,CIK891103-COMMON,5-0,0,known,reports/CIK891103-COMMON_2014-06-30.md
mis|CIK891103-COMMON_2014-06-30|internal_last_trade_date|2020-06-30|2014-06-30,mismatch,CIK891103-COMMON,5-0,0,known,reports/CIK891103-COMMON_2014-06-30.md
mis|CIK891103-COMMON_2014-06-30|legs|2 legs|(no payout_legs table),mismatch,CIK891103-COMMON,5-0,0,known,reports/CIK891103-COMMON_2014-06-30.md
mis|CIK898660-COMMON_2009-06-08|exit_kind|merger|exchange,mismatch,CIK898660-COMMON,5-0,0,known,reports/CIK898660-COMMON_2009-06-08.md
mis|CIK898660-COMMON_2009-06-08|value_rule|cash|transfer,mismatch,CIK898660-COMMON,5-0,0,known,reports/CIK898660-COMMON_2009-06-08.md
mis|CIK898660-COMMON_2009-06-08|cash_per_share|90.00|,mismatch,CIK898660-COMMON,5-0,0,known,reports/CIK898660-COMMON_2009-06-08.md
mis|CIK898660-COMMON_2009-06-08|cash_currency|USD|,mismatch,CIK898660-COMMON,5-0,0,known,reports/CIK898660-COMMON_2009-06-08.md
mis|CIK898660-COMMON_2009-06-08|internal_last_trade_date|2007-11-07|2009-06-08,mismatch,CIK898660-COMMON,5-0,0,known,reports/CIK898660-COMMON_2009-06-08.md
mis|CIK910073-COMMON_2024-07-12|shape|no_ending|ending,mismatch,CIK910073-COMMON,5-0,0,known,reports/CIK910073-COMMON_2024-07-12.md
mis|CIK931336-COMMON_2013-08-26|shape|ending_moved|ending 2013-08-26,mismatch,CIK931336-COMMON,5-0,0,known,reports/CIK931336-COMMON_2013-08-26.md
mis|CIK931336-COMMON_2013-08-26|exit_kind|dropped|exchange,mismatch,CIK931336-COMMON,5-0,0,known,reports/CIK931336-COMMON_2013-08-26.md
mis|CIK931336-COMMON_2013-08-26|drop_reason|bankruptcy|,mismatch,CIK931336-COMMON,5-0,0,known,reports/CIK931336-COMMON_2013-08-26.md
mis|CIK931336-COMMON_2013-08-26|last_trade_date|2019-11-11|,mismatch,CIK931336-COMMON,5-0,0,known,reports/CIK931336-COMMON_2013-08-26.md
mis|CIK931336-COMMON_2013-08-26|value_rule|otc_print|transfer,mismatch,CIK931336-COMMON,5-0,0,known,reports/CIK931336-COMMON_2013-08-26.md
mis|CIK931336-COMMON_2013-08-26|price_sec_id|CIK931336-COMMON|,mismatch,CIK931336-COMMON,5-0,0,known,reports/CIK931336-COMMON_2013-08-26.md
mis|CIK931336-COMMON_2013-08-26|price_ticker|DFODQ|,mismatch,CIK931336-COMMON,5-0,0,known,reports/CIK931336-COMMON_2013-08-26.md
mis|CIK931336-COMMON_2013-08-26|price_date|2019-11-12|,mismatch,CIK931336-COMMON,5-0,0,known,reports/CIK931336-COMMON_2013-08-26.md
mis|CIK931336-COMMON_2013-08-26|internal_last_trade_date|2019-11-11|2013-08-26,mismatch,CIK931336-COMMON,5-0,0,known,reports/CIK931336-COMMON_2013-08-26.md
mis|CIK944868-COMMON_2009-11-29|exit_kind|exchange|merger,mismatch,CIK944868-COMMON,5-0,0,known,reports/CIK944868-COMMON_2009-11-29.md
mis|CIK944868-COMMON_2009-11-29|continuation|true|false,mismatch,CIK944868-COMMON,5-0,0,known,reports/CIK944868-COMMON_2009-11-29.md
mis|CIK944868-COMMON_2009-11-29|successor_sec_id|BBG000FL1TC8|,mismatch,CIK944868-COMMON,5-0,0,known,reports/CIK944868-COMMON_2009-11-29.md
mis|CIK944868-COMMON_2009-11-29|value_rule|continuation|stock,mismatch,CIK944868-COMMON,5-0,0,known,reports/CIK944868-COMMON_2009-11-29.md
mis|CIK944868-COMMON_2009-11-29|stock_ratio||1.000000,mismatch,CIK944868-COMMON,5-0,0,known,reports/CIK944868-COMMON_2009-11-29.md
mis|CIK944868-COMMON_2009-11-29|price_ticker||DTV,mismatch,CIK944868-COMMON,5-0,0,known,reports/CIK944868-COMMON_2009-11-29.md
mis|CIK944868-COMMON_2009-11-29|internal_last_trade_date|2009-11-19|,mismatch,CIK944868-COMMON,5-0,0,known,reports/CIK944868-COMMON_2009-11-29.md
mis|BBG000BLH3P8_2023-06-20|shape|ending_moved|ending 2023-06-20,mismatch,BBG000BLH3P8,5a-precheck,0,known,reports/BBG000BLH3P8_2023-06-20.md
mis|BBG000CL1HL7_2021-12-10|shape|ending_moved|ending 2021-12-10,mismatch,BBG000CL1HL7,5a-precheck,0,known,reports/BBG000CL1HL7_2021-12-10.md
mis|BBG000DZCFX4_2020-06-02|shape|ending_moved|ending 2020-06-02,mismatch,BBG000DZCFX4,5a-precheck,0,known,reports/BBG000DZCFX4_2020-06-02.md
mis|BBG000Q02P20_2011-11-14|shape|ending_moved|ending 2011-11-14,mismatch,BBG000Q02P20,5a-precheck,0,known,reports/BBG000Q02P20_2011-11-14.md
mis|BBG005PWSVQ3_2016-08-31|shape|ending_moved|ending 2016-08-31,mismatch,BBG005PWSVQ3,5a-precheck,0,known,reports/BBG005PWSVQ3_2016-08-31.md
mis|BBG00JM9V731_2026-07-30|exit_kind|exchange|,mismatch,BBG00JM9V731,5a-precheck,0,known,reports/BBG00JM9V731_2026-07-30.md
mis|BBG00JM9V731_2026-07-30|continuation|true|false,mismatch,BBG00JM9V731,5a-precheck,0,known,reports/BBG00JM9V731_2026-07-30.md
mis|BBG00JM9V731_2026-07-30|value_rule|continuation|unknown,mismatch,BBG00JM9V731,5a-precheck,0,known,reports/BBG00JM9V731_2026-07-30.md
mis|CIK1066104-COMMON_2012-08-13|shape|ending_moved|ending 2012-08-13,mismatch,CIK1066104-COMMON,5a-precheck,0,known,reports/CIK1066104-COMMON_2012-08-13.md
mis|CIK1095651-COMMON_2013-12-19|shape|ending_moved|ending 2013-12-19,mismatch,CIK1095651-COMMON,5a-precheck,0,known,reports/CIK1095651-COMMON_2013-12-19.md
mis|CIK1115836-COMMON_2014-07-01|shape|ending_moved|ending 2014-07-01,mismatch,CIK1115836-COMMON,5a-precheck,0,known,reports/CIK1115836-COMMON_2014-07-01.md
mis|CIK1282266-COMMON_2015-04-27|shape|ending_moved|ending 2015-04-27,mismatch,CIK1282266-COMMON,5a-precheck,0,known,reports/CIK1282266-COMMON_2015-04-27.md
mis|CIK1469372-CLASS-A_2015-10-02|shape|ending_moved|ending 2015-10-02,mismatch,CIK1469372-CLASS-A,5a-precheck,0,known,reports/CIK1469372-CLASS-A_2015-10-02.md
mis|CIK1507934-CLASS-A_2013-01-16|shape|ending_moved|ending 2013-01-16,mismatch,CIK1507934-CLASS-A,5a-precheck,0,known,reports/CIK1507934-CLASS-A_2013-01-16.md
mis|CIK1606498-COMMON_2018-07-11|shape|ending_moved|ending 2018-07-11,mismatch,CIK1606498-COMMON,5a-precheck,0,known,reports/CIK1606498-COMMON_2018-07-11.md
mis|CIK1723089-COMMON_2021-01-10|shape|ending_moved|ending 2021-01-10,mismatch,CIK1723089-COMMON,5a-precheck,0,known,reports/CIK1723089-COMMON_2021-01-10.md
mis|CIK1803737-COMMON_2022-06-30|shape|ending_moved|ending 2022-06-30,mismatch,CIK1803737-COMMON,5a-precheck,0,known,reports/CIK1803737-COMMON_2022-06-30.md
mis|CIK1808220-CLASS-A_2022-11-17|shape|ending_moved|ending 2022-11-17,mismatch,CIK1808220-CLASS-A,5a-precheck,0,known,reports/CIK1808220-CLASS-A_2022-11-17.md
mis|CIK23666-COMMON_2012-07-13|shape|ending_moved|ending 2012-07-13,mismatch,CIK23666-COMMON,5a-precheck,0,known,reports/CIK23666-COMMON_2012-07-13.md
mis|CIK352363-COMMON_2012-05-14|shape|ending_moved|ending 2012-05-14,mismatch,CIK352363-COMMON,5a-precheck,0,known,reports/CIK352363-COMMON_2012-05-14.md
mis|CIK708819-COMMON_2018-05-08|shape|ending_moved|ending 2018-05-08,mismatch,CIK708819-COMMON,5a-precheck,0,known,reports/CIK708819-COMMON_2018-05-08.md
mis|CIK716006-COMMON_2010-10-04|shape|ending_moved|ending 2010-10-04,mismatch,CIK716006-COMMON,5a-precheck,0,known,reports/CIK716006-COMMON_2010-10-04.md
mis|CIK910073-COMMON_2024-07-12|shape|ending_moved|ending 2024-07-12,mismatch,CIK910073-COMMON,5a-precheck,0,known,reports/CIK910073-COMMON_2024-07-12.md
mis|BBG000BRWGG9_2019-04-22|drop_reason|bankruptcy|filings_fees,mismatch,BBG000BRWGG9,5a,1,pending,output/diagnose_unknown_report/loop/5a/round-1/reports/BBG000BRWGG9_2019-04-22_5a-r1.md
mis|BBG000BRWGG9_2019-04-22|last_trade_date||2023-10-13,mismatch,BBG000BRWGG9,5a,1,pending,output/diagnose_unknown_report/loop/5a/round-1/reports/BBG000BRWGG9_2019-04-22_5a-r1.md
mis|BBG000BRWGG9_2019-04-22|price_ticker|RADCQ|RAD,mismatch,BBG000BRWGG9,5a,1,pending,output/diagnose_unknown_report/loop/5a/round-1/reports/BBG000BRWGG9_2019-04-22_5a-r1.md
mis|BBG000BRWGG9_2019-04-22|price_date||2023-10-16,mismatch,BBG000BRWGG9,5a,1,pending,output/diagnose_unknown_report/loop/5a/round-1/reports/BBG000BRWGG9_2019-04-22_5a-r1.md
mis|BBG000BRWGG9_2019-04-22|internal_last_trade_date|2023-10-16|2023-10-13,mismatch,BBG000BRWGG9,5a,1,pending,output/diagnose_unknown_report/loop/5a/round-1/reports/BBG000BRWGG9_2019-04-22_5a-r1.md
mis|BBG000C9N6Q9_2011-03-15|last_trade_date||2015-08-21,mismatch,BBG000C9N6Q9,5a,1,library_right,output/diagnose_unknown_report/loop/5a/round-1/reports/BBG000C9N6Q9_2011-03-15_5a-r1.md
mis|BBG000C9N6Q9_2011-03-15|price_date||2015-08-24,mismatch,BBG000C9N6Q9,5a,1,library_right,output/diagnose_unknown_report/loop/5a/round-1/reports/BBG000C9N6Q9_2011-03-15_5a-r1.md
mis|BBG006KY8KV2_2017-10-17|price_ticker|BEPC|BEP,mismatch,BBG006KY8KV2,5a,1,truth_right,output/diagnose_unknown_report/loop/5a/round-1/reports/BBG006KY8KV2_2017-10-17_5a-r1.md
mis|BBG009NGKQ45_2024-02-13|price_ticker|VRMMQ|VRM,mismatch,BBG009NGKQ45,5a,1,pending,output/diagnose_unknown_report/loop/5a/round-1/reports/BBG009NGKQ45_2024-02-13_5a-r1.md
mis|BBG009NGKQ45_2024-02-13|internal_last_trade_date|2024-11-29|2024-12-02,mismatch,BBG009NGKQ45,5a,1,pending,output/diagnose_unknown_report/loop/5a/round-1/reports/BBG009NGKQ45_2024-02-13_5a-r1.md
mis|CIK1018005-COMMON_2012-10-01|price_sec_id|CIK1018005-COMMON|BBG000BJ3CN0,mismatch,BBG000BJ3CN0,5a,1,pending,output/diagnose_unknown_report/loop/5a/round-1/reports/CIK1018005-COMMON_2012-10-01_5a-r1.md
mis|CIK1018005-COMMON_2012-10-01|price_ticker|CWTRQ|CWTR,mismatch,BBG000BJ3CN0,5a,1,pending,output/diagnose_unknown_report/loop/5a/round-1/reports/CIK1018005-COMMON_2012-10-01_5a-r1.md
mis|CIK1056087-COMMON_2016-05-25|ending|present|(no contract row),mismatch,BBG000BP62Y3,5a,1,pending,output/diagnose_unknown_report/loop/5a/round-1/reports/CIK1056087-COMMON_2016-05-25_5a-r1.md
mis|CIK314808-COMMON_2010-01-08|successor_sec_id|CIK314808-CLASS-A|BBG000BJ2VQ6,mismatch,CIK314808-COMMON,5a,1,pending,output/diagnose_unknown_report/loop/5a/round-1/reports/CIK314808-COMMON_2010-01-08_5a-r1.md
mis|CIK314808-COMMON_2010-01-08|last_trade_date|2009-12-22|,mismatch,CIK314808-COMMON,5a,1,pending,output/diagnose_unknown_report/loop/5a/round-1/reports/CIK314808-COMMON_2010-01-08_5a-r1.md
mis|CIK314808-COMMON_2010-01-08|internal_last_trade_date|2009-12-22|2012-05-21,mismatch,CIK314808-COMMON,5a,1,pending,output/diagnose_unknown_report/loop/5a/round-1/reports/CIK314808-COMMON_2010-01-08_5a-r1.md
mis|CIK867773-COMMON_2009-06-08|ending|present|(no contract row),mismatch,CIK867773-COMMON,5a,1,pending,output/diagnose_unknown_report/loop/5a/round-1/reports/CIK867773-COMMON_2009-06-08_5a-r1.md
reg|BBG000B9WJ73|delistings|price_sec_id|changed|CIK1037676-COMMON|BBG000B9WJ73,regression,BBG000B9WJ73,5a,1,new_right,output/diagnose_unknown_report/loop/5a/round-1/reports/BBG000B9WJ73_5a-r1.md
reg|BBG000B9WJ73|id_changes|sec_id|renamed|CIK1037676-COMMON|BBG000B9WJ73,regression,BBG000B9WJ73,5a,1,new_right,output/diagnose_unknown_report/loop/5a/round-1/reports/BBG000B9WJ73_5a-r1.md
reg|BBG000BDCQ25|delistings||removed|exit_kind=exchange;drop_reason=;continuation=false;successor_sec_id=;last_trade_date=2019-12-31;value_rule=transfer|,regression,BBG000BDCQ25,5a,1,new_right,output/diagnose_unknown_report/loop/5a/round-1/reports/BBG000BDCQ25_5a-r1.md
reg|BBG000BDCQ25|security_history|ranges|changed|CECO:2007-12-24..2019-12-31:1046568|CECO:2007-12-24..2020-01-02:1046568;PRDO:2020-01-03..:1046568,regression,BBG000BDCQ25,5a,1,new_right,output/diagnose_unknown_report/loop/5a/round-1/reports/BBG000BDCQ25_5a-r1.md
reg|BBG000BDCQ25|id_changes|sec_id|renamed|CIK1046568-COMMON|BBG000BDCQ25,regression,BBG000BDCQ25,5a,1,new_right,output/diagnose_unknown_report/loop/5a/round-1/reports/BBG000BDCQ25_5a-r1.md
reg|BBG000BGZ832|security_history|ranges|changed|DDR:2007-12-21..2011-09-14:894315;DDR:2011-09-16..2018-10-15:894315;DDRZZZZ:2011-09-15..2011-09-15:894315;SITC:2018-10-16..:894315|DDR:2007-12-21..2018-10-15:894315;SITC:2018-10-16..:894315,regression,BBG000BGZ832,5a,1,new_right,output/diagnose_unknown_report/loop/5a/round-1/reports/BBG000BGZ832_5a-r1.md
reg|BBG000BVWLJ6|security_history|ranges|changed|JCI:2016-09-08..:833444;TYC:2007-12-21..2009-03-16:833444;TYC:2009-03-18..2016-09-07:833444;TYCZZZZ:2009-03-17..2009-03-17:833444|JCI:2016-09-08..:833444;TYC:2007-12-21..2016-09-07:833444,regression,BBG000BVWLJ6,5a,1,new_right,output/diagnose_unknown_report/loop/5a/round-1/reports/BBG000BVWLJ6_5a-r1.md
reg|BBG000C221G9|security_history|ranges|changed|PNR:2008-01-16..2012-09-30:77360;PNR:2012-10-02..:77360;PNRZZZZ:2012-10-01..2012-10-01:77360|PNR:2008-01-16..:77360,regression,BBG000C221G9,5a,1,new_right,output/diagnose_unknown_report/loop/5a/round-1/reports/BBG000C221G9_5a-r1.md
reg|BBG000CF8227|delistings||removed|exit_kind=exchange;drop_reason=;continuation=false;successor_sec_id=;last_trade_date=2019-04-01;value_rule=transfer|,regression,BBG000CF8227,5a,1,new_right,output/diagnose_unknown_report/loop/5a/round-1/reports/BBG000CF8227_5a-r1.md
reg|BBG000CF8227|security_history|ranges|changed|DSW:2007-12-17..2019-04-01:1319947|DBI:2019-04-03..:1319947;DSW:2007-12-17..2019-04-02:1319947,regression,BBG000CF8227,5a,1,new_right,output/diagnose_unknown_report/loop/5a/round-1/reports/BBG000CF8227_5a-r1.md
reg|BBG000CF8227|id_changes|sec_id|renamed|CIK1319947-CLASS-A|BBG000CF8227,regression,BBG000CF8227,5a,1,new_right,output/diagnose_unknown_report/loop/5a/round-1/reports/BBG000CF8227_5a-r1.md
reg|BBG000CG9XT7|delistings||removed|exit_kind=exchange;drop_reason=;continuation=false;successor_sec_id=;last_trade_date=2016-01-08;value_rule=transfer|,regression,BBG000CG9XT7,5a,1,new_right,output/diagnose_unknown_report/loop/5a/round-1/reports/BBG000CG9XT7_5a-r1.md
reg|BBG000CG9XT7|security_history|ranges|changed|THRX:2007-12-27..2016-01-08:1080014|INVA:2016-01-11..2016-01-21:1080014;INVA:2016-01-25..:1080014;THRX:2007-12-27..2016-01-10:1080014;THRX:2016-01-22..2016-01-24:1080014,regression,BBG000CG9XT7,5a,1,new_right,output/diagnose_unknown_report/loop/5a/round-1/reports/BBG000CG9XT7_5a-r1.md
reg|BBG000CG9XT7|id_changes|sec_id|renamed|CIK1080014-COMMON|BBG000CG9XT7,regression,BBG000CG9XT7,5a,1,new_right,output/diagnose_unknown_report/loop/5a/round-1/reports/BBG000CG9XT7_5a-r1.md
reg|BBG000D52545|security_history|ranges|changed|WEN:2008-10-01..2011-07-10:30697;WEN:2011-07-12..:30697;WENZZZZ:2008-09-30..2008-09-30:30697;WENZZZZ:2011-07-11..2011-07-11:30697|WEN:2008-10-01..:30697,regression,BBG000D52545,5a,1,new_right,output/diagnose_unknown_report/loop/5a/round-1/reports/BBG000D52545_5a-r1.md
reg|BBG000QN4GY3|delistings||removed|exit_kind=exchange;drop_reason=;continuation=false;successor_sec_id=;last_trade_date=2022-06-08;value_rule=transfer|,regression,BBG000QN4GY3,5a,1,new_right,output/diagnose_unknown_report/loop/5a/round-1/reports/BBG000QN4GY3_5a-r1.md
reg|BBG000QN4GY3|security_history|ranges|changed|RLGY:2012-10-12..2022-06-08:1355001|HOUS:2022-06-10..2026-01-09:1355001;RLGY:2012-10-12..2022-06-09:1355001,regression,BBG000QN4GY3,5a,1,new_right,output/diagnose_unknown_report/loop/5a/round-1/reports/BBG000QN4GY3_5a-r1.md
reg|BBG001YKDND6|security_history|ranges|changed|LC:2014-12-15..:1409970|HAPN:2026-06-23..:1409970;LC:2014-12-15..2026-06-22:1409970,regression,BBG001YKDND6,5a,1,new_right,output/diagnose_unknown_report/loop/5a/round-1/reports/BBG001YKDND6_5a-r1.md
reg|BBG0058KMH30|security_history|ranges|changed|HLT:2013-12-17..2016-12-22:1585689;HLT:2016-12-28..2016-12-28:1585689;HLT:2016-12-30..2017-01-03:1585689;HLT:2017-01-05..:1585689;HLTZZZZ:2016-12-23..2016-12-27:1585689;HLTZZZZ:2016-12-29..2016-12-29:1585689;HLTZZZZ:2017-01-04..2017-01-04:1585689|HLT:2013-12-17..:1585689,regression,BBG0058KMH30,5a,1,new_right,output/diagnose_unknown_report/loop/5a/round-1/reports/BBG0058KMH30_5a-r1.md
reg|BBG0060B3M63|security_history|ranges|added||CRC:2016-06-01..2020-07-20:1609253,regression,BBG0060B3M63,5a,1,pending,output/diagnose_unknown_report/loop/5a/round-1/reports/BBG0060B3M63_5a-r1.md
reg|BBG00RQ732B6|security_history|ranges|changed|SKLZ:2020-12-17..:1801661|FIRY:2026-06-23..:1801661;SKLZ:2020-12-17..2026-06-22:1801661,regression,BBG00RQ732B6,5a,1,new_right,output/diagnose_unknown_report/loop/5a/round-1/reports/BBG00RQ732B6_5a-r1.md
reg|BBG0113JGQF0|security_history|ranges|added||STX:2021-05-19..:1137789,regression,BBG0113JGQF0,5a,1,new_right,output/diagnose_unknown_report/loop/5a/round-1/reports/BBG0113JGQF0_5a-r1.md
mis|BBG001BP9474_2015-02-27|exit_kind|exchange|merger,mismatch,BBG001BP9474,5a,2,pending,output/diagnose_unknown_report/loop/5a/round-2/reports/BBG001BP9474_2015-02-27_5a-r2.md
mis|BBG001BP9474_2015-02-27|last_trade_date||2019-01-11,mismatch,BBG001BP9474,5a,2,pending,output/diagnose_unknown_report/loop/5a/round-2/reports/BBG001BP9474_2015-02-27_5a-r2.md
mis|BBG001BP9474_2015-02-27|value_rule|continuation|stock,mismatch,BBG001BP9474,5a,2,pending,output/diagnose_unknown_report/loop/5a/round-2/reports/BBG001BP9474_2015-02-27_5a-r2.md
mis|BBG001BP9474_2015-02-27|stock_ratio||0.450000,mismatch,BBG001BP9474,5a,2,pending,output/diagnose_unknown_report/loop/5a/round-2/reports/BBG001BP9474_2015-02-27_5a-r2.md
mis|BBG001BP9474_2015-02-27|price_sec_id||BBG003BW05K6,mismatch,BBG001BP9474,5a,2,pending,output/diagnose_unknown_report/loop/5a/round-2/reports/BBG001BP9474_2015-02-27_5a-r2.md
mis|BBG001BP9474_2015-02-27|price_ticker||SAIC,mismatch,BBG001BP9474,5a,2,pending,output/diagnose_unknown_report/loop/5a/round-2/reports/BBG001BP9474_2015-02-27_5a-r2.md
mis|BBG001BP9474_2015-02-27|price_date||2019-01-14,mismatch,BBG001BP9474,5a,2,pending,output/diagnose_unknown_report/loop/5a/round-2/reports/BBG001BP9474_2015-02-27_5a-r2.md
mis|BBG001BP9474_2015-02-27|internal_last_trade_date|2015-02-26|2019-01-11,mismatch,BBG001BP9474,5a,2,pending,output/diagnose_unknown_report/loop/5a/round-2/reports/BBG001BP9474_2015-02-27_5a-r2.md
mis|CIK1498301-COMMON_2020-08-21|ending|present|(no contract row),mismatch,BBG000BGZ9V9,5a,2,truth_right,output/diagnose_unknown_report/loop/5a/round-2/reports/CIK1498301-COMMON_2020-08-21_5a-r2.md
mis|CIK20520-COMMON_2017-07-10|price_sec_id|CIK20520-COMMON|BBG000FH5YM1,mismatch,BBG000FH5YM1,5a,2,pending,output/diagnose_unknown_report/loop/5a/round-2/reports/CIK20520-COMMON_2017-07-10_5a-r2.md
mis|CIK20520-COMMON_2017-07-10|price_ticker|FTRCQ|FTR,mismatch,BBG000FH5YM1,5a,2,pending,output/diagnose_unknown_report/loop/5a/round-2/reports/CIK20520-COMMON_2017-07-10_5a-r2.md
mis|CIK931336-COMMON_2013-08-26|price_sec_id|CIK931336-COMMON|BBG000BBMT95,mismatch,BBG000BBMT95,5a,2,pending,output/diagnose_unknown_report/loop/5a/round-2/reports/CIK931336-COMMON_2013-08-26_5a-r2.md
mis|CIK931336-COMMON_2013-08-26|price_ticker|DFODQ|DF,mismatch,BBG000BBMT95,5a,2,pending,output/diagnose_unknown_report/loop/5a/round-2/reports/CIK931336-COMMON_2013-08-26_5a-r2.md
reg|BBG000BF3BG8|security_history|ranges|changed|HHS:2008-01-16..:45919|HHS:2008-01-16..2020-07-15:45919;HHS:2021-12-03..:45919;HRTH:2020-07-16..2021-12-02:45919,regression,BBG000BF3BG8,5a,2,new_right,output/diagnose_unknown_report/loop/5a/round-2/reports/BBG000BF3BG8_5a-r2.md
reg|BBG000BFRF55|security_history|ranges|changed|CLF:2007-12-18..2008-10-14:764065;CLF:2008-10-16..:764065;CLFZZZZ:2008-10-15..2008-10-15:764065|CLF:2007-12-18..:764065,regression,BBG000BFRF55,5a,2,new_right,output/diagnose_unknown_report/loop/5a/round-2/reports/BBG000BFRF55_5a-r2.md
reg|BBG000BH8XX2|delistings|price_sec_id|changed|CIK1471261-COMMON|BBG000BH8XX2,regression,BBG000BH8XX2,5a,2,new_right,output/diagnose_unknown_report/loop/5a/round-2/reports/BBG000BH8XX2_5a-r2.md
reg|BBG000BH8XX2|id_changes|sec_id|renamed|CIK1471261-COMMON|BBG000BH8XX2,regression,BBG000BH8XX2,5a,2,new_right,output/diagnose_unknown_report/loop/5a/round-2/reports/BBG000BH8XX2_5a-r2.md
reg|BBG000DTMH63|security_history|ranges|changed|NE:2009-03-30..2013-11-19:1458891;NE:2013-11-21..2020-07-30:1458891;NEZZZZ:2009-03-27..2009-03-29:1458891;NEZZZZ:2013-11-20..2013-11-20:1458891|NE:2009-03-30..2020-07-30:1458891,regression,BBG000DTMH63,5a,2,new_right,output/diagnose_unknown_report/loop/5a/round-2/reports/BBG000DTMH63_5a-r2.md
reg|BBG000F0KF42|delistings||added||exit_kind=exchange;drop_reason=;continuation=true;successor_sec_id=BBG0113JGQF0;last_trade_date=;value_rule=continuation,regression,BBG000F0KF42,5a,2,new_right,output/diagnose_unknown_report/loop/5a/round-2/reports/BBG000F0KF42_5a-r2.md
reg|BBG000F0KF42|security_history|ranges|changed|STX:2007-12-17..:1137789|STX:2007-12-17..2021-05-18:1137789,regression,BBG000F0KF42,5a,2,new_right,output/diagnose_unknown_report/loop/5a/round-2/reports/BBG000F0KF42_5a-r2.md
reg|BBG000F0KF42|id_changes|sec_id|renamed|CIK1137789-COMMON|BBG000F0KF42,regression,BBG000F0KF42,5a,2,new_right,output/diagnose_unknown_report/loop/5a/round-2/reports/BBG000F0KF42_5a-r2.md
reg|BBG000H556T9|security_history|ranges|changed|HON:2007-12-18..2026-07-13:773840;HON:2026-07-16..:773840;HONZZZZ:2026-07-14..2026-07-15:773840|HON:2007-12-18..:773840,regression,BBG000H556T9,5a,2,new_right,output/diagnose_unknown_report/loop/5a/round-2/reports/BBG000H556T9_5a-r2.md
reg|BBG000MG3Y65|delistings||added||exit_kind=merger;drop_reason=;continuation=false;successor_sec_id=;last_trade_date=2026-08-24;value_rule=cash,regression,BBG000MG3Y65,5a,2,new_right,output/diagnose_unknown_report/loop/5a/round-2/reports/BBG000MG3Y65_5a-r2.md
reg|BBG000MG3Y65|security_history|ranges|changed|TWO:2009-11-09..2022-11-02:1465740|TWO:2009-11-09..2026-08-24:1465740,regression,BBG000MG3Y65,5a,2,new_right,output/diagnose_unknown_report/loop/5a/round-2/reports/BBG000MG3Y65_5a-r2.md
reg|BBG000MMR2C9|delistings|price_sec_id|changed|CIK316300-COMMON|BBG000MMR2C9,regression,BBG000MMR2C9,5a,2,new_right,output/diagnose_unknown_report/loop/5a/round-2/reports/BBG000MMR2C9_5a-r2.md
reg|BBG000MMR2C9|id_changes|sec_id|renamed|CIK316300-COMMON|BBG000MMR2C9,regression,BBG000MMR2C9,5a,2,new_right,output/diagnose_unknown_report/loop/5a/round-2/reports/BBG000MMR2C9_5a-r2.md
reg|BBG000QL8VH9|delistings||removed|exit_kind=exchange;drop_reason=;continuation=false;successor_sec_id=;last_trade_date=2020-01-31;value_rule=transfer|,regression,BBG000QL8VH9,5a,2,new_right,output/diagnose_unknown_report/loop/5a/round-2/reports/BBG000QL8VH9_5a-r2.md
reg|BBG000QL8VH9|security_history|ranges|changed|XON:2013-08-13..2020-01-31:1356090|PGEN:2020-02-05..:1356090;XON:2013-08-13..2020-02-04:1356090,regression,BBG000QL8VH9,5a,2,new_right,output/diagnose_unknown_report/loop/5a/round-2/reports/BBG000QL8VH9_5a-r2.md
reg|BBG000QL8VH9|id_changes|sec_id|renamed|CIK1356090-COMMON|BBG000QL8VH9,regression,BBG000QL8VH9,5a,2,new_right,output/diagnose_unknown_report/loop/5a/round-2/reports/BBG000QL8VH9_5a-r2.md
reg|BBG00Y04KP80|delistings||added||exit_kind=exchange;drop_reason=;continuation=true;successor_sec_id=BBG0060B3M63;last_trade_date=;value_rule=continuation,regression,BBG00Y04KP80,5a,2,old_right,output/diagnose_unknown_report/loop/5a/round-2/reports/BBG00Y04KP80_5a-r2.md
reg|BBG00Y04KP80|security_history|ranges|changed|CRC:2014-12-02..:1609253|CRC:2014-12-02..2016-05-31:1609253,regression,BBG00Y04KP80,5a,2,pending,output/diagnose_unknown_report/loop/5a/round-2/reports/BBG00Y04KP80_5a-r2.md
mis|BBG00Y04KP80_5a-r2|shape|no_ending|ending,mismatch,BBG00Y04KP80,5a,2,truth_right,output/diagnose_unknown_report/loop/5a/round-2/reports/BBG00Y04KP80_5a-r2.md
mis|BBG000C9N6Q9_2011-03-15|price_sec_id|BBG000BGZ9V9|,mismatch,BBG000C9N6Q9,5a-accept,0,known,reports/BBG000C9N6Q9_2011-03-15.md
